case,case_angle,case_hole,case_sim,case_dose,source,element,candidate,region,r,ssim,bias_pct,cv_ratio,n_px
a8_h0x0_validated_d1,8.0,0x0,validated,1.0,prova2,Ca,deterministic,footprint,0.9812255910695953,0.9531886193525524,0.30550576343921776,0.921627439737769,3466
a8_h0x0_validated_d1,8.0,0x0,validated,1.0,prova2,Ca,control_mean,footprint,0.9908160217301195,0.9751232119408615,0.18851758244911032,0.9553228662898717,3466
a8_h0x0_validated_d1,8.0,0x0,validated,1.0,prova2,Ca,jitter_mean,footprint,0.9890136755488207,0.9718211983499275,0.5413765920673885,0.9523485200864914,3466
a8_h0x0_validated_d1,8.0,0x0,validated,1.0,prova2,Ca,control_single,footprint,0.989632136629219,0.9720313705576569,0.0407998444963642,0.9513916844059727,3466
a8_h0x0_validated_d1,8.0,0x0,validated,1.0,prova2,Ca,jitter_single,footprint,0.9837750363203149,0.963448920611999,3.180360998312759,0.9547165658418956,3466
a8_h0x0_validated_d1,8.0,0x0,validated,1.0,prova2,Ca,mvp_single,footprint,0.990489437488963,0.9752053261903435,0.06443574170063027,0.9620155187363324,3466
a8_h0x0_validated_d1,8.0,0x0,validated,1.0,prova2,Ti,deterministic,footprint,0.9620745991586134,0.9101327910588674,0.40738804204498713,0.8984163610751236,3466
a8_h0x0_validated_d1,8.0,0x0,validated,1.0,prova2,Ti,control_mean,footprint,0.9719395993626523,0.9300037138790264,0.27760837982211406,0.9359112436317439,3466
a8_h0x0_validated_d1,8.0,0x0,validated,1.0,prova2,Ti,jitter_mean,footprint,0.9700970614827132,0.9264117563666279,0.6686023272326036,0.92896607061097,3466
a8_h0x0_validated_d1,8.0,0x0,validated,1.0,prova2,Ti,control_single,footprint,0.9697811354954889,0.9264864985932373,0.39363342055382944,0.9371951704844935,3466
a8_h0x0_validated_d1,8.0,0x0,validated,1.0,prova2,Ti,jitter_single,footprint,0.9614644307717647,0.9146106680804539,0.47063065523031966,0.9402227667727995,3466
a8_h0x0_validated_d1,8.0,0x0,validated,1.0,prova2,Ti,mvp_single,footprint,0.9706600760965476,0.9284003815286506,-0.03126791304233212,0.9395223435889835,3466
a8_h0x0_validated_d1,8.0,0x0,validated,1.0,prova2,Fe,deterministic,footprint,0.991446670676079,0.9575633631519629,1.3340879404962092,0.9617987230161545,3466
a8_h0x0_validated_d1,8.0,0x0,validated,1.0,prova2,Fe,control_mean,footprint,0.994601042807151,0.9659609316079834,0.950614082642609,0.975310865090435,3466
a8_h0x0_validated_d1,8.0,0x0,validated,1.0,prova2,Fe,jitter_mean,footprint,0.9940435873224297,0.9641835993397726,0.857097934219575,0.9750370136675028,3466
a8_h0x0_validated_d1,8.0,0x0,validated,1.0,prova2,Fe,control_single,footprint,0.9949239152754277,0.9656169504876911,1.0100882189740812,0.9763157665185352,3466
a8_h0x0_validated_d1,8.0,0x0,validated,1.0,prova2,Fe,jitter_single,footprint,0.9921581148274066,0.9551591509335489,-2.8618402335071402,0.9832128392080823,3466
a8_h0x0_validated_d1,8.0,0x0,validated,1.0,prova2,Fe,mvp_single,footprint,0.9946569306530654,0.9649976297837197,0.7010546946278673,0.9766506110438893,3466
a8_h0x0_validated_d1,8.0,0x0,validated,1.0,prova2,Cu,deterministic,footprint,0.9829805665226734,0.9464105317872094,-0.10596323951974629,0.9391317605444348,3466
a8_h0x0_validated_d1,8.0,0x0,validated,1.0,prova2,Cu,control_mean,footprint,0.9905700306845274,0.9671783427496851,-0.023512878915132873,0.9689541470747813,3466
a8_h0x0_validated_d1,8.0,0x0,validated,1.0,prova2,Cu,jitter_mean,footprint,0.9892232800760542,0.9624420787855215,-0.4000858124228568,0.9603756034429117,3466
a8_h0x0_validated_d1,8.0,0x0,validated,1.0,prova2,Cu,control_single,footprint,0.9894674853867634,0.9625799938742932,-0.1191784124920714,0.9667515633537036,3466
a8_h0x0_validated_d1,8.0,0x0,validated,1.0,prova2,Cu,jitter_single,footprint,0.9854785207813848,0.9470774604763323,-0.9741213284894856,0.9598108876030789,3466
a8_h0x0_validated_d1,8.0,0x0,validated,1.0,prova2,Cu,mvp_single,footprint,0.9906308186477619,0.9641366176595318,-0.6035329147403345,0.9763762284993543,3466
a8_h0x0_validated_d1,8.0,0x0,validated,1.0,prova2,PbLl,deterministic,footprint,0.9570210184317963,0.8615584298099523,0.03971480291928842,0.9050831099643797,3466
a8_h0x0_validated_d1,8.0,0x0,validated,1.0,prova2,PbLl,control_mean,footprint,0.964756830928757,0.8829649348098895,-0.1019109542326424,0.9413210578057082,3466
a8_h0x0_validated_d1,8.0,0x0,validated,1.0,prova2,PbLl,jitter_mean,footprint,0.9633314679704065,0.8789137480205358,-1.2096118178336335,0.9374707512632493,3466
a8_h0x0_validated_d1,8.0,0x0,validated,1.0,prova2,PbLl,control_single,footprint,0.9637517641408351,0.8800040179692962,-0.23230643832337083,0.9434106900348126,3466
a8_h0x0_validated_d1,8.0,0x0,validated,1.0,prova2,PbLl,jitter_single,footprint,0.9572517378050205,0.8647487877787966,-2.986155582601824,0.9390478643412363,3466
a8_h0x0_validated_d1,8.0,0x0,validated,1.0,prova2,PbLl,mvp_single,footprint,0.9634137006595952,0.8792519040598882,-0.28391593035971274,0.949514276247648,3466
a8_h0x0_validated_d1,8.0,0x0,validated,1.0,prova2,PbLa,deterministic,footprint,0.9864300667068233,0.9612268351450702,0.1925828702072696,0.9310474637602436,3466
a8_h0x0_validated_d1,8.0,0x0,validated,1.0,prova2,PbLa,control_mean,footprint,0.9950503146067797,0.9836303322847408,0.032883924003890286,0.9652761938482062,3466
a8_h0x0_validated_d1,8.0,0x0,validated,1.0,prova2,PbLa,jitter_mean,footprint,0.9933581263401475,0.9797711132468188,0.007439182471258299,0.9619125258634517,3466
a8_h0x0_validated_d1,8.0,0x0,validated,1.0,prova2,PbLa,control_single,footprint,0.9943463266232683,0.9816224482129281,0.027747633260521987,0.9632949685951429,3466
a8_h0x0_validated_d1,8.0,0x0,validated,1.0,prova2,PbLa,jitter_single,footprint,0.9879264254904758,0.9703097260796992,1.637432553925855,0.965837711262145,3466
a8_h0x0_validated_d1,8.0,0x0,validated,1.0,prova2,PbLa,mvp_single,footprint,0.9948932982727257,0.983429227623526,0.13474126980552725,0.9678800440587695,3466
a8_h0x0_validated_d1,8.0,0x0,validated,1.0,prova2,PbLb,deterministic,footprint,0.9858841929364892,0.9584621246916759,0.11249198754166301,0.929010938997787,3466
a8_h0x0_validated_d1,8.0,0x0,validated,1.0,prova2,PbLb,control_mean,footprint,0.9943043699409005,0.9805497120198896,0.03013196937287077,0.9634720937100175,3466
a8_h0x0_validated_d1,8.0,0x0,validated,1.0,prova2,PbLb,jitter_mean,footprint,0.9926735311335708,0.9767143393755415,-0.003850480850464688,0.9599150208399829,3466
a8_h0x0_validated_d1,8.0,0x0,validated,1.0,prova2,PbLb,control_single,footprint,0.9936126459923045,0.978636724726439,0.12131868403617574,0.9609260067024298,3466
a8_h0x0_validated_d1,8.0,0x0,validated,1.0,prova2,PbLb,jitter_single,footprint,0.9875142181343172,0.9675724303100395,0.6695436499168483,0.9651118614955,3466
a8_h0x0_validated_d1,8.0,0x0,validated,1.0,prova2,PbLb,mvp_single,footprint,0.9941499925304114,0.9804907632699362,0.05463551186961624,0.9663456784090183,3466
a8_h0x0_validated_d1,8.0,0x0,validated,1.0,prova2,PbLg,deterministic,footprint,0.9714341656598656,0.9106185616865405,0.18685843881680597,0.9186023701145193,3466
a8_h0x0_validated_d1,8.0,0x0,validated,1.0,prova2,PbLg,control_mean,footprint,0.9796544622609862,0.9322018716280831,0.2777308129670919,0.9537443935695669,3466
a8_h0x0_validated_d1,8.0,0x0,validated,1.0,prova2,PbLg,jitter_mean,footprint,0.9777201977996927,0.9277783033101895,0.23338655366109684,0.9483776617366283,3466
a8_h0x0_validated_d1,8.0,0x0,validated,1.0,prova2,PbLg,control_single,footprint,0.9788082764644453,0.9298799352678235,0.21203559017304308,0.9508471092062393,3466
a8_h0x0_validated_d1,8.0,0x0,validated,1.0,prova2,PbLg,jitter_single,footprint,0.9716749268824433,0.9176151217061245,0.745830357846522,0.9527944177296197,3466
a8_h0x0_validated_d1,8.0,0x0,validated,1.0,prova2,PbLg,mvp_single,footprint,0.97943018079817,0.9317162311052144,-0.05160446828482712,0.9578151661762404,3466
a8_h14x20_validated_d1,8.0,14x20,validated,1.0,prova2,Ca,deterministic,footprint,0.7637431838729151,0.8294907131250636,-0.48260199977054885,1.1536232437958804,3466
a8_h14x20_validated_d1,8.0,14x20,validated,1.0,prova2,Ca,deterministic,hole,-0.050968460189457804,,-96.82836105372495,,278
a8_h14x20_validated_d1,8.0,14x20,validated,1.0,prova2,Ca,control_mean,footprint,0.9463071210500754,0.889740965298623,-0.013140719253734723,0.9266568619490223,3466
a8_h14x20_validated_d1,8.0,14x20,validated,1.0,prova2,Ca,control_mean,hole,0.16012812753932668,,-15.072576832108313,,278
a8_h14x20_validated_d1,8.0,14x20,validated,1.0,prova2,Ca,jitter_mean,footprint,0.9417185134872579,0.8852443885650421,0.288302409232033,0.9254027944168112,3466
a8_h14x20_validated_d1,8.0,14x20,validated,1.0,prova2,Ca,jitter_mean,hole,-0.06065548874728944,,-15.83853046459371,,278
a8_h14x20_validated_d1,8.0,14x20,validated,1.0,prova2,Ca,control_single,footprint,0.9483630736704279,0.8973035368724767,-0.2085658427319781,0.9318848706352946,3466
a8_h14x20_validated_d1,8.0,14x20,validated,1.0,prova2,Ca,control_single,hole,0.5316757891988135,,-19.718903279352606,,278
a8_h14x20_validated_d1,8.0,14x20,validated,1.0,prova2,Ca,jitter_single,footprint,0.918946542303997,0.8736690623278213,2.94591815187617,0.9539264981279639,3466
a8_h14x20_validated_d1,8.0,14x20,validated,1.0,prova2,Ca,jitter_single,hole,-0.1566670442757504,,-27.847199293992503,,278
a8_h14x20_validated_d1,8.0,14x20,validated,1.0,prova2,Ca,mvp_single,footprint,0.9488853278623899,0.8987481238410486,-0.17448891462953364,0.9429659281174059,3466
a8_h14x20_validated_d1,8.0,14x20,validated,1.0,prova2,Ca,mvp_single,hole,0.49984497302095027,,-20.092081590676557,,278
a8_h14x20_validated_d1,8.0,14x20,validated,1.0,prova2,Ti,deterministic,footprint,0.6750270824284226,0.7767259572191598,-0.5268774216347083,1.2583537082098515,3466
a8_h14x20_validated_d1,8.0,14x20,validated,1.0,prova2,Ti,deterministic,hole,-0.050807748824126975,,-96.15278750585918,,278
a8_h14x20_validated_d1,8.0,14x20,validated,1.0,prova2,Ti,control_mean,footprint,0.9490412931701989,0.8605153962847176,-0.06420129178774658,0.9242996255498562,3466
a8_h14x20_validated_d1,8.0,14x20,validated,1.0,prova2,Ti,control_mean,hole,0.25648316542910093,,-10.230026922390055,,278
a8_h14x20_validated_d1,8.0,14x20,validated,1.0,prova2,Ti,jitter_mean,footprint,0.9441710541156095,0.8558636330565323,0.36495110198235814,0.9185143782208282,3466
a8_h14x20_validated_d1,8.0,14x20,validated,1.0,prova2,Ti,jitter_mean,hole,0.06722767911295088,,-11.0136526279533,,278
a8_h14x20_validated_d1,8.0,14x20,validated,1.0,prova2,Ti,control_single,footprint,0.941566942374065,0.8595596036818911,-0.07222836610205619,0.9385731743922715,3466
a8_h14x20_validated_d1,8.0,14x20,validated,1.0,prova2,Ti,control_single,hole,0.38584143646962776,,-17.09300507807215,,278
a8_h14x20_validated_d1,8.0,14x20,validated,1.0,prova2,Ti,jitter_single,footprint,0.9249744199752312,0.84059562900859,-0.18811417334660963,0.9446715695200834,3466
a8_h14x20_validated_d1,8.0,14x20,validated,1.0,prova2,Ti,jitter_single,hole,0.019933783510171124,,-17.17603092800671,,278
a8_h14x20_validated_d1,8.0,14x20,validated,1.0,prova2,Ti,mvp_single,footprint,0.9441760286453721,0.8515968788091619,-0.3417076105065031,0.9271920774009464,3466
a8_h14x20_validated_d1,8.0,14x20,validated,1.0,prova2,Ti,mvp_single,hole,0.06190801130073166,,-10.626159826773394,,278
a8_h14x20_validated_d1,8.0,14x20,validated,1.0,prova2,Fe,deterministic,footprint,0.9574831173222899,0.8413954031120712,-0.326982977816459,1.0488133855389767,3466
a8_h14x20_validated_d1,8.0,14x20,validated,1.0,prova2,Fe,deterministic,hole,0.11299045253237941,,-96.13364699091414,,278
a8_h14x20_validated_d1,8.0,14x20,validated,1.0,prova2,Fe,control_mean,footprint,0.9769557613029727,0.8881273526412287,0.8294737042209066,0.9900289946970031,3466
a8_h14x20_validated_d1,8.0,14x20,validated,1.0,prova2,Fe,control_mean,hole,0.07982839704229876,,-32.633294916687234,,278
a8_h14x20_validated_d1,8.0,14x20,validated,1.0,prova2,Fe,jitter_mean,footprint,0.9747557843259514,0.8862514886143147,0.6789087713635622,1.0001573305173939,3466
a8_h14x20_validated_d1,8.0,14x20,validated,1.0,prova2,Fe,jitter_mean,hole,0.06099769020608213,,-43.853249857313656,,278
a8_h14x20_validated_d1,8.0,14x20,validated,1.0,prova2,Fe,control_single,footprint,0.9770621767364007,0.8926168032232519,0.6234236320632913,0.9996945414811581,3466
a8_h14x20_validated_d1,8.0,14x20,validated,1.0,prova2,Fe,control_single,hole,0.2124278177569277,,-40.27025067596843,,278
a8_h14x20_validated_d1,8.0,14x20,validated,1.0,prova2,Fe,jitter_single,footprint,0.9753179377702497,0.878238102707771,-3.413007325636208,1.009344365708258,3466
a8_h14x20_validated_d1,8.0,14x20,validated,1.0,prova2,Fe,jitter_single,hole,0.3869319715028316,,-43.95169731470225,,278
a8_h14x20_validated_d1,8.0,14x20,validated,1.0,prova2,Fe,mvp_single,footprint,0.9765547019206929,0.8880786943605565,0.37086969600892417,0.9937764101862266,3466
a8_h14x20_validated_d1,8.0,14x20,validated,1.0,prova2,Fe,mvp_single,hole,0.07794821606778414,,-35.59545148370977,,278
a8_h14x20_validated_d1,8.0,14x20,validated,1.0,prova2,Cu,deterministic,footprint,0.9137707396374707,0.84780976641049,-1.2920550261459107,1.0169022550752223,3466
a8_h14x20_validated_d1,8.0,14x20,validated,1.0,prova2,Cu,deterministic,hole,0.32214982850220575,,-94.80525825012391,,278
a8_h14x20_validated_d1,8.0,14x20,validated,1.0,prova2,Cu,control_mean,footprint,0.949161344067168,0.8647532417950162,-0.9580356301641335,0.9538242603652037,3466
a8_h14x20_validated_d1,8.0,14x20,validated,1.0,prova2,Cu,control_mean,hole,0.20518963751018093,,-24.763989596059496,,278
a8_h14x20_validated_d1,8.0,14x20,validated,1.0,prova2,Cu,jitter_mean,footprint,0.9482951778929846,0.8621703421650264,-1.1488046108576122,0.9463850415268876,3466
a8_h14x20_validated_d1,8.0,14x20,validated,1.0,prova2,Cu,jitter_mean,hole,0.22971857281899774,,-26.032863911342332,,278
a8_h14x20_validated_d1,8.0,14x20,validated,1.0,prova2,Cu,control_single,footprint,0.9512861159969227,0.8627413283087578,-0.8670539876706851,0.9404083127892808,3466
a8_h14x20_validated_d1,8.0,14x20,validated,1.0,prova2,Cu,control_single,hole,0.27118625824269854,,-12.141719684647398,,278
a8_h14x20_validated_d1,8.0,14x20,validated,1.0,prova2,Cu,jitter_single,footprint,0.9403604167461899,0.8454607059452123,-1.9265050925674765,0.956906306897793,3466
a8_h14x20_validated_d1,8.0,14x20,validated,1.0,prova2,Cu,jitter_single,hole,0.13298376958036906,,-36.403071157624936,,278
a8_h14x20_validated_d1,8.0,14x20,validated,1.0,prova2,Cu,mvp_single,footprint,0.9538941589187946,0.8655919696108131,-1.5317811894823397,0.9346271506119835,3466
a8_h14x20_validated_d1,8.0,14x20,validated,1.0,prova2,Cu,mvp_single,hole,0.32958052862449466,,3.1152566846741903,,278
a8_h14x20_validated_d1,8.0,14x20,validated,1.0,prova2,PbLl,deterministic,footprint,0.813625161222762,0.7467587833730496,-1.798427419957216,1.060187175628814,3466
a8_h14x20_validated_d1,8.0,14x20,validated,1.0,prova2,PbLl,deterministic,hole,0.20359638553993964,,-94.7916327000463,,278
a8_h14x20_validated_d1,8.0,14x20,validated,1.0,prova2,PbLl,control_mean,footprint,0.930345338611653,0.8128083753402943,-0.5329577238525562,0.9114963257552405,3466
a8_h14x20_validated_d1,8.0,14x20,validated,1.0,prova2,PbLl,control_mean,hole,0.3871437348031322,,-0.15626139493007224,,278
a8_h14x20_validated_d1,8.0,14x20,validated,1.0,prova2,PbLl,jitter_mean,footprint,0.9275726778095646,0.8090653483344235,-1.3242311793375872,0.9025482722425134,3466
a8_h14x20_validated_d1,8.0,14x20,validated,1.0,prova2,PbLl,jitter_mean,hole,0.3717362748608619,,7.148922393282158,,278
a8_h14x20_validated_d1,8.0,14x20,validated,1.0,prova2,PbLl,control_single,footprint,0.9276359382522454,0.8070483419854803,-0.6830071539548288,0.9149737384136589,3466
a8_h14x20_validated_d1,8.0,14x20,validated,1.0,prova2,PbLl,control_single,hole,0.37493925794686367,,-5.349944454785764,,278
a8_h14x20_validated_d1,8.0,14x20,validated,1.0,prova2,PbLl,jitter_single,footprint,0.9182217478732941,0.7875126850209365,-3.4042909562890356,0.9055750858287608,3466
a8_h14x20_validated_d1,8.0,14x20,validated,1.0,prova2,PbLl,jitter_single,hole,0.26974654863522274,,6.12336239831417,,278
a8_h14x20_validated_d1,8.0,14x20,validated,1.0,prova2,PbLl,mvp_single,footprint,0.9212442786974864,0.807354569240977,-0.4575245082158119,0.9183359835350129,3466
a8_h14x20_validated_d1,8.0,14x20,validated,1.0,prova2,PbLl,mvp_single,hole,0.3447292012540942,,19.5327653465416,,278
a8_h14x20_validated_d1,8.0,14x20,validated,1.0,prova2,PbLa,deterministic,footprint,0.7156565909737181,0.8066641673554716,-0.29397906117243355,1.281980485139627,3466
a8_h14x20_validated_d1,8.0,14x20,validated,1.0,prova2,PbLa,deterministic,hole,0.2744991666214226,,-94.94698399610094,,278
a8_h14x20_validated_d1,8.0,14x20,validated,1.0,prova2,PbLa,control_mean,footprint,0.9681515478342511,0.9209668745702374,0.017740464191007277,0.9374350862267751,3466
a8_h14x20_validated_d1,8.0,14x20,validated,1.0,prova2,PbLa,control_mean,hole,0.6066237984119363,,-0.5665621411590588,,278
a8_h14x20_validated_d1,8.0,14x20,validated,1.0,prova2,PbLa,jitter_mean,footprint,0.9657926080351513,0.9166237416043733,0.0031990305185303214,0.9310054187848065,3466
a8_h14x20_validated_d1,8.0,14x20,validated,1.0,prova2,PbLa,jitter_mean,hole,0.6176900021361315,,0.5637847938423948,,278
a8_h14x20_validated_d1,8.0,14x20,validated,1.0,prova2,PbLa,control_single,footprint,0.9602231591610604,0.9089658047266534,-0.08011420185919382,0.9443187992701789,3466
a8_h14x20_validated_d1,8.0,14x20,validated,1.0,prova2,PbLa,control_single,hole,0.5499316379378049,,-10.561279059237403,,278
a8_h14x20_validated_d1,8.0,14x20,validated,1.0,prova2,PbLa,jitter_single,footprint,0.9545593207783185,0.896480582110603,1.628525226643407,0.9386562773815738,3466
a8_h14x20_validated_d1,8.0,14x20,validated,1.0,prova2,PbLa,jitter_single,hole,0.4636940275983884,,0.9264671804924914,,278
a8_h14x20_validated_d1,8.0,14x20,validated,1.0,prova2,PbLa,mvp_single,footprint,0.9548912209392861,0.922646764523623,0.27717922256949024,0.9537502862516692,3466
a8_h14x20_validated_d1,8.0,14x20,validated,1.0,prova2,PbLa,mvp_single,hole,0.5933548667273504,,18.7833477380152,,278
a8_h14x20_validated_d1,8.0,14x20,validated,1.0,prova2,PbLb,deterministic,footprint,0.7096598361719701,0.8037965651411617,-0.4709758126451913,1.288571968279906,3466
a8_h14x20_validated_d1,8.0,14x20,validated,1.0,prova2,PbLb,deterministic,hole,0.28312098125205687,,-94.98218012858591,,278
a8_h14x20_validated_d1,8.0,14x20,validated,1.0,prova2,PbLb,control_mean,footprint,0.9672423388619797,0.9199392358722306,0.06933510472701965,0.9333319818841819,3466
a8_h14x20_validated_d1,8.0,14x20,validated,1.0,prova2,PbLb,control_mean,hole,0.6433546769054926,,-1.024524621357427,,278
a8_h14x20_validated_d1,8.0,14x20,validated,1.0,prova2,PbLb,jitter_mean,footprint,0.9648425771405666,0.9154555495722607,-0.002273957608478483,0.9275165475585594,3466
a8_h14x20_validated_d1,8.0,14x20,validated,1.0,prova2,PbLb,jitter_mean,hole,0.6525920654602511,,-0.0431710935968381,,278
a8_h14x20_validated_d1,8.0,14x20,validated,1.0,prova2,PbLb,control_single,footprint,0.9574151783834881,0.9074264946669343,0.016845986469338214,0.941907092967798,3466
a8_h14x20_validated_d1,8.0,14x20,validated,1.0,prova2,PbLb,control_single,hole,0.5800470321049203,,-11.959418231480315,,278
a8_h14x20_validated_d1,8.0,14x20,validated,1.0,prova2,PbLb,jitter_single,footprint,0.95413938165512,0.8969549800786564,0.7238686928098925,0.9355753846067769,3466
a8_h14x20_validated_d1,8.0,14x20,validated,1.0,prova2,PbLb,jitter_single,hole,0.505063309880373,,0.5981813789146614,,278
a8_h14x20_validated_d1,8.0,14x20,validated,1.0,prova2,PbLb,mvp_single,footprint,0.955304909319784,0.922138388532089,0.2790139466635644,0.949887961058711,3466
a8_h14x20_validated_d1,8.0,14x20,validated,1.0,prova2,PbLb,mvp_single,hole,0.6340863208538906,,18.71302093978545,,278
a8_h14x20_validated_d1,8.0,14x20,validated,1.0,prova2,PbLg,deterministic,footprint,0.7003945999249389,0.7639097842909869,-0.6144226669477448,1.2931155292396126,3466
a8_h14x20_validated_d1,8.0,14x20,validated,1.0,prova2,PbLg,deterministic,hole,0.2576757669138907,,-94.95709191427648,,278
a8_h14x20_validated_d1,8.0,14x20,validated,1.0,prova2,PbLg,control_mean,footprint,0.9523892105617582,0.873140799628521,0.3001413616591897,0.9228894683004414,3466
a8_h14x20_validated_d1,8.0,14x20,validated,1.0,prova2,PbLg,control_mean,hole,0.6170896461832753,,1.4106767872875052,,278
a8_h14x20_validated_d1,8.0,14x20,validated,1.0,prova2,PbLg,jitter_mean,footprint,0.9494156611365647,0.8681112834955232,0.28735817541196695,0.9144036864624108,3466
a8_h14x20_validated_d1,8.0,14x20,validated,1.0,prova2,PbLg,jitter_mean,hole,0.6293469649564318,,3.226905432021214,,278
a8_h14x20_validated_d1,8.0,14x20,validated,1.0,prova2,PbLg,control_single,footprint,0.9444625311379408,0.8613994250020126,0.054196825612784494,0.9306075570145977,3466
a8_h14x20_validated_d1,8.0,14x20,validated,1.0,prova2,PbLg,control_single,hole,0.5540253778366092,,-9.288658685069498,,278
a8_h14x20_validated_d1,8.0,14x20,validated,1.0,prova2,PbLg,jitter_single,footprint,0.9369453117711999,0.8491359678068189,0.951196779993646,0.9215813817007933,3466
a8_h14x20_validated_d1,8.0,14x20,validated,1.0,prova2,PbLg,jitter_single,hole,0.47257585180302747,,3.5816088298225446,,278
a8_h14x20_validated_d1,8.0,14x20,validated,1.0,prova2,PbLg,mvp_single,footprint,0.9279532547620919,0.8699752717263183,0.5200069313319844,0.947070392210674,3466
a8_h14x20_validated_d1,8.0,14x20,validated,1.0,prova2,PbLg,mvp_single,hole,0.5965637732233748,,25.399302054920778,,278
a14_h0x0_validated_d1,14.0,0x0,validated,1.0,prova2,Ca,deterministic,footprint,0.9812932185968342,0.953387915334076,0.2983599322639474,0.921587857390357,3466
a14_h0x0_validated_d1,14.0,0x0,validated,1.0,prova2,Ca,control_mean,footprint,0.9908885212777075,0.9753629535829221,0.18694384484208015,0.9553581733702943,3466
a14_h0x0_validated_d1,14.0,0x0,validated,1.0,prova2,Ca,jitter_mean,footprint,0.9890340772371967,0.9719990928087254,0.8401279208646528,0.9507761061151802,3466
a14_h0x0_validated_d1,14.0,0x0,validated,1.0,prova2,Ca,control_single,footprint,0.9897904239834912,0.9724863017236844,-0.005123039366217164,0.9521973115099531,3466
a14_h0x0_validated_d1,14.0,0x0,validated,1.0,prova2,Ca,jitter_single,footprint,0.9836068602024138,0.9633798828309416,4.254729345511832,0.9535936287009735,3466
a14_h0x0_validated_d1,14.0,0x0,validated,1.0,prova2,Ca,mvp_single,footprint,0.9905528617865516,0.9753412649724972,0.1120665115897701,0.961049668953117,3466
a14_h0x0_validated_d1,14.0,0x0,validated,1.0,prova2,Ti,deterministic,footprint,0.9624934800111702,0.9109544500525403,0.40031693863915585,0.8980912161243495,3466
a14_h0x0_validated_d1,14.0,0x0,validated,1.0,prova2,Ti,control_mean,footprint,0.9723719502407356,0.9308900574971835,0.2682753680395722,0.9355961808387672,3466
a14_h0x0_validated_d1,14.0,0x0,validated,1.0,prova2,Ti,jitter_mean,footprint,0.9705016470310532,0.9273273566881045,0.7451612536808483,0.9286316482087495,3466
a14_h0x0_validated_d1,14.0,0x0,validated,1.0,prova2,Ti,control_single,footprint,0.9702346863180953,0.9274990138957254,0.38312385270760085,0.9375188350734239,3466
a14_h0x0_validated_d1,14.0,0x0,validated,1.0,prova2,Ti,jitter_single,footprint,0.9617173997365717,0.9153223942561481,0.6742509142192876,0.9382996369776133,3466
a14_h0x0_validated_d1,14.0,0x0,validated,1.0,prova2,Ti,mvp_single,footprint,0.9711093786368625,0.9291979153989169,-0.12285982375814797,0.9388283932522485,3466
a14_h0x0_validated_d1,14.0,0x0,validated,1.0,prova2,Fe,deterministic,footprint,0.9914456908329067,0.9575545594032353,1.3343599453095267,0.9618001972000549,3466
a14_h0x0_validated_d1,14.0,0x0,validated,1.0,prova2,Fe,control_mean,footprint,0.994606275601427,0.9659717032635573,0.95675934383741,0.9753876983429459,3466
a14_h0x0_validated_d1,14.0,0x0,validated,1.0,prova2,Fe,jitter_mean,footprint,0.9940425967050117,0.9642382283923314,1.0192621862462836,0.9750707375350988,3466
a14_h0x0_validated_d1,14.0,0x0,validated,1.0,prova2,Fe,control_single,footprint,0.994942803729067,0.9656207251324771,0.8276872564057625,0.9768279913794566,3466
a14_h0x0_validated_d1,14.0,0x0,validated,1.0,prova2,Fe,jitter_single,footprint,0.9921226444772476,0.9547509848734848,-3.4076394801128007,0.985305147610476,3466
a14_h0x0_validated_d1,14.0,0x0,validated,1.0,prova2,Fe,mvp_single,footprint,0.9946493735424233,0.9649851924492385,0.6290528372388415,0.9768586941555121,3466
a14_h0x0_validated_d1,14.0,0x0,validated,1.0,prova2,Cu,deterministic,footprint,0.9829564013127606,0.9463451033941777,-0.10796741947013411,0.9391632957714523,3466
a14_h0x0_validated_d1,14.0,0x0,validated,1.0,prova2,Cu,control_mean,footprint,0.9905346370648883,0.9671065293275395,-0.01316272695118803,0.9689045711636672,3466
a14_h0x0_validated_d1,14.0,0x0,validated,1.0,prova2,Cu,jitter_mean,footprint,0.9892440673169993,0.9626223736640168,-0.48518170558411455,0.9613905454930893,3466
a14_h0x0_validated_d1,14.0,0x0,validated,1.0,prova2,Cu,control_single,footprint,0.9894712172585335,0.9628004196200058,0.1282509435962309,0.9665894776485638,3466
a14_h0x0_validated_d1,14.0,0x0,validated,1.0,prova2,Cu,jitter_single,footprint,0.9855783455559645,0.9477963675440728,-1.5653985424051386,0.9616930107748454,3466
a14_h0x0_validated_d1,14.0,0x0,validated,1.0,prova2,Cu,mvp_single,footprint,0.9906067941275143,0.964357861130815,-0.600336111196409,0.9762502379432675,3466
a14_h0x0_validated_d1,14.0,0x0,validated,1.0,prova2,PbLl,deterministic,footprint,0.9570705309969001,0.8616916902576667,0.039022945828959266,0.905036088367593,3466
a14_h0x0_validated_d1,14.0,0x0,validated,1.0,prova2,PbLl,control_mean,footprint,0.9648004639690819,0.8831015188839073,-0.07025737219203965,0.9410926915332883,3466
a14_h0x0_validated_d1,14.0,0x0,validated,1.0,prova2,PbLl,jitter_mean,footprint,0.9634829704781916,0.8790513978696004,-1.5824846022457262,0.9392521612750806,3466
a14_h0x0_validated_d1,14.0,0x0,validated,1.0,prova2,PbLl,control_single,footprint,0.9638601185729465,0.8803315270529917,-0.24819538162593746,0.9433144719036878,3466
a14_h0x0_validated_d1,14.0,0x0,validated,1.0,prova2,PbLl,jitter_single,footprint,0.9569938830067539,0.862763144710051,-4.2248525119898295,0.9439612377507952,3466
a14_h0x0_validated_d1,14.0,0x0,validated,1.0,prova2,PbLl,mvp_single,footprint,0.9634666198496079,0.8794305562673176,-0.185592994789463,0.9481558122758246,3466
a14_h0x0_validated_d1,14.0,0x0,validated,1.0,prova2,PbLa,deterministic,footprint,0.98641836189411,0.9611859135700244,0.1870920560400835,0.931069352499718,3466
a14_h0x0_validated_d1,14.0,0x0,validated,1.0,prova2,PbLa,control_mean,footprint,0.9950379791323152,0.9836020757249659,0.026898064981084602,0.9653218119762431,3466
a14_h0x0_validated_d1,14.0,0x0,validated,1.0,prova2,PbLa,jitter_mean,footprint,0.9933805870808828,0.9797554968243822,-0.08549573328551219,0.9622200039275115,3466
a14_h0x0_validated_d1,14.0,0x0,validated,1.0,prova2,PbLa,control_single,footprint,0.9944043883938988,0.9818316286905154,0.05350301218194353,0.9635502449075675,3466
a14_h0x0_validated_d1,14.0,0x0,validated,1.0,prova2,PbLa,jitter_single,footprint,0.9877203525978835,0.9702028517350448,2.2162346038640646,0.9662485052516764,3466
a14_h0x0_validated_d1,14.0,0x0,validated,1.0,prova2,PbLa,mvp_single,footprint,0.9948603014735808,0.9833043441200163,0.11569733683598482,0.9673575652933686,3466
a14_h0x0_validated_d1,14.0,0x0,validated,1.0,prova2,PbLb,deterministic,footprint,0.9858654324418813,0.9583906357595943,0.1173387373408108,0.9290179774922419,3466
a14_h0x0_validated_d1,14.0,0x0,validated,1.0,prova2,PbLb,control_mean,footprint,0.9942843083457646,0.9804887871593385,0.024445960132091216,0.9635006565600214,3466
a14_h0x0_validated_d1,14.0,0x0,validated,1.0,prova2,PbLb,jitter_mean,footprint,0.9926937020012863,0.976787927734555,-0.03346914314789062,0.9607374026646107,3466
a14_h0x0_validated_d1,14.0,0x0,validated,1.0,prova2,PbLb,control_single,footprint,0.993668963411661,0.9788304077929061,0.10622180620021293,0.9611617796904373,3466
a14_h0x0_validated_d1,14.0,0x0,validated,1.0,prova2,PbLb,jitter_single,footprint,0.9873283854684192,0.9675646761039506,1.0450633370835405,0.9667584377563184,3466
a14_h0x0_validated_d1,14.0,0x0,validated,1.0,prova2,PbLb,mvp_single,footprint,0.994107927162391,0.9803303497465926,0.055603063768394634,0.9657898834909289,3466
a14_h0x0_validated_d1,14.0,0x0,validated,1.0,prova2,PbLg,deterministic,footprint,0.9713168886788112,0.9102961280022345,0.20647446699346705,0.9186955012649729,3466
a14_h0x0_validated_d1,14.0,0x0,validated,1.0,prova2,PbLg,control_mean,footprint,0.9795401640163351,0.9318951152907893,0.26406427747771577,0.9538897765600177,3466
a14_h0x0_validated_d1,14.0,0x0,validated,1.0,prova2,PbLg,jitter_mean,footprint,0.9776450621855893,0.9275021606639786,0.13839885238491334,0.9485694483223878,3466
a14_h0x0_validated_d1,14.0,0x0,validated,1.0,prova2,PbLg,control_single,footprint,0.9787597295329563,0.9298218130910562,0.23314489398464922,0.951354241476745,3466
a14_h0x0_validated_d1,14.0,0x0,validated,1.0,prova2,PbLg,jitter_single,footprint,0.9714025260087101,0.91741767749978,1.0596620075989716,0.953957576974959,3466
a14_h0x0_validated_d1,14.0,0x0,validated,1.0,prova2,PbLg,mvp_single,footprint,0.9792834310179694,0.9312484500736266,-0.028071723761091683,0.9573208259244507,3466
a14_h14x20_validated_d1,14.0,14x20,validated,1.0,prova2,Ca,deterministic,footprint,0.7637869084188845,0.8296681177000328,-0.48271717410396375,1.1535795310153014,3466
a14_h14x20_validated_d1,14.0,14x20,validated,1.0,prova2,Ca,deterministic,hole,-0.05101049228039846,,-96.8278923369536,,278
a14_h14x20_validated_d1,14.0,14x20,validated,1.0,prova2,Ca,control_mean,footprint,0.946590001316776,0.8901834320850486,-0.03653300377310931,0.9266113168837273,3466
a14_h14x20_validated_d1,14.0,14x20,validated,1.0,prova2,Ca,control_mean,hole,0.1737859573787182,,-14.987738561177315,,278
a14_h14x20_validated_d1,14.0,14x20,validated,1.0,prova2,Ca,jitter_mean,footprint,0.9426563311193208,0.8854465209921062,0.5858424027952669,0.9222541156568048,3466
a14_h14x20_validated_d1,14.0,14x20,validated,1.0,prova2,Ca,jitter_mean,hole,-0.0528828372383967,,-14.405745269538563,,278
a14_h14x20_validated_d1,14.0,14x20,validated,1.0,prova2,Ca,control_single,footprint,0.9496882024884821,0.8985856456356798,-0.23801499513024238,0.9315545806894296,3466
a14_h14x20_validated_d1,14.0,14x20,validated,1.0,prova2,Ca,control_single,hole,0.5482676602721525,,-18.94189900461726,,278
a14_h14x20_validated_d1,14.0,14x20,validated,1.0,prova2,Ca,jitter_single,footprint,0.9210946913350726,0.8740315220115576,4.082561655789929,0.9493435037557563,3466
a14_h14x20_validated_d1,14.0,14x20,validated,1.0,prova2,Ca,jitter_single,hole,-0.1497336866774724,,-25.17399953714675,,278
a14_h14x20_validated_d1,14.0,14x20,validated,1.0,prova2,Ca,mvp_single,footprint,0.9498388328310404,0.8998732927674512,-0.13502327173695594,0.9417318598842584,3466
a14_h14x20_validated_d1,14.0,14x20,validated,1.0,prova2,Ca,mvp_single,hole,0.5175018876697746,,-19.736220297129734,,278
a14_h14x20_validated_d1,14.0,14x20,validated,1.0,prova2,Ti,deterministic,footprint,0.6752149784263597,0.7774214839311128,-0.5039146961080987,1.2580965110188749,3466
a14_h14x20_validated_d1,14.0,14x20,validated,1.0,prova2,Ti,deterministic,hole,-0.050705048399518185,,-96.15462116761796,,278
a14_h14x20_validated_d1,14.0,14x20,validated,1.0,prova2,Ti,control_mean,footprint,0.9496992582571077,0.8616418146737355,-0.04805906653331249,0.9238919208531732,3466
a14_h14x20_validated_d1,14.0,14x20,validated,1.0,prova2,Ti,control_mean,hole,0.2657430450303065,,-10.118941846194232,,278
a14_h14x20_validated_d1,14.0,14x20,validated,1.0,prova2,Ti,jitter_mean,footprint,0.9459856585747436,0.8571728391825838,0.48149943319764077,0.9164484156967629,3466
a14_h14x20_validated_d1,14.0,14x20,validated,1.0,prova2,Ti,jitter_mean,hole,0.07238762208948299,,-9.334197411808134,,278
a14_h14x20_validated_d1,14.0,14x20,validated,1.0,prova2,Ti,control_single,footprint,0.9435931398640728,0.8616953758145554,-0.06558858688812119,0.9371552718854252,3466
a14_h14x20_validated_d1,14.0,14x20,validated,1.0,prova2,Ti,control_single,hole,0.39300982727991,,-15.98585287060287,,278
a14_h14x20_validated_d1,14.0,14x20,validated,1.0,prova2,Ti,jitter_single,footprint,0.9277443376614996,0.8422299491192492,0.15732038857816377,0.93990372933246,3466
a14_h14x20_validated_d1,14.0,14x20,validated,1.0,prova2,Ti,jitter_single,hole,0.02069734770601668,,-14.818005649714971,,278
a14_h14x20_validated_d1,14.0,14x20,validated,1.0,prova2,Ti,mvp_single,footprint,0.9453191101323547,0.85340436673896,-0.37839495003548773,0.9261758005380246,3466
a14_h14x20_validated_d1,14.0,14x20,validated,1.0,prova2,Ti,mvp_single,hole,0.0893298326267571,,-10.317581016786317,,278
a14_h14x20_validated_d1,14.0,14x20,validated,1.0,prova2,Fe,deterministic,footprint,0.9574823079745539,0.8413874052774907,-0.327292229726317,1.0488150511586545,3466
a14_h14x20_validated_d1,14.0,14x20,validated,1.0,prova2,Fe,deterministic,hole,0.11299065218343743,,-96.13360800161045,,278
a14_h14x20_validated_d1,14.0,14x20,validated,1.0,prova2,Fe,control_mean,footprint,0.9769331479060654,0.887944970109178,0.8082665021368118,0.9900959779389158,3466
a14_h14x20_validated_d1,14.0,14x20,validated,1.0,prova2,Fe,control_mean,hole,0.07579914605219149,,-32.598588145116786,,278
a14_h14x20_validated_d1,14.0,14x20,validated,1.0,prova2,Fe,jitter_mean,footprint,0.9750002086160022,0.8865356438493232,0.7992403043826535,0.9991049948013265,3466
a14_h14x20_validated_d1,14.0,14x20,validated,1.0,prova2,Fe,jitter_mean,hole,0.06826402205562782,,-42.68993127665859,,278
a14_h14x20_validated_d1,14.0,14x20,validated,1.0,prova2,Fe,control_single,footprint,0.9773358452935442,0.8930074703273306,0.5689962683128602,0.999094057587235,3466
a14_h14x20_validated_d1,14.0,14x20,validated,1.0,prova2,Fe,control_single,hole,0.21830551719111865,,-39.14576523883111,,278
a14_h14x20_validated_d1,14.0,14x20,validated,1.0,prova2,Fe,jitter_single,footprint,0.975813424072123,0.8795150518489662,-4.050178662969706,1.0091957097062396,3466
a14_h14x20_validated_d1,14.0,14x20,validated,1.0,prova2,Fe,jitter_single,hole,0.39551184597191985,,-41.73240202872689,,278
a14_h14x20_validated_d1,14.0,14x20,validated,1.0,prova2,Fe,mvp_single,footprint,0.9766105985852066,0.8881482714359362,0.374205019890006,0.9937697609368309,3466
a14_h14x20_validated_d1,14.0,14x20,validated,1.0,prova2,Fe,mvp_single,hole,0.08335512335535217,,-35.44276309418863,,278
a14_h14x20_validated_d1,14.0,14x20,validated,1.0,prova2,Cu,deterministic,footprint,0.9137507931413715,0.8477521485151389,-1.2949077448858426,1.016937955861185,3466
a14_h14x20_validated_d1,14.0,14x20,validated,1.0,prova2,Cu,deterministic,hole,0.32214142139932767,,-94.80540729990774,,278
a14_h14x20_validated_d1,14.0,14x20,validated,1.0,prova2,Cu,control_mean,footprint,0.9490183999848992,0.8644876690729848,-0.9344105927378443,0.9535251758567673,3466
a14_h14x20_validated_d1,14.0,14x20,validated,1.0,prova2,Cu,control_mean,hole,0.19767434195013073,,-24.509216644042624,,278
a14_h14x20_validated_d1,14.0,14x20,validated,1.0,prova2,Cu,jitter_mean,footprint,0.9482495170350164,0.8621778352724738,-1.1913960107314048,0.9470919078353753,3466
a14_h14x20_validated_d1,14.0,14x20,validated,1.0,prova2,Cu,jitter_mean,hole,0.22410332832503554,,-25.88212541035007,,278
a14_h14x20_validated_d1,14.0,14x20,validated,1.0,prova2,Cu,control_single,footprint,0.950945180154925,0.862375026810254,-0.7257061419170041,0.9401740837363741,3466
a14_h14x20_validated_d1,14.0,14x20,validated,1.0,prova2,Cu,control_single,hole,0.25451852576362016,,-11.908781171391443,,278
a14_h14x20_validated_d1,14.0,14x20,validated,1.0,prova2,Cu,jitter_single,footprint,0.9404387006245882,0.8461754385126129,-2.6215408931305584,0.9583690961121559,3466
a14_h14x20_validated_d1,14.0,14x20,validated,1.0,prova2,Cu,jitter_single,hole,0.12723250630204633,,-36.3970696902068,,278
a14_h14x20_validated_d1,14.0,14x20,validated,1.0,prova2,Cu,mvp_single,footprint,0.9540552050293221,0.8660801544188135,-1.4946882962332486,0.9342777378779092,3466
a14_h14x20_validated_d1,14.0,14x20,validated,1.0,prova2,Cu,mvp_single,hole,0.33704023078701867,,3.352752951117776,,278
a14_h14x20_validated_d1,14.0,14x20,validated,1.0,prova2,PbLl,deterministic,footprint,0.8136584703266536,0.7468729501369507,-1.7981057688956303,1.0601411902716456,3466
a14_h14x20_validated_d1,14.0,14x20,validated,1.0,prova2,PbLl,deterministic,hole,0.20359478231142072,,-94.7916642362675,,278
a14_h14x20_validated_d1,14.0,14x20,validated,1.0,prova2,PbLl,control_mean,footprint,0.9303770819201341,0.8129608123840247,-0.5128285136064337,0.9112965660694999,3466
a14_h14x20_validated_d1,14.0,14x20,validated,1.0,prova2,PbLl,control_mean,hole,0.3863459741609619,,-0.002904868531626158,,278
a14_h14x20_validated_d1,14.0,14x20,validated,1.0,prova2,PbLl,jitter_mean,footprint,0.927426595809253,0.8091057861798007,-1.6551464761613843,0.9040413345698883,3466
a14_h14x20_validated_d1,14.0,14x20,validated,1.0,prova2,PbLl,jitter_mean,hole,0.3670416872715971,,7.700029788521033,,278
a14_h14x20_validated_d1,14.0,14x20,validated,1.0,prova2,PbLl,control_single,footprint,0.9278473796384381,0.8074221883117352,-0.7022959047520261,0.9146783800095979,3466
a14_h14x20_validated_d1,14.0,14x20,validated,1.0,prova2,PbLl,control_single,hole,0.37518376109425106,,-4.961444803488923,,278
a14_h14x20_validated_d1,14.0,14x20,validated,1.0,prova2,PbLl,jitter_single,footprint,0.9173728387246205,0.7863778340212154,-4.572792631446276,0.9095653581635436,3466
a14_h14x20_validated_d1,14.0,14x20,validated,1.0,prova2,PbLl,jitter_single,hole,0.2660107274952296,,7.261192626645764,,278
a14_h14x20_validated_d1,14.0,14x20,validated,1.0,prova2,PbLl,mvp_single,footprint,0.9214581766340699,0.8074923522284028,-0.34172134342322913,0.9163623741731958,3466
a14_h14x20_validated_d1,14.0,14x20,validated,1.0,prova2,PbLl,mvp_single,hole,0.3480758418396804,,19.962795115839832,,278
a14_h14x20_validated_d1,14.0,14x20,validated,1.0,prova2,PbLa,deterministic,footprint,0.7156560906415378,0.8066292669846545,-0.2936442106660886,1.2820002819281846,3466
a14_h14x20_validated_d1,14.0,14x20,validated,1.0,prova2,PbLa,deterministic,hole,0.2744903663429182,,-94.94697978717369,,278
a14_h14x20_validated_d1,14.0,14x20,validated,1.0,prova2,PbLa,control_mean,footprint,0.9680950610036247,0.9209287004009135,0.02443192829912899,0.9374506737183197,3466
a14_h14x20_validated_d1,14.0,14x20,validated,1.0,prova2,PbLa,control_mean,hole,0.60481919029985,,-0.45872398833752115,,278
a14_h14x20_validated_d1,14.0,14x20,validated,1.0,prova2,PbLa,jitter_mean,footprint,0.9656177243786176,0.9166832698839164,-0.07035621783608725,0.930847328103793,3466
a14_h14x20_validated_d1,14.0,14x20,validated,1.0,prova2,PbLa,jitter_mean,hole,0.611502691680079,,1.4527937510864846,,278
a14_h14x20_validated_d1,14.0,14x20,validated,1.0,prova2,PbLa,control_single,footprint,0.9608256758937566,0.9100258184190954,-0.06667648074776267,0.943901441468445,3466
a14_h14x20_validated_d1,14.0,14x20,validated,1.0,prova2,PbLa,control_single,hole,0.5500708306725473,,-9.949528088887783,,278
a14_h14x20_validated_d1,14.0,14x20,validated,1.0,prova2,PbLa,jitter_single,footprint,0.9543942076005272,0.8969164195088606,2.2149519705615406,0.9385381009583907,3466
a14_h14x20_validated_d1,14.0,14x20,validated,1.0,prova2,PbLa,jitter_single,hole,0.4602819639706187,,2.4015386738130124,,278
a14_h14x20_validated_d1,14.0,14x20,validated,1.0,prova2,PbLa,mvp_single,footprint,0.9548910781672809,0.9223100592331963,0.2744404405162548,0.9519078964394339,3466
a14_h14x20_validated_d1,14.0,14x20,validated,1.0,prova2,PbLa,mvp_single,hole,0.5987757637578625,,19.219069951071255,,278
a14_h14x20_validated_d1,14.0,14x20,validated,1.0,prova2,PbLb,deterministic,footprint,0.7096472280816699,0.8037299689690506,-0.46878129786815936,1.288581567369883,3466
a14_h14x20_validated_d1,14.0,14x20,validated,1.0,prova2,PbLb,deterministic,hole,0.28311594859373623,,-94.98248000401196,,278
a14_h14x20_validated_d1,14.0,14x20,validated,1.0,prova2,PbLb,control_mean,footprint,0.9671880226156547,0.9198905516022612,0.0766138344488354,0.9333108366164935,3466
a14_h14x20_validated_d1,14.0,14x20,validated,1.0,prova2,PbLb,control_mean,hole,0.6417573835874941,,-0.9228297819796163,,278
a14_h14x20_validated_d1,14.0,14x20,validated,1.0,prova2,PbLb,jitter_mean,footprint,0.964774790737284,0.9156129017233952,0.0054006044286625254,0.9278868167653885,3466
a14_h14x20_validated_d1,14.0,14x20,validated,1.0,prova2,PbLb,jitter_mean,hole,0.6474153375363269,,0.8044259080124089,,278
a14_h14x20_validated_d1,14.0,14x20,validated,1.0,prova2,PbLb,control_single,footprint,0.9581405275256104,0.9084652765213544,0.025179566986022195,0.9413145401983569,3466
a14_h14x20_validated_d1,14.0,14x20,validated,1.0,prova2,PbLb,control_single,hole,0.5804455373912725,,-11.338940295539246,,278
a14_h14x20_validated_d1,14.0,14x20,validated,1.0,prova2,PbLb,jitter_single,footprint,0.9540074871362471,0.8974774114031359,1.1070281823483352,0.9366583030980187,3466
a14_h14x20_validated_d1,14.0,14x20,validated,1.0,prova2,PbLb,jitter_single,hole,0.502419895198177,,2.0195754512377104,,278
a14_h14x20_validated_d1,14.0,14x20,validated,1.0,prova2,PbLb,mvp_single,footprint,0.9552968209004057,0.9218000527459151,0.27647626710842754,0.9479623698884881,3466
a14_h14x20_validated_d1,14.0,14x20,validated,1.0,prova2,PbLb,mvp_single,hole,0.6406597023489667,,19.1501378533074,,278
a14_h14x20_validated_d1,14.0,14x20,validated,1.0,prova2,PbLg,deterministic,footprint,0.7003392472620742,0.7636218283785855,-0.6205714283184616,1.2931926317365534,3466
a14_h14x20_validated_d1,14.0,14x20,validated,1.0,prova2,PbLg,deterministic,hole,0.2576674691785871,,-94.95710177829694,,278
a14_h14x20_validated_d1,14.0,14x20,validated,1.0,prova2,PbLg,control_mean,footprint,0.9522088792676457,0.8728171155926515,0.32239227534063275,0.9229847596636073,3466
a14_h14x20_validated_d1,14.0,14x20,validated,1.0,prova2,PbLg,control_mean,hole,0.6152135066507799,,1.5248901304307052,,278
a14_h14x20_validated_d1,14.0,14x20,validated,1.0,prova2,PbLg,jitter_mean,footprint,0.9490214541367817,0.8678388109440979,0.19441790589245223,0.9142737425214738,3466
a14_h14x20_validated_d1,14.0,14x20,validated,1.0,prova2,PbLg,jitter_mean,hole,0.623882735394408,,4.075375036976939,,278
a14_h14x20_validated_d1,14.0,14x20,validated,1.0,prova2,PbLg,control_single,footprint,0.9449477995242035,0.8620401680284316,0.07036939282312193,0.9303278825774136,3466
a14_h14x20_validated_d1,14.0,14x20,validated,1.0,prova2,PbLg,control_single,hole,0.5539541777562418,,-8.656183108372664,,278
a14_h14x20_validated_d1,14.0,14x20,validated,1.0,prova2,PbLg,jitter_single,footprint,0.9364596183741046,0.8493815820836926,1.2721626459836877,0.9221809593284765,3466
a14_h14x20_validated_d1,14.0,14x20,validated,1.0,prova2,PbLg,jitter_single,hole,0.4702450321042833,,5.172922689440462,,278
a14_h14x20_validated_d1,14.0,14x20,validated,1.0,prova2,PbLg,mvp_single,footprint,0.9276414594121565,0.8692552375724415,0.5468250687250542,0.945233940738617,3466
a14_h14x20_validated_d1,14.0,14x20,validated,1.0,prova2,PbLg,mvp_single,hole,0.6021653564415028,,25.873527144807163,,278
a20_h0x0_validated_d1,20.0,0x0,validated,1.0,prova2,Ca,deterministic,footprint,0.9813573933419211,0.9535779135329836,0.2904054703203762,0.921551486895102,3466
a20_h0x0_validated_d1,20.0,0x0,validated,1.0,prova2,Ca,control_mean,footprint,0.9909465075979977,0.9755626134351086,0.17667367651061916,0.9553756897521593,3466
a20_h0x0_validated_d1,20.0,0x0,validated,1.0,prova2,Ca,jitter_mean,footprint,0.9889729376060789,0.9719979720008657,1.115957861796013,0.9491910162503959,3466
a20_h0x0_validated_d1,20.0,0x0,validated,1.0,prova2,Ca,control_single,footprint,0.989915357443778,0.972842662929166,-0.046925420606958035,0.9528365795325682,3466
a20_h0x0_validated_d1,20.0,0x0,validated,1.0,prova2,Ca,jitter_single,footprint,0.9834688502301393,0.9631347110596832,5.433875419511525,0.9520245216703868,3466
a20_h0x0_validated_d1,20.0,0x0,validated,1.0,prova2,Ca,mvp_single,footprint,0.9905934486920027,0.9754538272023056,0.12554009285974388,0.9602050056501427,3466
a20_h0x0_validated_d1,20.0,0x0,validated,1.0,prova2,Ti,deterministic,footprint,0.9628936217890628,0.9117357502375151,0.4376577689078509,0.8977437773721066,3466
a20_h0x0_validated_d1,20.0,0x0,validated,1.0,prova2,Ti,control_mean,footprint,0.9727780878868334,0.9317275798570106,0.26494426684748884,0.9353220867155638,3466
a20_h0x0_validated_d1,20.0,0x0,validated,1.0,prova2,Ti,jitter_mean,footprint,0.9708284134509142,0.928065980592545,0.8421205043814606,0.9278947943706858,3466
a20_h0x0_validated_d1,20.0,0x0,validated,1.0,prova2,Ti,control_single,footprint,0.9706363404516715,0.9283778633227362,0.3460488951577023,0.9376073003308898,3466
a20_h0x0_validated_d1,20.0,0x0,validated,1.0,prova2,Ti,jitter_single,footprint,0.9620551599143992,0.9161105152146601,0.9669460652991457,0.9361991423652171,3466
a20_h0x0_validated_d1,20.0,0x0,validated,1.0,prova2,Ti,mvp_single,footprint,0.9715332911540894,0.9299691346947104,-0.0909365806800233,0.9377506068014912,3466
a20_h0x0_validated_d1,20.0,0x0,validated,1.0,prova2,Fe,deterministic,footprint,0.9914447099754888,0.9575457464927041,1.3343843114056897,0.9618016723547146,3466
a20_h0x0_validated_d1,20.0,0x0,validated,1.0,prova2,Fe,control_mean,footprint,0.9946103195400674,0.9659749122241029,0.976857805384479,0.9754515017212986,3466
a20_h0x0_validated_d1,20.0,0x0,validated,1.0,prova2,Fe,jitter_mean,footprint,0.9940158382466374,0.9642303900971969,1.0187592657517675,0.975603582578178,3466
a20_h0x0_validated_d1,20.0,0x0,validated,1.0,prova2,Fe,control_single,footprint,0.9949481832151436,0.9655723912795627,0.7045417614226945,0.9772161139718178,3466
a20_h0x0_validated_d1,20.0,0x0,validated,1.0,prova2,Fe,jitter_single,footprint,0.9920861109506363,0.9542326186123284,-4.024313577082128,0.9876511641621091,3466
a20_h0x0_validated_d1,20.0,0x0,validated,1.0,prova2,Fe,mvp_single,footprint,0.9946379316380529,0.9649718965647348,0.5944852716802451,0.9770763479602576,3466
a20_h0x0_validated_d1,20.0,0x0,validated,1.0,prova2,Cu,deterministic,footprint,0.9829319733808553,0.9462789478825163,-0.09742901467171272,0.9391951260734114,3466
a20_h0x0_validated_d1,20.0,0x0,validated,1.0,prova2,Cu,control_mean,footprint,0.990486091349094,0.9669817528498912,0.04346371231207513,0.9687769493943595,3466
a20_h0x0_validated_d1,20.0,0x0,validated,1.0,prova2,Cu,jitter_mean,footprint,0.9892237951537033,0.9626207553730909,-0.5526074650366586,0.9621533285054844,3466
a20_h0x0_validated_d1,20.0,0x0,validated,1.0,prova2,Cu,control_single,footprint,0.9894319235105135,0.962869154969162,0.302604300469822,0.9660264302582375,3466
a20_h0x0_validated_d1,20.0,0x0,validated,1.0,prova2,Cu,jitter_single,footprint,0.9856481372462864,0.9483535251960686,-2.277413787963578,0.9631697561816448,3466
a20_h0x0_validated_d1,20.0,0x0,validated,1.0,prova2,Cu,mvp_single,footprint,0.9905797882092536,0.9644834184904756,-0.5931457528217776,0.9764175922396744,3466
a20_h0x0_validated_d1,20.0,0x0,validated,1.0,prova2,PbLl,deterministic,footprint,0.9571198729575958,0.8618245605851178,0.05040277520320657,0.9049892458296378,3466
a20_h0x0_validated_d1,20.0,0x0,validated,1.0,prova2,PbLl,control_mean,footprint,0.964835155061508,0.8832067171440848,-0.0595363009209815,0.9408219376873826,3466
a20_h0x0_validated_d1,20.0,0x0,validated,1.0,prova2,PbLl,jitter_mean,footprint,0.9635776137896305,0.8789893319982072,-1.9311774099048828,0.9404042928559861,3466
a20_h0x0_validated_d1,20.0,0x0,validated,1.0,prova2,PbLl,control_single,footprint,0.9639455812958133,0.8805618605053871,-0.26923185320391063,0.9429801036026466,3466
a20_h0x0_validated_d1,20.0,0x0,validated,1.0,prova2,PbLl,jitter_single,footprint,0.95683076970822,0.8608637553958502,-5.191250572157946,0.9481182311339892,3466
a20_h0x0_validated_d1,20.0,0x0,validated,1.0,prova2,PbLl,mvp_single,footprint,0.9635104851178521,0.8795609147528908,-0.06466053983547049,0.9469865618118405,3466
a20_h0x0_validated_d1,20.0,0x0,validated,1.0,prova2,PbLa,deterministic,footprint,0.9864064679611485,0.9611442786857111,0.18343726488945222,0.9310914521590534,3466
a20_h0x0_validated_d1,20.0,0x0,validated,1.0,prova2,PbLa,control_mean,footprint,0.9950144291178287,0.983538913318838,0.027990123872356776,0.9653135957682855,3466
a20_h0x0_validated_d1,20.0,0x0,validated,1.0,prova2,PbLa,jitter_mean,footprint,0.9933477732387324,0.9795433363570297,-0.1802733101666787,0.9618103332355,3466
a20_h0x0_validated_d1,20.0,0x0,validated,1.0,prova2,PbLa,control_single,footprint,0.9944390134473753,0.9819605996431344,0.06916263831087122,0.9636477022552605,3466
a20_h0x0_validated_d1,20.0,0x0,validated,1.0,prova2,PbLa,jitter_single,footprint,0.9875993193386093,0.9701447617405667,2.7684813211194204,0.9660299522587009,3466
a20_h0x0_validated_d1,20.0,0x0,validated,1.0,prova2,PbLa,mvp_single,footprint,0.9948172450428785,0.9831427306745357,0.11207410807598794,0.9667476713583584,3466
a20_h0x0_validated_d1,20.0,0x0,validated,1.0,prova2,PbLb,deterministic,footprint,0.9858462570569066,0.9583175902475468,0.1197389959673778,0.9290253599473648,3466
a20_h0x0_validated_d1,20.0,0x0,validated,1.0,prova2,PbLb,control_mean,footprint,0.9942522651239113,0.9803901742476329,0.03019721971866396,0.963468428777494,3466
a20_h0x0_validated_d1,20.0,0x0,validated,1.0,prova2,PbLb,jitter_mean,footprint,0.9926560252680748,0.9766636147003096,-0.01949361636073288,0.9606171293365212,3466
a20_h0x0_validated_d1,20.0,0x0,validated,1.0,prova2,PbLb,control_single,footprint,0.9937025564370476,0.978945174770227,0.12444805047482355,0.9612377575161548,3466
a20_h0x0_validated_d1,20.0,0x0,validated,1.0,prova2,PbLb,jitter_single,footprint,0.9872182222678663,0.9675994024308718,1.3924069223097746,0.9678752187000556,3466
a20_h0x0_validated_d1,20.0,0x0,validated,1.0,prova2,PbLb,mvp_single,footprint,0.9940550405113331,0.9801294517213157,0.05563221611504243,0.9651253881893469,3466
a20_h0x0_validated_d1,20.0,0x0,validated,1.0,prova2,PbLg,deterministic,footprint,0.9711977379479029,0.9099689746506672,0.20057351307314342,0.9187903429579636,3466
a20_h0x0_validated_d1,20.0,0x0,validated,1.0,prova2,PbLg,control_mean,footprint,0.9794152617550236,0.9315530618659755,0.2662760592473834,0.9539801960007537,3466
a20_h0x0_validated_d1,20.0,0x0,validated,1.0,prova2,PbLg,jitter_mean,footprint,0.9775202628504063,0.9270515540664274,0.05670564362927344,0.9481960490998386,3466
a20_h0x0_validated_d1,20.0,0x0,validated,1.0,prova2,PbLg,control_single,footprint,0.9786835944622774,0.9296787456766299,0.213536797581515,0.9517029773910127,3466
a20_h0x0_validated_d1,20.0,0x0,validated,1.0,prova2,PbLg,jitter_single,footprint,0.9712480372796234,0.917293098846407,1.483494784411743,0.954463454184963,3466
a20_h0x0_validated_d1,20.0,0x0,validated,1.0,prova2,PbLg,mvp_single,footprint,0.9791223948120302,0.9307415025880432,-0.026604743613778403,0.9567170045848692,3466
a20_h14x20_validated_d1,20.0,14x20,validated,1.0,prova2,Ca,deterministic,footprint,0.763828716917983,0.8298372213392673,-0.488718394814347,1.153539047834402,3466
a20_h14x20_validated_d1,20.0,14x20,validated,1.0,prova2,Ca,deterministic,hole,-0.05105118460407761,,-96.82743754260618,,278
a20_h14x20_validated_d1,20.0,14x20,validated,1.0,prova2,Ca,control_mean,footprint,0.9467385734403503,0.8904545161039917,-0.04854688087674308,0.9265676764911734,3466
a20_h14x20_validated_d1,20.0,14x20,validated,1.0,prova2,Ca,control_mean,hole,0.1781566819644928,,-14.938763489340886,,278
a20_h14x20_validated_d1,20.0,14x20,validated,1.0,prova2,Ca,jitter_mean,footprint,0.9431618096482023,0.8854287971863019,0.8749063163627557,0.9197479025137208,3466
a20_h14x20_validated_d1,20.0,14x20,validated,1.0,prova2,Ca,jitter_mean,hole,-0.04843037888233888,,-13.38969547625765,,278
a20_h14x20_validated_d1,20.0,14x20,validated,1.0,prova2,Ca,control_single,footprint,0.9509025232417354,0.899756358824552,-0.29410108441143556,0.9311631004941056,3466
a20_h14x20_validated_d1,20.0,14x20,validated,1.0,prova2,Ca,control_single,hole,0.5624332750693567,,-18.216838501646,,278
a20_h14x20_validated_d1,20.0,14x20,validated,1.0,prova2,Ca,jitter_single,footprint,0.9229033272091535,0.8742233814715292,5.195849742478131,0.944963711658274,3466
a20_h14x20_validated_d1,20.0,14x20,validated,1.0,prova2,Ca,jitter_single,hole,-0.14264334670524684,,-22.682618586845862,,278
a20_h14x20_validated_d1,20.0,14x20,validated,1.0,prova2,Ca,mvp_single,footprint,0.9502735997827676,0.9005703106152372,-0.10424624534087767,0.9408662952328744,3466
a20_h14x20_validated_d1,20.0,14x20,validated,1.0,prova2,Ca,mvp_single,hole,0.5264434844746329,,-19.623899388802887,,278
a20_h14x20_validated_d1,20.0,14x20,validated,1.0,prova2,Ti,deterministic,footprint,0.6753800744345342,0.7780819811519691,-0.48887517389618607,1.25781995535505,3466
a20_h14x20_validated_d1,20.0,14x20,validated,1.0,prova2,Ti,deterministic,hole,-0.05060513718396133,,-96.1564042271595,,278
a20_h14x20_validated_d1,20.0,14x20,validated,1.0,prova2,Ti,control_mean,footprint,0.9502695546876218,0.8626590736437798,-0.05962897365456854,0.9235737637740783,3466
a20_h14x20_validated_d1,20.0,14x20,validated,1.0,prova2,Ti,control_mean,hole,0.2730216205698834,,-10.046982269495198,,278
a20_h14x20_validated_d1,20.0,14x20,validated,1.0,prova2,Ti,jitter_mean,footprint,0.9472094499909455,0.8581662517889114,0.5592323082126871,0.9147211788377734,3466
a20_h14x20_validated_d1,20.0,14x20,validated,1.0,prova2,Ti,jitter_mean,hole,0.07656922554619451,,-8.136818098531615,,278
a20_h14x20_validated_d1,20.0,14x20,validated,1.0,prova2,Ti,control_single,footprint,0.945450212854843,0.8636076694427522,-0.08102348374171564,0.9356390838437132,3466
a20_h14x20_validated_d1,20.0,14x20,validated,1.0,prova2,Ti,control_single,hole,0.39771382906570274,,-14.866277117556463,,278
a20_h14x20_validated_d1,20.0,14x20,validated,1.0,prova2,Ti,jitter_single,footprint,0.930194101344778,0.843876434287085,0.5238562637466249,0.9352929102918122,3466
a20_h14x20_validated_d1,20.0,14x20,validated,1.0,prova2,Ti,jitter_single,hole,0.020230848662439713,,-12.627505704604388,,278
a20_h14x20_validated_d1,20.0,14x20,validated,1.0,prova2,Ti,mvp_single,footprint,0.9461642487360301,0.8550586259856932,-0.39571901505047746,0.9251191467492176,3466
a20_h14x20_validated_d1,20.0,14x20,validated,1.0,prova2,Ti,mvp_single,hole,0.11339417724079333,,-10.205646537558856,,278
a20_h14x20_validated_d1,20.0,14x20,validated,1.0,prova2,Fe,deterministic,footprint,0.9574814977545825,0.8413793991495384,-0.32712911577541526,1.0488167178386358,3466
a20_h14x20_validated_d1,20.0,14x20,validated,1.0,prova2,Fe,deterministic,hole,0.11299085188248947,,-96.13356898513331,,278
a20_h14x20_validated_d1,20.0,14x20,validated,1.0,prova2,Fe,control_mean,footprint,0.976901090708027,0.8877531175206805,0.7885096652732626,0.9901916352160084,3466
a20_h14x20_validated_d1,20.0,14x20,validated,1.0,prova2,Fe,control_mean,hole,0.07178291450369073,,-32.60789985299677,,278
a20_h14x20_validated_d1,20.0,14x20,validated,1.0,prova2,Fe,jitter_mean,footprint,0.9751844560586798,0.8866954517908627,0.8117188332699365,0.9987499072155624,3466
a20_h14x20_validated_d1,20.0,14x20,validated,1.0,prova2,Fe,jitter_mean,hole,0.07415086486065695,,-41.720782825592764,,278
a20_h14x20_validated_d1,20.0,14x20,validated,1.0,prova2,Fe,control_single,footprint,0.9776215921979351,0.8931418757603572,0.4722454252886088,0.9981657995595783,3466
a20_h14x20_validated_d1,20.0,14x20,validated,1.0,prova2,Fe,control_single,hole,0.22418773562629093,,-37.80015159780281,,278
a20_h14x20_validated_d1,20.0,14x20,validated,1.0,prova2,Fe,jitter_single,footprint,0.9762524222091283,0.8804976092328591,-4.563728365342945,1.0091418481861463,3466
a20_h14x20_validated_d1,20.0,14x20,validated,1.0,prova2,Fe,jitter_single,hole,0.4010714696297057,,-39.54537665377681,,278
a20_h14x20_validated_d1,20.0,14x20,validated,1.0,prova2,Fe,mvp_single,footprint,0.9766205933178385,0.888270584957784,0.40645662047835707,0.9940077858026029,3466
a20_h14x20_validated_d1,20.0,14x20,validated,1.0,prova2,Fe,mvp_single,hole,0.08867440377256787,,-35.49729722561673,,278
a20_h14x20_validated_d1,20.0,14x20,validated,1.0,prova2,Cu,deterministic,footprint,0.9137306264087905,0.8476938847999446,-1.308637789605771,1.016973980283178,3466
a20_h14x20_validated_d1,20.0,14x20,validated,1.0,prova2,Cu,deterministic,hole,0.3221329411542947,,-94.80555743732421,,278
a20_h14x20_validated_d1,20.0,14x20,validated,1.0,prova2,Cu,control_mean,footprint,0.9488369524415552,0.864126924860435,-0.9050721232153558,0.9531538757117131,3466
a20_h14x20_validated_d1,20.0,14x20,validated,1.0,prova2,Cu,control_mean,hole,0.1890610875861764,,-24.264081815377345,,278
a20_h14x20_validated_d1,20.0,14x20,validated,1.0,prova2,Cu,jitter_mean,footprint,0.9480870336700256,0.8620290004540768,-1.2862619575455314,0.9480586084542492,3466
a20_h14x20_validated_d1,20.0,14x20,validated,1.0,prova2,Cu,jitter_mean,hole,0.2195559602121969,,-26.268711734185853,,278
a20_h14x20_validated_d1,20.0,14x20,validated,1.0,prova2,Cu,control_single,footprint,0.9504981171498121,0.8617225292395772,-0.5077982038831252,0.939686507117452,3466
a20_h14x20_validated_d1,20.0,14x20,validated,1.0,prova2,Cu,control_single,hole,0.235006694795974,,-11.777975103477411,,278
a20_h14x20_validated_d1,20.0,14x20,validated,1.0,prova2,Cu,jitter_single,footprint,0.9404936027293427,0.8469067098695859,-3.1907836750457275,0.9599283801939953,3466
a20_h14x20_validated_d1,20.0,14x20,validated,1.0,prova2,Cu,jitter_single,hole,0.12689038699199642,,-36.76014281569024,,278
a20_h14x20_validated_d1,20.0,14x20,validated,1.0,prova2,Cu,mvp_single,footprint,0.954143161247117,0.866383163973884,-1.5352809513566434,0.9341963382907972,3466
a20_h14x20_validated_d1,20.0,14x20,validated,1.0,prova2,Cu,mvp_single,hole,0.34177808699583223,,3.5399505163878295,,278
a20_h14x20_validated_d1,20.0,14x20,validated,1.0,prova2,PbLl,deterministic,footprint,0.8136916652299494,0.7469867827545064,-1.7977861762197511,1.0600953792582009,3466
a20_h14x20_validated_d1,20.0,14x20,validated,1.0,prova2,PbLl,deterministic,hole,0.20359317836344842,,-94.79169571087166,,278
a20_h14x20_validated_d1,20.0,14x20,validated,1.0,prova2,PbLl,control_mean,footprint,0.9304254637998934,0.8130960415850458,-0.4990983498174506,0.9111062041297732,3466
a20_h14x20_validated_d1,20.0,14x20,validated,1.0,prova2,PbLl,control_mean,hole,0.3859987804810302,,0.15710003135763906,,278
a20_h14x20_validated_d1,20.0,14x20,validated,1.0,prova2,PbLl,jitter_mean,footprint,0.9273841072890694,0.8088960693575943,-2.006516307395556,0.9052845571599694,3466
a20_h14x20_validated_d1,20.0,14x20,validated,1.0,prova2,PbLl,jitter_mean,hole,0.36223123014730774,,7.504916659819672,,278
a20_h14x20_validated_d1,20.0,14x20,validated,1.0,prova2,PbLl,control_single,footprint,0.9280745799467629,0.8076869799323919,-0.7268472137854642,0.9144913299876459,3466
a20_h14x20_validated_d1,20.0,14x20,validated,1.0,prova2,PbLl,control_single,hole,0.37685336527422925,,-4.810240856044663,,278
a20_h14x20_validated_d1,20.0,14x20,validated,1.0,prova2,PbLl,jitter_single,footprint,0.9168058175818656,0.7853409709856185,-5.529083784309585,0.9131107110763159,3466
a20_h14x20_validated_d1,20.0,14x20,validated,1.0,prova2,PbLl,jitter_single,hole,0.26318268865182776,,7.660617984182207,,278
a20_h14x20_validated_d1,20.0,14x20,validated,1.0,prova2,PbLl,mvp_single,footprint,0.9216099511386676,0.807552572907114,-0.27299002427674246,0.9145913826830624,3466
a20_h14x20_validated_d1,20.0,14x20,validated,1.0,prova2,PbLl,mvp_single,hole,0.3505942846831705,,20.33015391508726,,278
a20_h14x20_validated_d1,20.0,14x20,validated,1.0,prova2,PbLa,deterministic,footprint,0.7156555277738023,0.8065937526348974,-0.29412827724655255,1.2820202679346864,3466
a20_h14x20_validated_d1,20.0,14x20,validated,1.0,prova2,PbLa,deterministic,hole,0.27448146536571216,,-94.9469755578716,,278
a20_h14x20_validated_d1,20.0,14x20,validated,1.0,prova2,PbLa,control_mean,footprint,0.9680975655706403,0.9209983406903134,0.03375731772068402,0.9375219541041186,3466
a20_h14x20_validated_d1,20.0,14x20,validated,1.0,prova2,PbLa,control_mean,hole,0.6041704487053762,,-0.36853188368491285,,278
a20_h14x20_validated_d1,20.0,14x20,validated,1.0,prova2,PbLa,jitter_mean,footprint,0.9653848235956453,0.9163654002534102,-0.17362650742700492,0.9304065626025682,3466
a20_h14x20_validated_d1,20.0,14x20,validated,1.0,prova2,PbLa,jitter_mean,hole,0.6053560397550488,,1.7182160737709198,,278
a20_h14x20_validated_d1,20.0,14x20,validated,1.0,prova2,PbLa,control_single,footprint,0.9614037711063372,0.9111561477569804,-0.061892530905427456,0.9437844821270998,3466
a20_h14x20_validated_d1,20.0,14x20,validated,1.0,prova2,PbLa,control_single,hole,0.5520579976343164,,-9.492446011726766,,278
a20_h14x20_validated_d1,20.0,14x20,validated,1.0,prova2,PbLa,jitter_single,footprint,0.9543589866670398,0.8970706908717168,2.7874116262334825,0.9379446127786388,3466
a20_h14x20_validated_d1,20.0,14x20,validated,1.0,prova2,PbLa,jitter_single,hole,0.45904574013286653,,3.256189653073665,,278
a20_h14x20_validated_d1,20.0,14x20,validated,1.0,prova2,PbLa,mvp_single,footprint,0.9547975229856995,0.9218856412745332,0.2781371838967983,0.9502319135669883,3466
a20_h14x20_validated_d1,20.0,14x20,validated,1.0,prova2,PbLa,mvp_single,hole,0.6030707900957226,,19.576229024947164,,278
a20_h14x20_validated_d1,20.0,14x20,validated,1.0,prova2,PbLb,deterministic,footprint,0.7096344193081489,0.8036619451170257,-0.468107378726379,1.2885914986486453,3466
a20_h14x20_validated_d1,20.0,14x20,validated,1.0,prova2,PbLb,deterministic,hole,0.2831108367592373,,-94.98278415027094,,278
a20_h14x20_validated_d1,20.0,14x20,validated,1.0,prova2,PbLb,control_mean,footprint,0.967198212561519,0.9199463589107031,0.0708229455511189,0.9333402065854232,3466
a20_h14x20_validated_d1,20.0,14x20,validated,1.0,prova2,PbLb,control_mean,hole,0.6412329031289861,,-0.8410554013854207,,278
a20_h14x20_validated_d1,20.0,14x20,validated,1.0,prova2,PbLb,jitter_mean,footprint,0.9646072189830777,0.9153966170881206,0.004415657728262801,0.9277855392892028,3466
a20_h14x20_validated_d1,20.0,14x20,validated,1.0,prova2,PbLb,jitter_mean,hole,0.6422854784976707,,1.0411758184758382,,278
a20_h14x20_validated_d1,20.0,14x20,validated,1.0,prova2,PbLb,control_single,footprint,0.9588385198224046,0.9095807272076615,0.018803050548688027,0.94101756464393,3466
a20_h14x20_validated_d1,20.0,14x20,validated,1.0,prova2,PbLb,control_single,hole,0.582370036399528,,-10.865859643441276,,278
a20_h14x20_validated_d1,20.0,14x20,validated,1.0,prova2,PbLb,jitter_single,footprint,0.9539694142705623,0.8976940329498845,1.5120071249700606,0.9373233574067686,3466
a20_h14x20_validated_d1,20.0,14x20,validated,1.0,prova2,PbLb,jitter_single,hole,0.5014053302547774,,2.8276051960379838,,278
a20_h14x20_validated_d1,20.0,14x20,validated,1.0,prova2,PbLb,mvp_single,footprint,0.955200905796106,0.921389851358176,0.27017707677603475,0.9462028844757968,3466
a20_h14x20_validated_d1,20.0,14x20,validated,1.0,prova2,PbLb,mvp_single,hole,0.6460451696911954,,19.50662895981539,,278
a20_h14x20_validated_d1,20.0,14x20,validated,1.0,prova2,PbLg,deterministic,footprint,0.7002830851248094,0.7633296842784618,-0.6246261100379291,1.2932711358048357,3466
a20_h14x20_validated_d1,20.0,14x20,validated,1.0,prova2,PbLg,deterministic,hole,0.2576590706862667,,-94.95711184285618,,278
a20_h14x20_validated_d1,20.0,14x20,validated,1.0,prova2,PbLg,control_mean,footprint,0.9520955485574539,0.8725863792351399,0.334018452831053,0.9231380318527168,3466
a20_h14x20_validated_d1,20.0,14x20,validated,1.0,prova2,PbLg,control_mean,hole,0.6144114996443063,,1.6187657633360142,,278
a20_h14x20_validated_d1,20.0,14x20,validated,1.0,prova2,PbLg,jitter_mean,footprint,0.9486716407014962,0.8672831744088976,0.1209625077851717,0.913993948995552,3466
a20_h14x20_validated_d1,20.0,14x20,validated,1.0,prova2,PbLg,jitter_mean,hole,0.6182863326757702,,4.299450657517872,,278
a20_h14x20_validated_d1,20.0,14x20,validated,1.0,prova2,PbLg,control_single,footprint,0.945411824490657,0.8627397108815493,0.10536345810114867,0.9303638945271934,3466
a20_h14x20_validated_d1,20.0,14x20,validated,1.0,prova2,PbLg,control_single,hole,0.5554118328637958,,-8.173811746880999,,278
a20_h14x20_validated_d1,20.0,14x20,validated,1.0,prova2,PbLg,jitter_single,footprint,0.9362416510731552,0.8493991011033095,1.6405292265697646,0.9222531710433293,3466
a20_h14x20_validated_d1,20.0,14x20,validated,1.0,prova2,PbLg,jitter_single,hole,0.4691070436893046,,6.119737183433116,,278
a20_h14x20_validated_d1,20.0,14x20,validated,1.0,prova2,PbLg,mvp_single,footprint,0.9272246080416243,0.8684567715739561,0.553493670204297,0.9435801320597286,3466
a20_h14x20_validated_d1,20.0,14x20,validated,1.0,prova2,PbLg,mvp_single,hole,0.6066219553932639,,26.281493921394674,,278
a25_h0x0_validated_d1,25.0,0x0,validated,1.0,prova2,Ca,deterministic,footprint,0.9814084243346973,0.9537288661665778,0.28447516613314683,0.9215164140166647,3466
a25_h0x0_validated_d1,25.0,0x0,validated,1.0,prova2,Ca,control_mean,footprint,0.9909809967274003,0.9756903952491619,0.1647106000583154,0.9553579898851653,3466
a25_h0x0_validated_d1,25.0,0x0,validated,1.0,prova2,Ca,jitter_mean,footprint,0.9888700912427394,0.9718906057833767,1.3201982346143337,0.9479563609683183,3466
a25_h0x0_validated_d1,25.0,0x0,validated,1.0,prova2,Ca,control_single,footprint,0.9899926228533067,0.9730624880431319,-0.09349586772313678,0.9531986054678764,3466
a25_h0x0_validated_d1,25.0,0x0,validated,1.0,prova2,Ca,jitter_single,footprint,0.9833903868755062,0.9628119234602688,6.421501641459848,0.950275098583608,3466
a25_h0x0_validated_d1,25.0,0x0,validated,1.0,prova2,Ca,mvp_single,footprint,0.9906121792381323,0.975529662267357,0.12350481464880048,0.9595919954654848,3466
a25_h0x0_validated_d1,25.0,0x0,validated,1.0,prova2,Ti,deterministic,footprint,0.9632136997910264,0.9123605834124086,0.44215724908143184,0.8974581769346878,3466
a25_h0x0_validated_d1,25.0,0x0,validated,1.0,prova2,Ti,control_mean,footprint,0.9730950327649313,0.932382029698406,0.23263199511740495,0.9351068624643006,3466
a25_h0x0_validated_d1,25.0,0x0,validated,1.0,prova2,Ti,jitter_mean,footprint,0.9710462610432591,0.9285649955363161,0.9126768755933323,0.9270023173703825,3466
a25_h0x0_validated_d1,25.0,0x0,validated,1.0,prova2,Ti,control_single,footprint,0.970932335438538,0.9290120033011271,0.33165226407270154,0.9374898061813765,3466
a25_h0x0_validated_d1,25.0,0x0,validated,1.0,prova2,Ti,jitter_single,footprint,0.9624028963441128,0.9168418692555935,1.2663981230446542,0.9342966409602701,3466
a25_h0x0_validated_d1,25.0,0x0,validated,1.0,prova2,Ti,mvp_single,footprint,0.9718672861761727,0.9305911649934718,-0.07786117790169467,0.9366923978711921,3466
a25_h0x0_validated_d1,25.0,0x0,validated,1.0,prova2,Fe,deterministic,footprint,0.9914438918183173,0.9575383953911378,1.333757067117558,0.9618029023921406,3466
a25_h0x0_validated_d1,25.0,0x0,validated,1.0,prova2,Fe,control_mean,footprint,0.9946120238896763,0.9659707635149298,0.9779567531756683,0.9754915926720086,3466
a25_h0x0_validated_d1,25.0,0x0,validated,1.0,prova2,Fe,jitter_mean,footprint,0.9939778503783187,0.9641832789550298,0.889093797428897,0.9763898704271501,3466
a25_h0x0_validated_d1,25.0,0x0,validated,1.0,prova2,Fe,control_single,footprint,0.9949434018410425,0.9654971168607949,0.6614953989530159,0.9774347539759585,3466
a25_h0x0_validated_d1,25.0,0x0,validated,1.0,prova2,Fe,jitter_single,footprint,0.9920596450701336,0.9537395840846083,-4.488945374955966,0.9897424266065353,3466
a25_h0x0_validated_d1,25.0,0x0,validated,1.0,prova2,Fe,mvp_single,footprint,0.9946260527783837,0.9649587360839962,0.6801670635967483,0.9772363251486659,3466
a25_h0x0_validated_d1,25.0,0x0,validated,1.0,prova2,Cu,deterministic,footprint,0.9829114124662374,0.9462232353992331,-0.09476410292543758,0.9392218590634865,3466
a25_h0x0_validated_d1,25.0,0x0,validated,1.0,prova2,Cu,control_mean,footprint,0.990433307565715,0.96682720288789,0.09895992118247321,0.9686064368346198,3466
a25_h0x0_validated_d1,25.0,0x0,validated,1.0,prova2,Cu,jitter_mean,footprint,0.989173200533058,0.9624858246717963,-0.5556618003375147,0.9626083320345218,3466
a25_h0x0_validated_d1,25.0,0x0,validated,1.0,prova2,Cu,control_single,footprint,0.9893645423428241,0.9627875314092013,0.5085974351776379,0.9653035245446955,3466
a25_h0x0_validated_d1,25.0,0x0,validated,1.0,prova2,Cu,jitter_single,footprint,0.9856844421654123,0.9486754061295741,-2.730298318382296,0.9640283615689847,3466
a25_h0x0_validated_d1,25.0,0x0,validated,1.0,prova2,Cu,mvp_single,footprint,0.9905532852842382,0.9645114820531341,-0.6113741688786201,0.9767237011187252,3466
a25_h0x0_validated_d1,25.0,0x0,validated,1.0,prova2,PbLl,deterministic,footprint,0.9571608615975314,0.8619349891888034,0.04979409374863408,0.9049503465527482,3466
a25_h0x0_validated_d1,25.0,0x0,validated,1.0,prova2,PbLl,control_mean,footprint,0.9648555089362251,0.8832629878714668,-0.0646518198905488,0.9405437794492866,3466
a25_h0x0_validated_d1,25.0,0x0,validated,1.0,prova2,PbLl,jitter_mean,footprint,0.9636096055052648,0.8788014570082897,-2.1488022343208346,0.940918655577902,3466
a25_h0x0_validated_d1,25.0,0x0,validated,1.0,prova2,PbLl,control_single,footprint,0.9639971471648213,0.8806723090086613,-0.3217983042041572,0.9425195730072924,3466
a25_h0x0_validated_d1,25.0,0x0,validated,1.0,prova2,PbLl,jitter_single,footprint,0.956793738870907,0.8595419643027925,-5.888592619914879,0.9507825715433798,3466
a25_h0x0_validated_d1,25.0,0x0,validated,1.0,prova2,PbLl,mvp_single,footprint,0.9635382582342439,0.8796419229968225,-0.09369116149655632,0.9461321283069234,3466
a25_h0x0_validated_d1,25.0,0x0,validated,1.0,prova2,PbLa,deterministic,footprint,0.9863964074802138,0.9611090243178182,0.18476832731995074,0.9311100422863571,3466
a25_h0x0_validated_d1,25.0,0x0,validated,1.0,prova2,PbLa,control_mean,footprint,0.9949835025561022,0.983451533637077,0.030188195030689258,0.9652529856609315,3466
a25_h0x0_validated_d1,25.0,0x0,validated,1.0,prova2,PbLa,jitter_mean,footprint,0.9932807823119288,0.9792377555830635,-0.26941691529900336,0.9610349668751575,3466
a25_h0x0_validated_d1,25.0,0x0,validated,1.0,prova2,PbLa,control_single,footprint,0.9944489148726674,0.9820051098207225,0.055499494260624616,0.9636102518524018,3466
a25_h0x0_validated_d1,25.0,0x0,validated,1.0,prova2,PbLa,jitter_single,footprint,0.987570930459158,0.9701528812940918,3.206480192678818,0.9653651999144713,3466
a25_h0x0_validated_d1,25.0,0x0,validated,1.0,prova2,PbLa,mvp_single,footprint,0.9947747956285911,0.9829834368823239,0.10182346654006302,0.9661800447435771,3466
a25_h0x0_validated_d1,25.0,0x0,validated,1.0,prova2,PbLb,deterministic,footprint,0.9858299502308628,0.958255492589676,0.11511946573627974,0.9290317780822943,3466
a25_h0x0_validated_d1,25.0,0x0,validated,1.0,prova2,PbLb,control_mean,footprint,0.9942137193327828,0.9802712714902946,0.027909723304508915,0.963382394447582,3466
a25_h0x0_validated_d1,25.0,0x0,validated,1.0,prova2,PbLb,jitter_mean,footprint,0.9925818501934626,0.9764175902353667,-0.03273236687906245,0.9599337365969294,3466
a25_h0x0_validated_d1,25.0,0x0,validated,1.0,prova2,PbLb,control_single,footprint,0.9937119938734263,0.9789785311131807,0.0990503691430833,0.9611780760847728,3466
a25_h0x0_validated_d1,25.0,0x0,validated,1.0,prova2,PbLb,jitter_single,footprint,0.9871908986576992,0.9676742654509974,1.6894552629489912,0.9683577577153301,3466
a25_h0x0_validated_d1,25.0,0x0,validated,1.0,prova2,PbLb,mvp_single,footprint,0.9940036475371071,0.9799345510850056,0.03852310660601432,0.9645030065484437,3466
a25_h0x0_validated_d1,25.0,0x0,validated,1.0,prova2,PbLg,deterministic,footprint,0.971096982210899,0.9096926625374177,0.20399522421428173,0.9188707009752343,3466
a25_h0x0_validated_d1,25.0,0x0,validated,1.0,prova2,PbLg,control_mean,footprint,0.9793008390140652,0.9312323474418623,0.2597827395465657,0.9539976165490657,3466
a25_h0x0_validated_d1,25.0,0x0,validated,1.0,prova2,PbLg,jitter_mean,footprint,0.9773777539962452,0.9265586248351751,-0.027285356868622657,0.9475412865809884,3466
a25_h0x0_validated_d1,25.0,0x0,validated,1.0,prova2,PbLg,control_single,footprint,0.9785986183763157,0.9294921965477901,0.19877523972908762,0.9518706452265827,3466
a25_h0x0_validated_d1,25.0,0x0,validated,1.0,prova2,PbLg,jitter_single,footprint,0.9712073359707224,0.9172459325155164,1.8040161254996079,0.9543680871291809,3466
a25_h0x0_validated_d1,25.0,0x0,validated,1.0,prova2,PbLg,mvp_single,footprint,0.9789798155061191,0.9302926082765934,0.005140875229558972,0.9561431499510108,3466
a25_h14x20_validated_d1,25.0,14x20,validated,1.0,prova2,Ca,deterministic,footprint,0.7638600876959124,0.8299714726366544,-0.4830159720888183,1.15350096301379,3466
a25_h14x20_validated_d1,25.0,14x20,validated,1.0,prova2,Ca,deterministic,hole,-0.05108413090787268,,-96.8270685494445,,278
a25_h14x20_validated_d1,25.0,14x20,validated,1.0,prova2,Ca,control_mean,footprint,0.9467586215226403,0.8905463323126305,-0.0495114782607442,0.9265254238855675,3466
a25_h14x20_validated_d1,25.0,14x20,validated,1.0,prova2,Ca,control_mean,hole,0.17508026162262866,,-14.929461138612307,,278
a25_h14x20_validated_d1,25.0,14x20,validated,1.0,prova2,Ca,jitter_mean,footprint,0.9433248881571115,0.8853002456218602,1.0483550349968285,0.9181330780694359,3466
a25_h14x20_validated_d1,25.0,14x20,validated,1.0,prova2,Ca,jitter_mean,hole,-0.046386175905025626,,-12.842870438862164,,278
a25_h14x20_validated_d1,25.0,14x20,validated,1.0,prova2,Ca,control_single,footprint,0.9517742061151055,0.9006118193907428,-0.27560899948365636,0.9308147152730113,3466
a25_h14x20_validated_d1,25.0,14x20,validated,1.0,prova2,Ca,control_single,hole,0.5718630252215113,,-17.698904307941422,,278
a25_h14x20_validated_d1,25.0,14x20,validated,1.0,prova2,Ca,jitter_single,footprint,0.9241967172428279,0.8742636349448143,6.198468838562254,0.941359594333035,3466
a25_h14x20_validated_d1,25.0,14x20,validated,1.0,prova2,Ca,jitter_single,hole,-0.13606598123547342,,-20.787024545295324,,278
a25_h14x20_validated_d1,25.0,14x20,validated,1.0,prova2,Ca,mvp_single,footprint,0.9502819856278306,0.9008691780221654,-0.08809073819022739,0.9404255607147991,3466
a25_h14x20_validated_d1,25.0,14x20,validated,1.0,prova2,Ca,mvp_single,hole,0.5293467733992261,,-19.720431957794087,,278
a25_h14x20_validated_d1,25.0,14x20,validated,1.0,prova2,Ti,deterministic,footprint,0.6755089716891702,0.7786099767914983,-0.47380833455421545,1.2575923297496103,3466
a25_h14x20_validated_d1,25.0,14x20,validated,1.0,prova2,Ti,deterministic,hole,-0.05052389879597063,,-96.15785352568777,,278
a25_h14x20_validated_d1,25.0,14x20,validated,1.0,prova2,Ti,control_mean,footprint,0.9506735830383632,0.8634163582103381,-0.04453185126163106,0.9233645520774483,3466
a25_h14x20_validated_d1,25.0,14x20,validated,1.0,prova2,Ti,control_mean,hole,0.27749761898491837,,-10.02154692705455,,278
a25_h14x20_validated_d1,25.0,14x20,validated,1.0,prova2,Ti,jitter_mean,footprint,0.947896172160033,0.8588357275970064,0.5782242619924327,0.9134526825643222,3466
a25_h14x20_validated_d1,25.0,14x20,validated,1.0,prova2,Ti,jitter_mean,hole,0.08093459193047599,,-7.497541734467598,,278
a25_h14x20_validated_d1,25.0,14x20,validated,1.0,prova2,Ti,control_single,footprint,0.9467926676220675,0.8649850238052825,-0.06845460450571883,0.9343758110828182,3466
a25_h14x20_validated_d1,25.0,14x20,validated,1.0,prova2,Ti,control_single,hole,0.3993788553348763,,-13.988090557502845,,278
a25_h14x20_validated_d1,25.0,14x20,validated,1.0,prova2,Ti,jitter_single,footprint,0.9320288528370491,0.8452557542189292,0.7648079250524908,0.9315656107935122,3466
a25_h14x20_validated_d1,25.0,14x20,validated,1.0,prova2,Ti,jitter_single,hole,0.019917961695100246,,-10.951580443991578,,278
a25_h14x20_validated_d1,25.0,14x20,validated,1.0,prova2,Ti,mvp_single,footprint,0.9466531510731069,0.8562926914902391,-0.39307690720514765,0.9243016142688736,3466
a25_h14x20_validated_d1,25.0,14x20,validated,1.0,prova2,Ti,mvp_single,hole,0.13046717469702832,,-10.27794707635174,,278
a25_h14x20_validated_d1,25.0,14x20,validated,1.0,prova2,Fe,deterministic,footprint,0.9574808219038822,0.8413727210311912,-0.32673389581706624,1.0488181075488345,3466
a25_h14x20_validated_d1,25.0,14x20,validated,1.0,prova2,Fe,deterministic,hole,0.11299101833507834,,-96.13353645061751,,278
a25_h14x20_validated_d1,25.0,14x20,validated,1.0,prova2,Fe,control_mean,footprint,0.9768689509599551,0.8875903319587076,0.7789874284834131,0.9902846086445106,3466
a25_h14x20_validated_d1,25.0,14x20,validated,1.0,prova2,Fe,control_mean,hole,0.06854240241147505,,-32.64088397691452,,278
a25_h14x20_validated_d1,25.0,14x20,validated,1.0,prova2,Fe,jitter_mean,footprint,0.9752908997489296,0.8867470176756674,0.7106696770347032,0.9989177508376331,3466
a25_h14x20_validated_d1,25.0,14x20,validated,1.0,prova2,Fe,jitter_mean,hole,0.07757456796838004,,-41.075656482860644,,278
a25_h14x20_validated_d1,25.0,14x20,validated,1.0,prova2,Fe,control_single,footprint,0.9778474567820946,0.8930513496938675,0.43556086723359755,0.9972299624249185,3466
a25_h14x20_validated_d1,25.0,14x20,validated,1.0,prova2,Fe,control_single,hole,0.228337688246746,,-36.59949334932197,,278
a25_h14x20_validated_d1,25.0,14x20,validated,1.0,prova2,Fe,jitter_single,footprint,0.9765794396256462,0.881032628449805,-4.99228819682227,1.0091443356125438,3466
a25_h14x20_validated_d1,25.0,14x20,validated,1.0,prova2,Fe,jitter_single,hole,0.4041635183810485,,-37.76578266767401,,278
a25_h14x20_validated_d1,25.0,14x20,validated,1.0,prova2,Fe,mvp_single,footprint,0.9765998437557083,0.8884068202295821,0.4296389885423135,0.9943487875527254,3466
a25_h14x20_validated_d1,25.0,14x20,validated,1.0,prova2,Fe,mvp_single,hole,0.09309843502500313,,-35.68708977335035,,278
a25_h14x20_validated_d1,25.0,14x20,validated,1.0,prova2,Cu,deterministic,footprint,0.9137136477835434,0.847644811895333,-1.298072732071609,1.0170042286703698,3466
a25_h14x20_validated_d1,25.0,14x20,validated,1.0,prova2,Cu,deterministic,hole,0.32212581761447556,,-94.80568339416156,,278
a25_h14x20_validated_d1,25.0,14x20,validated,1.0,prova2,Cu,control_mean,footprint,0.9486494259555877,0.8637557020012655,-0.8693386833600325,0.9528271140691477,3466
a25_h14x20_validated_d1,25.0,14x20,validated,1.0,prova2,Cu,control_mean,hole,0.18119904678495927,,-24.1136983825395,,278
a25_h14x20_validated_d1,25.0,14x20,validated,1.0,prova2,Cu,jitter_mean,footprint,0.9478804486836019,0.8618061458990296,-1.3189340292375507,0.948985995658043,3466
a25_h14x20_validated_d1,25.0,14x20,validated,1.0,prova2,Cu,jitter_mean,hole,0.2167519054119438,,-26.899017623210234,,278
a25_h14x20_validated_d1,25.0,14x20,validated,1.0,prova2,Cu,control_single,footprint,0.9500621639662294,0.860984419017557,-0.27652989160347197,0.9391327842338527,3466
a25_h14x20_validated_d1,25.0,14x20,validated,1.0,prova2,Cu,control_single,hole,0.2177466019575365,,-11.752966925940926,,278
a25_h14x20_validated_d1,25.0,14x20,validated,1.0,prova2,Cu,jitter_single,footprint,0.940520670817639,0.8474861771546714,-3.6874328755754027,0.961152984112262,3466
a25_h14x20_validated_d1,25.0,14x20,validated,1.0,prova2,Cu,jitter_single,hole,0.13001194734195842,,-37.276592476353606,,278
a25_h14x20_validated_d1,25.0,14x20,validated,1.0,prova2,Cu,mvp_single,footprint,0.9541450079424378,0.8664799309844761,-1.5432662697533406,0.9343454152330077,3466
a25_h14x20_validated_d1,25.0,14x20,validated,1.0,prova2,Cu,mvp_single,hole,0.34286273418459084,,3.5781376052276106,,278
a25_h14x20_validated_d1,25.0,14x20,validated,1.0,prova2,PbLl,deterministic,footprint,0.8137192408828423,0.7470813891714001,-1.7902810336396513,1.0600573360036811,3466
a25_h14x20_validated_d1,25.0,14x20,validated,1.0,prova2,PbLl,deterministic,hole,0.20359184120045945,,-94.79172189285595,,278
a25_h14x20_validated_d1,25.0,14x20,validated,1.0,prova2,PbLl,control_mean,footprint,0.9304678981760903,0.8131743992565164,-0.48060303958381567,0.9109554541519265,3466
a25_h14x20_validated_d1,25.0,14x20,validated,1.0,prova2,PbLl,control_mean,hole,0.3858684776060361,,0.2569348172497579,,278
a25_h14x20_validated_d1,25.0,14x20,validated,1.0,prova2,PbLl,jitter_mean,footprint,0.9274090516607325,0.8085708289443256,-2.1965807750946365,0.9060994973749849,3466
a25_h14x20_validated_d1,25.0,14x20,validated,1.0,prova2,PbLl,jitter_mean,hole,0.35811224911971484,,6.892653434159364,,278
a25_h14x20_validated_d1,25.0,14x20,validated,1.0,prova2,PbLl,control_single,footprint,0.9282407188262736,0.8077897649234967,-0.6776878628210303,0.9144030800215739,3466
a25_h14x20_validated_d1,25.0,14x20,validated,1.0,prova2,PbLl,control_single,hole,0.37855182110296154,,-4.866889281338356,,278
a25_h14x20_validated_d1,25.0,14x20,validated,1.0,prova2,PbLl,jitter_single,footprint,0.9166136883539276,0.7846931161147646,-6.193646992042678,0.9154716904822391,3466
a25_h14x20_validated_d1,25.0,14x20,validated,1.0,prova2,PbLl,jitter_single,hole,0.26135774363205605,,7.546425182616597,,278
a25_h14x20_validated_d1,25.0,14x20,validated,1.0,prova2,PbLl,mvp_single,footprint,0.9217130848353756,0.8075908584693681,-0.2752971516900349,0.9133361814359507,3466
a25_h14x20_validated_d1,25.0,14x20,validated,1.0,prova2,PbLl,mvp_single,hole,0.3520899962718435,,20.52748542587059,,278
a25_h14x20_validated_d1,25.0,14x20,validated,1.0,prova2,PbLa,deterministic,footprint,0.715655012136642,0.8065636764748098,-0.2944824685400138,1.2820370785184996,3466
a25_h14x20_validated_d1,25.0,14x20,validated,1.0,prova2,PbLa,deterministic,hole,0.2744739692801158,,-94.94697201745493,,278
a25_h14x20_validated_d1,25.0,14x20,validated,1.0,prova2,PbLa,control_mean,footprint,0.968122986370292,0.9210891477851708,0.04170400138709951,0.9376180800350439,3466
a25_h14x20_validated_d1,25.0,14x20,validated,1.0,prova2,PbLa,control_mean,hole,0.6041730948520649,,-0.3312001748824519,,278
a25_h14x20_validated_d1,25.0,14x20,validated,1.0,prova2,PbLa,jitter_mean,footprint,0.965171184049755,0.9158470190302637,-0.28075236945852566,0.9298273999318908,3466
a25_h14x20_validated_d1,25.0,14x20,validated,1.0,prova2,PbLa,jitter_mean,hole,0.6001852514688424,,1.5417553948549398,,278
a25_h14x20_validated_d1,25.0,14x20,validated,1.0,prova2,PbLa,control_single,footprint,0.9618083143286352,0.9120398973942563,-0.03242131174440166,0.9439135988006219,3466
a25_h14x20_validated_d1,25.0,14x20,validated,1.0,prova2,PbLa,control_single,hole,0.5542437704859666,,-9.251210354218852,,278
a25_h14x20_validated_d1,25.0,14x20,validated,1.0,prova2,PbLa,jitter_single,footprint,0.9544040042481621,0.8969990411120741,3.2207750950118186,0.9370557029372564,3466
a25_h14x20_validated_d1,25.0,14x20,validated,1.0,prova2,PbLa,jitter_single,hole,0.45824399031708385,,3.578211205847495,,278
a25_h14x20_validated_d1,25.0,14x20,validated,1.0,prova2,PbLa,mvp_single,footprint,0.9547416302975542,0.9215550740204432,0.2817770370016959,0.9490090813129264,3466
a25_h14x20_validated_d1,25.0,14x20,validated,1.0,prova2,PbLa,mvp_single,hole,0.6056133333476703,,19.750628405722495,,278
a25_h14x20_validated_d1,25.0,14x20,validated,1.0,prova2,PbLb,deterministic,footprint,0.7096235847479607,0.8036041339270314,-0.4642793974319881,1.2886000327533766,3466
a25_h14x20_validated_d1,25.0,14x20,validated,1.0,prova2,PbLb,deterministic,hole,0.2831065146904647,,-94.98304095725506,,278
a25_h14x20_validated_d1,25.0,14x20,validated,1.0,prova2,PbLb,control_mean,footprint,0.9672325269201508,0.9200275348110735,0.06249992663109882,0.9333993139421932,3466
a25_h14x20_validated_d1,25.0,14x20,validated,1.0,prova2,PbLb,control_mean,hole,0.6412902258423122,,-0.8114998695240168,,278
a25_h14x20_validated_d1,25.0,14x20,validated,1.0,prova2,PbLb,jitter_mean,footprint,0.9644087694920002,0.9149525370220601,-0.016306630255580323,0.9273716709928647,3466
a25_h14x20_validated_d1,25.0,14x20,validated,1.0,prova2,PbLb,jitter_mean,hole,0.6379710604668284,,0.8551964728563547,,278
a25_h14x20_validated_d1,25.0,14x20,validated,1.0,prova2,PbLb,control_single,footprint,0.9593368802829906,0.9104644355318164,-0.004393792909751504,0.9409976044413627,3466
a25_h14x20_validated_d1,25.0,14x20,validated,1.0,prova2,PbLb,control_single,hole,0.5843327455150922,,-10.6067465634648,,278
a25_h14x20_validated_d1,25.0,14x20,validated,1.0,prova2,PbLb,jitter_single,footprint,0.953992642332384,0.8976468473976525,1.7680946824708998,0.9374806609631489,3466
a25_h14x20_validated_d1,25.0,14x20,validated,1.0,prova2,PbLb,jitter_single,hole,0.5004387977549022,,3.1193048274070008,,278
a25_h14x20_validated_d1,25.0,14x20,validated,1.0,prova2,PbLb,mvp_single,footprint,0.9551540975526734,0.9210854338290461,0.2652002197288894,0.9449142085525558,3466
a25_h14x20_validated_d1,25.0,14x20,validated,1.0,prova2,PbLb,mvp_single,hole,0.6494460333126758,,19.679604494801364,,278
a25_h14x20_validated_d1,25.0,14x20,validated,1.0,prova2,PbLg,deterministic,footprint,0.700235646271419,0.7630829614447503,-0.6235589240479955,1.2933376397998528,3466
a25_h14x20_validated_d1,25.0,14x20,validated,1.0,prova2,PbLg,deterministic,hole,0.25765199339470074,,-94.95712038554586,,278
a25_h14x20_validated_d1,25.0,14x20,validated,1.0,prova2,PbLg,control_mean,footprint,0.9520331762537375,0.8724246388348394,0.3476959326251805,0.923301681962727,3466
a25_h14x20_validated_d1,25.0,14x20,validated,1.0,prova2,PbLg,control_mean,hole,0.6142366971837365,,1.6578704779219606,,278
a25_h14x20_validated_d1,25.0,14x20,validated,1.0,prova2,PbLg,jitter_mean,footprint,0.9484196307860961,0.8666264685077764,0.05691773935065925,0.9136082104105908,3466
a25_h14x20_validated_d1,25.0,14x20,validated,1.0,prova2,PbLg,jitter_mean,hole,0.6134766294713786,,4.099531646368391,,278
a25_h14x20_validated_d1,25.0,14x20,validated,1.0,prova2,PbLg,control_single,footprint,0.9457240617354173,0.8632683428194082,0.10677880320866251,0.9306331889109052,3466
a25_h14x20_validated_d1,25.0,14x20,validated,1.0,prova2,PbLg,control_single,hole,0.5569864352474473,,-7.909948010132819,,278
a25_h14x20_validated_d1,25.0,14x20,validated,1.0,prova2,PbLg,jitter_single,footprint,0.936225275197032,0.8492338205179659,1.9247029853011188,0.9218494125972438,3466
a25_h14x20_validated_d1,25.0,14x20,validated,1.0,prova2,PbLg,jitter_single,hole,0.4677327611810061,,6.504499948863631,,278
a25_h14x20_validated_d1,25.0,14x20,validated,1.0,prova2,PbLg,mvp_single,footprint,0.9269407257216193,0.8678336554855091,0.5483677613232096,0.942366680158133,3466
a25_h14x20_validated_d1,25.0,14x20,validated,1.0,prova2,PbLg,mvp_single,hole,0.6092944084857386,,26.49836762323437,,278
a8_h0x0_validated_d0.5,8.0,0x0,validated,0.5,prova2,Ca,deterministic,footprint,0.979844342069438,0.9491511518630991,0.39353931559131805,0.9227333459176715,3466
a8_h0x0_validated_d0.5,8.0,0x0,validated,0.5,prova2,Ca,control_mean,footprint,0.9883457677242078,0.9683210306565039,0.2210626344383959,0.9542515396597787,3466
a8_h0x0_validated_d0.5,8.0,0x0,validated,0.5,prova2,Ca,jitter_mean,footprint,0.9867118812358263,0.9657464088079382,0.4624252375304838,0.9542336112224266,3466
a8_h0x0_validated_d0.5,8.0,0x0,validated,0.5,prova2,Ca,control_single,footprint,0.9876603155002631,0.9662675166500333,-0.09620362370544866,0.9549420921845865,3466
a8_h0x0_validated_d0.5,8.0,0x0,validated,0.5,prova2,Ca,jitter_single,footprint,0.9821505111941646,0.9575058998625618,3.41028824655103,0.9394040185370914,3466
a8_h0x0_validated_d0.5,8.0,0x0,validated,0.5,prova2,Ca,mvp_single,footprint,0.9872545269354465,0.9664833554396137,0.36250903905354903,0.9482745308057644,3466
a8_h0x0_validated_d0.5,8.0,0x0,validated,0.5,prova2,Ti,deterministic,footprint,0.9529998197973945,0.8921683935922533,0.59982921850259,0.9061719490800136,3466
a8_h0x0_validated_d0.5,8.0,0x0,validated,0.5,prova2,Ti,control_mean,footprint,0.9618910218468891,0.9088396316145813,0.3445248302554216,0.940606814737217,3466
a8_h0x0_validated_d0.5,8.0,0x0,validated,0.5,prova2,Ti,jitter_mean,footprint,0.9602663784170254,0.9057385345408999,1.2660349193095222,0.9310944288353121,3466
a8_h0x0_validated_d0.5,8.0,0x0,validated,0.5,prova2,Ti,control_single,footprint,0.9594136922391524,0.905032468356352,0.6432670334361568,0.9412829050454956,3466
a8_h0x0_validated_d0.5,8.0,0x0,validated,0.5,prova2,Ti,jitter_single,footprint,0.9518400562816678,0.8951140753034811,0.6810059692749171,0.9422176547614136,3466
a8_h0x0_validated_d0.5,8.0,0x0,validated,0.5,prova2,Ti,mvp_single,footprint,0.9601201123813571,0.9071688392330726,0.5823330051598852,0.9426652106940484,3466
a8_h0x0_validated_d0.5,8.0,0x0,validated,0.5,prova2,Fe,deterministic,footprint,0.9905087413078413,0.949386580811962,1.60400928242872,0.9630272848090836,3466
a8_h0x0_validated_d0.5,8.0,0x0,validated,0.5,prova2,Fe,control_mean,footprint,0.9933076546201852,0.9565307302651459,0.9369300971321382,0.9766909113559616,3466
a8_h0x0_validated_d0.5,8.0,0x0,validated,0.5,prova2,Fe,jitter_mean,footprint,0.9927916476673955,0.9547274783133713,1.5919539791742876,0.9737236407038804,3466
a8_h0x0_validated_d0.5,8.0,0x0,validated,0.5,prova2,Fe,control_single,footprint,0.9938339331496072,0.9564379929804868,1.56641192646636,0.975393711971295,3466
a8_h0x0_validated_d0.5,8.0,0x0,validated,0.5,prova2,Fe,jitter_single,footprint,0.9911510652098237,0.9471591590118508,-2.5415199472663463,0.9886983651910778,3466
a8_h0x0_validated_d0.5,8.0,0x0,validated,0.5,prova2,Fe,mvp_single,footprint,0.9930828598833492,0.9544751185864678,0.5522907798604759,0.9759907933906179,3466
a8_h0x0_validated_d0.5,8.0,0x0,validated,0.5,prova2,Cu,deterministic,footprint,0.9809893018554587,0.9406325916124123,0.14595816678577567,0.9414307016440346,3466
a8_h0x0_validated_d0.5,8.0,0x0,validated,0.5,prova2,Cu,control_mean,footprint,0.9873520333116835,0.9562050812437143,-0.31635980184367973,0.9687430379448461,3466
a8_h0x0_validated_d0.5,8.0,0x0,validated,0.5,prova2,Cu,jitter_mean,footprint,0.9862472186592953,0.9530923595695021,-0.49523532117030644,0.9603157361708949,3466
a8_h0x0_validated_d0.5,8.0,0x0,validated,0.5,prova2,Cu,control_single,footprint,0.9861650907140065,0.9484917102810739,-0.6594398811509472,0.966414258631941,3466
a8_h0x0_validated_d0.5,8.0,0x0,validated,0.5,prova2,Cu,jitter_single,footprint,0.9824708620438305,0.9369398052332673,-1.4219996527749412,0.9570223767389353,3466
a8_h0x0_validated_d0.5,8.0,0x0,validated,0.5,prova2,Cu,mvp_single,footprint,0.9871916780670957,0.9552736232982342,-0.4161881439820547,0.9674714757118531,3466
a8_h0x0_validated_d0.5,8.0,0x0,validated,0.5,prova2,PbLl,deterministic,footprint,0.9433629590325403,0.8273983931910913,0.3118252198756277,0.9178783568967243,3466
a8_h0x0_validated_d0.5,8.0,0x0,validated,0.5,prova2,PbLl,control_mean,footprint,0.9503753655598407,0.8456066654182851,-0.359684187766085,0.9519672455486198,3466
a8_h0x0_validated_d0.5,8.0,0x0,validated,0.5,prova2,PbLl,jitter_mean,footprint,0.9493059114770163,0.8425578996592422,-1.3919451839012886,0.9479669431548856,3466
a8_h0x0_validated_d0.5,8.0,0x0,validated,0.5,prova2,PbLl,control_single,footprint,0.9492201158393118,0.8422139925277691,-0.5485508910238135,0.9547424008511143,3466
a8_h0x0_validated_d0.5,8.0,0x0,validated,0.5,prova2,PbLl,jitter_single,footprint,0.9447372262696135,0.8335333686313393,-2.327259695155637,0.9454565767057019,3466
a8_h0x0_validated_d0.5,8.0,0x0,validated,0.5,prova2,PbLl,mvp_single,footprint,0.9487997662889301,0.8389743579973222,-0.942290673632662,0.9628845343093692,3466
a8_h0x0_validated_d0.5,8.0,0x0,validated,0.5,prova2,PbLa,deterministic,footprint,0.9857796050039515,0.9588475429601275,0.20200852494158816,0.9322061964567435,3466
a8_h0x0_validated_d0.5,8.0,0x0,validated,0.5,prova2,PbLa,control_mean,footprint,0.9938081093866414,0.979292705621188,-0.04047507959987762,0.9655916504563186,3466
a8_h0x0_validated_d0.5,8.0,0x0,validated,0.5,prova2,PbLa,jitter_mean,footprint,0.9921456238942253,0.9756629201015655,0.07883976539015958,0.9617872966243907,3466
a8_h0x0_validated_d0.5,8.0,0x0,validated,0.5,prova2,PbLa,control_single,footprint,0.9933322054479327,0.9774068035556343,-0.17014301586670832,0.9648745284640554,3466
a8_h0x0_validated_d0.5,8.0,0x0,validated,0.5,prova2,PbLa,jitter_single,footprint,0.9873144208746372,0.9676775937854104,1.7976806219404118,0.9667628628548325,3466
a8_h0x0_validated_d0.5,8.0,0x0,validated,0.5,prova2,PbLa,mvp_single,footprint,0.9930447732444249,0.9780101921328975,-0.013570167208842854,0.9657158070768791,3466
a8_h0x0_validated_d0.5,8.0,0x0,validated,0.5,prova2,PbLb,deterministic,footprint,0.9850179770483318,0.9551305067499516,0.055087169200884745,0.9294881729369415,3466
a8_h0x0_validated_d0.5,8.0,0x0,validated,0.5,prova2,PbLb,control_mean,footprint,0.9928073797549126,0.9751173150438213,-0.006278876412957324,0.9628835798048112,3466
a8_h0x0_validated_d0.5,8.0,0x0,validated,0.5,prova2,PbLb,jitter_mean,footprint,0.9911786402709121,0.9714977372381032,-0.01919759308879332,0.9588343027363851,3466
a8_h0x0_validated_d0.5,8.0,0x0,validated,0.5,prova2,PbLb,control_single,footprint,0.9922630127210476,0.9730815584202773,-0.12680841594967518,0.9618882541013223,3466
a8_h0x0_validated_d0.5,8.0,0x0,validated,0.5,prova2,PbLb,jitter_single,footprint,0.9866247533415007,0.9637976418990273,0.8384979551391281,0.9628615167480605,3466
a8_h0x0_validated_d0.5,8.0,0x0,validated,0.5,prova2,PbLb,mvp_single,footprint,0.9920370855451075,0.973992461582513,0.08960489812368522,0.9634239864275272,3466
a8_h0x0_validated_d0.5,8.0,0x0,validated,0.5,prova2,PbLg,deterministic,footprint,0.9639412277862924,0.8903648699813124,0.20576091801376428,0.9246078382749644,3466
a8_h0x0_validated_d0.5,8.0,0x0,validated,0.5,prova2,PbLg,control_mean,footprint,0.9716824001218349,0.9094033062310409,0.17908347562105575,0.9582588782041287,3466
a8_h0x0_validated_d0.5,8.0,0x0,validated,0.5,prova2,PbLg,jitter_mean,footprint,0.9698028639974519,0.9055660754959404,0.06021536569520425,0.9536586013301432,3466
a8_h0x0_validated_d0.5,8.0,0x0,validated,0.5,prova2,PbLg,control_single,footprint,0.9709021155194879,0.9070033289110517,0.3141571105735874,0.9557482848328389,3466
a8_h0x0_validated_d0.5,8.0,0x0,validated,0.5,prova2,PbLg,jitter_single,footprint,0.9645554911842955,0.8975843051935453,0.9371286679396462,0.9569293424613051,3466
a8_h0x0_validated_d0.5,8.0,0x0,validated,0.5,prova2,PbLg,mvp_single,footprint,0.9710924653722212,0.908005494347715,-0.10808677070648365,0.9632226745808634,3466
a8_h14x20_validated_d0.5,8.0,14x20,validated,0.5,prova2,Ca,deterministic,footprint,0.7629586726752889,0.8259966569268571,-0.6020386467512351,1.1547844833816334,3466
a8_h14x20_validated_d0.5,8.0,14x20,validated,0.5,prova2,Ca,deterministic,hole,-0.05000672652139156,,-96.8382244473172,,278
a8_h14x20_validated_d0.5,8.0,14x20,validated,0.5,prova2,Ca,control_mean,footprint,0.9518766534056418,0.8869069766239309,0.018913789874974718,0.9193899191007483,3466
a8_h14x20_validated_d0.5,8.0,14x20,validated,0.5,prova2,Ca,control_mean,hole,0.3636225547290163,,-5.022213122384022,,278
a8_h14x20_validated_d0.5,8.0,14x20,validated,0.5,prova2,Ca,jitter_mean,footprint,0.9490316548529593,0.8813490780827267,0.21801471103497505,0.9171588020683265,3466
a8_h14x20_validated_d0.5,8.0,14x20,validated,0.5,prova2,Ca,jitter_mean,hole,0.26320023241755824,,1.9664765336197156,,278
a8_h14x20_validated_d0.5,8.0,14x20,validated,0.5,prova2,Ca,control_single,footprint,0.9525553449317643,0.8889801396169834,-0.29860905073615385,0.9227354577175136,3466
a8_h14x20_validated_d0.5,8.0,14x20,validated,0.5,prova2,Ca,control_single,hole,0.42589941040906915,,-7.543799633930839,,278
a8_h14x20_validated_d0.5,8.0,14x20,validated,0.5,prova2,Ca,jitter_single,footprint,0.9350234118314037,0.8761682595023541,2.9081639101412815,0.9257443368075287,3466
a8_h14x20_validated_d0.5,8.0,14x20,validated,0.5,prova2,Ca,jitter_single,hole,0.23440895464482014,,-16.425135904966268,,278
a8_h14x20_validated_d0.5,8.0,14x20,validated,0.5,prova2,Ca,mvp_single,footprint,0.9328028009944586,0.8856191051416388,0.12828994092775048,0.9441871897875297,3466
a8_h14x20_validated_d0.5,8.0,14x20,validated,0.5,prova2,Ca,mvp_single,hole,0.26659382305866236,,-27.617195581861115,,278
a8_h14x20_validated_d0.5,8.0,14x20,validated,0.5,prova2,Ti,deterministic,footprint,0.6712598517984607,0.7622108069901592,-0.5569080001794013,1.2643501301772186,3466
a8_h14x20_validated_d0.5,8.0,14x20,validated,0.5,prova2,Ti,deterministic,hole,-0.05334228665195882,,-96.1095054250318,,278
a8_h14x20_validated_d0.5,8.0,14x20,validated,0.5,prova2,Ti,control_mean,footprint,0.9428988626864819,0.8440856316702015,0.4332855840358363,0.9250667050923506,3466
a8_h14x20_validated_d0.5,8.0,14x20,validated,0.5,prova2,Ti,control_mean,hole,0.2720136148587233,,2.7273402472519543,,278
a8_h14x20_validated_d0.5,8.0,14x20,validated,0.5,prova2,Ti,jitter_mean,footprint,0.9385191101626666,0.8384350171030216,1.3640619802818277,0.9184280553104365,3466
a8_h14x20_validated_d0.5,8.0,14x20,validated,0.5,prova2,Ti,jitter_mean,hole,0.16528949736925802,,6.821045549381184,,278
a8_h14x20_validated_d0.5,8.0,14x20,validated,0.5,prova2,Ti,control_single,footprint,0.9404469745687332,0.8415994194932735,0.22399472742296034,0.9311260841117228,3466
a8_h14x20_validated_d0.5,8.0,14x20,validated,0.5,prova2,Ti,control_single,hole,0.27777802993859385,,-4.047950201243997,,278
a8_h14x20_validated_d0.5,8.0,14x20,validated,0.5,prova2,Ti,jitter_single,footprint,0.9231316902449165,0.8211194818413489,0.48454332386915766,0.93935204733846,3466
a8_h14x20_validated_d0.5,8.0,14x20,validated,0.5,prova2,Ti,jitter_single,hole,0.0807983901970419,,-7.224473600231672,,278
a8_h14x20_validated_d0.5,8.0,14x20,validated,0.5,prova2,Ti,mvp_single,footprint,0.9298735939499522,0.8318202510427158,-0.06371677456200597,0.9423593559216993,3466
a8_h14x20_validated_d0.5,8.0,14x20,validated,0.5,prova2,Ti,mvp_single,hole,0.1026369335730598,,-14.525897732262942,,278
a8_h14x20_validated_d0.5,8.0,14x20,validated,0.5,prova2,Fe,deterministic,footprint,0.9567187322900442,0.8341818251241769,-0.2598043043267495,1.0501898793423299,3466
a8_h14x20_validated_d0.5,8.0,14x20,validated,0.5,prova2,Fe,deterministic,hole,0.11305197936398638,,-96.09315589096526,,278
a8_h14x20_validated_d0.5,8.0,14x20,validated,0.5,prova2,Fe,control_mean,footprint,0.9779341859408668,0.8793013295042997,1.1338353176553628,0.9775749933039849,3466
a8_h14x20_validated_d0.5,8.0,14x20,validated,0.5,prova2,Fe,control_mean,hole,0.16064714129101348,,-17.96132641071944,,278
a8_h14x20_validated_d0.5,8.0,14x20,validated,0.5,prova2,Fe,jitter_mean,footprint,0.9760635577451777,0.8788200109064703,1.456462634752942,0.9873549136711157,3466
a8_h14x20_validated_d0.5,8.0,14x20,validated,0.5,prova2,Fe,jitter_mean,hole,0.1271397242038844,,-30.266110692550786,,278
a8_h14x20_validated_d0.5,8.0,14x20,validated,0.5,prova2,Fe,control_single,footprint,0.9786149861763384,0.8827340966739059,1.6704767714607716,0.9772612173115562,3466
a8_h14x20_validated_d0.5,8.0,14x20,validated,0.5,prova2,Fe,control_single,hole,0.22023129215080833,,-16.472743672835932,,278
a8_h14x20_validated_d0.5,8.0,14x20,validated,0.5,prova2,Fe,jitter_single,footprint,0.9732665046272126,0.8654841992805267,-3.4910099850543608,1.0197117142289442,3466
a8_h14x20_validated_d0.5,8.0,14x20,validated,0.5,prova2,Fe,jitter_single,hole,0.2963442985427115,,-47.153118884347315,,278
a8_h14x20_validated_d0.5,8.0,14x20,validated,0.5,prova2,Fe,mvp_single,footprint,0.9729208113975734,0.8776394728647807,-0.34892704733304747,1.0057880333659734,3466
a8_h14x20_validated_d0.5,8.0,14x20,validated,0.5,prova2,Fe,mvp_single,hole,0.07066578991433074,,-47.31262199112406,,278
a8_h14x20_validated_d0.5,8.0,14x20,validated,0.5,prova2,Cu,deterministic,footprint,0.9121653280765326,0.8428961720471723,-1.3075207192985827,1.019501092337483,3466
a8_h14x20_validated_d0.5,8.0,14x20,validated,0.5,prova2,Cu,deterministic,hole,0.32119522053380484,,-94.81998657121927,,278
a8_h14x20_validated_d0.5,8.0,14x20,validated,0.5,prova2,Cu,control_mean,footprint,0.9478158764984831,0.8588189943003027,-1.161666282571816,0.9559210744026418,3466
a8_h14x20_validated_d0.5,8.0,14x20,validated,0.5,prova2,Cu,control_mean,hole,0.28711731622545816,,-26.06503728779915,,278
a8_h14x20_validated_d0.5,8.0,14x20,validated,0.5,prova2,Cu,jitter_mean,footprint,0.9493920225261919,0.859960398070663,-1.374858723815664,0.9369110287476052,3466
a8_h14x20_validated_d0.5,8.0,14x20,validated,0.5,prova2,Cu,jitter_mean,hole,0.34780488024317047,,-14.543563804308812,,278
a8_h14x20_validated_d0.5,8.0,14x20,validated,0.5,prova2,Cu,control_single,footprint,0.9527177045223518,0.8564746440515962,-1.1059485739435715,0.9341065329968636,3466
a8_h14x20_validated_d0.5,8.0,14x20,validated,0.5,prova2,Cu,control_single,hole,0.41957566979253924,,-1.9170081283294211,,278
a8_h14x20_validated_d0.5,8.0,14x20,validated,0.5,prova2,Cu,jitter_single,footprint,0.9403652113905157,0.8393078993378066,-2.485820594878596,0.9430457563533514,3466
a8_h14x20_validated_d0.5,8.0,14x20,validated,0.5,prova2,Cu,jitter_single,hole,0.09534236773238375,,-21.518164122296845,,278
a8_h14x20_validated_d0.5,8.0,14x20,validated,0.5,prova2,Cu,mvp_single,footprint,0.9541381436603172,0.864534122867003,-1.0377626774772053,0.9289599744872745,3466
a8_h14x20_validated_d0.5,8.0,14x20,validated,0.5,prova2,Cu,mvp_single,hole,0.4403474857272934,,6.20806361813211,,278
a8_h14x20_validated_d0.5,8.0,14x20,validated,0.5,prova2,PbLl,deterministic,footprint,0.804572324998661,0.7187324624197285,-2.063385818453334,1.0724336699763761,3466
a8_h14x20_validated_d0.5,8.0,14x20,validated,0.5,prova2,PbLl,deterministic,hole,0.20393722544572204,,-94.7846233162552,,278
a8_h14x20_validated_d0.5,8.0,14x20,validated,0.5,prova2,PbLl,control_mean,footprint,0.9120736171118105,0.7787291687925498,-0.4426184253018217,0.9169407285281805,3466
a8_h14x20_validated_d0.5,8.0,14x20,validated,0.5,prova2,PbLl,control_mean,hole,0.2672551105891157,,5.8619935288622145,,278
a8_h14x20_validated_d0.5,8.0,14x20,validated,0.5,prova2,PbLl,jitter_mean,footprint,0.9036192688821296,0.7747950559416935,-0.8737459200112707,0.9073767787773693,3466
a8_h14x20_validated_d0.5,8.0,14x20,validated,0.5,prova2,PbLl,jitter_mean,hole,0.1634325353815251,,19.78318626800666,,278
a8_h14x20_validated_d0.5,8.0,14x20,validated,0.5,prova2,PbLl,control_single,footprint,0.9062308244445884,0.7698200052023615,-0.2057881996476829,0.9133253225623174,3466
a8_h14x20_validated_d0.5,8.0,14x20,validated,0.5,prova2,PbLl,control_single,hole,0.1553713354980493,,10.494492211120777,,278
a8_h14x20_validated_d0.5,8.0,14x20,validated,0.5,prova2,PbLl,jitter_single,footprint,0.8888800496785836,0.7570609052233069,-2.0822574255232373,0.9082203461275339,3466
a8_h14x20_validated_d0.5,8.0,14x20,validated,0.5,prova2,PbLl,jitter_single,hole,0.006074759719226175,,25.158214502818915,,278
a8_h14x20_validated_d0.5,8.0,14x20,validated,0.5,prova2,PbLl,mvp_single,footprint,0.8937426625661002,0.7686049503553897,-0.32175782890588867,0.9261321096956772,3466
a8_h14x20_validated_d0.5,8.0,14x20,validated,0.5,prova2,PbLl,mvp_single,hole,0.17876214141878535,,31.960473903665527,,278
a8_h14x20_validated_d0.5,8.0,14x20,validated,0.5,prova2,PbLa,deterministic,footprint,0.7156164352403258,0.804710937831716,-0.4042837201630345,1.283032669349035,3466
a8_h14x20_validated_d0.5,8.0,14x20,validated,0.5,prova2,PbLa,deterministic,hole,0.27393696757239044,,-94.94702906231612,,278
a8_h14x20_validated_d0.5,8.0,14x20,validated,0.5,prova2,PbLa,control_mean,footprint,0.9529402308010247,0.9005714865403072,0.04560592748446002,0.9319713538695247,3466
a8_h14x20_validated_d0.5,8.0,14x20,validated,0.5,prova2,PbLa,control_mean,hole,0.31494658755185173,,7.783773545062385,,278
a8_h14x20_validated_d0.5,8.0,14x20,validated,0.5,prova2,PbLa,jitter_mean,footprint,0.941738035335156,0.8927042832972633,0.21842862551570974,0.9289135427240972,3466
a8_h14x20_validated_d0.5,8.0,14x20,validated,0.5,prova2,PbLa,jitter_mean,hole,0.1879760119654708,,14.641137752711087,,278
a8_h14x20_validated_d0.5,8.0,14x20,validated,0.5,prova2,PbLa,control_single,footprint,0.9469092673907505,0.8869218776552885,-0.014940671802943228,0.9268697294087308,3466
a8_h14x20_validated_d0.5,8.0,14x20,validated,0.5,prova2,PbLa,control_single,hole,0.10829723707535684,,5.954205693830253,,278
a8_h14x20_validated_d0.5,8.0,14x20,validated,0.5,prova2,PbLa,jitter_single,footprint,0.9232781218998038,0.8692841090969392,2.000071844651763,0.9417949885839078,3466
a8_h14x20_validated_d0.5,8.0,14x20,validated,0.5,prova2,PbLa,jitter_single,hole,-0.021762099370929735,,15.585304952200202,,278
a8_h14x20_validated_d0.5,8.0,14x20,validated,0.5,prova2,PbLa,mvp_single,footprint,0.9260163712120385,0.8954313182084682,0.19920834480005034,0.9511527211397188,3466
a8_h14x20_validated_d0.5,8.0,14x20,validated,0.5,prova2,PbLa,mvp_single,hole,0.3119302446798029,,27.47339593473187,,278
a8_h14x20_validated_d0.5,8.0,14x20,validated,0.5,prova2,PbLb,deterministic,footprint,0.70913888662738,0.8007601547763954,-0.5077444684087218,1.2891433046625704,3466
a8_h14x20_validated_d0.5,8.0,14x20,validated,0.5,prova2,PbLb,deterministic,hole,0.28284864884956007,,-94.99746687947057,,278
a8_h14x20_validated_d0.5,8.0,14x20,validated,0.5,prova2,PbLb,control_mean,footprint,0.9511815404212887,0.8974681411107175,0.12429743606525712,0.9266522259762241,3466
a8_h14x20_validated_d0.5,8.0,14x20,validated,0.5,prova2,PbLb,control_mean,hole,0.34330253419945156,,7.56877594423708,,278
a8_h14x20_validated_d0.5,8.0,14x20,validated,0.5,prova2,PbLb,jitter_mean,footprint,0.93934489484768,0.8888804169583084,0.1878582106641824,0.9235251051047445,3466
a8_h14x20_validated_d0.5,8.0,14x20,validated,0.5,prova2,PbLb,jitter_mean,hole,0.20522989540112452,,14.247427418954715,,278
a8_h14x20_validated_d0.5,8.0,14x20,validated,0.5,prova2,PbLb,control_single,footprint,0.944873432513545,0.8834417838447224,0.023980398964296157,0.9216176407442133,3466
a8_h14x20_validated_d0.5,8.0,14x20,validated,0.5,prova2,PbLb,control_single,hole,0.12816250303151977,,4.585744177517732,,278
a8_h14x20_validated_d0.5,8.0,14x20,validated,0.5,prova2,PbLb,jitter_single,footprint,0.9201226848712593,0.8672156438676768,1.0016508464680385,0.9357887529250577,3466
a8_h14x20_validated_d0.5,8.0,14x20,validated,0.5,prova2,PbLb,jitter_single,hole,0.0012356008389412165,,14.93157118075251,,278
a8_h14x20_validated_d0.5,8.0,14x20,validated,0.5,prova2,PbLb,mvp_single,footprint,0.9263786423505976,0.8935785645736151,0.3400966554851337,0.9455489626440641,3466
a8_h14x20_validated_d0.5,8.0,14x20,validated,0.5,prova2,PbLb,mvp_single,hole,0.3604539543308417,,26.72851157428562,,278
a8_h14x20_validated_d0.5,8.0,14x20,validated,0.5,prova2,PbLg,deterministic,footprint,0.6969096781572822,0.7463492279489108,-0.7456757575956319,1.298058678319722,3466
a8_h14x20_validated_d0.5,8.0,14x20,validated,0.5,prova2,PbLg,deterministic,hole,0.2570255556837211,,-94.9589174075783,,278
a8_h14x20_validated_d0.5,8.0,14x20,validated,0.5,prova2,PbLg,control_mean,footprint,0.9284249264549562,0.8363959718582473,0.507286047238309,0.9213240144743,3466
a8_h14x20_validated_d0.5,8.0,14x20,validated,0.5,prova2,PbLg,control_mean,hole,0.32744515410563024,,10.186687402704695,,278
a8_h14x20_validated_d0.5,8.0,14x20,validated,0.5,prova2,PbLg,jitter_mean,footprint,0.9125286649901754,0.8273407648095542,0.4594504821372025,0.9189360909757481,3466
a8_h14x20_validated_d0.5,8.0,14x20,validated,0.5,prova2,PbLg,jitter_mean,hole,0.19168294913011277,,18.658550555461854,,278
a8_h14x20_validated_d0.5,8.0,14x20,validated,0.5,prova2,PbLg,control_single,footprint,0.9217418762530171,0.8216892392524634,0.6477725573261983,0.9145740658280151,3466
a8_h14x20_validated_d0.5,8.0,14x20,validated,0.5,prova2,PbLg,control_single,hole,0.10953741416076825,,7.977818176262245,,278
a8_h14x20_validated_d0.5,8.0,14x20,validated,0.5,prova2,PbLg,jitter_single,footprint,0.8935586131815934,0.8057869603786532,1.4080179259711167,0.929909191879729,3466
a8_h14x20_validated_d0.5,8.0,14x20,validated,0.5,prova2,PbLg,jitter_single,hole,-0.006146994655841697,,18.1951441428151,,278
a8_h14x20_validated_d0.5,8.0,14x20,validated,0.5,prova2,PbLg,mvp_single,footprint,0.8846929640537305,0.8252028607627281,0.4421276183355527,0.9548055797835805,3466
a8_h14x20_validated_d0.5,8.0,14x20,validated,0.5,prova2,PbLg,mvp_single,hole,0.2961113263811065,,35.148109341879454,,278
a14_h0x0_validated_d0.5,14.0,0x0,validated,0.5,prova2,Ca,deterministic,footprint,0.9799781403356879,0.9495355144143991,0.3565826459342114,0.9226412718390045,3466
a14_h0x0_validated_d0.5,14.0,0x0,validated,0.5,prova2,Ca,control_mean,footprint,0.9885041461767221,0.9688071729419797,0.23420882803311116,0.9544215299922515,3466
a14_h0x0_validated_d0.5,14.0,0x0,validated,0.5,prova2,Ca,jitter_mean,footprint,0.9868598282601584,0.9662666250030254,0.7613910650912104,0.9521466491256235,3466
a14_h0x0_validated_d0.5,14.0,0x0,validated,0.5,prova2,Ca,control_single,footprint,0.9879053195437637,0.9668838469721801,-0.1846280060084471,0.9558410590861959,3466
a14_h0x0_validated_d0.5,14.0,0x0,validated,0.5,prova2,Ca,jitter_single,footprint,0.9820555296292398,0.9577516728397889,4.767678099247297,0.937935141945889,3466
a14_h0x0_validated_d0.5,14.0,0x0,validated,0.5,prova2,Ca,mvp_single,footprint,0.9873903165334003,0.9668241000294371,0.2814645636485036,0.9481786064462208,3466
a14_h0x0_validated_d0.5,14.0,0x0,validated,0.5,prova2,Ti,deterministic,footprint,0.9538304958363365,0.893742300210639,0.5939855828158258,0.9054766452862946,3466
a14_h0x0_validated_d0.5,14.0,0x0,validated,0.5,prova2,Ti,control_mean,footprint,0.9627485282157172,0.9105389614729222,0.3118614364513661,0.9402148492919951,3466
a14_h0x0_validated_d0.5,14.0,0x0,validated,0.5,prova2,Ti,jitter_mean,footprint,0.9611135557595437,0.9075075049593911,1.272481105752843,0.9308736988989619,3466
a14_h0x0_validated_d0.5,14.0,0x0,validated,0.5,prova2,Ti,control_single,footprint,0.9602905601175378,0.906817282401554,0.49069138437605186,0.9420095733597603,3466
a14_h0x0_validated_d0.5,14.0,0x0,validated,0.5,prova2,Ti,jitter_single,footprint,0.9524453063371691,0.8968924934956256,0.9646780709331226,0.9413239328784646,3466
a14_h0x0_validated_d0.5,14.0,0x0,validated,0.5,prova2,Ti,mvp_single,footprint,0.9608831743002887,0.9085829116794798,0.41076128962540537,0.9423490067627561,3466
a14_h0x0_validated_d0.5,14.0,0x0,validated,0.5,prova2,Fe,deterministic,footprint,0.9905068471814081,0.9493696537554809,1.606223186196587,0.9630298672844827,3466
a14_h0x0_validated_d0.5,14.0,0x0,validated,0.5,prova2,Fe,control_mean,footprint,0.9933102465262176,0.9565366164378757,0.8908503011278102,0.9769309711070042,3466
a14_h0x0_validated_d0.5,14.0,0x0,validated,0.5,prova2,Fe,jitter_mean,footprint,0.9928021046061779,0.9547472459944145,1.6876491194828924,0.9731380798596038,3466
a14_h0x0_validated_d0.5,14.0,0x0,validated,0.5,prova2,Fe,control_single,footprint,0.9938670980292945,0.9564612556135619,1.2978489496711099,0.9765820365238157,3466
a14_h0x0_validated_d0.5,14.0,0x0,validated,0.5,prova2,Fe,jitter_single,footprint,0.9910858580719576,0.9464351073658083,-3.8194336576330645,0.9930896875626223,3466
a14_h0x0_validated_d0.5,14.0,0x0,validated,0.5,prova2,Fe,mvp_single,footprint,0.99305014625079,0.9543840338556068,0.5547647148028911,0.9751745804474113,3466
a14_h0x0_validated_d0.5,14.0,0x0,validated,0.5,prova2,Cu,deterministic,footprint,0.9809418701163222,0.9405058819312153,0.1534846144423785,0.9414873038068126,3466
a14_h0x0_validated_d0.5,14.0,0x0,validated,0.5,prova2,Cu,control_mean,footprint,0.9873048516004156,0.9562008729635013,-0.2927764912429076,0.9687295118153666,3466
a14_h0x0_validated_d0.5,14.0,0x0,validated,0.5,prova2,Cu,jitter_mean,footprint,0.9862204812246904,0.9531201724337189,-0.5844959405842509,0.9610673177864129,3466
a14_h0x0_validated_d0.5,14.0,0x0,validated,0.5,prova2,Cu,control_single,footprint,0.986159570722545,0.9494851977717578,-0.33425753087443777,0.9665229493466407,3466
a14_h0x0_validated_d0.5,14.0,0x0,validated,0.5,prova2,Cu,jitter_single,footprint,0.9825597274083345,0.9381697821199939,-2.120029626627762,0.961315351840578,3466
a14_h0x0_validated_d0.5,14.0,0x0,validated,0.5,prova2,Cu,mvp_single,footprint,0.9870680220245004,0.9548802754866643,-0.48405642401239124,0.9672817542325243,3466
a14_h0x0_validated_d0.5,14.0,0x0,validated,0.5,prova2,PbLl,deterministic,footprint,0.9434574857712622,0.8276246269565657,0.29848646138077584,0.9177870129049933,3466
a14_h0x0_validated_d0.5,14.0,0x0,validated,0.5,prova2,PbLl,control_mean,footprint,0.9504796886915,0.8458753960574131,-0.2853757498105569,0.9514838423686025,3466
a14_h0x0_validated_d0.5,14.0,0x0,validated,0.5,prova2,PbLl,jitter_mean,footprint,0.9495463791378478,0.8428727729816656,-1.8295075704474084,0.9502077155840103,3466
a14_h0x0_validated_d0.5,14.0,0x0,validated,0.5,prova2,PbLl,control_single,footprint,0.9493502136475649,0.8426453573801862,-0.582393890054167,0.9542269488356221,3466
a14_h0x0_validated_d0.5,14.0,0x0,validated,0.5,prova2,PbLl,jitter_single,footprint,0.9449315225182833,0.8322670174843416,-3.6232140904566945,0.9520583495576109,3466
a14_h0x0_validated_d0.5,14.0,0x0,validated,0.5,prova2,PbLl,mvp_single,footprint,0.9488725400355559,0.8400981296520713,-0.7887110402350128,0.9612704175521336,3466
a14_h0x0_validated_d0.5,14.0,0x0,validated,0.5,prova2,PbLa,deterministic,footprint,0.985756968417215,0.9587669283147701,0.1954492843878164,0.9322429460470288,3466
a14_h0x0_validated_d0.5,14.0,0x0,validated,0.5,prova2,PbLa,control_mean,footprint,0.9937896632087242,0.9792359595294967,-0.025200711654727037,0.9656979497912931,3466
a14_h0x0_validated_d0.5,14.0,0x0,validated,0.5,prova2,PbLa,jitter_mean,footprint,0.9921816735400937,0.9756170642272971,0.031553621727598014,0.9612947855447199,3466
a14_h0x0_validated_d0.5,14.0,0x0,validated,0.5,prova2,PbLa,control_single,footprint,0.9933799377629804,0.977595464690256,-0.13781408686603935,0.9644629297714007,3466
a14_h0x0_validated_d0.5,14.0,0x0,validated,0.5,prova2,PbLa,jitter_single,footprint,0.9871998626637611,0.9676028452205965,2.529871614576651,0.967123337287308,3466
a14_h0x0_validated_d0.5,14.0,0x0,validated,0.5,prova2,PbLa,mvp_single,footprint,0.9930090783700071,0.9779225953142652,0.022459569817123715,0.9649122514050905,3466
a14_h0x0_validated_d0.5,14.0,0x0,validated,0.5,prova2,PbLb,deterministic,footprint,0.9849811259562684,0.9549916524191454,0.06250403538210492,0.9295078913047448,3466
a14_h0x0_validated_d0.5,14.0,0x0,validated,0.5,prova2,PbLb,control_mean,footprint,0.9927757339735426,0.9749998639260367,0.0024390154374165363,0.9629446041262069,3466
a14_h0x0_validated_d0.5,14.0,0x0,validated,0.5,prova2,PbLb,jitter_mean,footprint,0.9912099377062444,0.9714887799427679,-0.04175236552439454,0.9591663478344306,3466
a14_h0x0_validated_d0.5,14.0,0x0,validated,0.5,prova2,PbLb,control_single,footprint,0.9923014908973689,0.9732044472737339,-0.10603090296311679,0.9614326947061702,3466
a14_h0x0_validated_d0.5,14.0,0x0,validated,0.5,prova2,PbLb,jitter_single,footprint,0.9865256696702983,0.9638073051454357,1.2502438546546202,0.9650163679353478,3466
a14_h0x0_validated_d0.5,14.0,0x0,validated,0.5,prova2,PbLb,mvp_single,footprint,0.9919913974888782,0.9738495552895898,0.12232870669171003,0.9626598356120795,3466
a14_h0x0_validated_d0.5,14.0,0x0,validated,0.5,prova2,PbLg,deterministic,footprint,0.9637106753524174,0.889773180608806,0.19429218918958213,0.9248036937893718,3466
a14_h0x0_validated_d0.5,14.0,0x0,validated,0.5,prova2,PbLg,control_mean,footprint,0.9714705835840618,0.9088587485269033,0.18705998391106426,0.958571373345662,3466
a14_h0x0_validated_d0.5,14.0,0x0,validated,0.5,prova2,PbLg,jitter_mean,footprint,0.9696138413392404,0.9050047788360518,0.05733960116900416,0.9534468332580116,3466
a14_h0x0_validated_d0.5,14.0,0x0,validated,0.5,prova2,PbLg,control_single,footprint,0.9707543629008305,0.9067347413012833,0.3418562541088743,0.9557754321370159,3466
a14_h0x0_validated_d0.5,14.0,0x0,validated,0.5,prova2,PbLg,jitter_single,footprint,0.9643784319400969,0.89740594365544,1.393674001988554,0.9583724795941568,3466
a14_h0x0_validated_d0.5,14.0,0x0,validated,0.5,prova2,PbLg,mvp_single,footprint,0.9708523929149948,0.9074206212665584,-0.12008890696484364,0.9626161709351033,3466
a14_h14x20_validated_d0.5,14.0,14x20,validated,0.5,prova2,Ca,deterministic,footprint,0.7630418706137322,0.8263396399285898,-0.5890134664419344,1.15469019046059,3466
a14_h14x20_validated_d0.5,14.0,14x20,validated,0.5,prova2,Ca,deterministic,hole,-0.050066844070859186,,-96.83756158170226,,278
a14_h14x20_validated_d0.5,14.0,14x20,validated,0.5,prova2,Ca,control_mean,footprint,0.9523016968047998,0.888195844483005,0.00289923353227195,0.920286104390087,3466
a14_h14x20_validated_d0.5,14.0,14x20,validated,0.5,prova2,Ca,control_mean,hole,0.38896349662436797,,-5.890258677568857,,278
a14_h14x20_validated_d0.5,14.0,14x20,validated,0.5,prova2,Ca,jitter_mean,footprint,0.9495103278568553,0.8825532831129248,0.5383026939248525,0.9149724536879918,3466
a14_h14x20_validated_d0.5,14.0,14x20,validated,0.5,prova2,Ca,jitter_mean,hole,0.2775281375488568,,2.0506965356361984,,278
a14_h14x20_validated_d0.5,14.0,14x20,validated,0.5,prova2,Ca,control_single,footprint,0.9540164790869456,0.8912757422160245,-0.3584945059051492,0.9234006637928479,3466
a14_h14x20_validated_d0.5,14.0,14x20,validated,0.5,prova2,Ca,control_single,hole,0.4805475955421322,,-7.510642305863675,,278
a14_h14x20_validated_d0.5,14.0,14x20,validated,0.5,prova2,Ca,jitter_single,footprint,0.9360015110573523,0.8776667153436922,4.229504906787973,0.9249962237503386,3466
a14_h14x20_validated_d0.5,14.0,14x20,validated,0.5,prova2,Ca,jitter_single,hole,0.27204500496747247,,-15.271656656201124,,278
a14_h14x20_validated_d0.5,14.0,14x20,validated,0.5,prova2,Ca,mvp_single,footprint,0.9351874379563088,0.8863930904585321,0.11532943957528463,0.9404851946417525,3466
a14_h14x20_validated_d0.5,14.0,14x20,validated,0.5,prova2,Ca,mvp_single,hole,0.27095707259418905,,-25.905313878297985,,278
a14_h14x20_validated_d0.5,14.0,14x20,validated,0.5,prova2,Ti,deterministic,footprint,0.6716247099303483,0.7635487332450341,-0.49197643250744605,1.2637952626269255,3466
a14_h14x20_validated_d0.5,14.0,14x20,validated,0.5,prova2,Ti,deterministic,hole,-0.05320238374526033,,-96.11209861435987,,278
a14_h14x20_validated_d0.5,14.0,14x20,validated,0.5,prova2,Ti,control_mean,footprint,0.9441447300015746,0.846242119656131,0.3552328694752971,0.9248044586499939,3466
a14_h14x20_validated_d0.5,14.0,14x20,validated,0.5,prova2,Ti,control_mean,hole,0.2854700922217606,,1.7673443479966078,,278
a14_h14x20_validated_d0.5,14.0,14x20,validated,0.5,prova2,Ti,jitter_mean,footprint,0.9394888936900903,0.840570728231732,1.4170689814253512,0.9180114737652195,3466
a14_h14x20_validated_d0.5,14.0,14x20,validated,0.5,prova2,Ti,jitter_mean,hole,0.1699008141277753,,6.891420741618603,,278
a14_h14x20_validated_d0.5,14.0,14x20,validated,0.5,prova2,Ti,control_single,footprint,0.9420899008359107,0.8444391450976335,0.18432857820589454,0.93120312706772,3466
a14_h14x20_validated_d0.5,14.0,14x20,validated,0.5,prova2,Ti,control_single,hole,0.3055504874209614,,-3.7422160148204675,,278
a14_h14x20_validated_d0.5,14.0,14x20,validated,0.5,prova2,Ti,jitter_single,footprint,0.924226812227919,0.8235138881791253,0.5873805130671705,0.9392129687814116,3466
a14_h14x20_validated_d0.5,14.0,14x20,validated,0.5,prova2,Ti,jitter_single,hole,0.09614078428917404,,-7.346359346395352,,278
a14_h14x20_validated_d0.5,14.0,14x20,validated,0.5,prova2,Ti,mvp_single,footprint,0.9327467328012742,0.8335012828245774,-0.06300494513857835,0.9391830268650313,3466
a14_h14x20_validated_d0.5,14.0,14x20,validated,0.5,prova2,Ti,mvp_single,hole,0.10520546108618953,,-12.668189584126658,,278
a14_h14x20_validated_d0.5,14.0,14x20,validated,0.5,prova2,Fe,deterministic,footprint,0.9567171434094663,0.8341664719549193,-0.2565118109113085,1.0501927257681842,3466
a14_h14x20_validated_d0.5,14.0,14x20,validated,0.5,prova2,Fe,deterministic,hole,0.11305220590771253,,-96.0931007517632,,278
a14_h14x20_validated_d0.5,14.0,14x20,validated,0.5,prova2,Fe,control_mean,footprint,0.9777971460751386,0.8788578888293916,1.1443922479880797,0.97844684245236,3466
a14_h14x20_validated_d0.5,14.0,14x20,validated,0.5,prova2,Fe,control_mean,hole,0.14820049885342548,,-18.58104305804071,,278
a14_h14x20_validated_d0.5,14.0,14x20,validated,0.5,prova2,Fe,jitter_mean,footprint,0.9760951466269111,0.8785701239882104,1.4978047093440416,0.9865283180673845,3466
a14_h14x20_validated_d0.5,14.0,14x20,validated,0.5,prova2,Fe,jitter_mean,hole,0.12526909721146176,,-30.089435420345264,,278
a14_h14x20_validated_d0.5,14.0,14x20,validated,0.5,prova2,Fe,control_single,footprint,0.9786527282956411,0.8825590639314089,1.5311695928020619,0.9781251840699571,3466
a14_h14x20_validated_d0.5,14.0,14x20,validated,0.5,prova2,Fe,control_single,hole,0.21808280373774083,,-16.483361975576468,,278
a14_h14x20_validated_d0.5,14.0,14x20,validated,0.5,prova2,Fe,jitter_single,footprint,0.9732670812439252,0.8657240511381408,-4.84484206384439,1.0246524413039677,3466
a14_h14x20_validated_d0.5,14.0,14x20,validated,0.5,prova2,Fe,jitter_single,hole,0.3041453722795791,,-47.91921747365762,,278
a14_h14x20_validated_d0.5,14.0,14x20,validated,0.5,prova2,Fe,mvp_single,footprint,0.9730162386148066,0.8777255397426663,-0.28042987777521233,1.0043212717328986,3466
a14_h14x20_validated_d0.5,14.0,14x20,validated,0.5,prova2,Fe,mvp_single,hole,0.07275867935324984,,-46.5141284509561,,278
a14_h14x20_validated_d0.5,14.0,14x20,validated,0.5,prova2,Cu,deterministic,footprint,0.912125547276376,0.8427838411216699,-1.3168266870322798,1.0195637054391131,3466
a14_h14x20_validated_d0.5,14.0,14x20,validated,0.5,prova2,Cu,deterministic,hole,0.3211822634126066,,-94.820197359445,,278
a14_h14x20_validated_d0.5,14.0,14x20,validated,0.5,prova2,Cu,control_mean,footprint,0.9474516752525143,0.8584162166441828,-1.1062983423298256,0.9558767696571846,3466
a14_h14x20_validated_d0.5,14.0,14x20,validated,0.5,prova2,Cu,control_mean,hole,0.2712637427482953,,-26.031583144208156,,278
a14_h14x20_validated_d0.5,14.0,14x20,validated,0.5,prova2,Cu,jitter_mean,footprint,0.949149940448922,0.859707941362002,-1.3043526299462038,0.9383910291238521,3466
a14_h14x20_validated_d0.5,14.0,14x20,validated,0.5,prova2,Cu,jitter_mean,hole,0.34038713231732426,,-15.459563520616081,,278
a14_h14x20_validated_d0.5,14.0,14x20,validated,0.5,prova2,Cu,control_single,footprint,0.9519855498015575,0.8561918035098705,-0.8689276500799092,0.9341155469714827,3466
a14_h14x20_validated_d0.5,14.0,14x20,validated,0.5,prova2,Cu,control_single,hole,0.39320718926290693,,-1.7541626369920535,,278
a14_h14x20_validated_d0.5,14.0,14x20,validated,0.5,prova2,Cu,jitter_single,footprint,0.9407770532086295,0.8410743263698074,-3.07797110090704,0.9486000660172806,3466
a14_h14x20_validated_d0.5,14.0,14x20,validated,0.5,prova2,Cu,jitter_single,hole,0.1303758850490434,,-23.523372708890737,,278
a14_h14x20_validated_d0.5,14.0,14x20,validated,0.5,prova2,Cu,mvp_single,footprint,0.9540468997987036,0.8645300135834604,-0.9482112438488954,0.9267383052830838,3466
a14_h14x20_validated_d0.5,14.0,14x20,validated,0.5,prova2,Cu,mvp_single,hole,0.44463486691165427,,9.143378176082333,,278
a14_h14x20_validated_d0.5,14.0,14x20,validated,0.5,prova2,PbLl,deterministic,footprint,0.8046371172187653,0.7189277865371931,-2.056928378074918,1.0723447788234424,3466
a14_h14x20_validated_d0.5,14.0,14x20,validated,0.5,prova2,PbLl,deterministic,hole,0.20393696858162028,,-94.7846679152069,,278
a14_h14x20_validated_d0.5,14.0,14x20,validated,0.5,prova2,PbLl,control_mean,footprint,0.9122295077428948,0.7787554293337958,-0.4747806825141754,0.9170251746679264,3466
a14_h14x20_validated_d0.5,14.0,14x20,validated,0.5,prova2,PbLl,control_mean,hole,0.2666674887913835,,5.1797474385540685,,278
a14_h14x20_validated_d0.5,14.0,14x20,validated,0.5,prova2,PbLl,jitter_mean,footprint,0.9039097705002236,0.7749814588566987,-1.3435890087393876,0.9096443108873159,3466
a14_h14x20_validated_d0.5,14.0,14x20,validated,0.5,prova2,PbLl,jitter_mean,hole,0.15456602715286663,,18.75204172157951,,278
a14_h14x20_validated_d0.5,14.0,14x20,validated,0.5,prova2,PbLl,control_single,footprint,0.9075527661946865,0.7711176140543514,-0.1615535109693811,0.9129761489915935,3466
a14_h14x20_validated_d0.5,14.0,14x20,validated,0.5,prova2,PbLl,control_single,hole,0.19906173496763024,,10.068182860175462,,278
a14_h14x20_validated_d0.5,14.0,14x20,validated,0.5,prova2,PbLl,jitter_single,footprint,0.8873118624878875,0.7547117185802937,-3.4214543362737215,0.9137735428660967,3466
a14_h14x20_validated_d0.5,14.0,14x20,validated,0.5,prova2,PbLl,jitter_single,hole,-0.04237623482256884,,23.856031678071353,,278
a14_h14x20_validated_d0.5,14.0,14x20,validated,0.5,prova2,PbLl,mvp_single,footprint,0.892902246029466,0.769311206642977,-0.18713435928032762,0.9243523043439804,3466
a14_h14x20_validated_d0.5,14.0,14x20,validated,0.5,prova2,PbLl,mvp_single,hole,0.18637948157125056,,34.09723323039629,,278
a14_h14x20_validated_d0.5,14.0,14x20,validated,0.5,prova2,PbLa,deterministic,footprint,0.7156131005672092,0.8046416173008475,-0.41306849606730367,1.2830653786739947,3466
a14_h14x20_validated_d0.5,14.0,14x20,validated,0.5,prova2,PbLa,deterministic,hole,0.27392432730318317,,-94.94702310999413,,278
a14_h14x20_validated_d0.5,14.0,14x20,validated,0.5,prova2,PbLa,control_mean,footprint,0.9531763231533474,0.9001488598564381,0.04117912917822597,0.9323208241423736,3466
a14_h14x20_validated_d0.5,14.0,14x20,validated,0.5,prova2,PbLa,control_mean,hole,0.3107314471597195,,6.982126283160495,,278
a14_h14x20_validated_d0.5,14.0,14x20,validated,0.5,prova2,PbLa,jitter_mean,footprint,0.9417226199967479,0.8920567684359546,0.16768726810219015,0.9281090580148161,3466
a14_h14x20_validated_d0.5,14.0,14x20,validated,0.5,prova2,PbLa,jitter_mean,hole,0.16753764914382288,,14.07749801516185,,278
a14_h14x20_validated_d0.5,14.0,14x20,validated,0.5,prova2,PbLa,control_single,footprint,0.9486618930894786,0.8891857416291248,0.02978076590527401,0.9265217123393064,3466
a14_h14x20_validated_d0.5,14.0,14x20,validated,0.5,prova2,PbLa,control_single,hole,0.1758019104726314,,5.942933241916725,,278
a14_h14x20_validated_d0.5,14.0,14x20,validated,0.5,prova2,PbLa,jitter_single,footprint,0.9224513001246418,0.8663321989797025,2.765919090235869,0.9407859086320899,3466
a14_h14x20_validated_d0.5,14.0,14x20,validated,0.5,prova2,PbLa,jitter_single,hole,-0.08082108003273081,,14.819546233333202,,278
a14_h14x20_validated_d0.5,14.0,14x20,validated,0.5,prova2,PbLa,mvp_single,footprint,0.9233130746324694,0.895008927915923,0.21312008518572512,0.9522608320818864,3466
a14_h14x20_validated_d0.5,14.0,14x20,validated,0.5,prova2,PbLa,mvp_single,hole,0.3288922269609329,,29.624385741469172,,278
a14_h14x20_validated_d0.5,14.0,14x20,validated,0.5,prova2,PbLb,deterministic,footprint,0.7091167344445671,0.8006323691788299,-0.5131951867102802,1.2891647681266893,3466
a14_h14x20_validated_d0.5,14.0,14x20,validated,0.5,prova2,PbLb,deterministic,hole,0.28284106246903173,,-94.99789096736514,,278
a14_h14x20_validated_d0.5,14.0,14x20,validated,0.5,prova2,PbLb,control_mean,footprint,0.9513890428242814,0.8970723877979552,0.14033729802487294,0.9269707060981907,3466
a14_h14x20_validated_d0.5,14.0,14x20,validated,0.5,prova2,PbLb,control_mean,hole,0.33853808879423586,,6.756691064035354,,278
a14_h14x20_validated_d0.5,14.0,14x20,validated,0.5,prova2,PbLb,jitter_mean,footprint,0.9395235855915954,0.8884551939177352,0.15708820193256479,0.9235177085239508,3466
a14_h14x20_validated_d0.5,14.0,14x20,validated,0.5,prova2,PbLb,jitter_mean,hole,0.18769509506620108,,13.630368554127886,,278
a14_h14x20_validated_d0.5,14.0,14x20,validated,0.5,prova2,PbLb,control_single,footprint,0.9466203045131176,0.8855246054329987,0.05917731457032449,0.9212001788891878,3466
a14_h14x20_validated_d0.5,14.0,14x20,validated,0.5,prova2,PbLb,control_single,hole,0.1951952446295678,,4.5710474027953465,,278
a14_h14x20_validated_d0.5,14.0,14x20,validated,0.5,prova2,PbLb,jitter_single,footprint,0.9192318642809328,0.8644189079198631,1.427635731992405,0.9364159536262114,3466
a14_h14x20_validated_d0.5,14.0,14x20,validated,0.5,prova2,PbLb,jitter_single,hole,-0.05817981400086406,,13.946738615015134,,278
a14_h14x20_validated_d0.5,14.0,14x20,validated,0.5,prova2,PbLb,mvp_single,footprint,0.9237660406770689,0.8931787543075626,0.3654825707520182,0.946572552265351,3466
a14_h14x20_validated_d0.5,14.0,14x20,validated,0.5,prova2,PbLb,mvp_single,hole,0.379069629636041,,28.847722192997022,,278
a14_h14x20_validated_d0.5,14.0,14x20,validated,0.5,prova2,PbLg,deterministic,footprint,0.6968044754661774,0.7458226723862431,-0.7494035969423996,1.298218985630615,3466
a14_h14x20_validated_d0.5,14.0,14x20,validated,0.5,prova2,PbLg,deterministic,hole,0.2570125494862952,,-94.95893135740981,,278
a14_h14x20_validated_d0.5,14.0,14x20,validated,0.5,prova2,PbLg,control_mean,footprint,0.9285493086857102,0.8355764865026313,0.5083252056847121,0.9218706811650035,3466
a14_h14x20_validated_d0.5,14.0,14x20,validated,0.5,prova2,PbLg,control_mean,hole,0.3218194909739898,,9.389253120418132,,278
a14_h14x20_validated_d0.5,14.0,14x20,validated,0.5,prova2,PbLg,jitter_mean,footprint,0.9126082700550876,0.826474817209102,0.4175655267699474,0.9182831746702067,3466
a14_h14x20_validated_d0.5,14.0,14x20,validated,0.5,prova2,PbLg,jitter_mean,hole,0.17443721701989606,,18.01961154481485,,278
a14_h14x20_validated_d0.5,14.0,14x20,validated,0.5,prova2,PbLg,control_single,footprint,0.9233257062502407,0.8232873172069481,0.6885446600516598,0.9146513033282321,3466
a14_h14x20_validated_d0.5,14.0,14x20,validated,0.5,prova2,PbLg,control_single,hole,0.17334909523406458,,7.972825953760486,,278
a14_h14x20_validated_d0.5,14.0,14x20,validated,0.5,prova2,PbLg,jitter_single,footprint,0.8925107910990377,0.8029575834087777,1.8414245189736445,0.9299161370524115,3466
a14_h14x20_validated_d0.5,14.0,14x20,validated,0.5,prova2,PbLg,jitter_single,hole,-0.06383006224681402,,17.510521246750898,,278
a14_h14x20_validated_d0.5,14.0,14x20,validated,0.5,prova2,PbLg,mvp_single,footprint,0.8807484523727549,0.8241130111721726,0.47200312315403004,0.9569603973114159,3466
a14_h14x20_validated_d0.5,14.0,14x20,validated,0.5,prova2,PbLg,mvp_single,hole,0.3143756846988921,,37.413742916419345,,278
a20_h0x0_validated_d0.5,20.0,0x0,validated,0.5,prova2,Ca,deterministic,footprint,0.9801051199270964,0.9499018743602936,0.321510383007495,0.9225555899168194,3466
a20_h0x0_validated_d0.5,20.0,0x0,validated,0.5,prova2,Ca,control_mean,footprint,0.9886335613374162,0.9692322220841671,0.2104088503147361,0.9545080221020059,3466
a20_h0x0_validated_d0.5,20.0,0x0,validated,0.5,prova2,Ca,jitter_mean,footprint,0.9869668098193253,0.9666975526786558,1.041707488623933,0.950009981514054,3466
a20_h0x0_validated_d0.5,20.0,0x0,validated,0.5,prova2,Ca,control_single,footprint,0.988075837434738,0.9673335866817867,-0.3068071732691413,0.9563753914450195,3466
a20_h0x0_validated_d0.5,20.0,0x0,validated,0.5,prova2,Ca,jitter_single,footprint,0.9819239015275061,0.9576945473773232,6.107164435581192,0.9363615814701495,3466
a20_h0x0_validated_d0.5,20.0,0x0,validated,0.5,prova2,Ca,mvp_single,footprint,0.9874975636354442,0.9671124710154845,0.2512675981914292,0.9483053464023941,3466
a20_h0x0_validated_d0.5,20.0,0x0,validated,0.5,prova2,Ti,deterministic,footprint,0.954623893807587,0.8952434267135195,0.585512795313603,0.9047608119390811,3466
a20_h0x0_validated_d0.5,20.0,0x0,validated,0.5,prova2,Ti,control_mean,footprint,0.9635539365372052,0.9121476873249251,0.2714762604707266,0.9396503066122182,3466
a20_h0x0_validated_d0.5,20.0,0x0,validated,0.5,prova2,Ti,jitter_mean,footprint,0.9618843325612437,0.9091732958642116,1.2804944075498703,0.9308186386315196,3466
a20_h0x0_validated_d0.5,20.0,0x0,validated,0.5,prova2,Ti,control_single,footprint,0.9610786465675223,0.908408050186938,0.40003781639490477,0.9422630063175623,3466
a20_h0x0_validated_d0.5,20.0,0x0,validated,0.5,prova2,Ti,jitter_single,footprint,0.9531589231283405,0.898628282682133,1.2427117837793489,0.9397245528649165,3466
a20_h0x0_validated_d0.5,20.0,0x0,validated,0.5,prova2,Ti,mvp_single,footprint,0.9616295386592625,0.9100205657856204,0.3093063357518133,0.9420822010970888,3466
a20_h0x0_validated_d0.5,20.0,0x0,validated,0.5,prova2,Fe,deterministic,footprint,0.9905049510712285,0.9493527094319599,1.6089766672961137,0.9630324516755505,3466
a20_h0x0_validated_d0.5,20.0,0x0,validated,0.5,prova2,Fe,control_mean,footprint,0.993310315563116,0.9565329598081568,0.8749299548860279,0.9771188245461099,3466
a20_h0x0_validated_d0.5,20.0,0x0,validated,0.5,prova2,Fe,jitter_mean,footprint,0.9928101409436577,0.9547448143414482,1.8416066848685908,0.9726228192568496,3466
a20_h0x0_validated_d0.5,20.0,0x0,validated,0.5,prova2,Fe,control_single,footprint,0.9938705759116544,0.9563679863407286,1.117396761224887,0.97724753197255,3466
a20_h0x0_validated_d0.5,20.0,0x0,validated,0.5,prova2,Fe,jitter_single,footprint,0.9910239357522416,0.9455932471362595,-4.89237918675911,0.9964634554365269,3466
a20_h0x0_validated_d0.5,20.0,0x0,validated,0.5,prova2,Fe,mvp_single,footprint,0.9930232612449786,0.9543261151152713,0.6120594359416698,0.9747519218131426,3466
a20_h0x0_validated_d0.5,20.0,0x0,validated,0.5,prova2,Cu,deterministic,footprint,0.9808939197679726,0.9403778067946583,0.16457248858801066,0.9415444362288495,3466
a20_h0x0_validated_d0.5,20.0,0x0,validated,0.5,prova2,Cu,control_mean,footprint,0.9872400668085579,0.9561867258029079,-0.2534447564251252,0.9686404378638068,3466
a20_h0x0_validated_d0.5,20.0,0x0,validated,0.5,prova2,Cu,jitter_mean,footprint,0.9861804843440045,0.9530596125022557,-0.5242051957658145,0.9617721040682741,3466
a20_h0x0_validated_d0.5,20.0,0x0,validated,0.5,prova2,Cu,control_single,footprint,0.9860644300998843,0.9502695270137057,-0.10697402772318343,0.9661689095266213,3466
a20_h0x0_validated_d0.5,20.0,0x0,validated,0.5,prova2,Cu,jitter_single,footprint,0.9827174155445242,0.938962580060819,-2.6024470218868334,0.9649735379443275,3466
a20_h0x0_validated_d0.5,20.0,0x0,validated,0.5,prova2,Cu,mvp_single,footprint,0.9870100663918852,0.9546974432558681,-0.4861761045582558,0.9675702966822689,3466
a20_h0x0_validated_d0.5,20.0,0x0,validated,0.5,prova2,PbLl,deterministic,footprint,0.9435517002997618,0.8278503050685964,0.2864192253253961,0.9176960072954893,3466
a20_h0x0_validated_d0.5,20.0,0x0,validated,0.5,prova2,PbLl,control_mean,footprint,0.9505704919937439,0.8461241281765586,-0.2292151159805078,0.9509878573610129,3466
a20_h0x0_validated_d0.5,20.0,0x0,validated,0.5,prova2,PbLl,jitter_mean,footprint,0.9497721286797727,0.8432204098870121,-2.1845131490362713,0.9523407526565358,3466
a20_h0x0_validated_d0.5,20.0,0x0,validated,0.5,prova2,PbLl,control_single,footprint,0.949444330741438,0.8429959116535044,-0.5952237543804584,0.9536531615895498,3466
a20_h0x0_validated_d0.5,20.0,0x0,validated,0.5,prova2,PbLl,jitter_single,footprint,0.9451115914156526,0.8311819120853877,-4.795505016782009,0.9571775299098466,3466
a20_h0x0_validated_d0.5,20.0,0x0,validated,0.5,prova2,PbLl,mvp_single,footprint,0.948949165966622,0.8409696150519783,-0.7427939257035887,0.9603720435603819,3466
a20_h0x0_validated_d0.5,20.0,0x0,validated,0.5,prova2,PbLa,deterministic,footprint,0.9857339569409616,0.9586849172192654,0.19855460868374308,0.932280097029069,3466
a20_h0x0_validated_d0.5,20.0,0x0,validated,0.5,prova2,PbLa,control_mean,footprint,0.9937527813188961,0.979135365783466,-0.03291155485711794,0.9657223878066984,3466
a20_h0x0_validated_d0.5,20.0,0x0,validated,0.5,prova2,PbLa,jitter_mean,footprint,0.9921947245948609,0.9755008235123532,0.016371397892878115,0.9604532159148557,3466
a20_h0x0_validated_d0.5,20.0,0x0,validated,0.5,prova2,PbLa,control_single,footprint,0.9933684471431492,0.9776272831455206,-0.08370833574994352,0.9637980425347433,3466
a20_h0x0_validated_d0.5,20.0,0x0,validated,0.5,prova2,PbLa,jitter_single,footprint,0.9871451367384282,0.9675402301457507,3.2518709774782106,0.9664291690505296,3466
a20_h0x0_validated_d0.5,20.0,0x0,validated,0.5,prova2,PbLa,mvp_single,footprint,0.9929774794113903,0.9778589395966588,0.04842863285901,0.9643628338984334,3466
a20_h0x0_validated_d0.5,20.0,0x0,validated,0.5,prova2,PbLb,deterministic,footprint,0.9849434570794072,0.954849799294221,0.0661312188754204,0.9295283160484001,3466
a20_h0x0_validated_d0.5,20.0,0x0,validated,0.5,prova2,PbLb,control_mean,footprint,0.9927250021351681,0.9748353443466171,0.014755124140330977,0.9629153951174658,3466
a20_h0x0_validated_d0.5,20.0,0x0,validated,0.5,prova2,PbLb,jitter_mean,footprint,0.9912069790288701,0.9714385371325033,-0.02246139100771094,0.9593510496116412,3466
a20_h0x0_validated_d0.5,20.0,0x0,validated,0.5,prova2,PbLb,control_single,footprint,0.9922822831920375,0.973181224588329,-0.08226430875237778,0.960728554753804,3466
a20_h0x0_validated_d0.5,20.0,0x0,validated,0.5,prova2,PbLb,jitter_single,footprint,0.986465587747557,0.9638426564393412,1.715153339905351,0.9663218474999105,3466
a20_h0x0_validated_d0.5,20.0,0x0,validated,0.5,prova2,PbLb,mvp_single,footprint,0.9919448974025628,0.9737283794742831,0.15924863390912591,0.9621369864370356,3466
a20_h0x0_validated_d0.5,20.0,0x0,validated,0.5,prova2,PbLg,deterministic,footprint,0.9634765267972302,0.8891734344423835,0.19988855301575903,0.9250029750349885,3466
a20_h0x0_validated_d0.5,20.0,0x0,validated,0.5,prova2,PbLg,control_mean,footprint,0.9712469011194877,0.9082832248636274,0.18774661627056766,0.9588358367965544,3466
a20_h0x0_validated_d0.5,20.0,0x0,validated,0.5,prova2,PbLg,jitter_mean,footprint,0.9693921968212896,0.9043814199662713,-0.011616350648002705,0.9532112204620191,3466
a20_h0x0_validated_d0.5,20.0,0x0,validated,0.5,prova2,PbLg,control_single,footprint,0.9705447968587171,0.906320054044955,0.3241720088079214,0.9555964194040937,3466
a20_h0x0_validated_d0.5,20.0,0x0,validated,0.5,prova2,PbLg,jitter_single,footprint,0.9643271285267216,0.8972827969055934,1.8908701226728164,0.9587669632006682,3466
a20_h0x0_validated_d0.5,20.0,0x0,validated,0.5,prova2,PbLg,mvp_single,footprint,0.9706211872153275,0.906870498587955,-0.07396607164846802,0.9622630320238328,3466
a20_h14x20_validated_d0.5,20.0,14x20,validated,0.5,prova2,Ca,deterministic,footprint,0.7631212700463447,0.8266665199125156,-0.608430422176065,1.1546021335066872,3466
a20_h14x20_validated_d0.5,20.0,14x20,validated,0.5,prova2,Ca,deterministic,hole,-0.05012503524868826,,-96.83691840536802,,278
a20_h14x20_validated_d0.5,20.0,14x20,validated,0.5,prova2,Ca,control_mean,footprint,0.9524970978661663,0.8890752462380149,0.008730202946227728,0.9209266242548302,3466
a20_h14x20_validated_d0.5,20.0,14x20,validated,0.5,prova2,Ca,control_mean,hole,0.40516754355442985,,-6.610356212606127,,278
a20_h14x20_validated_d0.5,20.0,14x20,validated,0.5,prova2,Ca,jitter_mean,footprint,0.9497308038650586,0.8832354779779109,0.8595166660326559,0.9123842862897488,3466
a20_h14x20_validated_d0.5,20.0,14x20,validated,0.5,prova2,Ca,jitter_mean,hole,0.283603065056732,,3.0653288610411287,,278
a20_h14x20_validated_d0.5,20.0,14x20,validated,0.5,prova2,Ca,control_single,footprint,0.9552680019281725,0.8931878496888543,-0.4222320202871721,0.9236654463326193,3466
a20_h14x20_validated_d0.5,20.0,14x20,validated,0.5,prova2,Ca,control_single,hole,0.5248518273585246,,-7.422519552772579,,278
a20_h14x20_validated_d0.5,20.0,14x20,validated,0.5,prova2,Ca,jitter_single,footprint,0.9368381207704409,0.87851049585703,5.595212125063487,0.9237474807786415,3466
a20_h14x20_validated_d0.5,20.0,14x20,validated,0.5,prova2,Ca,jitter_single,hole,0.29716955040695475,,-13.817246469082066,,278
a20_h14x20_validated_d0.5,20.0,14x20,validated,0.5,prova2,Ca,mvp_single,footprint,0.9367757102917749,0.8868531203877233,0.07656278497081281,0.9377996763010149,3466
a20_h14x20_validated_d0.5,20.0,14x20,validated,0.5,prova2,Ca,mvp_single,hole,0.2674886749064336,,-24.58379083008483,,278
a20_h14x20_validated_d0.5,20.0,14x20,validated,0.5,prova2,Ti,deterministic,footprint,0.6719529250213063,0.7648233398393969,-0.4782678129170881,1.2632219174979995,3466
a20_h14x20_validated_d0.5,20.0,14x20,validated,0.5,prova2,Ti,deterministic,hole,-0.053066188124273245,,-96.11462024134605,,278
a20_h14x20_validated_d0.5,20.0,14x20,validated,0.5,prova2,Ti,control_mean,footprint,0.9452532275300309,0.8482014338724257,0.2723517105562401,0.9243657962702007,3466
a20_h14x20_validated_d0.5,20.0,14x20,validated,0.5,prova2,Ti,control_mean,hole,0.2976599509229774,,0.9553089435339718,,278
a20_h14x20_validated_d0.5,20.0,14x20,validated,0.5,prova2,Ti,jitter_mean,footprint,0.9397354367041323,0.8420907012034149,1.4390039462270021,0.9180811156123428,3466
a20_h14x20_validated_d0.5,20.0,14x20,validated,0.5,prova2,Ti,jitter_mean,hole,0.1676137031666046,,7.993257484052955,,278
a20_h14x20_validated_d0.5,20.0,14x20,validated,0.5,prova2,Ti,control_single,footprint,0.9434390425204934,0.8468900143563177,0.1249909453615139,0.930958589211393,3466
a20_h14x20_validated_d0.5,20.0,14x20,validated,0.5,prova2,Ti,control_single,hole,0.32610819865501034,,-3.424663463083271,,278
a20_h14x20_validated_d0.5,20.0,14x20,validated,0.5,prova2,Ti,jitter_single,footprint,0.9255251255079462,0.8259143402625324,0.7986257768203053,0.9379634675057383,3466
a20_h14x20_validated_d0.5,20.0,14x20,validated,0.5,prova2,Ti,jitter_single,hole,0.10779115470491601,,-7.1429550425348545,,278
a20_h14x20_validated_d0.5,20.0,14x20,validated,0.5,prova2,Ti,mvp_single,footprint,0.9351078063890118,0.8354449034184522,-0.05189212875886806,0.9367479662892059,3466
a20_h14x20_validated_d0.5,20.0,14x20,validated,0.5,prova2,Ti,mvp_single,hole,0.11609313644194383,,-11.047724568616468,,278
a20_h14x20_validated_d0.5,20.0,14x20,validated,0.5,prova2,Fe,deterministic,footprint,0.9567155528148754,0.8341511031766868,-0.2507144559543928,1.0501955742291844,3466
a20_h14x20_validated_d0.5,20.0,14x20,validated,0.5,prova2,Fe,deterministic,hole,0.11305243246179007,,-96.09304557413205,,278
a20_h14x20_validated_d0.5,20.0,14x20,validated,0.5,prova2,Fe,control_mean,footprint,0.9776538637393242,0.8783878435025709,1.090667526904543,0.9791956768591668,3466
a20_h14x20_validated_d0.5,20.0,14x20,validated,0.5,prova2,Fe,control_mean,hole,0.13481681377756286,,-19.10878797021706,,278
a20_h14x20_validated_d0.5,20.0,14x20,validated,0.5,prova2,Fe,jitter_mean,footprint,0.9762217579936955,0.8782842197491204,1.624939264629921,0.9849961312024851,3466
a20_h14x20_validated_d0.5,20.0,14x20,validated,0.5,prova2,Fe,jitter_mean,hole,0.12111382284567787,,-29.013891844177202,,278
a20_h14x20_validated_d0.5,20.0,14x20,validated,0.5,prova2,Fe,control_single,footprint,0.9786560595179153,0.8821222678285737,1.3901832924616553,0.9783758852684998,3466
a20_h14x20_validated_d0.5,20.0,14x20,validated,0.5,prova2,Fe,control_single,hole,0.21671985717362482,,-16.293377480915876,,278
a20_h14x20_validated_d0.5,20.0,14x20,validated,0.5,prova2,Fe,jitter_single,footprint,0.9732438473764782,0.8658967487871667,-5.9542626339450955,1.0283622867567948,3466
a20_h14x20_validated_d0.5,20.0,14x20,validated,0.5,prova2,Fe,jitter_single,hole,0.3077727881177329,,-48.541521864168246,,278
a20_h14x20_validated_d0.5,20.0,14x20,validated,0.5,prova2,Fe,mvp_single,footprint,0.973165226679752,0.8777899112990097,-0.1902895504075186,1.0030975328160896,3466
a20_h14x20_validated_d0.5,20.0,14x20,validated,0.5,prova2,Fe,mvp_single,hole,0.0798482184098611,,-45.66369844209376,,278
a20_h14x20_validated_d0.5,20.0,14x20,validated,0.5,prova2,Cu,deterministic,footprint,0.9120853249593323,0.842670294520638,-1.315465702456653,1.0196268882672381,3466
a20_h14x20_validated_d0.5,20.0,14x20,validated,0.5,prova2,Cu,deterministic,hole,0.3211691904354478,,-94.82040968581562,,278
a20_h14x20_validated_d0.5,20.0,14x20,validated,0.5,prova2,Cu,control_mean,footprint,0.9470555873888407,0.8579498331069981,-1.0386044849754694,0.9556609172102809,3466
a20_h14x20_validated_d0.5,20.0,14x20,validated,0.5,prova2,Cu,control_mean,hole,0.25379172907824005,,-25.905692543388827,,278
a20_h14x20_validated_d0.5,20.0,14x20,validated,0.5,prova2,Cu,jitter_mean,footprint,0.9489076927867077,0.8593130324355555,-1.2866324644562388,0.9397263998911422,3466
a20_h14x20_validated_d0.5,20.0,14x20,validated,0.5,prova2,Cu,jitter_mean,hole,0.3333029160070914,,-16.38693461093546,,278
a20_h14x20_validated_d0.5,20.0,14x20,validated,0.5,prova2,Cu,control_single,footprint,0.9510477592858387,0.8554805206351411,-0.6766267323866426,0.9335245774509703,3466
a20_h14x20_validated_d0.5,20.0,14x20,validated,0.5,prova2,Cu,control_single,hole,0.36071222903564226,,-1.3788999844894136,,278
a20_h14x20_validated_d0.5,20.0,14x20,validated,0.5,prova2,Cu,jitter_single,footprint,0.9410859080097016,0.8421778736657063,-3.607612735591159,0.9537472464010205,3466
a20_h14x20_validated_d0.5,20.0,14x20,validated,0.5,prova2,Cu,jitter_single,hole,0.15870659999279543,,-25.745944469047753,,278
a20_h14x20_validated_d0.5,20.0,14x20,validated,0.5,prova2,Cu,mvp_single,footprint,0.9539522457589957,0.8643552049264439,-0.9075706470230704,0.9255388584094587,3466
a20_h14x20_validated_d0.5,20.0,14x20,validated,0.5,prova2,Cu,mvp_single,hole,0.4475732982220869,,11.214945800333878,,278
a20_h14x20_validated_d0.5,20.0,14x20,validated,0.5,prova2,PbLl,deterministic,footprint,0.8047016944709159,0.7191226352236001,-2.051581155930149,1.0722562169551988,3466
a20_h14x20_validated_d0.5,20.0,14x20,validated,0.5,prova2,PbLl,deterministic,hole,0.20393670397262206,,-94.78471242701899,,278
a20_h14x20_validated_d0.5,20.0,14x20,validated,0.5,prova2,PbLl,control_mean,footprint,0.912453520910738,0.7788350154373336,-0.4716701159770964,0.9170744277875199,3466
a20_h14x20_validated_d0.5,20.0,14x20,validated,0.5,prova2,PbLl,control_mean,hole,0.268713608373898,,4.549346843760556,,278
a20_h14x20_validated_d0.5,20.0,14x20,validated,0.5,prova2,PbLl,jitter_mean,footprint,0.9039518247361154,0.7752971320653571,-1.784050812609772,0.9117898697198411,3466
a20_h14x20_validated_d0.5,20.0,14x20,validated,0.5,prova2,PbLl,jitter_mean,hole,0.1492639366242846,,18.40137397501187,,278
a20_h14x20_validated_d0.5,20.0,14x20,validated,0.5,prova2,PbLl,control_single,footprint,0.9090583832360465,0.7724185813361606,-0.3460110501914748,0.9128577511473529,3466
a20_h14x20_validated_d0.5,20.0,14x20,validated,0.5,prova2,PbLl,control_single,hole,0.24657181574522805,,9.378822767037896,,278
a20_h14x20_validated_d0.5,20.0,14x20,validated,0.5,prova2,PbLl,jitter_single,footprint,0.8861351625141527,0.7526748179548589,-4.5863786797194495,0.9183120162247846,3466
a20_h14x20_validated_d0.5,20.0,14x20,validated,0.5,prova2,PbLl,jitter_single,hole,-0.08662167938832142,,22.245068972128838,,278
a20_h14x20_validated_d0.5,20.0,14x20,validated,0.5,prova2,PbLl,mvp_single,footprint,0.8914307009481646,0.7693298114913156,-0.06289036721236485,0.9234110279465219,3466
a20_h14x20_validated_d0.5,20.0,14x20,validated,0.5,prova2,PbLl,mvp_single,hole,0.19139204632352513,,36.663120717625084,,278
a20_h14x20_validated_d0.5,20.0,14x20,validated,0.5,prova2,PbLa,deterministic,footprint,0.7156096308616733,0.804571089630653,-0.41388012892125126,1.2830984395573435,3466
a20_h14x20_validated_d0.5,20.0,14x20,validated,0.5,prova2,PbLa,deterministic,hole,0.27391154116772953,,-94.94701712885774,,278
a20_h14x20_validated_d0.5,20.0,14x20,validated,0.5,prova2,PbLa,control_mean,footprint,0.9536445807430478,0.9000780368900545,0.04489836616961007,0.9326067009065977,3466
a20_h14x20_validated_d0.5,20.0,14x20,validated,0.5,prova2,PbLa,control_mean,hole,0.3152638488185144,,6.248054289932368,,278
a20_h14x20_validated_d0.5,20.0,14x20,validated,0.5,prova2,PbLa,jitter_mean,footprint,0.9411369522699056,0.8917308680100732,0.15843317548780433,0.927292961676223,3466
a20_h14x20_validated_d0.5,20.0,14x20,validated,0.5,prova2,PbLa,jitter_mean,hole,0.15549632405557173,,14.347837729451623,,278
a20_h14x20_validated_d0.5,20.0,14x20,validated,0.5,prova2,PbLa,control_single,footprint,0.9508177091509987,0.8918971842346699,0.10208120666570508,0.9262064395872827,3466
a20_h14x20_validated_d0.5,20.0,14x20,validated,0.5,prova2,PbLa,control_single,hole,0.25560678456388136,,5.783265246230471,,278
a20_h14x20_validated_d0.5,20.0,14x20,validated,0.5,prova2,PbLa,jitter_single,footprint,0.9220429965812982,0.8637481249429662,3.5288863235315215,0.939141234405727,3466
a20_h14x20_validated_d0.5,20.0,14x20,validated,0.5,prova2,PbLa,jitter_single,hole,-0.1335704889150534,,13.887030803453937,,278
a20_h14x20_validated_d0.5,20.0,14x20,validated,0.5,prova2,PbLa,mvp_single,footprint,0.9195957658799263,0.8939936515823572,0.25388782890782835,0.9542643004820489,3466
a20_h14x20_validated_d0.5,20.0,14x20,validated,0.5,prova2,PbLa,mvp_single,hole,0.34409433244445614,,32.04140708423008,,278
a20_h14x20_validated_d0.5,20.0,14x20,validated,0.5,prova2,PbLb,deterministic,footprint,0.7090942015388295,0.8005018574067003,-0.51325534611526,1.2891868791340804,3466
a20_h14x20_validated_d0.5,20.0,14x20,validated,0.5,prova2,PbLb,deterministic,hole,0.28283335329946496,,-94.99832109512951,,278
a20_h14x20_validated_d0.5,20.0,14x20,validated,0.5,prova2,PbLb,control_mean,footprint,0.9518525929357307,0.8970267671378763,0.1415120891768762,0.9272180350161202,3466
a20_h14x20_validated_d0.5,20.0,14x20,validated,0.5,prova2,PbLb,control_mean,hole,0.34311116278777887,,6.010351646574581,,278
a20_h14x20_validated_d0.5,20.0,14x20,validated,0.5,prova2,PbLb,jitter_mean,footprint,0.9392300012027334,0.888341163189299,0.19646154250878567,0.9236509177734751,3466
a20_h14x20_validated_d0.5,20.0,14x20,validated,0.5,prova2,PbLb,jitter_mean,hole,0.17918806689625968,,13.81947777402663,,278
a20_h14x20_validated_d0.5,20.0,14x20,validated,0.5,prova2,PbLb,control_single,footprint,0.948776587272652,0.8880337642959096,0.09177926825021387,0.9208245353392314,3466
a20_h14x20_validated_d0.5,20.0,14x20,validated,0.5,prova2,PbLb,control_single,hole,0.275040100127815,,4.413690130631517,,278
a20_h14x20_validated_d0.5,20.0,14x20,validated,0.5,prova2,PbLb,jitter_single,footprint,0.9187394377998221,0.8619520309257963,1.932795566076173,0.9366107844641216,3466
a20_h14x20_validated_d0.5,20.0,14x20,validated,0.5,prova2,PbLb,jitter_single,hole,-0.11195356696377372,,12.819170899583124,,278
a20_h14x20_validated_d0.5,20.0,14x20,validated,0.5,prova2,PbLb,mvp_single,footprint,0.9200961584564082,0.8922600023630927,0.41517685084446754,0.9485404569278283,3466
a20_h14x20_validated_d0.5,20.0,14x20,validated,0.5,prova2,PbLb,mvp_single,hole,0.39615491026144106,,31.25174512235043,,278
a20_h14x20_validated_d0.5,20.0,14x20,validated,0.5,prova2,PbLg,deterministic,footprint,0.6966977177984931,0.7452890140328039,-0.7497384291553333,1.2983820893623907,3466
a20_h14x20_validated_d0.5,20.0,14x20,validated,0.5,prova2,PbLg,deterministic,hole,0.25699938029537506,,-94.95894559084597,,278
a20_h14x20_validated_d0.5,20.0,14x20,validated,0.5,prova2,PbLg,control_mean,footprint,0.928926527632421,0.8350817156721146,0.48250900242590156,0.9223799150509473,3466
a20_h14x20_validated_d0.5,20.0,14x20,validated,0.5,prova2,PbLg,control_mean,hole,0.32512464954569475,,8.655643640862248,,278
a20_h14x20_validated_d0.5,20.0,14x20,validated,0.5,prova2,PbLg,jitter_mean,footprint,0.9119151688768408,0.8257905756056967,0.4040858402071912,0.9180995341293857,3466
a20_h14x20_validated_d0.5,20.0,14x20,validated,0.5,prova2,PbLg,jitter_mean,hole,0.16573336209263895,,18.181026095689838,,278
a20_h14x20_validated_d0.5,20.0,14x20,validated,0.5,prova2,PbLg,control_single,footprint,0.9253296674838541,0.8252387504827655,0.6933964343640131,0.9148039285495314,3466
a20_h14x20_validated_d0.5,20.0,14x20,validated,0.5,prova2,PbLg,control_single,hole,0.24987245721604331,,7.825765800388601,,278
a20_h14x20_validated_d0.5,20.0,14x20,validated,0.5,prova2,PbLg,jitter_single,footprint,0.8921446954802954,0.8005622513442705,2.384815592273881,0.9291943411154667,3466
a20_h14x20_validated_d0.5,20.0,14x20,validated,0.5,prova2,PbLg,jitter_single,hole,-0.1157224552281315,,16.616547024348712,,278
a20_h14x20_validated_d0.5,20.0,14x20,validated,0.5,prova2,PbLg,mvp_single,footprint,0.875598166171387,0.8225309607357274,0.48905919117649965,0.960235165898918,3466
a20_h14x20_validated_d0.5,20.0,14x20,validated,0.5,prova2,PbLg,mvp_single,hole,0.3311059158830686,,39.97498833288623,,278
a25_h0x0_validated_d0.5,25.0,0x0,validated,0.5,prova2,Ca,deterministic,footprint,0.980206035683238,0.9501931902116473,0.32370896482767364,0.9224788084722235,3466
a25_h0x0_validated_d0.5,25.0,0x0,validated,0.5,prova2,Ca,control_mean,footprint,0.988715171926089,0.9695284180709687,0.22213630184495514,0.9544848608783029,3466
a25_h0x0_validated_d0.5,25.0,0x0,validated,0.5,prova2,Ca,jitter_mean,footprint,0.986994399053154,0.9669192402508501,1.273555091607692,0.9480590579897618,3466
a25_h0x0_validated_d0.5,25.0,0x0,validated,0.5,prova2,Ca,control_single,footprint,0.9881624209465407,0.9675928121668532,-0.34881412505685105,0.9565276159853973,3466
a25_h0x0_validated_d0.5,25.0,0x0,validated,0.5,prova2,Ca,jitter_single,footprint,0.9817465920361481,0.957340932359402,7.237331349411225,0.9350145593126293,3466
a25_h0x0_validated_d0.5,25.0,0x0,validated,0.5,prova2,Ca,mvp_single,footprint,0.9875599857787578,0.9672996262522295,0.22404074132358343,0.9483346453838752,3466
a25_h0x0_validated_d0.5,25.0,0x0,validated,0.5,prova2,Ti,deterministic,footprint,0.9552591250192519,0.8964469711885972,0.5904760505723194,0.9041772752708972,3466
a25_h0x0_validated_d0.5,25.0,0x0,validated,0.5,prova2,Ti,control_mean,footprint,0.9641810054792627,0.9134110060920563,0.2867201625426752,0.9390207158674397,3466
a25_h0x0_validated_d0.5,25.0,0x0,validated,0.5,prova2,Ti,jitter_mean,footprint,0.9624545784060747,0.9104412660924375,1.309510111221246,0.9303964505950837,3466
a25_h0x0_validated_d0.5,25.0,0x0,validated,0.5,prova2,Ti,control_single,footprint,0.9616563140702091,0.9095779504721857,0.35765579312783125,0.9420988767672861,3466
a25_h0x0_validated_d0.5,25.0,0x0,validated,0.5,prova2,Ti,jitter_single,footprint,0.9537435259002386,0.8999732803206821,1.424687628030652,0.9381230544284908,3466
a25_h0x0_validated_d0.5,25.0,0x0,validated,0.5,prova2,Ti,mvp_single,footprint,0.9622355420295101,0.9111995593644915,0.2757403291009819,0.9415867229019067,3466
a25_h0x0_validated_d0.5,25.0,0x0,validated,0.5,prova2,Fe,deterministic,footprint,0.990503369461687,0.9493385759524153,1.6112721087446769,0.963034606799225,3466
a25_h0x0_validated_d0.5,25.0,0x0,validated,0.5,prova2,Fe,control_mean,footprint,0.9933077585351033,0.9565210383113573,0.8572386028788515,0.9772259876632905,3466
a25_h0x0_validated_d0.5,25.0,0x0,validated,0.5,prova2,Fe,jitter_mean,footprint,0.9928022854635402,0.9547095178929589,1.934929720847367,0.9721835154795427,3466
a25_h0x0_validated_d0.5,25.0,0x0,validated,0.5,prova2,Fe,control_single,footprint,0.9938529649695159,0.9562140863784583,0.8831680042214796,0.9774381827429409,3466
a25_h0x0_validated_d0.5,25.0,0x0,validated,0.5,prova2,Fe,jitter_single,footprint,0.9909746592208136,0.9447046745004357,-5.858415596820787,0.9989049118080181,3466
a25_h0x0_validated_d0.5,25.0,0x0,validated,0.5,prova2,Fe,mvp_single,footprint,0.9930003813799785,0.9542922673725214,0.6008748673259845,0.9746428038556193,3466
a25_h0x0_validated_d0.5,25.0,0x0,validated,0.5,prova2,Cu,deterministic,footprint,0.9808535575398776,0.9402700223560552,0.1692954269976621,0.9415924817234497,3466
a25_h0x0_validated_d0.5,25.0,0x0,validated,0.5,prova2,Cu,control_mean,footprint,0.9871674659810432,0.9561042839369324,-0.20248736530805722,0.9685362423129683,3466
a25_h0x0_validated_d0.5,25.0,0x0,validated,0.5,prova2,Cu,jitter_mean,footprint,0.9861150903528646,0.9529119105367921,-0.474460407839028,0.9623448832989235,3466
a25_h0x0_validated_d0.5,25.0,0x0,validated,0.5,prova2,Cu,control_single,footprint,0.985915430935488,0.9505679571895419,0.05994895863141725,0.9656243680086647,3466
a25_h0x0_validated_d0.5,25.0,0x0,validated,0.5,prova2,Cu,jitter_single,footprint,0.9828482977240282,0.9391240752289621,-3.0494847793061552,0.9674170106823694,3466
a25_h0x0_validated_d0.5,25.0,0x0,validated,0.5,prova2,Cu,mvp_single,footprint,0.9869836320153096,0.9546117749109132,-0.5078869332204361,0.9680688399165193,3466
a25_h0x0_validated_d0.5,25.0,0x0,validated,0.5,prova2,PbLl,deterministic,footprint,0.9436299750697679,0.8280379474015123,0.2795671414671741,0.9176204265957751,3466
a25_h0x0_validated_d0.5,25.0,0x0,validated,0.5,prova2,PbLl,control_mean,footprint,0.9506296677876318,0.8462936232796303,-0.14996449362953967,0.9505357144108222,3466
a25_h0x0_validated_d0.5,25.0,0x0,validated,0.5,prova2,PbLl,jitter_mean,footprint,0.9499181909022533,0.8434325133058377,-2.4550137872176303,0.954208842623515,3466
a25_h0x0_validated_d0.5,25.0,0x0,validated,0.5,prova2,PbLl,control_single,footprint,0.9494847118215946,0.8431992445200829,-0.5358065801816858,0.9531548378148553,3466
a25_h0x0_validated_d0.5,25.0,0x0,validated,0.5,prova2,PbLl,jitter_single,footprint,0.9451604241070605,0.8301578569246147,-5.642549140698994,0.9610970317287341,3466
a25_h0x0_validated_d0.5,25.0,0x0,validated,0.5,prova2,PbLl,mvp_single,footprint,0.948994578379786,0.8414808822346239,-0.6539133943968212,0.9598949689225025,3466
a25_h0x0_validated_d0.5,25.0,0x0,validated,0.5,prova2,PbLa,deterministic,footprint,0.9857144860637074,0.9586154811877502,0.19151599478481884,0.9323113826386912,3466
a25_h0x0_validated_d0.5,25.0,0x0,validated,0.5,prova2,PbLa,control_mean,footprint,0.9937030398583168,0.9790036921342745,-0.0014021427771182537,0.9656484404779859,3466
a25_h0x0_validated_d0.5,25.0,0x0,validated,0.5,prova2,PbLa,jitter_mean,footprint,0.9921747454200518,0.9753037121825591,0.009085860269797408,0.9594563237116429,3466
a25_h0x0_validated_d0.5,25.0,0x0,validated,0.5,prova2,PbLa,control_single,footprint,0.9933129623536483,0.9775389439455879,-0.05419872429561767,0.9631392311917398,3466
a25_h0x0_validated_d0.5,25.0,0x0,validated,0.5,prova2,PbLa,jitter_single,footprint,0.9870766039347834,0.9673845367275969,3.952890938929743,0.9653293227582997,3466
a25_h0x0_validated_d0.5,25.0,0x0,validated,0.5,prova2,PbLa,mvp_single,footprint,0.9929344320327583,0.9777565422000454,0.05246952078570288,0.9638264703082737,3466
a25_h0x0_validated_d0.5,25.0,0x0,validated,0.5,prova2,PbLb,deterministic,footprint,0.9849114213176229,0.9547292264271546,0.06005809473648149,0.9295458863689983,3466
a25_h0x0_validated_d0.5,25.0,0x0,validated,0.5,prova2,PbLb,control_mean,footprint,0.992663315152322,0.9746486569800062,0.02571047187980291,0.9627922531782865,3466
a25_h0x0_validated_d0.5,25.0,0x0,validated,0.5,prova2,PbLb,jitter_mean,footprint,0.9911668833046771,0.971317651876316,0.034943566864042985,0.9593165367362851,3466
a25_h0x0_validated_d0.5,25.0,0x0,validated,0.5,prova2,PbLb,control_single,footprint,0.9922226864111943,0.9730562956604712,-0.08308850616947083,0.9600331672583954,3466
a25_h0x0_validated_d0.5,25.0,0x0,validated,0.5,prova2,PbLb,jitter_single,footprint,0.9863874613585747,0.9638076129271328,2.1533617392011983,0.9670010629395723,3466
a25_h0x0_validated_d0.5,25.0,0x0,validated,0.5,prova2,PbLb,mvp_single,footprint,0.9918866010091091,0.9735718139187292,0.17493995328150547,0.9615859418399781,3466
a25_h0x0_validated_d0.5,25.0,0x0,validated,0.5,prova2,PbLg,deterministic,footprint,0.9632785953083088,0.8886673655211199,0.20799891564315942,0.9251717004158114,3466
a25_h0x0_validated_d0.5,25.0,0x0,validated,0.5,prova2,PbLg,control_mean,footprint,0.9710456155178848,0.9077615018930671,0.20082931004914428,0.9589778411279742,3466
a25_h0x0_validated_d0.5,25.0,0x0,validated,0.5,prova2,PbLg,jitter_mean,footprint,0.9691819729092761,0.9037892515075435,-0.09218910272814629,0.9530372545674712,3466
a25_h0x0_validated_d0.5,25.0,0x0,validated,0.5,prova2,PbLg,control_single,footprint,0.9703239047194196,0.9058645754886497,0.3428787206895878,0.9553598799434925,3466
a25_h0x0_validated_d0.5,25.0,0x0,validated,0.5,prova2,PbLg,jitter_single,footprint,0.9642845671883077,0.8971137987292703,2.3189681210866064,0.9586562284901554,3466
a25_h0x0_validated_d0.5,25.0,0x0,validated,0.5,prova2,PbLg,mvp_single,footprint,0.9704056892792122,0.9063501248060395,-0.09072336940054715,0.9618241903772491,3466
a25_h14x20_validated_d0.5,25.0,14x20,validated,0.5,prova2,Ca,deterministic,footprint,0.7631817242091722,0.8269262907398359,-0.5895592912434466,1.1545238267244091,3466
a25_h14x20_validated_d0.5,25.0,14x20,validated,0.5,prova2,Ca,deterministic,hole,-0.05017214205246758,,-96.83639657023436,,278
a25_h14x20_validated_d0.5,25.0,14x20,validated,0.5,prova2,Ca,control_mean,footprint,0.9525042774929721,0.8895058117683802,0.020257725882300015,0.9212626821513137,3466
a25_h14x20_validated_d0.5,25.0,14x20,validated,0.5,prova2,Ca,control_mean,hole,0.4123847301503676,,-7.104624615921968,,278
a25_h14x20_validated_d0.5,25.0,14x20,validated,0.5,prova2,Ca,jitter_mean,footprint,0.9497147035649498,0.8834392926616293,1.0659698185270905,0.9101332410511449,3466
a25_h14x20_validated_d0.5,25.0,14x20,validated,0.5,prova2,Ca,jitter_mean,hole,0.2842349459583013,,4.266726145480869,,278
a25_h14x20_validated_d0.5,25.0,14x20,validated,0.5,prova2,Ca,control_single,footprint,0.9560339786991086,0.8943819563662861,-0.4578860028095266,0.9236992573407176,3466
a25_h14x20_validated_d0.5,25.0,14x20,validated,0.5,prova2,Ca,control_single,hole,0.5499178201495891,,-7.408399889517116,,278
a25_h14x20_validated_d0.5,25.0,14x20,validated,0.5,prova2,Ca,jitter_single,footprint,0.9374557077796777,0.8786445078121766,6.682479079571557,0.9222230684787546,3466
a25_h14x20_validated_d0.5,25.0,14x20,validated,0.5,prova2,Ca,jitter_single,hole,0.3092286106733032,,-12.284781175964708,,278
a25_h14x20_validated_d0.5,25.0,14x20,validated,0.5,prova2,Ca,mvp_single,footprint,0.9370744283841282,0.886890363005126,0.058005926632809235,0.9367173689668218,3466
a25_h14x20_validated_d0.5,25.0,14x20,validated,0.5,prova2,Ca,mvp_single,hole,0.2568691443007075,,-24.16749756991413,,278
a25_h14x20_validated_d0.5,25.0,14x20,validated,0.5,prova2,Ti,deterministic,footprint,0.6722111387830088,0.765844939591395,-0.4988162831884524,1.262754233825963,3466
a25_h14x20_validated_d0.5,25.0,14x20,validated,0.5,prova2,Ti,deterministic,hole,-0.052955379792009614,,-96.11666985898061,,278
a25_h14x20_validated_d0.5,25.0,14x20,validated,0.5,prova2,Ti,control_mean,footprint,0.9460634465213853,0.8496488390842833,0.22178017950011952,0.923836128628557,3466
a25_h14x20_validated_d0.5,25.0,14x20,validated,0.5,prova2,Ti,control_mean,hole,0.3059492538141212,,0.3879966470342976,,278
a25_h14x20_validated_d0.5,25.0,14x20,validated,0.5,prova2,Ti,jitter_mean,footprint,0.9394712963563436,0.8429261440106003,1.5279685082081995,0.9181457295540789,3466
a25_h14x20_validated_d0.5,25.0,14x20,validated,0.5,prova2,Ti,jitter_mean,hole,0.161361423826163,,9.270536830268277,,278
a25_h14x20_validated_d0.5,25.0,14x20,validated,0.5,prova2,Ti,control_single,footprint,0.9442609080872508,0.8485147993641012,0.06048539327307978,0.9305753922311428,3466
a25_h14x20_validated_d0.5,25.0,14x20,validated,0.5,prova2,Ti,control_single,hole,0.33412083845976726,,-3.2314187393616525,,278
a25_h14x20_validated_d0.5,25.0,14x20,validated,0.5,prova2,Ti,jitter_single,footprint,0.9266873589239571,0.8278110718067432,0.8511561181604232,0.9363569158656885,3466
a25_h14x20_validated_d0.5,25.0,14x20,validated,0.5,prova2,Ti,jitter_single,hole,0.11552470777852089,,-6.5987554768030625,,278
a25_h14x20_validated_d0.5,25.0,14x20,validated,0.5,prova2,Ti,mvp_single,footprint,0.9362585390773873,0.8369996427485757,-0.019233904990489936,0.9355229254487188,3466
a25_h14x20_validated_d0.5,25.0,14x20,validated,0.5,prova2,Ti,mvp_single,hole,0.12620495282229133,,-10.436937427986635,,278
a25_h14x20_validated_d0.5,25.0,14x20,validated,0.5,prova2,Fe,deterministic,footprint,0.9567142260079535,0.8341382839200199,-0.24458956903055107,1.0501979495023028,3466
a25_h14x20_validated_d0.5,25.0,14x20,validated,0.5,prova2,Fe,deterministic,hole,0.11305262126476777,,-96.09299956337857,,278
a25_h14x20_validated_d0.5,25.0,14x20,validated,0.5,prova2,Fe,control_mean,footprint,0.9775411480354373,0.8780130434692192,1.0269605179902497,0.9796777561215455,3466
a25_h14x20_validated_d0.5,25.0,14x20,validated,0.5,prova2,Fe,control_mean,hole,0.12406577395579658,,-19.44980764716819,,278
a25_h14x20_validated_d0.5,25.0,14x20,validated,0.5,prova2,Fe,jitter_mean,footprint,0.9763580559961087,0.8780310397328829,1.693283580626992,0.9834528734202305,3466
a25_h14x20_validated_d0.5,25.0,14x20,validated,0.5,prova2,Fe,jitter_mean,hole,0.11899342059341823,,-27.738848162154024,,278
a25_h14x20_validated_d0.5,25.0,14x20,validated,0.5,prova2,Fe,control_single,footprint,0.9786321366952564,0.8816776820228532,1.2019458572358088,0.9782808301135436,3466
a25_h14x20_validated_d0.5,25.0,14x20,validated,0.5,prova2,Fe,control_single,hole,0.2164950500558715,,-16.099944105934938,,278
a25_h14x20_validated_d0.5,25.0,14x20,validated,0.5,prova2,Fe,jitter_single,footprint,0.9732575764361827,0.8658050506830467,-6.964028867149108,1.03079688078046,3466
a25_h14x20_validated_d0.5,25.0,14x20,validated,0.5,prova2,Fe,jitter_single,hole,0.30927672160525277,,-48.79817024589068,,278
a25_h14x20_validated_d0.5,25.0,14x20,validated,0.5,prova2,Fe,mvp_single,footprint,0.9732197820930182,0.8777216963106684,-0.15825056722458264,1.0026985395331527,3466
a25_h14x20_validated_d0.5,25.0,14x20,validated,0.5,prova2,Fe,mvp_single,hole,0.08608042695362647,,-45.346577021790615,,278
a25_h14x20_validated_d0.5,25.0,14x20,validated,0.5,prova2,Cu,deterministic,footprint,0.9120514642675733,0.8425747333926289,-1.3187805453503287,1.0196800082824562,3466
a25_h14x20_validated_d0.5,25.0,14x20,validated,0.5,prova2,Cu,deterministic,hole,0.32115820650392674,,-94.82058781568327,,278
a25_h14x20_validated_d0.5,25.0,14x20,validated,0.5,prova2,Cu,control_mean,footprint,0.9466920992469761,0.8574968425220576,-0.9904523465284365,0.9554462386814336,3466
a25_h14x20_validated_d0.5,25.0,14x20,validated,0.5,prova2,Cu,control_mean,hole,0.2384410292670857,,-25.8154973713943,,278
a25_h14x20_validated_d0.5,25.0,14x20,validated,0.5,prova2,Cu,jitter_mean,footprint,0.9487191823971888,0.8589945090775025,-1.1923407877430403,0.9408903773684004,3466
a25_h14x20_validated_d0.5,25.0,14x20,validated,0.5,prova2,Cu,jitter_mean,hole,0.3306263827570249,,-17.286889391838457,,278
a25_h14x20_validated_d0.5,25.0,14x20,validated,0.5,prova2,Cu,control_single,footprint,0.9502041504589296,0.8545998861490758,-0.3973281352696034,0.9328438184953425,3466
a25_h14x20_validated_d0.5,25.0,14x20,validated,0.5,prova2,Cu,control_single,hole,0.33278150625223685,,-1.0905278116174966,,278
a25_h14x20_validated_d0.5,25.0,14x20,validated,0.5,prova2,Cu,jitter_single,footprint,0.9412420077949083,0.8424853873848656,-3.921638225102475,0.9573564288497176,3466
a25_h14x20_validated_d0.5,25.0,14x20,validated,0.5,prova2,Cu,jitter_single,hole,0.17702633882582405,,-27.52379139769348,,278
a25_h14x20_validated_d0.5,25.0,14x20,validated,0.5,prova2,Cu,mvp_single,footprint,0.9538668953166108,0.8641287644660707,-0.9853073853159922,0.9256100166515611,3466
a25_h14x20_validated_d0.5,25.0,14x20,validated,0.5,prova2,Cu,mvp_single,hole,0.4465740433423871,,11.65841566372766,,278
a25_h14x20_validated_d0.5,25.0,14x20,validated,0.5,prova2,PbLl,deterministic,footprint,0.804755345476203,0.7192846474081571,-2.038812017682179,1.0721826657913982,3466
a25_h14x20_validated_d0.5,25.0,14x20,validated,0.5,prova2,PbLl,deterministic,hole,0.2039364775873225,,-94.78474945393626,,278
a25_h14x20_validated_d0.5,25.0,14x20,validated,0.5,prova2,PbLl,control_mean,footprint,0.912647358644009,0.7788843335963932,-0.4703102334422171,0.9170873131912324,3466
a25_h14x20_validated_d0.5,25.0,14x20,validated,0.5,prova2,PbLl,control_mean,hole,0.27107993268727776,,4.021237156470788,,278
a25_h14x20_validated_d0.5,25.0,14x20,validated,0.5,prova2,PbLl,jitter_mean,footprint,0.9039222112595711,0.7755112328125706,-2.071457027756063,0.9136877210782801,3466
a25_h14x20_validated_d0.5,25.0,14x20,validated,0.5,prova2,PbLl,jitter_mean,hole,0.1458682253767497,,18.19371480832133,,278
a25_h14x20_validated_d0.5,25.0,14x20,validated,0.5,prova2,PbLl,control_single,footprint,0.9102080186250385,0.7733929604752283,-0.2956099127908618,0.9129458187059566,3466
a25_h14x20_validated_d0.5,25.0,14x20,validated,0.5,prova2,PbLl,control_single,hole,0.27980119334563797,,8.686166269256482,,278
a25_h14x20_validated_d0.5,25.0,14x20,validated,0.5,prova2,PbLl,jitter_single,footprint,0.8852267964057107,0.7510249355081076,-5.518591874360457,0.922044781869564,3466
a25_h14x20_validated_d0.5,25.0,14x20,validated,0.5,prova2,PbLl,jitter_single,hole,-0.11579682210072825,,21.008803764244714,,278
a25_h14x20_validated_d0.5,25.0,14x20,validated,0.5,prova2,PbLl,mvp_single,footprint,0.890592972709123,0.7692268976985316,-0.11372418377084692,0.9229300304661757,3466
a25_h14x20_validated_d0.5,25.0,14x20,validated,0.5,prova2,PbLl,mvp_single,hole,0.1951592747631686,,38.09300232699174,,278
a25_h14x20_validated_d0.5,25.0,14x20,validated,0.5,prova2,PbLa,deterministic,footprint,0.7156066370741928,0.8045113713293319,-0.4184759885506928,1.2831262760721247,3466
a25_h14x20_validated_d0.5,25.0,14x20,validated,0.5,prova2,PbLa,deterministic,hole,0.2739007721835736,,-94.94701212195247,,278
a25_h14x20_validated_d0.5,25.0,14x20,validated,0.5,prova2,PbLa,control_mean,footprint,0.9540945042318868,0.9001145266348157,0.04772418433813819,0.9327863856108426,3466
a25_h14x20_validated_d0.5,25.0,14x20,validated,0.5,prova2,PbLa,control_mean,hole,0.3223172365314825,,5.665874356313959,,278
a25_h14x20_validated_d0.5,25.0,14x20,validated,0.5,prova2,PbLa,jitter_mean,footprint,0.9404711599044823,0.8914307829218745,0.1615521223020444,0.9264989250387113,3466
a25_h14x20_validated_d0.5,25.0,14x20,validated,0.5,prova2,PbLa,jitter_mean,hole,0.14808931768620362,,14.751977572599897,,278
a25_h14x20_validated_d0.5,25.0,14x20,validated,0.5,prova2,PbLa,control_single,footprint,0.952519057256975,0.8940613977074533,0.11774365540158094,0.9261035726828027,3466
a25_h14x20_validated_d0.5,25.0,14x20,validated,0.5,prova2,PbLa,control_single,hole,0.3134373297629034,,5.533628475736423,,278
a25_h14x20_validated_d0.5,25.0,14x20,validated,0.5,prova2,PbLa,jitter_single,footprint,0.9217095914105702,0.8618220772207072,4.23932944157821,0.9376375646896852,3466
a25_h14x20_validated_d0.5,25.0,14x20,validated,0.5,prova2,PbLa,jitter_single,hole,-0.1702708214144035,,13.287879368488497,,278
a25_h14x20_validated_d0.5,25.0,14x20,validated,0.5,prova2,PbLa,mvp_single,footprint,0.9177569189126741,0.8934258602794674,0.2769886524764731,0.955119281878342,3466
a25_h14x20_validated_d0.5,25.0,14x20,validated,0.5,prova2,PbLa,mvp_single,hole,0.3563774453853291,,33.25755361852067,,278
a25_h14x20_validated_d0.5,25.0,14x20,validated,0.5,prova2,PbLb,deterministic,footprint,0.7090751206404999,0.800390950712499,-0.5066287035988992,1.289205810017776,3466
a25_h14x20_validated_d0.5,25.0,14x20,validated,0.5,prova2,PbLb,deterministic,hole,0.28282683248398166,,-94.99868427504937,,278
a25_h14x20_validated_d0.5,25.0,14x20,validated,0.5,prova2,PbLb,control_mean,footprint,0.9523106707745919,0.8970878739874236,0.1426682614577901,0.9273622646963502,3466
a25_h14x20_validated_d0.5,25.0,14x20,validated,0.5,prova2,PbLb,control_mean,hole,0.35053867906938657,,5.419099073116617,,278
a25_h14x20_validated_d0.5,25.0,14x20,validated,0.5,prova2,PbLb,jitter_mean,footprint,0.9388250781232026,0.8881934619980728,0.24216358695534623,0.9237132908398304,3466
a25_h14x20_validated_d0.5,25.0,14x20,validated,0.5,prova2,PbLb,jitter_mean,hole,0.17437936358485273,,14.164525304420522,,278
a25_h14x20_validated_d0.5,25.0,14x20,validated,0.5,prova2,PbLb,control_single,footprint,0.9504906406526278,0.8900473603309665,0.12188450900949555,0.9206718595257944,3466
a25_h14x20_validated_d0.5,25.0,14x20,validated,0.5,prova2,PbLb,control_single,hole,0.33333249743224935,,4.171024105414232,,278
a25_h14x20_validated_d0.5,25.0,14x20,validated,0.5,prova2,PbLb,jitter_single,footprint,0.9183143913692402,0.8601375684747377,2.3829844622285545,0.9367804593634786,3466
a25_h14x20_validated_d0.5,25.0,14x20,validated,0.5,prova2,PbLb,jitter_single,hole,-0.14980209034300745,,12.069812560370043,,278
a25_h14x20_validated_d0.5,25.0,14x20,validated,0.5,prova2,PbLb,mvp_single,footprint,0.9182715470914548,0.8917655374785042,0.4311898515995338,0.949393788571765,3466
a25_h14x20_validated_d0.5,25.0,14x20,validated,0.5,prova2,PbLb,mvp_single,hole,0.409888512376159,,32.475845006626265,,278
a25_h14x20_validated_d0.5,25.0,14x20,validated,0.5,prova2,PbLg,deterministic,footprint,0.6966075319202295,0.7448387623435245,-0.7542507176923285,1.2985201782433102,3466
a25_h14x20_validated_d0.5,25.0,14x20,validated,0.5,prova2,PbLg,deterministic,hole,0.2569882788651732,,-94.95895767203359,,278
a25_h14x20_validated_d0.5,25.0,14x20,validated,0.5,prova2,PbLg,control_mean,footprint,0.9293150444458356,0.8347661891006003,0.4859114467192338,0.922757424421039,3466
a25_h14x20_validated_d0.5,25.0,14x20,validated,0.5,prova2,PbLg,control_mean,hole,0.3313880797678891,,8.071947624516206,,278
a25_h14x20_validated_d0.5,25.0,14x20,validated,0.5,prova2,PbLg,jitter_mean,footprint,0.9110721141639369,0.825163526384526,0.3494260976434571,0.9181939686106204,3466
a25_h14x20_validated_d0.5,25.0,14x20,validated,0.5,prova2,PbLg,jitter_mean,hole,0.16047524347190104,,18.49832087696986,,278
a25_h14x20_validated_d0.5,25.0,14x20,validated,0.5,prova2,PbLg,control_single,footprint,0.9269291863622704,0.8267745335030596,0.7333892229842931,0.9151094003234846,3466
a25_h14x20_validated_d0.5,25.0,14x20,validated,0.5,prova2,PbLg,control_single,hole,0.3062278921194422,,7.586312530594989,,278
a25_h14x20_validated_d0.5,25.0,14x20,validated,0.5,prova2,PbLg,jitter_single,footprint,0.8918856426925781,0.7988134069018696,2.860884077947512,0.9285442436856693,3466
a25_h14x20_validated_d0.5,25.0,14x20,validated,0.5,prova2,PbLg,jitter_single,hole,-0.1522625463844048,,16.029263895842714,,278
a25_h14x20_validated_d0.5,25.0,14x20,validated,0.5,prova2,PbLg,mvp_single,footprint,0.872929654280843,0.8215298950357972,0.5133673678160422,0.9618046931740338,3466
a25_h14x20_validated_d0.5,25.0,14x20,validated,0.5,prova2,PbLg,mvp_single,hole,0.3445639078160252,,41.29580355675785,,278
a8_h0x0_sharp_d1,8.0,0x0,sharp,1.0,prova2,Ca,deterministic,footprint,0.9887997091408752,0.9746463177232222,0.13703807427414283,0.9492823403108877,3466
a8_h0x0_sharp_d1,8.0,0x0,sharp,1.0,prova2,Ca,control_mean,footprint,0.996019968778871,0.9896277470607793,0.009915175012675803,0.9893356312922665,3466
a8_h0x0_sharp_d1,8.0,0x0,sharp,1.0,prova2,Ca,jitter_mean,footprint,0.9946681057382012,0.9871962529848174,0.3833597116131404,0.9852985460968577,3466
a8_h0x0_sharp_d1,8.0,0x0,sharp,1.0,prova2,Ca,control_single,footprint,0.9950812078373329,0.9870819959013554,-0.10146870691485343,0.9843684430476431,3466
a8_h0x0_sharp_d1,8.0,0x0,sharp,1.0,prova2,Ca,jitter_single,footprint,0.9890302819097289,0.9766565335558728,3.15418473589113,0.9866381966792137,3466
a8_h0x0_sharp_d1,8.0,0x0,sharp,1.0,prova2,Ca,mvp_single,footprint,0.9952857663563309,0.9886588255754473,-0.12337986906281184,0.9979253630003634,3466
a8_h0x0_sharp_d1,8.0,0x0,sharp,1.0,prova2,Ti,deterministic,footprint,0.9775713164828702,0.9490903041360605,0.35684974343734854,0.9294933853861721,3466
a8_h0x0_sharp_d1,8.0,0x0,sharp,1.0,prova2,Ti,control_mean,footprint,0.9845368817280769,0.9623306411308098,0.1145826239107528,0.9742938712210778,3466
a8_h0x0_sharp_d1,8.0,0x0,sharp,1.0,prova2,Ti,jitter_mean,footprint,0.9830095830319399,0.9595482620399176,0.544622368020975,0.9664791195304271,3466
a8_h0x0_sharp_d1,8.0,0x0,sharp,1.0,prova2,Ti,control_single,footprint,0.9827540446832483,0.9592162360877403,0.24973154763761052,0.9741005388065094,3466
a8_h0x0_sharp_d1,8.0,0x0,sharp,1.0,prova2,Ti,jitter_single,footprint,0.9732898088556736,0.9454884705979826,0.17631619938027754,0.9794679147843267,3466
a8_h0x0_sharp_d1,8.0,0x0,sharp,1.0,prova2,Ti,mvp_single,footprint,0.9832883182168789,0.9605745347109588,-0.29147878616813117,0.9782254738753848,3466
a8_h0x0_sharp_d1,8.0,0x0,sharp,1.0,prova2,Fe,deterministic,footprint,0.9953474421644612,0.9767228343401554,0.5916168966746405,0.9762840152106566,3466
a8_h0x0_sharp_d1,8.0,0x0,sharp,1.0,prova2,Fe,control_mean,footprint,0.9976683298268987,0.9822404029875433,0.23032667266380535,0.9916557000891849,3466
a8_h0x0_sharp_d1,8.0,0x0,sharp,1.0,prova2,Fe,jitter_mean,footprint,0.9972777455169272,0.9808619743329129,0.026396087247837485,0.9915791613369169,3466
a8_h0x0_sharp_d1,8.0,0x0,sharp,1.0,prova2,Fe,control_single,footprint,0.9976815921486234,0.9812050846425526,0.35794224356986426,0.9928677530158088,3466
a8_h0x0_sharp_d1,8.0,0x0,sharp,1.0,prova2,Fe,jitter_single,footprint,0.9953404893559132,0.9715933216112801,-3.592318649797588,1.0008096243174698,3466
a8_h0x0_sharp_d1,8.0,0x0,sharp,1.0,prova2,Fe,mvp_single,footprint,0.9974811028431481,0.9807516846961991,0.10743703833617779,0.9939370163683865,3466
a8_h0x0_sharp_d1,8.0,0x0,sharp,1.0,prova2,Cu,deterministic,footprint,0.9895977937253974,0.9679361542993459,0.17655454126916936,0.9549877516888707,3466
a8_h0x0_sharp_d1,8.0,0x0,sharp,1.0,prova2,Cu,control_mean,footprint,0.9954510110045605,0.9834787091028727,-0.09995887137435044,0.9895474728082098,3466
a8_h0x0_sharp_d1,8.0,0x0,sharp,1.0,prova2,Cu,jitter_mean,footprint,0.99450126043315,0.980385630790933,-0.5170170695520837,0.9802926324920025,3466
a8_h0x0_sharp_d1,8.0,0x0,sharp,1.0,prova2,Cu,control_single,footprint,0.9945344551851301,0.9801426998515402,-0.2108370999759801,0.9864272327808318,3466
a8_h0x0_sharp_d1,8.0,0x0,sharp,1.0,prova2,Cu,jitter_single,footprint,0.9901620535913883,0.9606428091334566,-0.9786489935184495,0.9803719467557472,3466
a8_h0x0_sharp_d1,8.0,0x0,sharp,1.0,prova2,Cu,mvp_single,footprint,0.9950063211554653,0.9789020974609667,-0.47658353190371816,0.9966436072687598,3466
a8_h0x0_sharp_d1,8.0,0x0,sharp,1.0,prova2,PbLl,deterministic,footprint,0.9750507592459808,0.9189787475562835,0.012128778573017307,0.9289660231052709,3466
a8_h0x0_sharp_d1,8.0,0x0,sharp,1.0,prova2,PbLl,control_mean,footprint,0.9803584777383754,0.935024998041369,-0.014520088464464731,0.9704409293309876,3466
a8_h0x0_sharp_d1,8.0,0x0,sharp,1.0,prova2,PbLl,jitter_mean,footprint,0.9793073943730115,0.9316844566535407,-1.1355433215220812,0.9659899546318814,3466
a8_h0x0_sharp_d1,8.0,0x0,sharp,1.0,prova2,PbLl,control_single,footprint,0.9795650750727748,0.9320075423624727,-0.23495513920142042,0.9722437345045462,3466
a8_h0x0_sharp_d1,8.0,0x0,sharp,1.0,prova2,PbLl,jitter_single,footprint,0.971876387080963,0.9135255882121704,-2.741080484117542,0.9688626490610084,3466
a8_h0x0_sharp_d1,8.0,0x0,sharp,1.0,prova2,PbLl,mvp_single,footprint,0.979194547854577,0.9312315509526322,-0.3671215064507627,0.9781489819214937,3466
a8_h0x0_sharp_d1,8.0,0x0,sharp,1.0,prova2,PbLa,deterministic,footprint,0.9922506407295645,0.9792330849265927,0.09586270198458369,0.9571848663080478,3466
a8_h0x0_sharp_d1,8.0,0x0,sharp,1.0,prova2,PbLa,control_mean,footprint,0.9982710237072894,0.9942120707412626,-0.023551757926720818,0.997081729017633,3466
a8_h0x0_sharp_d1,8.0,0x0,sharp,1.0,prova2,PbLa,jitter_mean,footprint,0.9971175802261155,0.9916880128367381,-0.06112304786460854,0.9931250955505528,3466
a8_h0x0_sharp_d1,8.0,0x0,sharp,1.0,prova2,PbLa,control_single,footprint,0.9977764021784361,0.9926193786261303,-0.043517991701857994,0.9941508438429041,3466
a8_h0x0_sharp_d1,8.0,0x0,sharp,1.0,prova2,PbLa,jitter_single,footprint,0.991289260098605,0.9802305117168784,1.4627082778111866,0.9980297662685158,3466
a8_h0x0_sharp_d1,8.0,0x0,sharp,1.0,prova2,PbLa,mvp_single,footprint,0.9978672325537081,0.9933400924707971,0.026995181602051943,0.9997890386603059,3466
a8_h0x0_sharp_d1,8.0,0x0,sharp,1.0,prova2,PbLb,deterministic,footprint,0.9919215948646013,0.9776447207831052,0.08670734897076038,0.955542447292446,3466
a8_h0x0_sharp_d1,8.0,0x0,sharp,1.0,prova2,PbLb,control_mean,footprint,0.9978202826205983,0.9926316123077045,-0.02688063245190886,0.9956238942991638,3466
a8_h0x0_sharp_d1,8.0,0x0,sharp,1.0,prova2,PbLb,jitter_mean,footprint,0.9966699698855557,0.9900012260708758,-0.0689126275295604,0.9915551939818158,3466
a8_h0x0_sharp_d1,8.0,0x0,sharp,1.0,prova2,PbLb,control_single,footprint,0.9973307721008281,0.9910783114958556,0.004260036736902784,0.9920175291610116,3466
a8_h0x0_sharp_d1,8.0,0x0,sharp,1.0,prova2,PbLb,jitter_single,footprint,0.9911511469592107,0.9792404841500789,0.5491685952595748,0.9978259137298674,3466
a8_h0x0_sharp_d1,8.0,0x0,sharp,1.0,prova2,PbLb,mvp_single,footprint,0.9974136982748846,0.9918581054858948,0.03723521143497166,0.9986869544467523,3466
a8_h0x0_sharp_d1,8.0,0x0,sharp,1.0,prova2,PbLg,deterministic,footprint,0.9832115487970433,0.9486485090324311,0.10223757014440338,0.9452609299121401,3466
a8_h0x0_sharp_d1,8.0,0x0,sharp,1.0,prova2,PbLg,control_mean,footprint,0.9887871709798413,0.9637442174280391,0.21569148980415953,0.986218261618411,3466
a8_h0x0_sharp_d1,8.0,0x0,sharp,1.0,prova2,PbLg,jitter_mean,footprint,0.9874032806205923,0.9604304722792609,0.11241766208904824,0.980102781801046,3466
a8_h0x0_sharp_d1,8.0,0x0,sharp,1.0,prova2,PbLg,control_single,footprint,0.9881839507676655,0.9617651699787576,0.14713138788513547,0.9822224104677476,3466
a8_h0x0_sharp_d1,8.0,0x0,sharp,1.0,prova2,PbLg,jitter_single,footprint,0.9809439528189048,0.9485199772320324,0.6179876563036313,0.985436038769345,3466
a8_h0x0_sharp_d1,8.0,0x0,sharp,1.0,prova2,PbLg,mvp_single,footprint,0.9882958755896524,0.9629241981126317,-0.140131797195564,0.9906467276120237,3466
a8_h14x20_sharp_d1,8.0,14x20,sharp,1.0,prova2,Ca,deterministic,footprint,0.776943337929005,0.8483742300640417,-0.5066107794156283,1.1772747242263706,3466
a8_h14x20_sharp_d1,8.0,14x20,sharp,1.0,prova2,Ca,deterministic,hole,-0.04287849512973654,,-96.83641403512998,,278
a8_h14x20_sharp_d1,8.0,14x20,sharp,1.0,prova2,Ca,control_mean,footprint,0.951479996678209,0.9040652893148127,-0.12982247468001917,0.9586639232740155,3466
a8_h14x20_sharp_d1,8.0,14x20,sharp,1.0,prova2,Ca,control_mean,hole,0.1631142487605057,,-15.032885683494342,,278
a8_h14x20_sharp_d1,8.0,14x20,sharp,1.0,prova2,Ca,jitter_mean,footprint,0.9474204949273247,0.9002235416694221,0.2142648063215402,0.9563797890151067,3466
a8_h14x20_sharp_d1,8.0,14x20,sharp,1.0,prova2,Ca,jitter_mean,hole,-0.04684485434211219,,-15.694592321941597,,278
a8_h14x20_sharp_d1,8.0,14x20,sharp,1.0,prova2,Ca,control_single,footprint,0.9538019206741354,0.9116775683610218,-0.2623586754444407,0.9624910506676237,3466
a8_h14x20_sharp_d1,8.0,14x20,sharp,1.0,prova2,Ca,control_single,hole,0.5168337094726668,,-19.31555899795764,,278
a8_h14x20_sharp_d1,8.0,14x20,sharp,1.0,prova2,Ca,jitter_single,footprint,0.9248942513061297,0.8861744535237293,2.9133723017006563,0.9845992442685091,3466
a8_h14x20_sharp_d1,8.0,14x20,sharp,1.0,prova2,Ca,jitter_single,hole,-0.14842592599393664,,-27.767185981586167,,278
a8_h14x20_sharp_d1,8.0,14x20,sharp,1.0,prova2,Ca,mvp_single,footprint,0.9541525378351153,0.9128855207433045,-0.31872369421808155,0.9758767290375846,3466
a8_h14x20_sharp_d1,8.0,14x20,sharp,1.0,prova2,Ca,mvp_single,hole,0.5044675282216978,,-19.954683288422732,,278
a8_h14x20_sharp_d1,8.0,14x20,sharp,1.0,prova2,Ti,deterministic,footprint,0.6962457234442992,0.8081318423542654,-0.5061244457013947,1.283165467049197,3466
a8_h14x20_sharp_d1,8.0,14x20,sharp,1.0,prova2,Ti,deterministic,hole,-0.04309286070944726,,-96.21425582123872,,278
a8_h14x20_sharp_d1,8.0,14x20,sharp,1.0,prova2,Ti,control_mean,footprint,0.9607121091745926,0.8894680925637649,-0.2417124122707115,0.9599012241958726,3466
a8_h14x20_sharp_d1,8.0,14x20,sharp,1.0,prova2,Ti,control_mean,hole,0.2597517573632821,,-10.121753042260323,,278
a8_h14x20_sharp_d1,8.0,14x20,sharp,1.0,prova2,Ti,jitter_mean,footprint,0.9561901579042549,0.8853135683038513,0.24915099667401908,0.9535145160321954,3466
a8_h14x20_sharp_d1,8.0,14x20,sharp,1.0,prova2,Ti,jitter_mean,hole,0.07025628820234953,,-10.885801986251336,,278
a8_h14x20_sharp_d1,8.0,14x20,sharp,1.0,prova2,Ti,control_single,footprint,0.9544413219003615,0.8884433813995141,-0.183867826975459,0.9723588216813676,3466
a8_h14x20_sharp_d1,8.0,14x20,sharp,1.0,prova2,Ti,control_single,hole,0.3927053248951974,,-16.45379840399917,,278
a8_h14x20_sharp_d1,8.0,14x20,sharp,1.0,prova2,Ti,jitter_single,footprint,0.9362783748557948,0.8673804544527046,-0.284392268509559,0.9820505659353563,3466
a8_h14x20_sharp_d1,8.0,14x20,sharp,1.0,prova2,Ti,jitter_single,hole,0.021256897440851855,,-17.17491433758097,,278
a8_h14x20_sharp_d1,8.0,14x20,sharp,1.0,prova2,Ti,mvp_single,footprint,0.9565212860202886,0.881337070995623,-0.589582926921306,0.9620894190519726,3466
a8_h14x20_sharp_d1,8.0,14x20,sharp,1.0,prova2,Ti,mvp_single,hole,0.06693029626118487,,-10.315822643404013,,278
a8_h14x20_sharp_d1,8.0,14x20,sharp,1.0,prova2,Fe,deterministic,footprint,0.9614806560473051,0.8577323131840694,-0.5069257458105048,1.062165806780573,3466
a8_h14x20_sharp_d1,8.0,14x20,sharp,1.0,prova2,Fe,deterministic,hole,0.11661518711833103,,-96.15641072573948,,278
a8_h14x20_sharp_d1,8.0,14x20,sharp,1.0,prova2,Fe,control_mean,footprint,0.9799030197548263,0.9023082562711209,0.25317826644606356,1.0041504348632473,3466
a8_h14x20_sharp_d1,8.0,14x20,sharp,1.0,prova2,Fe,control_mean,hole,0.07977941435629823,,-31.94247009494264,,278
a8_h14x20_sharp_d1,8.0,14x20,sharp,1.0,prova2,Fe,jitter_mean,footprint,0.9778443973663528,0.9008506684227432,-0.028209984876048644,1.014827600394403,3466
a8_h14x20_sharp_d1,8.0,14x20,sharp,1.0,prova2,Fe,jitter_mean,hole,0.0577992440276635,,-43.47888771790272,,278
a8_h14x20_sharp_d1,8.0,14x20,sharp,1.0,prova2,Fe,control_single,footprint,0.9797782988738796,0.906002187750737,0.18757312838397766,1.013353932080155,3466
a8_h14x20_sharp_d1,8.0,14x20,sharp,1.0,prova2,Fe,control_single,hole,0.20548006670973334,,-38.66678693379795,,278
a8_h14x20_sharp_d1,8.0,14x20,sharp,1.0,prova2,Fe,jitter_single,footprint,0.9783228215801913,0.8929696403945896,-3.9065081399273005,1.025046566781825,3466
a8_h14x20_sharp_d1,8.0,14x20,sharp,1.0,prova2,Fe,jitter_single,hole,0.38639919237471393,,-43.6167601327052,,278
a8_h14x20_sharp_d1,8.0,14x20,sharp,1.0,prova2,Fe,mvp_single,footprint,0.9793541069214499,0.9019221307193067,-0.025468499434599945,1.00846965937198,3466
a8_h14x20_sharp_d1,8.0,14x20,sharp,1.0,prova2,Fe,mvp_single,hole,0.06861110016225123,,-35.03765236228317,,278
a8_h14x20_sharp_d1,8.0,14x20,sharp,1.0,prova2,Cu,deterministic,footprint,0.9204430700921534,0.8657391117764428,-0.9387971011486695,1.0314947699036041,3466
a8_h14x20_sharp_d1,8.0,14x20,sharp,1.0,prova2,Cu,deterministic,hole,0.3295704723731178,,-94.8134464675884,,278
a8_h14x20_sharp_d1,8.0,14x20,sharp,1.0,prova2,Cu,control_mean,footprint,0.9534341009996382,0.8791191208020358,-0.7032730807265963,0.9733336398492298,3466
a8_h14x20_sharp_d1,8.0,14x20,sharp,1.0,prova2,Cu,control_mean,hole,0.20726796503759012,,-25.691658848997033,,278
a8_h14x20_sharp_d1,8.0,14x20,sharp,1.0,prova2,Cu,jitter_mean,footprint,0.9529714184045182,0.8774323322784658,-1.208147807566451,0.9648534916968509,3466
a8_h14x20_sharp_d1,8.0,14x20,sharp,1.0,prova2,Cu,jitter_mean,hole,0.23336653923364034,,-26.37502851399296,,278
a8_h14x20_sharp_d1,8.0,14x20,sharp,1.0,prova2,Cu,control_single,footprint,0.9552615224072833,0.8768821717238482,-0.6749252374158132,0.9586939293773474,3466
a8_h14x20_sharp_d1,8.0,14x20,sharp,1.0,prova2,Cu,control_single,hole,0.25041908126152285,,-12.7375901263447,,278
a8_h14x20_sharp_d1,8.0,14x20,sharp,1.0,prova2,Cu,jitter_single,footprint,0.9447662425964553,0.8568085872673269,-1.8253889599089024,0.9760444562145854,3466
a8_h14x20_sharp_d1,8.0,14x20,sharp,1.0,prova2,Cu,jitter_single,hole,0.14018107924320217,,-36.54192081052564,,278
a8_h14x20_sharp_d1,8.0,14x20,sharp,1.0,prova2,Cu,mvp_single,footprint,0.9576119613634104,0.8790506810985996,-1.206252536707253,0.9530510042351754,3466
a8_h14x20_sharp_d1,8.0,14x20,sharp,1.0,prova2,Cu,mvp_single,hole,0.31540299690870166,,2.5588265751907264,,278
a8_h14x20_sharp_d1,8.0,14x20,sharp,1.0,prova2,PbLl,deterministic,footprint,0.8324252840863243,0.7933135246056292,-1.3852983968601906,1.0801850883745774,3466
a8_h14x20_sharp_d1,8.0,14x20,sharp,1.0,prova2,PbLl,deterministic,hole,0.20518568064747703,,-94.79175345402257,,278
a8_h14x20_sharp_d1,8.0,14x20,sharp,1.0,prova2,PbLl,control_mean,footprint,0.944068106069497,0.8575940568321558,-0.4986992334982121,0.9373500645724326,3466
a8_h14x20_sharp_d1,8.0,14x20,sharp,1.0,prova2,PbLl,control_mean,hole,0.3802573203326899,,-1.2000721570654418,,278
a8_h14x20_sharp_d1,8.0,14x20,sharp,1.0,prova2,PbLl,jitter_mean,footprint,0.9418180726698777,0.8549479165227014,-1.2050070634651577,0.9274448737225829,3466
a8_h14x20_sharp_d1,8.0,14x20,sharp,1.0,prova2,PbLl,jitter_mean,hole,0.3655481077509184,,6.830355468344094,,278
a8_h14x20_sharp_d1,8.0,14x20,sharp,1.0,prova2,PbLl,control_single,footprint,0.9417344270926707,0.8523149067220409,-0.5838177618692098,0.9412734746152125,3466
a8_h14x20_sharp_d1,8.0,14x20,sharp,1.0,prova2,PbLl,control_single,hole,0.36736116132794616,,-6.0929284023735075,,278
a8_h14x20_sharp_d1,8.0,14x20,sharp,1.0,prova2,PbLl,jitter_single,footprint,0.9312499474143338,0.82991653708438,-3.0409881221539425,0.9320297427253222,3466
a8_h14x20_sharp_d1,8.0,14x20,sharp,1.0,prova2,PbLl,jitter_single,hole,0.2641801476644388,,5.887760592091792,,278
a8_h14x20_sharp_d1,8.0,14x20,sharp,1.0,prova2,PbLl,mvp_single,footprint,0.935722249928007,0.8523289792586424,-0.6225394620345215,0.9425676845393418,3466
a8_h14x20_sharp_d1,8.0,14x20,sharp,1.0,prova2,PbLl,mvp_single,hole,0.33719806602195923,,18.841552949677414,,278
a8_h14x20_sharp_d1,8.0,14x20,sharp,1.0,prova2,PbLa,deterministic,footprint,0.727538101950565,0.8221882178427715,-0.27520575349477827,1.3006623539349873,3466
a8_h14x20_sharp_d1,8.0,14x20,sharp,1.0,prova2,PbLa,deterministic,hole,0.2771439885873718,,-94.94303451815327,,278
a8_h14x20_sharp_d1,8.0,14x20,sharp,1.0,prova2,PbLa,control_mean,footprint,0.9707998226420343,0.9307138870782486,-0.06738953999270159,0.9656252082922824,3466
a8_h14x20_sharp_d1,8.0,14x20,sharp,1.0,prova2,PbLa,control_mean,hole,0.6049793593212939,,-1.1830934557775024,,278
a8_h14x20_sharp_d1,8.0,14x20,sharp,1.0,prova2,PbLa,jitter_mean,footprint,0.9688702240007294,0.927636500530146,-0.0667872406987069,0.9586462344793752,3466
a8_h14x20_sharp_d1,8.0,14x20,sharp,1.0,prova2,PbLa,jitter_mean,hole,0.6136291390335759,,0.45120448289367854,,278
a8_h14x20_sharp_d1,8.0,14x20,sharp,1.0,prova2,PbLa,control_single,footprint,0.963424546640501,0.9194538601374067,-0.08042003028865263,0.9726588853958991,3466
a8_h14x20_sharp_d1,8.0,14x20,sharp,1.0,prova2,PbLa,control_single,hole,0.5503413572415357,,-10.792460236371387,,278
a8_h14x20_sharp_d1,8.0,14x20,sharp,1.0,prova2,PbLa,jitter_single,footprint,0.9571823435962733,0.9056282476048815,1.4815316706664472,0.9675976186804601,3466
a8_h14x20_sharp_d1,8.0,14x20,sharp,1.0,prova2,PbLa,jitter_single,hole,0.4574235795158291,,0.7365749978317627,,278
a8_h14x20_sharp_d1,8.0,14x20,sharp,1.0,prova2,PbLa,mvp_single,footprint,0.9583684944934858,0.9322039216273947,0.06716196415488263,0.9808316793213054,3466
a8_h14x20_sharp_d1,8.0,14x20,sharp,1.0,prova2,PbLa,mvp_single,hole,0.5876442326548187,,18.56602310859604,,278
a8_h14x20_sharp_d1,8.0,14x20,sharp,1.0,prova2,PbLb,deterministic,footprint,0.7220739744374948,0.8207552502584151,-0.3417275235134909,1.3074524996084909,3466
a8_h14x20_sharp_d1,8.0,14x20,sharp,1.0,prova2,PbLb,deterministic,hole,0.28573374363749726,,-94.96620867337334,,278
a8_h14x20_sharp_d1,8.0,14x20,sharp,1.0,prova2,PbLb,control_mean,footprint,0.9701752617264212,0.9313893384146005,-0.0009616978860371717,0.962096076645612,3466
a8_h14x20_sharp_d1,8.0,14x20,sharp,1.0,prova2,PbLb,control_mean,hole,0.641511071961591,,-1.5935919444245468,,278
a8_h14x20_sharp_d1,8.0,14x20,sharp,1.0,prova2,PbLb,jitter_mean,footprint,0.9681899386389774,0.9280404816881677,-0.0818342621113688,0.9557904966780139,3466
a8_h14x20_sharp_d1,8.0,14x20,sharp,1.0,prova2,PbLb,jitter_mean,hole,0.648211411297123,,-0.14035141236640739,,278
a8_h14x20_sharp_d1,8.0,14x20,sharp,1.0,prova2,PbLb,control_single,footprint,0.9611553557094182,0.9196574831182001,-0.07233109088442546,0.9705669378543668,3466
a8_h14x20_sharp_d1,8.0,14x20,sharp,1.0,prova2,PbLb,control_single,hole,0.5817804115082608,,-12.130106685323803,,278
a8_h14x20_sharp_d1,8.0,14x20,sharp,1.0,prova2,PbLb,jitter_single,footprint,0.957055067122675,0.9079391004542076,0.608870938679873,0.9651806604102853,3466
a8_h14x20_sharp_d1,8.0,14x20,sharp,1.0,prova2,PbLb,jitter_single,hole,0.49787304964635765,,0.4345240351534157,,278
a8_h14x20_sharp_d1,8.0,14x20,sharp,1.0,prova2,PbLb,mvp_single,footprint,0.9590985164127221,0.9333125012648739,0.1302664039700696,0.9775645787912086,3466
a8_h14x20_sharp_d1,8.0,14x20,sharp,1.0,prova2,PbLb,mvp_single,hole,0.6288258007846418,,18.513121373534112,,278
a8_h14x20_sharp_d1,8.0,14x20,sharp,1.0,prova2,PbLg,deterministic,footprint,0.7168560121386705,0.7970323604491748,-0.5971544068908763,1.3115517407112414,3466
a8_h14x20_sharp_d1,8.0,14x20,sharp,1.0,prova2,PbLg,deterministic,hole,0.2605290910433913,,-94.95573000665212,,278
a8_h14x20_sharp_d1,8.0,14x20,sharp,1.0,prova2,PbLg,control_mean,footprint,0.9607850047685701,0.9028298916011487,0.2189387512644414,0.9517920422080098,3466
a8_h14x20_sharp_d1,8.0,14x20,sharp,1.0,prova2,PbLg,control_mean,hole,0.6145457500047873,,0.7893702628703555,,278
a8_h14x20_sharp_d1,8.0,14x20,sharp,1.0,prova2,PbLg,jitter_mean,footprint,0.9582991236444944,0.8989641712098185,0.12889936708422312,0.9425348886336229,3466
a8_h14x20_sharp_d1,8.0,14x20,sharp,1.0,prova2,PbLg,jitter_mean,hole,0.6244525177376254,,3.0808729105723445,,278
a8_h14x20_sharp_d1,8.0,14x20,sharp,1.0,prova2,PbLg,control_single,footprint,0.9535574781776807,0.8917838309851867,0.06801275658827599,0.9593571344961106,3466
a8_h14x20_sharp_d1,8.0,14x20,sharp,1.0,prova2,PbLg,control_single,hole,0.5556000135434973,,-9.485147741778658,,278
a8_h14x20_sharp_d1,8.0,14x20,sharp,1.0,prova2,PbLg,jitter_single,footprint,0.9453975347435891,0.8782013025536088,0.6796770067551527,0.9508367463932627,3466
a8_h14x20_sharp_d1,8.0,14x20,sharp,1.0,prova2,PbLg,jitter_single,hole,0.4660826844684266,,3.3837310926435706,,278
a8_h14x20_sharp_d1,8.0,14x20,sharp,1.0,prova2,PbLg,mvp_single,footprint,0.9374386235746361,0.8992801702697805,0.2810557569111749,0.9748065175234961,3466
a8_h14x20_sharp_d1,8.0,14x20,sharp,1.0,prova2,PbLg,mvp_single,hole,0.590988746641188,,25.14458491062703,,278
a14_h0x0_sharp_d1,14.0,0x0,sharp,1.0,prova2,Ca,deterministic,footprint,0.9888160532593064,0.974695664708598,0.1387140809056886,0.9492712457307891,3466
a14_h0x0_sharp_d1,14.0,0x0,sharp,1.0,prova2,Ca,control_mean,footprint,0.9960335458844992,0.9896806576253143,0.02654746544630271,0.9893974532313845,3466
a14_h0x0_sharp_d1,14.0,0x0,sharp,1.0,prova2,Ca,jitter_mean,footprint,0.9946655687381974,0.9872262083641526,0.6803881584728,0.9836076025212737,3466
a14_h0x0_sharp_d1,14.0,0x0,sharp,1.0,prova2,Ca,control_single,footprint,0.9951297732019232,0.9872182011637491,-0.1388534619006121,0.9853245672103279,3466
a14_h0x0_sharp_d1,14.0,0x0,sharp,1.0,prova2,Ca,jitter_single,footprint,0.9888744601140881,0.9760659581621784,4.203817210887895,0.9850708094031737,3466
a14_h0x0_sharp_d1,14.0,0x0,sharp,1.0,prova2,Ca,mvp_single,footprint,0.9953144584437511,0.9887204445279681,-0.09752758623158275,0.9969247952801064,3466
a14_h0x0_sharp_d1,14.0,0x0,sharp,1.0,prova2,Ti,deterministic,footprint,0.9776702159131735,0.9492969367081414,0.35796310133848763,0.929416584287439,3466
a14_h0x0_sharp_d1,14.0,0x0,sharp,1.0,prova2,Ti,control_mean,footprint,0.9846389947763509,0.9625482679753693,0.10377906494063449,0.9742381711753852,3466
a14_h0x0_sharp_d1,14.0,0x0,sharp,1.0,prova2,Ti,jitter_mean,footprint,0.9831030172615732,0.9597896948741591,0.6248429428244995,0.9663375711720972,3466
a14_h0x0_sharp_d1,14.0,0x0,sharp,1.0,prova2,Ti,control_single,footprint,0.982834703064665,0.9594434089370732,0.2484768329452436,0.9747799803005255,3466
a14_h0x0_sharp_d1,14.0,0x0,sharp,1.0,prova2,Ti,jitter_single,footprint,0.973236544854944,0.9455190185568778,0.4897390364746901,0.9775089139608182,3466
a14_h0x0_sharp_d1,14.0,0x0,sharp,1.0,prova2,Ti,mvp_single,footprint,0.9834256664578522,0.9608001725597737,-0.2964454617836454,0.9777243878806052,3466
a14_h0x0_sharp_d1,14.0,0x0,sharp,1.0,prova2,Fe,deterministic,footprint,0.9953462720518339,0.9767119129729478,0.5895083780554256,0.9762859212739198,3466
a14_h0x0_sharp_d1,14.0,0x0,sharp,1.0,prova2,Fe,control_mean,footprint,0.9976690542515639,0.9822357008318267,0.22717223448278645,0.9917457575403172,3466
a14_h0x0_sharp_d1,14.0,0x0,sharp,1.0,prova2,Fe,jitter_mean,footprint,0.9972782808130239,0.9809349630537344,0.12339227567679245,0.991626923745248,3466
a14_h0x0_sharp_d1,14.0,0x0,sharp,1.0,prova2,Fe,control_single,footprint,0.9976866959478126,0.9811404821467024,0.21950483297774603,0.9934237821269873,3466
a14_h0x0_sharp_d1,14.0,0x0,sharp,1.0,prova2,Fe,jitter_single,footprint,0.9952910690814994,0.9712224784226339,-4.089965075470459,1.0029626294800746,3466
a14_h0x0_sharp_d1,14.0,0x0,sharp,1.0,prova2,Fe,mvp_single,footprint,0.9974798566624663,0.9807508361556838,0.13250598779772638,0.9941475665780746,3466
a14_h0x0_sharp_d1,14.0,0x0,sharp,1.0,prova2,Cu,deterministic,footprint,0.9895692076730079,0.9678559337615034,0.1748062359051783,0.9550276993001393,3466
a14_h0x0_sharp_d1,14.0,0x0,sharp,1.0,prova2,Cu,control_mean,footprint,0.9954153387211448,0.9833870409107732,-0.0722485476833512,0.9894886239281474,3466
a14_h0x0_sharp_d1,14.0,0x0,sharp,1.0,prova2,Cu,jitter_mean,footprint,0.994488712948088,0.9804782742602586,-0.6209785321349637,0.9813654220954657,3466
a14_h0x0_sharp_d1,14.0,0x0,sharp,1.0,prova2,Cu,control_single,footprint,0.9945137232047245,0.9802264797173218,-0.08867911686295527,0.9862910139987306,3466
a14_h0x0_sharp_d1,14.0,0x0,sharp,1.0,prova2,Cu,jitter_single,footprint,0.9902232390482487,0.9615257406390101,-1.5273474429213563,0.9824684647986335,3466
a14_h0x0_sharp_d1,14.0,0x0,sharp,1.0,prova2,Cu,mvp_single,footprint,0.9949851182639764,0.9790938997249127,-0.5081333161181534,0.9965514198082062,3466
a14_h0x0_sharp_d1,14.0,0x0,sharp,1.0,prova2,PbLl,deterministic,footprint,0.9750627212690801,0.9190151844917771,0.011099201634334754,0.9289538868309299,3466
a14_h0x0_sharp_d1,14.0,0x0,sharp,1.0,prova2,PbLl,control_mean,footprint,0.9803677251287392,0.9350518995340249,-0.012645773139585703,0.9702301826462126,3466
a14_h0x0_sharp_d1,14.0,0x0,sharp,1.0,prova2,PbLl,jitter_mean,footprint,0.9793497276449711,0.9316614409650605,-1.3789220871121444,0.9679218106230041,3466
a14_h0x0_sharp_d1,14.0,0x0,sharp,1.0,prova2,PbLl,control_single,footprint,0.9795940440576659,0.9321468658330065,-0.17287294583925306,0.9722456735505687,3466
a14_h0x0_sharp_d1,14.0,0x0,sharp,1.0,prova2,PbLl,jitter_single,footprint,0.9714765959141322,0.9116374368624984,-3.802501891061849,0.9740132956123925,3466
a14_h0x0_sharp_d1,14.0,0x0,sharp,1.0,prova2,PbLl,mvp_single,footprint,0.9792304463586554,0.9313666095112432,-0.2963061336655137,0.9766959505203139,3466
a14_h0x0_sharp_d1,14.0,0x0,sharp,1.0,prova2,PbLa,deterministic,footprint,0.992236918338077,0.9791832013682817,0.09781395595096498,0.9572163701855931,3466
a14_h0x0_sharp_d1,14.0,0x0,sharp,1.0,prova2,PbLa,control_mean,footprint,0.9982567748960788,0.9941577896976704,-0.025385935305899388,0.9971317461262683,3466
a14_h0x0_sharp_d1,14.0,0x0,sharp,1.0,prova2,PbLa,jitter_mean,footprint,0.997114381607861,0.9916545946885352,-0.14518893560824253,0.9934775754199097,3466
a14_h0x0_sharp_d1,14.0,0x0,sharp,1.0,prova2,PbLa,control_single,footprint,0.9977742698961094,0.9926238672810321,-0.03573079398697665,0.9945396347475498,3466
a14_h0x0_sharp_d1,14.0,0x0,sharp,1.0,prova2,PbLa,jitter_single,footprint,0.9910696643360283,0.9798363931718918,2.0498531710209544,0.9982729040057036,3466
a14_h0x0_sharp_d1,14.0,0x0,sharp,1.0,prova2,PbLa,mvp_single,footprint,0.9978555867546318,0.9932758431666531,0.0034236557854505634,0.9991647794421786,3466
a14_h0x0_sharp_d1,14.0,0x0,sharp,1.0,prova2,PbLb,deterministic,footprint,0.9918993218651,0.9775575886856804,0.08770970762506103,0.9555479053121856,3466
a14_h0x0_sharp_d1,14.0,0x0,sharp,1.0,prova2,PbLb,control_mean,footprint,0.9977966120050471,0.9925368302048448,-0.029786121745623007,0.9956444905730472,3466
a14_h0x0_sharp_d1,14.0,0x0,sharp,1.0,prova2,PbLb,jitter_mean,footprint,0.9966625002331986,0.9899696674429553,-0.07014689669024854,0.9923722782203778,3466
a14_h0x0_sharp_d1,14.0,0x0,sharp,1.0,prova2,PbLb,control_single,footprint,0.997324175223607,0.9910638022101881,-0.0027251268840622345,0.9923794198502586,3466
a14_h0x0_sharp_d1,14.0,0x0,sharp,1.0,prova2,PbLb,jitter_single,footprint,0.9909336735011762,0.9789470916967618,0.9055849066394117,0.9993383602122902,3466
a14_h0x0_sharp_d1,14.0,0x0,sharp,1.0,prova2,PbLb,mvp_single,footprint,0.9973907885013477,0.9917471294878233,0.015493631571095179,0.9980156428137347,3466
a14_h0x0_sharp_d1,14.0,0x0,sharp,1.0,prova2,PbLg,deterministic,footprint,0.9830711253413859,0.9482299638077822,0.09965728157319553,0.9453636196646813,3466
a14_h0x0_sharp_d1,14.0,0x0,sharp,1.0,prova2,PbLg,control_mean,footprint,0.9886494290462837,0.9633188402634351,0.22387250680240278,0.9863608284327189,3466
a14_h0x0_sharp_d1,14.0,0x0,sharp,1.0,prova2,PbLg,jitter_mean,footprint,0.9872800526025728,0.9600368101884212,0.013843176213867991,0.9803404312864481,3466
a14_h0x0_sharp_d1,14.0,0x0,sharp,1.0,prova2,PbLg,control_single,footprint,0.98805341529059,0.9614354238646285,0.15763444459968579,0.9828658255259657,3466
a14_h0x0_sharp_d1,14.0,0x0,sharp,1.0,prova2,PbLg,jitter_single,footprint,0.9806087784916624,0.9479748167977405,0.97967147920901,0.98646650754357,3466
a14_h0x0_sharp_d1,14.0,0x0,sharp,1.0,prova2,PbLg,mvp_single,footprint,0.9881562669897663,0.9624322671999687,-0.10810084485719518,0.9900329570232361,3466
a14_h14x20_sharp_d1,14.0,14x20,sharp,1.0,prova2,Ca,deterministic,footprint,0.776953693172341,0.8484183995143212,-0.5138734235339504,1.1772611555695378,3466
a14_h14x20_sharp_d1,14.0,14x20,sharp,1.0,prova2,Ca,deterministic,hole,-0.0428955950988836,,-96.83622928423085,,278
a14_h14x20_sharp_d1,14.0,14x20,sharp,1.0,prova2,Ca,control_mean,footprint,0.9517112727182371,0.9043408200827278,-0.1371040317265093,0.9586214040307146,3466
a14_h14x20_sharp_d1,14.0,14x20,sharp,1.0,prova2,Ca,control_mean,hole,0.17623685212538034,,-14.928735538761636,,278
a14_h14x20_sharp_d1,14.0,14x20,sharp,1.0,prova2,Ca,jitter_mean,footprint,0.948290073654463,0.900319017666267,0.46867029327499754,0.9531055165297587,3466
a14_h14x20_sharp_d1,14.0,14x20,sharp,1.0,prova2,Ca,jitter_mean,hole,-0.03944717024774077,,-14.271287928243643,,278
a14_h14x20_sharp_d1,14.0,14x20,sharp,1.0,prova2,Ca,control_single,footprint,0.9549920478856176,0.9127061230761538,-0.28874446359601347,0.9622976144353362,3466
a14_h14x20_sharp_d1,14.0,14x20,sharp,1.0,prova2,Ca,control_single,hole,0.5354574679911421,,-18.532369320507772,,278
a14_h14x20_sharp_d1,14.0,14x20,sharp,1.0,prova2,Ca,jitter_single,footprint,0.9269196139614033,0.8861270846835803,4.042222874100565,0.9796341945667738,3466
a14_h14x20_sharp_d1,14.0,14x20,sharp,1.0,prova2,Ca,jitter_single,hole,-0.14112666045243433,,-25.13997651945559,,278
a14_h14x20_sharp_d1,14.0,14x20,sharp,1.0,prova2,Ca,mvp_single,footprint,0.955044322302912,0.913936631712437,-0.29544908883565313,0.9746126032043736,3466
a14_h14x20_sharp_d1,14.0,14x20,sharp,1.0,prova2,Ca,mvp_single,hole,0.5212416944265338,,-19.588319383288578,,278
a14_h14x20_sharp_d1,14.0,14x20,sharp,1.0,prova2,Ti,deterministic,footprint,0.6962916509298093,0.8083064688104952,-0.5096112297582445,1.28310404428876,3466
a14_h14x20_sharp_d1,14.0,14x20,sharp,1.0,prova2,Ti,deterministic,hole,-0.04304937059178469,,-96.21497579346033,,278
a14_h14x20_sharp_d1,14.0,14x20,sharp,1.0,prova2,Ti,control_mean,footprint,0.9610614371536985,0.8900077695662301,-0.22879682607719332,0.9597215273726566,3466
a14_h14x20_sharp_d1,14.0,14x20,sharp,1.0,prova2,Ti,control_mean,hole,0.2694998497292515,,-9.98798705265277,,278
a14_h14x20_sharp_d1,14.0,14x20,sharp,1.0,prova2,Ti,jitter_mean,footprint,0.9576149627417914,0.8860283883694469,0.35395256277170883,0.9516391392743464,3466
a14_h14x20_sharp_d1,14.0,14x20,sharp,1.0,prova2,Ti,jitter_mean,hole,0.07510814808442248,,-9.219186441046492,,278
a14_h14x20_sharp_d1,14.0,14x20,sharp,1.0,prova2,Ti,control_single,footprint,0.9560378523189982,0.8899547079524697,-0.19395543639822987,0.9712947811159075,3466
a14_h14x20_sharp_d1,14.0,14x20,sharp,1.0,prova2,Ti,control_single,hole,0.40114594659092,,-15.32972762917449,,278
a14_h14x20_sharp_d1,14.0,14x20,sharp,1.0,prova2,Ti,jitter_single,footprint,0.9386016343652621,0.8683885068867319,0.12169826402579353,0.9772628243072351,3466
a14_h14x20_sharp_d1,14.0,14x20,sharp,1.0,prova2,Ti,jitter_single,hole,0.02221368657218237,,-14.855967210878948,,278
a14_h14x20_sharp_d1,14.0,14x20,sharp,1.0,prova2,Ti,mvp_single,footprint,0.9573333150469437,0.882636200405892,-0.5834915444690836,0.9612803192388224,3466
a14_h14x20_sharp_d1,14.0,14x20,sharp,1.0,prova2,Ti,mvp_single,hole,0.09461244588542861,,-9.996871718823927,,278
a14_h14x20_sharp_d1,14.0,14x20,sharp,1.0,prova2,Fe,deterministic,footprint,0.9614796991074877,0.8577222824240028,-0.5057932168865076,1.0621680615459648,3466
a14_h14x20_sharp_d1,14.0,14x20,sharp,1.0,prova2,Fe,deterministic,hole,0.11661550813736345,,-96.15632982968846,,278
a14_h14x20_sharp_d1,14.0,14x20,sharp,1.0,prova2,Fe,control_mean,footprint,0.979877944623815,0.9021126677444334,0.210859284853937,1.0042128137560045,3466
a14_h14x20_sharp_d1,14.0,14x20,sharp,1.0,prova2,Fe,control_mean,hole,0.07557080843722548,,-31.89011777033467,,278
a14_h14x20_sharp_d1,14.0,14x20,sharp,1.0,prova2,Fe,jitter_mean,footprint,0.9780789628580441,0.9011218043440263,0.03373812466456183,1.0137841711249505,3466
a14_h14x20_sharp_d1,14.0,14x20,sharp,1.0,prova2,Fe,jitter_mean,hole,0.06467190678153614,,-42.33308482170404,,278
a14_h14x20_sharp_d1,14.0,14x20,sharp,1.0,prova2,Fe,control_single,footprint,0.9800156448297801,0.9062818112356398,0.13399215252205554,1.0127766076792593,3466
a14_h14x20_sharp_d1,14.0,14x20,sharp,1.0,prova2,Fe,control_single,hole,0.20952294740591001,,-37.51617958093766,,278
a14_h14x20_sharp_d1,14.0,14x20,sharp,1.0,prova2,Fe,jitter_single,footprint,0.9787763882702146,0.8941826597196093,-4.458029090129845,1.0249636811634975,3466
a14_h14x20_sharp_d1,14.0,14x20,sharp,1.0,prova2,Fe,jitter_single,hole,0.3948058192319286,,-41.41622231092304,,278
a14_h14x20_sharp_d1,14.0,14x20,sharp,1.0,prova2,Fe,mvp_single,footprint,0.9794153526101564,0.9020250825190655,-0.07016153783359069,1.008456868884485,3466
a14_h14x20_sharp_d1,14.0,14x20,sharp,1.0,prova2,Fe,mvp_single,hole,0.07363872002086111,,-34.88060038345559,,278
a14_h14x20_sharp_d1,14.0,14x20,sharp,1.0,prova2,Cu,deterministic,footprint,0.920419101527447,0.8656671182774919,-0.9187005441542162,1.031542399804446,3466
a14_h14x20_sharp_d1,14.0,14x20,sharp,1.0,prova2,Cu,deterministic,hole,0.32955875770377313,,-94.81380575742716,,278
a14_h14x20_sharp_d1,14.0,14x20,sharp,1.0,prova2,Cu,control_mean,footprint,0.9532931111443951,0.878840564334073,-0.665943157271065,0.9730284387979692,3466
a14_h14x20_sharp_d1,14.0,14x20,sharp,1.0,prova2,Cu,control_mean,hole,0.19976883898437547,,-25.43945121749302,,278
a14_h14x20_sharp_d1,14.0,14x20,sharp,1.0,prova2,Cu,jitter_mean,footprint,0.9528964946223246,0.8773865050062377,-1.3054294745383332,0.9656053583279397,3466
a14_h14x20_sharp_d1,14.0,14x20,sharp,1.0,prova2,Cu,jitter_mean,hole,0.22766496545199458,,-26.222128026394227,,278
a14_h14x20_sharp_d1,14.0,14x20,sharp,1.0,prova2,Cu,control_single,footprint,0.9548855465097544,0.8763938413734433,-0.4433137459411651,0.9584701215033015,3466
a14_h14x20_sharp_d1,14.0,14x20,sharp,1.0,prova2,Cu,control_single,hole,0.2330635189065181,,-12.497399951920242,,278
a14_h14x20_sharp_d1,14.0,14x20,sharp,1.0,prova2,Cu,jitter_single,footprint,0.9448304613165552,0.8577897001062151,-2.4173946852174,0.9777150700294773,3466
a14_h14x20_sharp_d1,14.0,14x20,sharp,1.0,prova2,Cu,jitter_single,hole,0.13484302156458353,,-36.53865369325664,,278
a14_h14x20_sharp_d1,14.0,14x20,sharp,1.0,prova2,Cu,mvp_single,footprint,0.9577779909632205,0.879548077026902,-1.2496796388436593,0.9527027467714125,3466
a14_h14x20_sharp_d1,14.0,14x20,sharp,1.0,prova2,Cu,mvp_single,hole,0.3230430735566595,,2.8206960949900277,,278
a14_h14x20_sharp_d1,14.0,14x20,sharp,1.0,prova2,PbLl,deterministic,footprint,0.8324333108404658,0.7933445699965339,-1.389148212715674,1.080172928756684,3466
a14_h14x20_sharp_d1,14.0,14x20,sharp,1.0,prova2,PbLl,deterministic,hole,0.205184558812986,,-94.79176760588153,,278
a14_h14x20_sharp_d1,14.0,14x20,sharp,1.0,prova2,PbLl,control_mean,footprint,0.9440717904661617,0.8576368815700016,-0.46274945401427736,0.937151479572229,3466
a14_h14x20_sharp_d1,14.0,14x20,sharp,1.0,prova2,PbLl,control_mean,hole,0.3795465721990424,,-1.0325664706747957,,278
a14_h14x20_sharp_d1,14.0,14x20,sharp,1.0,prova2,PbLl,jitter_mean,footprint,0.9415976118188134,0.8548399825582365,-1.4643893249273843,0.9290334538917117,3466
a14_h14x20_sharp_d1,14.0,14x20,sharp,1.0,prova2,PbLl,jitter_mean,hole,0.36080655959479657,,7.372751261881618,,278
a14_h14x20_sharp_d1,14.0,14x20,sharp,1.0,prova2,PbLl,control_single,footprint,0.9418527969146342,0.8525233331762913,-0.5229824578118158,0.9410468300348082,3466
a14_h14x20_sharp_d1,14.0,14x20,sharp,1.0,prova2,PbLl,control_single,hole,0.36708094873708874,,-5.7034339948931825,,278
a14_h14x20_sharp_d1,14.0,14x20,sharp,1.0,prova2,PbLl,jitter_single,footprint,0.930349734534485,0.8288221361030755,-4.069045661880077,0.936136733838105,3466
a14_h14x20_sharp_d1,14.0,14x20,sharp,1.0,prova2,PbLl,jitter_single,hole,0.2606482378400255,,7.010025041420609,,278
a14_h14x20_sharp_d1,14.0,14x20,sharp,1.0,prova2,PbLl,mvp_single,footprint,0.9359486173476649,0.8524474873656783,-0.4709681809209165,0.940495965604356,3466
a14_h14x20_sharp_d1,14.0,14x20,sharp,1.0,prova2,PbLl,mvp_single,hole,0.34052469046769634,,19.277952108884335,,278
a14_h14x20_sharp_d1,14.0,14x20,sharp,1.0,prova2,PbLa,deterministic,footprint,0.7275394226654323,0.8221453946315284,-0.2786161757820871,1.3006922412633108,3466
a14_h14x20_sharp_d1,14.0,14x20,sharp,1.0,prova2,PbLa,deterministic,hole,0.27712708268675135,,-94.94303400925871,,278
a14_h14x20_sharp_d1,14.0,14x20,sharp,1.0,prova2,PbLa,control_mean,footprint,0.9707533027863906,0.9306602295772214,-0.06682848774028916,0.965625217657484,3466
a14_h14x20_sharp_d1,14.0,14x20,sharp,1.0,prova2,PbLa,control_mean,hole,0.6032684608758315,,-1.0586662622912701,,278
a14_h14x20_sharp_d1,14.0,14x20,sharp,1.0,prova2,PbLa,jitter_mean,footprint,0.9686954551932769,0.9276883375051197,-0.14358610985149012,0.9584900898542366,3466
a14_h14x20_sharp_d1,14.0,14x20,sharp,1.0,prova2,PbLa,jitter_mean,hole,0.6073301560642728,,1.3306172828054417,,278
a14_h14x20_sharp_d1,14.0,14x20,sharp,1.0,prova2,PbLa,control_single,footprint,0.9639536906906879,0.9203394184291805,-0.09741287417723843,0.972344117248857,3466
a14_h14x20_sharp_d1,14.0,14x20,sharp,1.0,prova2,PbLa,control_single,hole,0.5500860460281204,,-10.175158110555612,,278
a14_h14x20_sharp_d1,14.0,14x20,sharp,1.0,prova2,PbLa,jitter_single,footprint,0.9570285985666456,0.9058027475161741,2.0687778375740873,0.9672721472908569,3466
a14_h14x20_sharp_d1,14.0,14x20,sharp,1.0,prova2,PbLa,jitter_single,hole,0.45436687849869445,,2.188486543152965,,278
a14_h14x20_sharp_d1,14.0,14x20,sharp,1.0,prova2,PbLa,mvp_single,footprint,0.9584164846104674,0.9319645873827779,0.08400463213005249,0.9788343681974229,3466
a14_h14x20_sharp_d1,14.0,14x20,sharp,1.0,prova2,PbLa,mvp_single,hole,0.5930126357553738,,19.00739549508312,,278
a14_h14x20_sharp_d1,14.0,14x20,sharp,1.0,prova2,PbLb,deterministic,footprint,0.7220570637283831,0.8206718854851498,-0.3389935267848143,1.3074647204554257,3466
a14_h14x20_sharp_d1,14.0,14x20,sharp,1.0,prova2,PbLb,deterministic,hole,0.28572453775840795,,-94.9668064476649,,278
a14_h14x20_sharp_d1,14.0,14x20,sharp,1.0,prova2,PbLb,control_mean,footprint,0.9701291639618393,0.9313165215508257,0.004067941890006921,0.9620466419194089,3466
a14_h14x20_sharp_d1,14.0,14x20,sharp,1.0,prova2,PbLb,control_mean,hole,0.6400082740888867,,-1.4750263973633193,,278
a14_h14x20_sharp_d1,14.0,14x20,sharp,1.0,prova2,PbLb,jitter_mean,footprint,0.9681136415777809,0.9281116156703618,-0.10180249838254163,0.9561193318532483,3466
a14_h14x20_sharp_d1,14.0,14x20,sharp,1.0,prova2,PbLb,jitter_mean,hole,0.6430178789285351,,0.6975276536208784,,278
a14_h14x20_sharp_d1,14.0,14x20,sharp,1.0,prova2,PbLb,control_single,footprint,0.9618029057274248,0.9205296179033735,-0.07021700110829698,0.9700692746817794,3466
a14_h14x20_sharp_d1,14.0,14x20,sharp,1.0,prova2,PbLb,control_single,hole,0.5818604718560934,,-11.503561021736928,,278
a14_h14x20_sharp_d1,14.0,14x20,sharp,1.0,prova2,PbLb,jitter_single,footprint,0.956918090009239,0.9081894422506352,0.9820768526919155,0.9660831922368696,3466
a14_h14x20_sharp_d1,14.0,14x20,sharp,1.0,prova2,PbLb,jitter_single,hole,0.49568606262175424,,1.8348700847165762,,278
a14_h14x20_sharp_d1,14.0,14x20,sharp,1.0,prova2,PbLb,mvp_single,footprint,0.9591298023980819,0.9330440792099117,0.13007297100777748,0.9754728215814535,3466
a14_h14x20_sharp_d1,14.0,14x20,sharp,1.0,prova2,PbLb,mvp_single,hole,0.6353236685761416,,18.955114700434688,,278
a14_h14x20_sharp_d1,14.0,14x20,sharp,1.0,prova2,PbLg,deterministic,footprint,0.7167827883794468,0.7966562776400358,-0.6099801489995116,1.3116416716898467,3466
a14_h14x20_sharp_d1,14.0,14x20,sharp,1.0,prova2,PbLg,deterministic,hole,0.2605135569337174,,-94.95576608009992,,278
a14_h14x20_sharp_d1,14.0,14x20,sharp,1.0,prova2,PbLg,control_mean,footprint,0.9605909302903614,0.9023993463887527,0.22291089453156943,0.9518644244571561,3466
a14_h14x20_sharp_d1,14.0,14x20,sharp,1.0,prova2,PbLg,control_mean,hole,0.6127813226971348,,0.9209679108379524,,278
a14_h14x20_sharp_d1,14.0,14x20,sharp,1.0,prova2,PbLg,jitter_mean,footprint,0.9578831875152594,0.8985832223719545,0.08685205955782926,0.9424087778584787,3466
a14_h14x20_sharp_d1,14.0,14x20,sharp,1.0,prova2,PbLg,jitter_mean,hole,0.6189767559112267,,3.918788642908077,,278
a14_h14x20_sharp_d1,14.0,14x20,sharp,1.0,prova2,PbLg,control_single,footprint,0.953950675895559,0.8922102622567689,0.05206217141631164,0.959181128107518,3466
a14_h14x20_sharp_d1,14.0,14x20,sharp,1.0,prova2,PbLg,control_single,hole,0.5552139841867083,,-8.846283704031407,,278
a14_h14x20_sharp_d1,14.0,14x20,sharp,1.0,prova2,PbLg,jitter_single,footprint,0.9448887653659318,0.8781198749019097,1.0535826973977702,0.9512520469098177,3466
a14_h14x20_sharp_d1,14.0,14x20,sharp,1.0,prova2,PbLg,jitter_single,hole,0.4640901619281533,,4.951349240459817,,278
a14_h14x20_sharp_d1,14.0,14x20,sharp,1.0,prova2,PbLg,mvp_single,footprint,0.9371788039762408,0.8985557982017085,0.3300513436345298,0.9727880023022439,3466
a14_h14x20_sharp_d1,14.0,14x20,sharp,1.0,prova2,PbLg,mvp_single,hole,0.5965037003738712,,25.623649116196123,,278
a20_h0x0_sharp_d1,20.0,0x0,sharp,1.0,prova2,Ca,deterministic,footprint,0.9888316070817943,0.9747426537903563,0.1283566829241245,0.9492607405104712,3466
a20_h0x0_sharp_d1,20.0,0x0,sharp,1.0,prova2,Ca,control_mean,footprint,0.9960430230299476,0.9897246280994346,0.023766935952851398,0.9894304847489712,3466
a20_h0x0_sharp_d1,20.0,0x0,sharp,1.0,prova2,Ca,jitter_mean,footprint,0.9946274408814012,0.987189404206038,0.961206138455073,0.981834670801565,3466
a20_h0x0_sharp_d1,20.0,0x0,sharp,1.0,prova2,Ca,control_single,footprint,0.9951610017104349,0.9873152036049493,-0.18398785540556517,0.9860896362368213,3466
a20_h0x0_sharp_d1,20.0,0x0,sharp,1.0,prova2,Ca,jitter_single,footprint,0.9887654404847535,0.9753416021343968,5.378929403987653,0.9830386915323625,3466
a20_h0x0_sharp_d1,20.0,0x0,sharp,1.0,prova2,Ca,mvp_single,footprint,0.9953289543768421,0.9887626935893324,-0.056352122926905945,0.9960328300931046,3466
a20_h0x0_sharp_d1,20.0,0x0,sharp,1.0,prova2,Ti,deterministic,footprint,0.9777646537052381,0.9494943611420433,0.340433181075106,0.9293434603194498,3466
a20_h0x0_sharp_d1,20.0,0x0,sharp,1.0,prova2,Ti,control_mean,footprint,0.9847351948890489,0.9627565246046798,0.10257551789116803,0.9742396564215804,3466
a20_h0x0_sharp_d1,20.0,0x0,sharp,1.0,prova2,Ti,jitter_mean,footprint,0.9831918116452205,0.9600045579646289,0.7024329831541776,0.9657558338283372,3466
a20_h0x0_sharp_d1,20.0,0x0,sharp,1.0,prova2,Ti,control_single,footprint,0.9828922413505067,0.9596167988332106,0.21566659188030357,0.9752278869328428,3466
a20_h0x0_sharp_d1,20.0,0x0,sharp,1.0,prova2,Ti,jitter_single,footprint,0.9733341851163266,0.9457497944803092,0.825989677808403,0.9752880564274284,3466
a20_h0x0_sharp_d1,20.0,0x0,sharp,1.0,prova2,Ti,mvp_single,footprint,0.9835439708250632,0.9610065977793374,-0.2804299621960826,0.9768936150196028,3466
a20_h0x0_sharp_d1,20.0,0x0,sharp,1.0,prova2,Fe,deterministic,footprint,0.9953451007925526,0.9767009805252417,0.5916434898608491,0.9762878282628735,3466
a20_h0x0_sharp_d1,20.0,0x0,sharp,1.0,prova2,Fe,control_mean,footprint,0.9976692120502245,0.9822302120049913,0.23610751834974852,0.9918221874060184,3466
a20_h0x0_sharp_d1,20.0,0x0,sharp,1.0,prova2,Fe,jitter_mean,footprint,0.9972668441964824,0.9809751647510518,0.19144267620001543,0.9921257778694211,3466
a20_h0x0_sharp_d1,20.0,0x0,sharp,1.0,prova2,Fe,control_single,footprint,0.997686395811087,0.9810602344595543,0.0937269073016278,0.9938484202135863,3466
a20_h0x0_sharp_d1,20.0,0x0,sharp,1.0,prova2,Fe,jitter_single,footprint,0.9952480056463615,0.9707653650691562,-4.619876353727603,1.0053313075841224,3466
a20_h0x0_sharp_d1,20.0,0x0,sharp,1.0,prova2,Fe,mvp_single,footprint,0.997476279646667,0.9807426711724051,0.09247159105556513,0.9943498943430104,3466
a20_h0x0_sharp_d1,20.0,0x0,sharp,1.0,prova2,Cu,deterministic,footprint,0.989540299237035,0.9677748034632434,0.18591255788709127,0.9550679139066384,3466
a20_h0x0_sharp_d1,20.0,0x0,sharp,1.0,prova2,Cu,control_mean,footprint,0.9953747084863308,0.9832689683967055,-0.06766432879685702,0.9893401654614384,3466
a20_h0x0_sharp_d1,20.0,0x0,sharp,1.0,prova2,Cu,jitter_mean,footprint,0.9944576472102469,0.980437968992761,-0.6708845417924603,0.9821580565616287,3466
a20_h0x0_sharp_d1,20.0,0x0,sharp,1.0,prova2,Cu,control_single,footprint,0.9944702489747967,0.9802268227401696,0.16659429004266535,0.9857069048658724,3466
a20_h0x0_sharp_d1,20.0,0x0,sharp,1.0,prova2,Cu,jitter_single,footprint,0.990273879496318,0.9623493143204231,-2.1324937227115592,0.9841205188378299,3466
a20_h0x0_sharp_d1,20.0,0x0,sharp,1.0,prova2,Cu,mvp_single,footprint,0.9949515366109557,0.9791557836397061,-0.5203172595407812,0.9967490034464712,3466
a20_h0x0_sharp_d1,20.0,0x0,sharp,1.0,prova2,PbLl,deterministic,footprint,0.9750746403586149,0.9190514951172614,0.010072434806973618,0.9289417937747858,3466
a20_h0x0_sharp_d1,20.0,0x0,sharp,1.0,prova2,PbLl,control_mean,footprint,0.9803735975802338,0.9350602125004658,0.027480529765155914,0.9699685658931265,3466
a20_h0x0_sharp_d1,20.0,0x0,sharp,1.0,prova2,PbLl,jitter_mean,footprint,0.9793832230298445,0.931548491979273,-1.6676643688426473,0.9691784544087142,3466
a20_h0x0_sharp_d1,20.0,0x0,sharp,1.0,prova2,PbLl,control_single,footprint,0.9796123326031143,0.9322203491042659,-0.15904938348176856,0.9719931183242755,3466
a20_h0x0_sharp_d1,20.0,0x0,sharp,1.0,prova2,PbLl,jitter_single,footprint,0.9712293091548966,0.9099791091501387,-4.798754166323049,0.9783415182543079,3466
a20_h0x0_sharp_d1,20.0,0x0,sharp,1.0,prova2,PbLl,mvp_single,footprint,0.9792646982409281,0.9314595111384056,-0.24401606998614156,0.9754362842113831,3466
a20_h0x0_sharp_d1,20.0,0x0,sharp,1.0,prova2,PbLa,deterministic,footprint,0.9922229771289426,0.9791324520494318,0.10220880446067948,0.9572480355268043,3466
a20_h0x0_sharp_d1,20.0,0x0,sharp,1.0,prova2,PbLa,control_mean,footprint,0.9982386436339264,0.9940934215658791,-0.02505540928415817,0.9971211834465279,3466
a20_h0x0_sharp_d1,20.0,0x0,sharp,1.0,prova2,PbLa,jitter_mean,footprint,0.9970999403085765,0.9915740681622898,-0.2521129072770911,0.9930589712846362,3466
a20_h0x0_sharp_d1,20.0,0x0,sharp,1.0,prova2,PbLa,control_single,footprint,0.9977596674651898,0.9925914771688994,-0.03901486872244231,0.9947654085524871,3466
a20_h0x0_sharp_d1,20.0,0x0,sharp,1.0,prova2,PbLa,jitter_single,footprint,0.9909773080086312,0.9796051124967033,2.643155737909919,0.9978171114781273,3466
a20_h0x0_sharp_d1,20.0,0x0,sharp,1.0,prova2,PbLa,mvp_single,footprint,0.997837120962948,0.9931922143819536,-0.005682644082094512,0.9984678308386115,3466
a20_h0x0_sharp_d1,20.0,0x0,sharp,1.0,prova2,PbLb,deterministic,footprint,0.9918765776389614,0.9774686149454714,0.09708633450045134,0.9555538659125026,3466
a20_h0x0_sharp_d1,20.0,0x0,sharp,1.0,prova2,PbLb,control_mean,footprint,0.9977683310645252,0.9924284211218203,-0.018731708298369565,0.9955980315020285,3466
a20_h0x0_sharp_d1,20.0,0x0,sharp,1.0,prova2,PbLb,jitter_mean,footprint,0.9966440746517942,0.9898901092813117,-0.10454916334354802,0.9921982565878648,3466
a20_h0x0_sharp_d1,20.0,0x0,sharp,1.0,prova2,PbLb,control_single,footprint,0.9973045663215477,0.991009343862251,-0.03695863999536586,0.9925790344459076,3466
a20_h0x0_sharp_d1,20.0,0x0,sharp,1.0,prova2,PbLb,jitter_single,footprint,0.990833750575293,0.9788010873811465,1.288703265284652,1.0002473785431998,3466
a20_h0x0_sharp_d1,20.0,0x0,sharp,1.0,prova2,PbLb,mvp_single,footprint,0.9973606775878477,0.9916147803067074,0.025606544055811753,0.9972506240001552,3466
a20_h0x0_sharp_d1,20.0,0x0,sharp,1.0,prova2,PbLg,deterministic,footprint,0.9829284614580357,0.9478056335073978,0.12580063794649377,0.9454685792100672,3466
a20_h0x0_sharp_d1,20.0,0x0,sharp,1.0,prova2,PbLg,control_mean,footprint,0.9885071588282239,0.9628768925001916,0.23204521315740578,0.9864414719939538,3466
a20_h0x0_sharp_d1,20.0,0x0,sharp,1.0,prova2,PbLg,jitter_mean,footprint,0.9871530102886142,0.9595873553250006,-0.07581947570236558,0.9799574318397334,3466
a20_h0x0_sharp_d1,20.0,0x0,sharp,1.0,prova2,PbLg,control_single,footprint,0.987906273795469,0.9610569755206448,0.1570080861053036,0.9833472582350985,3466
a20_h0x0_sharp_d1,20.0,0x0,sharp,1.0,prova2,PbLg,jitter_single,footprint,0.9804237972107914,0.9475946825021575,1.2839968783271871,0.9867778155370661,3466
a20_h0x0_sharp_d1,20.0,0x0,sharp,1.0,prova2,PbLg,mvp_single,footprint,0.9880056492733056,0.9619150983674871,-0.10856626898925192,0.9893221683429286,3466
a20_h14x20_sharp_d1,20.0,14x20,sharp,1.0,prova2,Ca,deterministic,footprint,0.7769635585921344,0.848460455540586,-0.5159959096465272,1.1772482511121527,3466
a20_h14x20_sharp_d1,20.0,14x20,sharp,1.0,prova2,Ca,deterministic,hole,-0.042912060950167794,,-96.8360513513917,,278
a20_h14x20_sharp_d1,20.0,14x20,sharp,1.0,prova2,Ca,control_mean,footprint,0.9518257044541439,0.9044798625836322,-0.1293800225725894,0.9585683993361894,3466
a20_h14x20_sharp_d1,20.0,14x20,sharp,1.0,prova2,Ca,control_mean,hole,0.1808927563180444,,-14.859705622086901,,278
a20_h14x20_sharp_d1,20.0,14x20,sharp,1.0,prova2,Ca,jitter_mean,footprint,0.948798827376191,0.900285046741489,0.7242783480388093,0.9503850863001416,3466
a20_h14x20_sharp_d1,20.0,14x20,sharp,1.0,prova2,Ca,jitter_mean,hole,-0.03541716925098298,,-13.244755965518868,,278
a20_h14x20_sharp_d1,20.0,14x20,sharp,1.0,prova2,Ca,control_single,footprint,0.9560934935537628,0.9136815099746969,-0.3579134536671136,0.9620125053392563,3466
a20_h14x20_sharp_d1,20.0,14x20,sharp,1.0,prova2,Ca,control_single,hole,0.5517777769146369,,-17.79966352395265,,278
a20_h14x20_sharp_d1,20.0,14x20,sharp,1.0,prova2,Ca,jitter_single,footprint,0.9286636799991221,0.8859665548563647,5.161834091399831,0.974819885538281,3466
a20_h14x20_sharp_d1,20.0,14x20,sharp,1.0,prova2,Ca,jitter_single,hole,-0.13384119504656333,,-22.6818968525403,,278
a20_h14x20_sharp_d1,20.0,14x20,sharp,1.0,prova2,Ca,mvp_single,footprint,0.9554426030991433,0.914575457874685,-0.2852469449077466,0.9737150199889589,3466
a20_h14x20_sharp_d1,20.0,14x20,sharp,1.0,prova2,Ca,mvp_single,hole,0.5296673996119035,,-19.47253651926921,,278
a20_h14x20_sharp_d1,20.0,14x20,sharp,1.0,prova2,Ti,deterministic,footprint,0.6963355523836579,0.8084732992620061,-0.49666009738975614,1.2830455824547924,3466
a20_h14x20_sharp_d1,20.0,14x20,sharp,1.0,prova2,Ti,deterministic,hole,-0.04300732080346545,,-96.21567154176024,,278
a20_h14x20_sharp_d1,20.0,14x20,sharp,1.0,prova2,Ti,control_mean,footprint,0.9613500014085815,0.8904763817693617,-0.18481499320057715,0.9596456616733151,3466
a20_h14x20_sharp_d1,20.0,14x20,sharp,1.0,prova2,Ti,control_mean,hole,0.27747208595871575,,-9.893144482859459,,278
a20_h14x20_sharp_d1,20.0,14x20,sharp,1.0,prova2,Ti,jitter_mean,footprint,0.9585632370828101,0.8865505169893043,0.4165506641729433,0.9500432386851634,3466
a20_h14x20_sharp_d1,20.0,14x20,sharp,1.0,prova2,Ti,jitter_mean,hole,0.07895597377274421,,-8.012216205044114,,278
a20_h14x20_sharp_d1,20.0,14x20,sharp,1.0,prova2,Ti,control_single,footprint,0.9574957512058168,0.8913105204664402,-0.18649356079114554,0.9701315312604349,3466
a20_h14x20_sharp_d1,20.0,14x20,sharp,1.0,prova2,Ti,control_single,hole,0.407188115208266,,-14.193250721434763,,278
a20_h14x20_sharp_d1,20.0,14x20,sharp,1.0,prova2,Ti,jitter_single,footprint,0.9407125087930708,0.8695317581627371,0.46724383886789234,0.9725296580023176,3466
a20_h14x20_sharp_d1,20.0,14x20,sharp,1.0,prova2,Ti,jitter_single,hole,0.021709073269636222,,-12.686475156538929,,278
a20_h14x20_sharp_d1,20.0,14x20,sharp,1.0,prova2,Ti,mvp_single,footprint,0.9578779661286776,0.8837963555637919,-0.5591875200976482,0.9604687270512793,3466
a20_h14x20_sharp_d1,20.0,14x20,sharp,1.0,prova2,Ti,mvp_single,hole,0.1187947351000665,,-9.881060770006352,,278
a20_h14x20_sharp_d1,20.0,14x20,sharp,1.0,prova2,Fe,deterministic,footprint,0.9614787411434161,0.8577122417187947,-0.5044600751844985,1.0621703171264056,3466
a20_h14x20_sharp_d1,20.0,14x20,sharp,1.0,prova2,Fe,deterministic,hole,0.11661582890063642,,-96.15624895525858,,278
a20_h14x20_sharp_d1,20.0,14x20,sharp,1.0,prova2,Fe,control_mean,footprint,0.9798441777651408,0.9019145764424462,0.20465817333528147,1.0043053960291013,3466
a20_h14x20_sharp_d1,20.0,14x20,sharp,1.0,prova2,Fe,control_mean,hole,0.0713627602699964,,-31.88290960266954,,278
a20_h14x20_sharp_d1,20.0,14x20,sharp,1.0,prova2,Fe,jitter_mean,footprint,0.9782685436798365,0.901297862719894,0.07403681006765694,1.0133823986610042,3466
a20_h14x20_sharp_d1,20.0,14x20,sharp,1.0,prova2,Fe,jitter_mean,hole,0.07033406314977231,,-41.371660334778944,,278
a20_h14x20_sharp_d1,20.0,14x20,sharp,1.0,prova2,Fe,control_single,footprint,0.9802672721957199,0.9063128251065653,0.007528985466143112,1.011867976658755,3466
a20_h14x20_sharp_d1,20.0,14x20,sharp,1.0,prova2,Fe,control_single,hole,0.21333929875674412,,-36.14718097891737,,278
a20_h14x20_sharp_d1,20.0,14x20,sharp,1.0,prova2,Fe,jitter_single,footprint,0.9791839573772938,0.8951214751527068,-4.981621420622062,1.0249405481361953,3466
a20_h14x20_sharp_d1,20.0,14x20,sharp,1.0,prova2,Fe,jitter_single,hole,0.40037894760448994,,-39.23802569574656,,278
a20_h14x20_sharp_d1,20.0,14x20,sharp,1.0,prova2,Fe,mvp_single,footprint,0.9794350190710361,0.9021850714996016,-0.06242212084874854,1.0086758329709244,3466
a20_h14x20_sharp_d1,20.0,14x20,sharp,1.0,prova2,Fe,mvp_single,hole,0.0788828910030387,,-34.92942735177861,,278
a20_h14x20_sharp_d1,20.0,14x20,sharp,1.0,prova2,Cu,deterministic,footprint,0.9203948472337674,0.8655942975031155,-0.942670643727328,1.0315902841555513,3466
a20_h14x20_sharp_d1,20.0,14x20,sharp,1.0,prova2,Cu,deterministic,hole,0.32954703893485215,,-94.81416427657965,,278
a20_h14x20_sharp_d1,20.0,14x20,sharp,1.0,prova2,Cu,control_mean,footprint,0.9531211960143595,0.8784858203490938,-0.6523813717823845,0.9726344801518911,3466
a20_h14x20_sharp_d1,20.0,14x20,sharp,1.0,prova2,Cu,control_mean,hole,0.19113574812522852,,-25.190231730481212,,278
a20_h14x20_sharp_d1,20.0,14x20,sharp,1.0,prova2,Cu,jitter_mean,footprint,0.9527304434256496,0.8772177561113316,-1.3825428427987507,0.9665789524485016,3466
a20_h14x20_sharp_d1,20.0,14x20,sharp,1.0,prova2,Cu,jitter_mean,hole,0.22306959815390254,,-26.587747610569405,,278
a20_h14x20_sharp_d1,20.0,14x20,sharp,1.0,prova2,Cu,control_single,footprint,0.9544220644749166,0.8756751121553281,-0.2419440718381516,0.9579460435232094,3466
a20_h14x20_sharp_d1,20.0,14x20,sharp,1.0,prova2,Cu,control_single,hole,0.21305933730037235,,-12.349961844385515,,278
a20_h14x20_sharp_d1,20.0,14x20,sharp,1.0,prova2,Cu,jitter_single,footprint,0.9448886493178971,0.8588538422759887,-2.9783585466102602,0.979424865851018,3466
a20_h14x20_sharp_d1,20.0,14x20,sharp,1.0,prova2,Cu,jitter_single,hole,0.13462496580052422,,-36.88185184557921,,278
a20_h14x20_sharp_d1,20.0,14x20,sharp,1.0,prova2,Cu,mvp_single,footprint,0.9578614006055342,0.8798418377006884,-1.2813971820513803,0.9526325146656556,3466
a20_h14x20_sharp_d1,20.0,14x20,sharp,1.0,prova2,Cu,mvp_single,hole,0.32776050850023447,,3.0230013572262453,,278
a20_h14x20_sharp_d1,20.0,14x20,sharp,1.0,prova2,PbLl,deterministic,footprint,0.8324413083822191,0.7933755073477671,-1.3905531968861462,1.080160812036195,3466
a20_h14x20_sharp_d1,20.0,14x20,sharp,1.0,prova2,PbLl,deterministic,hole,0.20518343922051,,-94.79178171911461,,278
a20_h14x20_sharp_d1,20.0,14x20,sharp,1.0,prova2,PbLl,control_mean,footprint,0.9440961628667729,0.8576733508617286,-0.4430610120760181,0.9369523942097021,3466
a20_h14x20_sharp_d1,20.0,14x20,sharp,1.0,prova2,PbLl,control_mean,hole,0.3792656826677056,,-0.855246273570265,,278
a20_h14x20_sharp_d1,20.0,14x20,sharp,1.0,prova2,PbLl,jitter_mean,footprint,0.9415046110475416,0.8545647214768876,-1.7736440177203106,0.9303473002685129,3466
a20_h14x20_sharp_d1,20.0,14x20,sharp,1.0,prova2,PbLl,jitter_mean,hole,0.35600489001700614,,7.202305218705598,,278
a20_h14x20_sharp_d1,20.0,14x20,sharp,1.0,prova2,PbLl,control_single,footprint,0.9419859529203334,0.8526342576165244,-0.5958178909361345,0.9409184809548016,3466
a20_h14x20_sharp_d1,20.0,14x20,sharp,1.0,prova2,PbLl,control_single,hole,0.36821688092040816,,-5.542402436605964,,278
a20_h14x20_sharp_d1,20.0,14x20,sharp,1.0,prova2,PbLl,jitter_single,footprint,0.9297708518203851,0.8279531845317085,-5.08722092649867,0.9397588638300551,3466
a20_h14x20_sharp_d1,20.0,14x20,sharp,1.0,prova2,PbLl,jitter_single,hole,0.2581357662211546,,7.436522766834146,,278
a20_h14x20_sharp_d1,20.0,14x20,sharp,1.0,prova2,PbLl,mvp_single,footprint,0.936112484815029,0.8524901842485009,-0.4841682635402522,0.9386414024597828,3466
a20_h14x20_sharp_d1,20.0,14x20,sharp,1.0,prova2,PbLl,mvp_single,hole,0.34302959904889824,,19.656033449478247,,278
a20_h14x20_sharp_d1,20.0,14x20,sharp,1.0,prova2,PbLa,deterministic,footprint,0.7275406252247107,0.8221018058407137,-0.27842055848008584,1.3007222504555087,3466
a20_h14x20_sharp_d1,20.0,14x20,sharp,1.0,prova2,PbLa,deterministic,hole,0.27711021483397974,,-94.94303350177252,,278
a20_h14x20_sharp_d1,20.0,14x20,sharp,1.0,prova2,PbLa,control_mean,footprint,0.9707719664746074,0.9307360774481307,-0.06326184088359943,0.9656738125257774,3466
a20_h14x20_sharp_d1,20.0,14x20,sharp,1.0,prova2,PbLa,control_mean,hole,0.6026821251094285,,-0.9493802717871302,,278
a20_h14x20_sharp_d1,20.0,14x20,sharp,1.0,prova2,PbLa,jitter_mean,footprint,0.9684959524258436,0.9274994134694956,-0.25887517860213594,0.9580124365234404,3466
a20_h14x20_sharp_d1,20.0,14x20,sharp,1.0,prova2,PbLa,jitter_mean,hole,0.6010953223157537,,1.614041796364006,,278
a20_h14x20_sharp_d1,20.0,14x20,sharp,1.0,prova2,PbLa,control_single,footprint,0.9644696619968509,0.9213222225722726,-0.09992914908063533,0.9723173337214228,3466
a20_h14x20_sharp_d1,20.0,14x20,sharp,1.0,prova2,PbLa,control_single,hole,0.5516112131231533,,-9.706230187562022,,278
a20_h14x20_sharp_d1,20.0,14x20,sharp,1.0,prova2,PbLa,jitter_single,footprint,0.9570479716931193,0.905849826035532,2.6303051119754173,0.9664215641040429,3466
a20_h14x20_sharp_d1,20.0,14x20,sharp,1.0,prova2,PbLa,jitter_single,hole,0.45359960764210866,,3.0566224139344604,,278
a20_h14x20_sharp_d1,20.0,14x20,sharp,1.0,prova2,PbLa,mvp_single,footprint,0.9583695655426333,0.9316412213683517,0.0944445816327022,0.9770415866767801,3466
a20_h14x20_sharp_d1,20.0,14x20,sharp,1.0,prova2,PbLa,mvp_single,hole,0.5973036689427803,,19.370000010863468,,278
a20_h14x20_sharp_d1,20.0,14x20,sharp,1.0,prova2,PbLb,deterministic,footprint,0.7220399695440134,0.820586893082698,-0.3373183123705159,1.307477329844306,3466
a20_h14x20_sharp_d1,20.0,14x20,sharp,1.0,prova2,PbLb,deterministic,hole,0.28571533449335257,,-94.96740242276523,,278
a20_h14x20_sharp_d1,20.0,14x20,sharp,1.0,prova2,PbLb,control_mean,footprint,0.9701540146980254,0.9313699170630795,0.013229216596233329,0.9620409227850022,3466
a20_h14x20_sharp_d1,20.0,14x20,sharp,1.0,prova2,PbLb,control_mean,hole,0.6395522655006943,,-1.3740389862470752,,278
a20_h14x20_sharp_d1,20.0,14x20,sharp,1.0,prova2,PbLb,jitter_mean,footprint,0.9679784477188289,0.927949255148319,-0.10210377230783774,0.9559395033573178,3466
a20_h14x20_sharp_d1,20.0,14x20,sharp,1.0,prova2,PbLb,jitter_mean,hole,0.6378613310226238,,0.9522621319808556,,278
a20_h14x20_sharp_d1,20.0,14x20,sharp,1.0,prova2,PbLb,control_single,footprint,0.9624351653721147,0.9215018421486482,-0.061826328484815285,0.9698556846974609,3466
a20_h14x20_sharp_d1,20.0,14x20,sharp,1.0,prova2,PbLb,control_single,hole,0.5833925388249748,,-11.018411429151154,,278
a20_h14x20_sharp_d1,20.0,14x20,sharp,1.0,prova2,PbLb,jitter_single,footprint,0.9569195783291281,0.908282951357045,1.3638157960731423,0.9665150174780975,3466
a20_h14x20_sharp_d1,20.0,14x20,sharp,1.0,prova2,PbLb,jitter_single,hole,0.49522255124156056,,2.658703526288197,,278
a20_h14x20_sharp_d1,20.0,14x20,sharp,1.0,prova2,PbLb,mvp_single,footprint,0.959073808523125,0.9327118417672614,0.129038181213037,0.9735856453514808,3466
a20_h14x20_sharp_d1,20.0,14x20,sharp,1.0,prova2,PbLb,mvp_single,hole,0.6406916784292668,,19.316556414712924,,278
a20_h14x20_sharp_d1,20.0,14x20,sharp,1.0,prova2,PbLg,deterministic,footprint,0.716708649377291,0.7962750892567336,-0.6003323750440437,1.311733412632765,3466
a20_h14x20_sharp_d1,20.0,14x20,sharp,1.0,prova2,PbLg,deterministic,hole,0.26049801263211586,,-94.955802058392,,278
a20_h14x20_sharp_d1,20.0,14x20,sharp,1.0,prova2,PbLg,control_mean,footprint,0.9604674814330528,0.9020782731725105,0.21315388116678324,0.9519879688442543,3466
a20_h14x20_sharp_d1,20.0,14x20,sharp,1.0,prova2,PbLg,control_mean,hole,0.612069591879283,,1.0347947897902035,,278
a20_h14x20_sharp_d1,20.0,14x20,sharp,1.0,prova2,PbLg,jitter_mean,footprint,0.957538744695534,0.8980219686154162,-0.021156267142186103,0.9420906610386132,3466
a20_h14x20_sharp_d1,20.0,14x20,sharp,1.0,prova2,PbLg,jitter_mean,hole,0.6133456978494572,,4.160956708418787,,278
a20_h14x20_sharp_d1,20.0,14x20,sharp,1.0,prova2,PbLg,control_single,footprint,0.9543330150095101,0.8927165837974156,0.05924756539590348,0.9593070998051371,3466
a20_h14x20_sharp_d1,20.0,14x20,sharp,1.0,prova2,PbLg,control_single,hole,0.5562939048849257,,-8.35109088248392,,278
a20_h14x20_sharp_d1,20.0,14x20,sharp,1.0,prova2,PbLg,jitter_single,footprint,0.9446700570900014,0.8779294485031449,1.3969462944939615,0.9511024547773557,3466
a20_h14x20_sharp_d1,20.0,14x20,sharp,1.0,prova2,PbLg,jitter_single,hole,0.463348357610621,,5.912850763409374,,278
a20_h14x20_sharp_d1,20.0,14x20,sharp,1.0,prova2,PbLg,mvp_single,footprint,0.9368126606137308,0.8977594442723209,0.341217504667779,0.9709897455502309,3466
a20_h14x20_sharp_d1,20.0,14x20,sharp,1.0,prova2,PbLg,mvp_single,hole,0.6009345262451024,,26.03664090073181,,278
a25_h0x0_sharp_d1,25.0,0x0,sharp,1.0,prova2,Ca,deterministic,footprint,0.9888440056491933,0.9747801308559038,0.12371996808155927,0.949252404588285,3466
a25_h0x0_sharp_d1,25.0,0x0,sharp,1.0,prova2,Ca,control_mean,footprint,0.9960471200814257,0.9897526757903784,0.022377202676726604,0.9894212543560937,3466
a25_h0x0_sharp_d1,25.0,0x0,sharp,1.0,prova2,Ca,jitter_mean,footprint,0.9945696693913496,0.9871129215784792,1.1086071116060303,0.9804050782446524,3466
a25_h0x0_sharp_d1,25.0,0x0,sharp,1.0,prova2,Ca,control_single,footprint,0.9951742234671306,0.9873683096700665,-0.2318279216139807,0.9865453801995311,3466
a25_h0x0_sharp_d1,25.0,0x0,sharp,1.0,prova2,Ca,jitter_single,footprint,0.9887202538184782,0.974677629187279,6.375283935382514,0.980923023092463,3466
a25_h0x0_sharp_d1,25.0,0x0,sharp,1.0,prova2,Ca,mvp_single,footprint,0.995333467698178,0.9887866648747028,-0.0506522455523184,0.9953751817339024,3466
a25_h0x0_sharp_d1,25.0,0x0,sharp,1.0,prova2,Ti,deterministic,footprint,0.9778401556482089,0.9496522806099441,0.3260633492150333,0.9292851526245739,3466
a25_h0x0_sharp_d1,25.0,0x0,sharp,1.0,prova2,Ti,control_mean,footprint,0.9848109772189039,0.9629211989898023,0.10850576953382873,0.9742413658376539,3466
a25_h0x0_sharp_d1,25.0,0x0,sharp,1.0,prova2,Ti,jitter_mean,footprint,0.9832545472525526,0.9601563142890868,0.7719633995891595,0.9649473599779805,3466
a25_h0x0_sharp_d1,25.0,0x0,sharp,1.0,prova2,Ti,control_single,footprint,0.9829220424382149,0.9597201538924965,0.18949797319440798,0.9753944369321869,3466
a25_h0x0_sharp_d1,25.0,0x0,sharp,1.0,prova2,Ti,jitter_single,footprint,0.973526931147072,0.9460980923534802,1.089291350095678,0.9732267066029582,3466
a25_h0x0_sharp_d1,25.0,0x0,sharp,1.0,prova2,Ti,mvp_single,footprint,0.9836312099391915,0.9611674874550877,-0.25022026111333195,0.9760448593639076,3466
a25_h0x0_sharp_d1,25.0,0x0,sharp,1.0,prova2,Fe,deterministic,footprint,0.995344123865649,0.9766918616741925,0.593947523635574,0.9762894181306068,3466
a25_h0x0_sharp_d1,25.0,0x0,sharp,1.0,prova2,Fe,control_mean,footprint,0.9976686094191778,0.9822240884109175,0.24258219474320164,0.9918715799115041,3466
a25_h0x0_sharp_d1,25.0,0x0,sharp,1.0,prova2,Fe,jitter_mean,footprint,0.9972492021534072,0.9809791892534048,0.11870263015807403,0.9928502312442186,3466
a25_h0x0_sharp_d1,25.0,0x0,sharp,1.0,prova2,Fe,control_single,footprint,0.9976821975974849,0.9809833675353431,0.017081512111793984,0.9940906399534252,3466
a25_h0x0_sharp_d1,25.0,0x0,sharp,1.0,prova2,Fe,jitter_single,footprint,0.9952211022605247,0.9703344434177854,-5.232289357101316,1.0074168617442028,3466
a25_h0x0_sharp_d1,25.0,0x0,sharp,1.0,prova2,Fe,mvp_single,footprint,0.9974723002204008,0.980731243190438,0.1080773680982583,0.9944876258979206,3466
a25_h0x0_sharp_d1,25.0,0x0,sharp,1.0,prova2,Cu,deterministic,footprint,0.9895159586569996,0.967706480161298,0.1913304328721166,0.955101629060286,3466
a25_h0x0_sharp_d1,25.0,0x0,sharp,1.0,prova2,Cu,control_mean,footprint,0.9953361515473831,0.9831443885531104,-0.033339073907234784,0.9891401296760505,3466
a25_h0x0_sharp_d1,25.0,0x0,sharp,1.0,prova2,Cu,jitter_mean,footprint,0.99441646565639,0.9803107888856436,-0.6942765724288646,0.9826128354886862,3466
a25_h0x0_sharp_d1,25.0,0x0,sharp,1.0,prova2,Cu,control_single,footprint,0.9944157996515762,0.9801430661793648,0.30424566168134604,0.984929998163559,3466
a25_h0x0_sharp_d1,25.0,0x0,sharp,1.0,prova2,Cu,jitter_single,footprint,0.9903105677276983,0.9629596132980275,-2.477851212342297,0.9850840814783389,3466
a25_h0x0_sharp_d1,25.0,0x0,sharp,1.0,prova2,Cu,mvp_single,footprint,0.994915759916796,0.9791140041288583,-0.4949068641212029,0.9970733106943973,3466
a25_h0x0_sharp_d1,25.0,0x0,sharp,1.0,prova2,PbLl,deterministic,footprint,0.9750845403034738,0.9190816579584885,0.00921893318892586,0.9289317490741646,3466
a25_h0x0_sharp_d1,25.0,0x0,sharp,1.0,prova2,PbLl,control_mean,footprint,0.9803757152581657,0.9350496931951952,0.03313406146820963,0.9696891450369708,3466
a25_h0x0_sharp_d1,25.0,0x0,sharp,1.0,prova2,PbLl,jitter_mean,footprint,0.9794030803438241,0.9313935600495182,-1.8407552295619856,0.9697278490254274,3466
a25_h0x0_sharp_d1,25.0,0x0,sharp,1.0,prova2,PbLl,control_single,footprint,0.9796195594513224,0.9322295057284907,-0.16929719789728903,0.9715900987714562,3466
a25_h0x0_sharp_d1,25.0,0x0,sharp,1.0,prova2,PbLl,jitter_single,footprint,0.9711694121614866,0.9089286158964651,-5.51387288045696,0.9810958687789864,3466
a25_h0x0_sharp_d1,25.0,0x0,sharp,1.0,prova2,PbLl,mvp_single,footprint,0.9792891706131677,0.9315172691391826,-0.2142438656032697,0.9745076475830186,3466
a25_h0x0_sharp_d1,25.0,0x0,sharp,1.0,prova2,PbLa,deterministic,footprint,0.9922111874430276,0.9790894825777662,0.1053153697798237,0.9572745595768536,3466
a25_h0x0_sharp_d1,25.0,0x0,sharp,1.0,prova2,PbLa,control_mean,footprint,0.9982198589263773,0.9940298799614917,-0.014440846730101597,0.9970510311529781,3466
a25_h0x0_sharp_d1,25.0,0x0,sharp,1.0,prova2,PbLa,jitter_mean,footprint,0.9970774871321707,0.9914668234000745,-0.3447410088559755,0.9922305631276207,3466
a25_h0x0_sharp_d1,25.0,0x0,sharp,1.0,prova2,PbLa,control_single,footprint,0.9977383763518374,0.9925388841151245,-0.05446584331747495,0.99483021279286,3466
a25_h0x0_sharp_d1,25.0,0x0,sharp,1.0,prova2,PbLa,jitter_single,footprint,0.9909951517786284,0.9795477360875142,3.0950701994874708,0.9969306722143111,3466
a25_h0x0_sharp_d1,25.0,0x0,sharp,1.0,prova2,PbLa,mvp_single,footprint,0.997817803945136,0.993111783664981,0.004336484382605477,0.9978329412402281,3466
a25_h0x0_sharp_d1,25.0,0x0,sharp,1.0,prova2,PbLb,deterministic,footprint,0.9918572516340068,0.977393016060976,0.09963940349924094,0.9555592181473261,3466
a25_h0x0_sharp_d1,25.0,0x0,sharp,1.0,prova2,PbLb,control_mean,footprint,0.9977405542246298,0.9923253281300436,-0.02456822065657338,0.9954926971208262,3466
a25_h0x0_sharp_d1,25.0,0x0,sharp,1.0,prova2,PbLb,jitter_mean,footprint,0.9966174659037232,0.9897819756948739,-0.12345326962727166,0.9914310602275216,3466
a25_h0x0_sharp_d1,25.0,0x0,sharp,1.0,prova2,PbLb,control_single,footprint,0.9972785502168913,0.9909355763506028,-0.021912282040958964,0.9926193347908913,3466
a25_h0x0_sharp_d1,25.0,0x0,sharp,1.0,prova2,PbLb,jitter_single,footprint,0.9908392657026174,0.9787985813397426,1.5729685720951014,1.0005286526168757,3466
a25_h0x0_sharp_d1,25.0,0x0,sharp,1.0,prova2,PbLb,mvp_single,footprint,0.9973311698870957,0.9914919735605556,0.01204539392238857,0.9965496103218412,3466
a25_h0x0_sharp_d1,25.0,0x0,sharp,1.0,prova2,PbLg,deterministic,footprint,0.9828078252966888,0.9474475066901509,0.10425172572747776,0.9455578051245869,3466
a25_h0x0_sharp_d1,25.0,0x0,sharp,1.0,prova2,PbLg,control_mean,footprint,0.9883850795041275,0.96249310253773,0.23532171996105689,0.9864431381773002,3466
a25_h0x0_sharp_d1,25.0,0x0,sharp,1.0,prova2,PbLg,jitter_mean,footprint,0.9870405987636348,0.9591691928899917,-0.15442170878509076,0.9792455869254997,3466
a25_h0x0_sharp_d1,25.0,0x0,sharp,1.0,prova2,PbLg,control_single,footprint,0.9877715492986548,0.960705427126495,0.1280852310383107,0.9836224928225155,3466
a25_h0x0_sharp_d1,25.0,0x0,sharp,1.0,prova2,PbLg,jitter_single,footprint,0.9803781160366601,0.9474032243760488,1.5770070766221833,0.9864985298281677,3466
a25_h0x0_sharp_d1,25.0,0x0,sharp,1.0,prova2,PbLg,mvp_single,footprint,0.9878742746032466,0.9614694147745214,-0.1088025389207159,0.9886649310188192,3466
a25_h14x20_sharp_d1,25.0,14x20,sharp,1.0,prova2,Ca,deterministic,footprint,0.7769714305754954,0.8484939960382514,-0.5113432310468791,1.1772379703067912,3466
a25_h14x20_sharp_d1,25.0,14x20,sharp,1.0,prova2,Ca,deterministic,hole,-0.042925325760272845,,-96.83590798594305,,278
a25_h14x20_sharp_d1,25.0,14x20,sharp,1.0,prova2,Ca,control_mean,footprint,0.9518355510728483,0.9044940515818167,-0.12971458202041264,0.9585086328435923,3466
a25_h14x20_sharp_d1,25.0,14x20,sharp,1.0,prova2,Ca,control_mean,hole,0.17872132160796442,,-14.829908610581501,,278
a25_h14x20_sharp_d1,25.0,14x20,sharp,1.0,prova2,Ca,jitter_mean,footprint,0.9490055899275223,0.9001921144261721,0.9110013779219717,0.9485455990423615,3466
a25_h14x20_sharp_d1,25.0,14x20,sharp,1.0,prova2,Ca,jitter_mean,hole,-0.03372302386211555,,-12.674260339106654,,278
a25_h14x20_sharp_d1,25.0,14x20,sharp,1.0,prova2,Ca,control_single,footprint,0.9568996629522494,0.9144250701990552,-0.37412733313810786,0.9617281756499109,3466
a25_h14x20_sharp_d1,25.0,14x20,sharp,1.0,prova2,Ca,control_single,hole,0.5630859296343979,,-17.267544682173224,,278
a25_h14x20_sharp_d1,25.0,14x20,sharp,1.0,prova2,Ca,jitter_single,footprint,0.9299307140266593,0.8857758428744933,6.156474179950822,0.9708708651527126,3466
a25_h14x20_sharp_d1,25.0,14x20,sharp,1.0,prova2,Ca,jitter_single,hole,-0.12692132854349522,,-20.8143884640363,,278
a25_h14x20_sharp_d1,25.0,14x20,sharp,1.0,prova2,Ca,mvp_single,footprint,0.9554435644558092,0.9148377749561348,-0.2742063454588717,0.9732445018300411,3466
a25_h14x20_sharp_d1,25.0,14x20,sharp,1.0,prova2,Ca,mvp_single,hole,0.5323284457147981,,-19.56613419410061,,278
a25_h14x20_sharp_d1,25.0,14x20,sharp,1.0,prova2,Ti,deterministic,footprint,0.6963706845630389,0.8086067363298431,-0.4983219093646074,1.2829989806759858,3466
a25_h14x20_sharp_d1,25.0,14x20,sharp,1.0,prova2,Ti,deterministic,hole,-0.04297332311028872,,-96.21623378922062,,278
a25_h14x20_sharp_d1,25.0,14x20,sharp,1.0,prova2,Ti,control_mean,footprint,0.9615434626225523,0.8908095596469565,-0.1788826931630627,0.9596212261281248,3466
a25_h14x20_sharp_d1,25.0,14x20,sharp,1.0,prova2,Ti,control_mean,hole,0.28265768122208923,,-9.844657262553978,,278
a25_h14x20_sharp_d1,25.0,14x20,sharp,1.0,prova2,Ti,jitter_mean,footprint,0.9590849925902816,0.8868989877922557,0.4817806919821255,0.948832916233237,3466
a25_h14x20_sharp_d1,25.0,14x20,sharp,1.0,prova2,Ti,jitter_mean,hole,0.08303617084558462,,-7.347712522456765,,278
a25_h14x20_sharp_d1,25.0,14x20,sharp,1.0,prova2,Ti,control_single,footprint,0.9585435492178924,0.8922780813071676,-0.19692540879669984,0.9691347398355344,3466
a25_h14x20_sharp_d1,25.0,14x20,sharp,1.0,prova2,Ti,control_single,hole,0.41006149222457333,,-13.292098401442193,,278
a25_h14x20_sharp_d1,25.0,14x20,sharp,1.0,prova2,Ti,jitter_single,footprint,0.9423250074821264,0.8705748556099627,0.7828023401481587,0.9686590298177622,3466
a25_h14x20_sharp_d1,25.0,14x20,sharp,1.0,prova2,Ti,jitter_single,hole,0.021682140976009446,,-11.030390083026209,,278
a25_h14x20_sharp_d1,25.0,14x20,sharp,1.0,prova2,Ti,mvp_single,footprint,0.9581438255321761,0.884629646307682,-0.48137394067064854,0.959847701025755,3466
a25_h14x20_sharp_d1,25.0,14x20,sharp,1.0,prova2,Ti,mvp_single,hole,0.13595268977634917,,-9.949281747027898,,278
a25_h14x20_sharp_d1,25.0,14x20,sharp,1.0,prova2,Fe,deterministic,footprint,0.9614779420563598,0.8577038668547814,-0.5027869653318473,1.0621721974032647,3466
a25_h14x20_sharp_d1,25.0,14x20,sharp,1.0,prova2,Fe,deterministic,hole,0.116616096008773,,-96.1561815762476,,278
a25_h14x20_sharp_d1,25.0,14x20,sharp,1.0,prova2,Fe,control_mean,footprint,0.9798118393732783,0.9017515837689694,0.2115034060374832,1.0043909950779115,3466
a25_h14x20_sharp_d1,25.0,14x20,sharp,1.0,prova2,Fe,control_mean,hole,0.06794169322513276,,-31.898729884046546,,278
a25_h14x20_sharp_d1,25.0,14x20,sharp,1.0,prova2,Fe,jitter_mean,footprint,0.9783884280838404,0.9013755628671359,0.0998590958049661,1.0134752556851356,3466
a25_h14x20_sharp_d1,25.0,14x20,sharp,1.0,prova2,Fe,jitter_mean,hole,0.07372350350827375,,-40.72403437286522,,278
a25_h14x20_sharp_d1,25.0,14x20,sharp,1.0,prova2,Fe,control_single,footprint,0.9804686043792559,0.906143184222319,-0.03846140565610945,1.0109284255321296,3466
a25_h14x20_sharp_d1,25.0,14x20,sharp,1.0,prova2,Fe,control_single,hole,0.21555818309510338,,-34.91262672197154,,278
a25_h14x20_sharp_d1,25.0,14x20,sharp,1.0,prova2,Fe,jitter_single,footprint,0.979489342646972,0.8956305149821718,-5.460605255719697,1.024962706320971,3466
a25_h14x20_sharp_d1,25.0,14x20,sharp,1.0,prova2,Fe,jitter_single,hole,0.40343793731679706,,-37.47509807895072,,278
a25_h14x20_sharp_d1,25.0,14x20,sharp,1.0,prova2,Fe,mvp_single,footprint,0.9794254608807729,0.9023546076423666,-0.033966691067677246,1.0089925103875685,3466
a25_h14x20_sharp_d1,25.0,14x20,sharp,1.0,prova2,Fe,mvp_single,hole,0.0833963888994537,,-35.11136970928289,,278
a25_h14x20_sharp_d1,25.0,14x20,sharp,1.0,prova2,Cu,deterministic,footprint,0.9203744132980528,0.865532962993356,-0.953957855168075,1.0316303820502541,3466
a25_h14x20_sharp_d1,25.0,14x20,sharp,1.0,prova2,Cu,deterministic,hole,0.32953726791789095,,-94.81446252621049,,278
a25_h14x20_sharp_d1,25.0,14x20,sharp,1.0,prova2,Cu,control_mean,footprint,0.9529497116227581,0.878138046089657,-0.6419510312453358,0.9722707836075797,3466
a25_h14x20_sharp_d1,25.0,14x20,sharp,1.0,prova2,Cu,control_mean,hole,0.18326623279716286,,-25.02782768681565,,278
a25_h14x20_sharp_d1,25.0,14x20,sharp,1.0,prova2,Cu,jitter_mean,footprint,0.9525408353568251,0.8770083234419545,-1.4329314603219068,0.9674800038808267,3466
a25_h14x20_sharp_d1,25.0,14x20,sharp,1.0,prova2,Cu,jitter_mean,hole,0.2202624896871943,,-27.18839089683122,,278
a25_h14x20_sharp_d1,25.0,14x20,sharp,1.0,prova2,Cu,control_single,footprint,0.9539856694098757,0.8749234155793433,0.0003036059744720987,0.9573325217677788,3466
a25_h14x20_sharp_d1,25.0,14x20,sharp,1.0,prova2,Cu,control_single,hole,0.1954634149863105,,-12.309717997651024,,278
a25_h14x20_sharp_d1,25.0,14x20,sharp,1.0,prova2,Cu,jitter_single,footprint,0.9449275660754003,0.8597515857553291,-3.390074825390843,0.9807347613403037,3466
a25_h14x20_sharp_d1,25.0,14x20,sharp,1.0,prova2,Cu,jitter_single,hole,0.13752913129506286,,-37.379774967899074,,278
a25_h14x20_sharp_d1,25.0,14x20,sharp,1.0,prova2,Cu,mvp_single,footprint,0.9578586707801725,0.8799253589284163,-1.2587713781803234,0.9527886321578533,3466
a25_h14x20_sharp_d1,25.0,14x20,sharp,1.0,prova2,Cu,mvp_single,hole,0.32885328310419065,,3.0743430510157626,,278
a25_h14x20_sharp_d1,25.0,14x20,sharp,1.0,prova2,PbLl,deterministic,footprint,0.8324479507996424,0.7934012063490025,-1.3894750916559229,1.080150747372247,3466
a25_h14x20_sharp_d1,25.0,14x20,sharp,1.0,prova2,PbLl,deterministic,hole,0.20518250793418974,,-94.7917934507629,,278
a25_h14x20_sharp_d1,25.0,14x20,sharp,1.0,prova2,PbLl,control_mean,footprint,0.9441229677797545,0.8576828941628282,-0.4309556750808352,0.9367815798279078,3466
a25_h14x20_sharp_d1,25.0,14x20,sharp,1.0,prova2,PbLl,control_mean,hole,0.37918673544394754,,-0.7332935038269606,,278
a25_h14x20_sharp_d1,25.0,14x20,sharp,1.0,prova2,PbLl,jitter_mean,footprint,0.9415101769852031,0.8542430354007764,-2.010409044310024,0.9311855797559838,3466
a25_h14x20_sharp_d1,25.0,14x20,sharp,1.0,prova2,PbLl,jitter_mean,hole,0.3519534830667266,,6.630176842482585,,278
a25_h14x20_sharp_d1,25.0,14x20,sharp,1.0,prova2,PbLl,control_single,footprint,0.9420794593089853,0.852625466678055,-0.5550778384114219,0.9408754090275865,3466
a25_h14x20_sharp_d1,25.0,14x20,sharp,1.0,prova2,PbLl,control_single,hole,0.3695958721673701,,-5.586422254600847,,278
a25_h14x20_sharp_d1,25.0,14x20,sharp,1.0,prova2,PbLl,jitter_single,footprint,0.9295933774919768,0.8275016377888437,-5.861668183348934,0.9421600441423865,3466
a25_h14x20_sharp_d1,25.0,14x20,sharp,1.0,prova2,PbLl,jitter_single,hole,0.25641969246893964,,7.346960350033774,,278
a25_h14x20_sharp_d1,25.0,14x20,sharp,1.0,prova2,PbLl,mvp_single,footprint,0.9362221511939004,0.8525116306586702,-0.4236551404922073,0.9373233330281481,3466
a25_h14x20_sharp_d1,25.0,14x20,sharp,1.0,prova2,PbLl,mvp_single,hole,0.34454754185966757,,19.8688939117523,,278
a25_h14x20_sharp_d1,25.0,14x20,sharp,1.0,prova2,PbLa,deterministic,footprint,0.727541538271526,0.8220648825898677,-0.2877978364937306,1.300747363628448,3466
a25_h14x20_sharp_d1,25.0,14x20,sharp,1.0,prova2,PbLa,deterministic,hole,0.27709617979322404,,-94.9430330797143,,278
a25_h14x20_sharp_d1,25.0,14x20,sharp,1.0,prova2,PbLa,control_mean,footprint,0.970816694591155,0.9308557408978627,-0.046765905253520756,0.9657389073115096,3466
a25_h14x20_sharp_d1,25.0,14x20,sharp,1.0,prova2,PbLa,control_mean,hole,0.6027196061772714,,-0.8893766501592515,,278
a25_h14x20_sharp_d1,25.0,14x20,sharp,1.0,prova2,PbLa,jitter_mean,footprint,0.9683299332096114,0.9271694980692339,-0.38004490021062987,0.9573687185200875,3466
a25_h14x20_sharp_d1,25.0,14x20,sharp,1.0,prova2,PbLa,jitter_mean,hole,0.5958853195849513,,1.4703215188069179,,278
a25_h14x20_sharp_d1,25.0,14x20,sharp,1.0,prova2,PbLa,control_single,footprint,0.964839745442404,0.9221183532314429,-0.0886704649075698,0.9725094345049748,3466
a25_h14x20_sharp_d1,25.0,14x20,sharp,1.0,prova2,PbLa,control_single,hole,0.5535089816874652,,-9.44887155316131,,278
a25_h14x20_sharp_d1,25.0,14x20,sharp,1.0,prova2,PbLa,jitter_single,footprint,0.9571455026569419,0.9057597724740057,3.1156897147728513,0.9653259469162032,3466
a25_h14x20_sharp_d1,25.0,14x20,sharp,1.0,prova2,PbLa,jitter_single,hole,0.4528756766613971,,3.3908780560139413,,278
a25_h14x20_sharp_d1,25.0,14x20,sharp,1.0,prova2,PbLa,mvp_single,footprint,0.9583425799555801,0.9313910549527801,0.10581707800305651,0.9757442788869207,3466
a25_h14x20_sharp_d1,25.0,14x20,sharp,1.0,prova2,PbLa,mvp_single,hole,0.5999030068711182,,19.553811822940915,,278
a25_h14x20_sharp_d1,25.0,14x20,sharp,1.0,prova2,PbLb,deterministic,footprint,0.7220255738607306,0.8205147768166472,-0.3472382072649549,1.307488140704053,3466
a25_h14x20_sharp_d1,25.0,14x20,sharp,1.0,prova2,PbLb,deterministic,hole,0.2857076609188499,,-94.96789810297466,,278
a25_h14x20_sharp_d1,25.0,14x20,sharp,1.0,prova2,PbLb,control_mean,footprint,0.9702067884678941,0.9314718485643493,0.013868708934583474,0.9620581279425234,3466
a25_h14x20_sharp_d1,25.0,14x20,sharp,1.0,prova2,PbLb,control_mean,hole,0.6396498586178928,,-1.3218593436483774,,278
a25_h14x20_sharp_d1,25.0,14x20,sharp,1.0,prova2,PbLb,jitter_mean,footprint,0.9678329229657466,0.9276428666646053,-0.1147430675023986,0.9554297688582407,3466
a25_h14x20_sharp_d1,25.0,14x20,sharp,1.0,prova2,PbLb,jitter_mean,hole,0.6335303048690661,,0.7987971291636029,,278
a25_h14x20_sharp_d1,25.0,14x20,sharp,1.0,prova2,PbLb,control_single,footprint,0.9628973038380018,0.9222977435633188,-0.06999816488688637,0.9698919404384112,3466
a25_h14x20_sharp_d1,25.0,14x20,sharp,1.0,prova2,PbLb,control_single,hole,0.5851146743923777,,-10.742899557190809,,278
a25_h14x20_sharp_d1,25.0,14x20,sharp,1.0,prova2,PbLb,jitter_single,footprint,0.9569857206052337,0.9082081345243865,1.65514933388482,0.9664833586552257,3466
a25_h14x20_sharp_d1,25.0,14x20,sharp,1.0,prova2,PbLb,jitter_single,hole,0.4943859829167569,,2.964225853767642,,278
a25_h14x20_sharp_d1,25.0,14x20,sharp,1.0,prova2,PbLb,mvp_single,footprint,0.9590506676738249,0.9324721453802106,0.13593196257968287,0.9722131634942393,3466
a25_h14x20_sharp_d1,25.0,14x20,sharp,1.0,prova2,PbLb,mvp_single,hole,0.6441370577308307,,19.49869261572032,,278
a25_h14x20_sharp_d1,25.0,14x20,sharp,1.0,prova2,PbLg,deterministic,footprint,0.7166461461166597,0.7959534432498666,-0.5970443027583205,1.3118112696592172,3466
a25_h14x20_sharp_d1,25.0,14x20,sharp,1.0,prova2,PbLg,deterministic,hole,0.26048504565975134,,-94.95583198119947,,278
a25_h14x20_sharp_d1,25.0,14x20,sharp,1.0,prova2,PbLg,control_mean,footprint,0.9604000974102666,0.9018592160711834,0.20895577601633963,0.9521143618256682,3466
a25_h14x20_sharp_d1,25.0,14x20,sharp,1.0,prova2,PbLg,control_mean,hole,0.6119564642514171,,1.0974798465626001,,278
a25_h14x20_sharp_d1,25.0,14x20,sharp,1.0,prova2,PbLg,jitter_mean,footprint,0.9573096270088349,0.8974268373489115,-0.09761404451984479,0.941637015302303,3466
a25_h14x20_sharp_d1,25.0,14x20,sharp,1.0,prova2,PbLg,jitter_mean,hole,0.6085156084537446,,3.994263069140088,,278
a25_h14x20_sharp_d1,25.0,14x20,sharp,1.0,prova2,PbLg,control_single,footprint,0.9545936553914132,0.8931119812053322,0.04850407590386574,0.9596377165781127,3466
a25_h14x20_sharp_d1,25.0,14x20,sharp,1.0,prova2,PbLg,control_single,hole,0.5576423856909538,,-8.069870169715275,,278
a25_h14x20_sharp_d1,25.0,14x20,sharp,1.0,prova2,PbLg,jitter_single,footprint,0.9446548884824572,0.8776543958140776,1.7062249579966604,0.9505292655152823,3466
a25_h14x20_sharp_d1,25.0,14x20,sharp,1.0,prova2,PbLg,jitter_single,hole,0.4619690097938506,,6.311016535442419,,278
a25_h14x20_sharp_d1,25.0,14x20,sharp,1.0,prova2,PbLg,mvp_single,footprint,0.9365554710640636,0.8971386053679417,0.3516118894625553,0.9696827434998593,3466
a25_h14x20_sharp_d1,25.0,14x20,sharp,1.0,prova2,PbLg,mvp_single,hole,0.603656010144422,,26.263224160451255,,278
a8_h0x0_sharp_d0.5,8.0,0x0,sharp,0.5,prova2,Ca,deterministic,footprint,0.9881529824496669,0.9727121012779316,0.11151741494912493,0.9497525307727223,3466
a8_h0x0_sharp_d0.5,8.0,0x0,sharp,0.5,prova2,Ca,control_mean,footprint,0.9948593015003313,0.9864798517033077,0.017820065709650557,0.9875408405650796,3466
a8_h0x0_sharp_d0.5,8.0,0x0,sharp,0.5,prova2,Ca,jitter_mean,footprint,0.99344289947943,0.9840549858119161,0.24750339472612293,0.986879200127013,3466
a8_h0x0_sharp_d0.5,8.0,0x0,sharp,0.5,prova2,Ca,control_single,footprint,0.9940366622701466,0.9843512091546158,-0.3097536121759559,0.98760978510471,3466
a8_h0x0_sharp_d0.5,8.0,0x0,sharp,0.5,prova2,Ca,jitter_single,footprint,0.9881432852900646,0.9739110730687682,3.3558022043801428,0.971922216821135,3466
a8_h0x0_sharp_d0.5,8.0,0x0,sharp,0.5,prova2,Ca,mvp_single,footprint,0.9941009385833818,0.9853293125663215,0.12457557667509,0.9825124852368482,3466
a8_h0x0_sharp_d0.5,8.0,0x0,sharp,0.5,prova2,Ti,deterministic,footprint,0.9732108000340197,0.9400846498643185,0.4017116890499439,0.933033550914338,3466
a8_h0x0_sharp_d0.5,8.0,0x0,sharp,0.5,prova2,Ti,control_mean,footprint,0.9798643521325899,0.9520666587719776,0.07197663626845596,0.9746472066469666,3466
a8_h0x0_sharp_d0.5,8.0,0x0,sharp,0.5,prova2,Ti,jitter_mean,footprint,0.978350886057558,0.9493636236742325,0.9677277991130939,0.964392033611492,3466
a8_h0x0_sharp_d0.5,8.0,0x0,sharp,0.5,prova2,Ti,control_single,footprint,0.9777441714312839,0.9489283566360076,0.5130618652997798,0.9733228254579166,3466
a8_h0x0_sharp_d0.5,8.0,0x0,sharp,0.5,prova2,Ti,jitter_single,footprint,0.9680199682592368,0.9356778337477698,0.5306543429561161,0.9782467563129637,3466
a8_h0x0_sharp_d0.5,8.0,0x0,sharp,0.5,prova2,Ti,mvp_single,footprint,0.9785656415339202,0.950463105883666,0.14752771984749558,0.976800067136816,3466
a8_h0x0_sharp_d0.5,8.0,0x0,sharp,0.5,prova2,Fe,deterministic,footprint,0.9949260299310381,0.9727786238775878,0.9242141893066824,0.9769274690012334,3466
a8_h0x0_sharp_d0.5,8.0,0x0,sharp,0.5,prova2,Fe,control_mean,footprint,0.9971203309819828,0.9778354458049633,0.09730679735651115,0.9925713359499727,3466
a8_h0x0_sharp_d0.5,8.0,0x0,sharp,0.5,prova2,Fe,jitter_mean,footprint,0.9966939579708339,0.9761690033305267,0.5896796597915088,0.989417289697376,3466
a8_h0x0_sharp_d0.5,8.0,0x0,sharp,0.5,prova2,Fe,control_single,footprint,0.9972409323382182,0.9770221071042231,0.6847680114849375,0.9914347552005028,3466
a8_h0x0_sharp_d0.5,8.0,0x0,sharp,0.5,prova2,Fe,jitter_single,footprint,0.9947781340869037,0.9677630746525482,-3.3346312752180696,1.005356356777969,3466
a8_h0x0_sharp_d0.5,8.0,0x0,sharp,0.5,prova2,Fe,mvp_single,footprint,0.996827360854528,0.9760142421825617,-0.2550576155392559,0.9921867237899502,3466
a8_h0x0_sharp_d0.5,8.0,0x0,sharp,0.5,prova2,Cu,deterministic,footprint,0.9885734086871065,0.9650611445257558,0.14536426193858532,0.9563369629538583,3466
a8_h0x0_sharp_d0.5,8.0,0x0,sharp,0.5,prova2,Cu,control_mean,footprint,0.9938863940138372,0.9777942231192376,-0.33596348454569824,0.9880442778064426,3466
a8_h0x0_sharp_d0.5,8.0,0x0,sharp,0.5,prova2,Cu,jitter_mean,footprint,0.9929266886115398,0.9752389377959197,-0.5348692841621427,0.979047361476127,3466
a8_h0x0_sharp_d0.5,8.0,0x0,sharp,0.5,prova2,Cu,control_single,footprint,0.9928818779552806,0.971866580165028,-0.7868303071767668,0.9851272040134221,3466
a8_h0x0_sharp_d0.5,8.0,0x0,sharp,0.5,prova2,Cu,jitter_single,footprint,0.9879284686391967,0.9547514127116944,-1.4305305966570758,0.9774190495037763,3466
a8_h0x0_sharp_d0.5,8.0,0x0,sharp,0.5,prova2,Cu,mvp_single,footprint,0.9936928530893626,0.9772851489796631,-0.4183695271308019,0.9871131590419718,3466
a8_h0x0_sharp_d0.5,8.0,0x0,sharp,0.5,prova2,PbLl,deterministic,footprint,0.968569375171099,0.8998672619579177,-0.013015974983199285,0.9354513847910738,3466
a8_h0x0_sharp_d0.5,8.0,0x0,sharp,0.5,prova2,PbLl,control_mean,footprint,0.9737472762935978,0.914580197483208,-0.41403329774190034,0.9748367095869833,3466
a8_h0x0_sharp_d0.5,8.0,0x0,sharp,0.5,prova2,PbLl,jitter_mean,footprint,0.9727069273857302,0.9114578326998278,-1.3182960733741034,0.9705268614074125,3466
a8_h0x0_sharp_d0.5,8.0,0x0,sharp,0.5,prova2,PbLl,control_single,footprint,0.9726287955358149,0.9110095214142808,-0.5889118346968036,0.9772178400940412,3466
a8_h0x0_sharp_d0.5,8.0,0x0,sharp,0.5,prova2,PbLl,jitter_single,footprint,0.9661228893566716,0.8970116414480424,-2.2409902729619846,0.9700319599328932,3466
a8_h0x0_sharp_d0.5,8.0,0x0,sharp,0.5,prova2,PbLl,mvp_single,footprint,0.9723521009844632,0.9078421995873164,-1.03189465432183,0.9854044810983169,3466
a8_h0x0_sharp_d0.5,8.0,0x0,sharp,0.5,prova2,PbLa,deterministic,footprint,0.9919312009257201,0.9780592292564401,0.1282380618074619,0.9578547238592249,3466
a8_h0x0_sharp_d0.5,8.0,0x0,sharp,0.5,prova2,PbLa,control_mean,footprint,0.9977702586268958,0.9923664273823523,-0.13760522928512042,0.9974829414287223,3466
a8_h0x0_sharp_d0.5,8.0,0x0,sharp,0.5,prova2,PbLa,jitter_mean,footprint,0.9965455626297677,0.989722983267172,-0.0370854558721434,0.9931685782126057,3466
a8_h0x0_sharp_d0.5,8.0,0x0,sharp,0.5,prova2,PbLa,control_single,footprint,0.9972881511756642,0.9907393886768882,-0.24637373379283733,0.9957475217397945,3466
a8_h0x0_sharp_d0.5,8.0,0x0,sharp,0.5,prova2,PbLa,jitter_single,footprint,0.9907862279975957,0.9784906743899549,1.7047724749374993,1.0002138581993891,3466
a8_h0x0_sharp_d0.5,8.0,0x0,sharp,0.5,prova2,PbLa,mvp_single,footprint,0.9972958846352148,0.9913699944808557,-0.013145517654633565,0.9974785578527499,3466
a8_h0x0_sharp_d0.5,8.0,0x0,sharp,0.5,prova2,PbLb,deterministic,footprint,0.9915034539516739,0.976010547048861,0.08500011279903852,0.955690968923237,3466
a8_h0x0_sharp_d0.5,8.0,0x0,sharp,0.5,prova2,PbLb,control_mean,footprint,0.9971707153364742,0.9901758796862374,-0.11881115675358433,0.9952617091870223,3466
a8_h0x0_sharp_d0.5,8.0,0x0,sharp,0.5,prova2,PbLb,jitter_mean,footprint,0.9959530505415115,0.9875057126274084,-0.09976835090541591,0.9906891379110495,3466
a8_h0x0_sharp_d0.5,8.0,0x0,sharp,0.5,prova2,PbLb,control_single,footprint,0.9966574997001155,0.9884337866755062,-0.18594510479622572,0.9931691808868254,3466
a8_h0x0_sharp_d0.5,8.0,0x0,sharp,0.5,prova2,PbLb,jitter_single,footprint,0.9905129596685317,0.977098840896174,0.7362619329235986,0.9968986328965658,3466
a8_h0x0_sharp_d0.5,8.0,0x0,sharp,0.5,prova2,PbLb,mvp_single,footprint,0.9967105851105766,0.9893899462307889,0.004482935209892958,0.9957270429983303,3466
a8_h0x0_sharp_d0.5,8.0,0x0,sharp,0.5,prova2,PbLg,deterministic,footprint,0.9795789683180101,0.9380633668500076,0.23491287631594027,0.9480619098090787,3466
a8_h0x0_sharp_d0.5,8.0,0x0,sharp,0.5,prova2,PbLg,control_mean,footprint,0.9850804058455449,0.9522054404247516,0.19418918793130402,0.9880293996841144,3466
a8_h0x0_sharp_d0.5,8.0,0x0,sharp,0.5,prova2,PbLg,jitter_mean,footprint,0.9836092464795958,0.9490208181741311,0.00202829166746632,0.9827587347558521,3466
a8_h0x0_sharp_d0.5,8.0,0x0,sharp,0.5,prova2,PbLg,control_single,footprint,0.9843700711270021,0.9500150765788951,0.21333909051375333,0.9842670561161175,3466
a8_h0x0_sharp_d0.5,8.0,0x0,sharp,0.5,prova2,PbLg,jitter_single,footprint,0.977244263943335,0.9379911559008461,0.7760515625554021,0.9881818327895201,3466
a8_h0x0_sharp_d0.5,8.0,0x0,sharp,0.5,prova2,PbLg,mvp_single,footprint,0.9847134350016232,0.9512653968293739,-0.25189953435048595,0.9932890199295014,3466
a8_h14x20_sharp_d0.5,8.0,14x20,sharp,0.5,prova2,Ca,deterministic,footprint,0.7765399766078982,0.8466413428169344,-0.5311150085395955,1.1778164898363988,3466
a8_h14x20_sharp_d0.5,8.0,14x20,sharp,0.5,prova2,Ca,deterministic,hole,-0.042315070524960995,,-96.84248210598079,,278
a8_h14x20_sharp_d0.5,8.0,14x20,sharp,0.5,prova2,Ca,control_mean,footprint,0.9579879526241023,0.9040681893877232,-0.2052056845551653,0.9502839402242904,3466
a8_h14x20_sharp_d0.5,8.0,14x20,sharp,0.5,prova2,Ca,control_mean,hole,0.3577214059373809,,-4.564834556949954,,278
a8_h14x20_sharp_d0.5,8.0,14x20,sharp,0.5,prova2,Ca,jitter_mean,footprint,0.9552692075696058,0.8985523279045892,-0.026468970475956866,0.9474489093993869,3466
a8_h14x20_sharp_d0.5,8.0,14x20,sharp,0.5,prova2,Ca,jitter_mean,hole,0.2645223319443916,,2.5632467884602756,,278
a8_h14x20_sharp_d0.5,8.0,14x20,sharp,0.5,prova2,Ca,control_single,footprint,0.9583602915095168,0.9060095718352416,-0.4659571542763752,0.9531536056207737,3466
a8_h14x20_sharp_d0.5,8.0,14x20,sharp,0.5,prova2,Ca,control_single,hole,0.4149219356699187,,-7.188998984466219,,278
a8_h14x20_sharp_d0.5,8.0,14x20,sharp,0.5,prova2,Ca,jitter_single,footprint,0.941025131601378,0.8911927804568995,2.8979979311779758,0.956716581128832,3466
a8_h14x20_sharp_d0.5,8.0,14x20,sharp,0.5,prova2,Ca,jitter_single,hole,0.23487643768443056,,-16.085058570547265,,278
a8_h14x20_sharp_d0.5,8.0,14x20,sharp,0.5,prova2,Ca,mvp_single,footprint,0.9416372104125313,0.9041334055226964,0.025174682754203204,0.9742937019531225,3466
a8_h14x20_sharp_d0.5,8.0,14x20,sharp,0.5,prova2,Ca,mvp_single,hole,0.2869765889729892,,-26.652006875554036,,278
a8_h14x20_sharp_d0.5,8.0,14x20,sharp,0.5,prova2,Ti,deterministic,footprint,0.6942513146362018,0.8005118082975736,-0.4239644225992434,1.286011565339985,3466
a8_h14x20_sharp_d0.5,8.0,14x20,sharp,0.5,prova2,Ti,deterministic,hole,-0.04464689613680789,,-96.18826083537287,,278
a8_h14x20_sharp_d0.5,8.0,14x20,sharp,0.5,prova2,Ti,control_mean,footprint,0.9587298105117191,0.8813574990277456,0.18221117161170142,0.9567461531647777,3466
a8_h14x20_sharp_d0.5,8.0,14x20,sharp,0.5,prova2,Ti,control_mean,hole,0.26529732436374037,,3.3030407685401464,,278
a8_h14x20_sharp_d0.5,8.0,14x20,sharp,0.5,prova2,Ti,jitter_mean,footprint,0.9543790979452866,0.8756091787374096,1.0720687244865301,0.9495664778480928,3466
a8_h14x20_sharp_d0.5,8.0,14x20,sharp,0.5,prova2,Ti,jitter_mean,hole,0.1628270256693331,,7.406507976062886,,278
a8_h14x20_sharp_d0.5,8.0,14x20,sharp,0.5,prova2,Ti,control_single,footprint,0.9570300089098062,0.8792934843538686,0.15880989036114457,0.9610791124381558,3466
a8_h14x20_sharp_d0.5,8.0,14x20,sharp,0.5,prova2,Ti,control_single,hole,0.28255368339783066,,-3.475766793534227,,278
a8_h14x20_sharp_d0.5,8.0,14x20,sharp,0.5,prova2,Ti,jitter_single,footprint,0.9377598848875692,0.8558351591695927,0.25370745432540254,0.9739015628442532,3466
a8_h14x20_sharp_d0.5,8.0,14x20,sharp,0.5,prova2,Ti,jitter_single,hole,0.08372761119969463,,-6.921720464329186,,278
a8_h14x20_sharp_d0.5,8.0,14x20,sharp,0.5,prova2,Ti,mvp_single,footprint,0.9483477403704398,0.8699289236942811,-0.2692136090396646,0.9723406625468431,3466
a8_h14x20_sharp_d0.5,8.0,14x20,sharp,0.5,prova2,Ti,mvp_single,hole,0.11135142225815828,,-13.46722020978761,,278
a8_h14x20_sharp_d0.5,8.0,14x20,sharp,0.5,prova2,Fe,deterministic,footprint,0.9611320590273137,0.8541204489934275,-0.4992543438986363,1.0629141656594268,3466
a8_h14x20_sharp_d0.5,8.0,14x20,sharp,0.5,prova2,Fe,deterministic,hole,0.11670479412865384,,-96.13188916816691,,278
a8_h14x20_sharp_d0.5,8.0,14x20,sharp,0.5,prova2,Fe,control_mean,footprint,0.9814083119170502,0.8974901258260075,0.3399925651481617,0.990863970873518,3466
a8_h14x20_sharp_d0.5,8.0,14x20,sharp,0.5,prova2,Fe,control_mean,hole,0.1570064052071164,,-16.99078172040627,,278
a8_h14x20_sharp_d0.5,8.0,14x20,sharp,0.5,prova2,Fe,jitter_mean,footprint,0.979670256012182,0.897413778528584,0.6028277408899996,1.0009155015046318,3466
a8_h14x20_sharp_d0.5,8.0,14x20,sharp,0.5,prova2,Fe,jitter_mean,hole,0.12481894291054389,,-29.699415781182722,,278
a8_h14x20_sharp_d0.5,8.0,14x20,sharp,0.5,prova2,Fe,control_single,footprint,0.9815438954378323,0.8993468461800523,0.9723132372145837,0.9905392924920683,3466
a8_h14x20_sharp_d0.5,8.0,14x20,sharp,0.5,prova2,Fe,control_single,hole,0.2049447292296418,,-15.14242300944525,,278
a8_h14x20_sharp_d0.5,8.0,14x20,sharp,0.5,prova2,Fe,jitter_single,footprint,0.9766554376413149,0.8833013929565983,-4.115686770527938,1.0346431238408436,3466
a8_h14x20_sharp_d0.5,8.0,14x20,sharp,0.5,prova2,Fe,jitter_single,hole,0.29835545717512596,,-46.768354083076204,,278
a8_h14x20_sharp_d0.5,8.0,14x20,sharp,0.5,prova2,Fe,mvp_single,footprint,0.9765441660708162,0.8963870847969394,-0.7628395641448682,1.019389577201107,3466
a8_h14x20_sharp_d0.5,8.0,14x20,sharp,0.5,prova2,Fe,mvp_single,hole,0.05670825027366311,,-46.37729515457005,,278
a8_h14x20_sharp_d0.5,8.0,14x20,sharp,0.5,prova2,Cu,deterministic,footprint,0.919577410558571,0.8631576066493071,-1.097271141248446,1.0330774405758096,3466
a8_h14x20_sharp_d0.5,8.0,14x20,sharp,0.5,prova2,Cu,deterministic,hole,0.3292062284862492,,-94.82422552661785,,278
a8_h14x20_sharp_d0.5,8.0,14x20,sharp,0.5,prova2,Cu,control_mean,footprint,0.9535244819028647,0.8773743546218981,-0.9504293716864898,0.9738576862375184,3466
a8_h14x20_sharp_d0.5,8.0,14x20,sharp,0.5,prova2,Cu,control_mean,hole,0.2898762348715704,,-26.498461130210146,,278
a8_h14x20_sharp_d0.5,8.0,14x20,sharp,0.5,prova2,Cu,jitter_mean,footprint,0.9552314592358583,0.8785322618673304,-1.171948590725791,0.9537534371900026,3466
a8_h14x20_sharp_d0.5,8.0,14x20,sharp,0.5,prova2,Cu,jitter_mean,hole,0.347498056511721,,-14.421746022017365,,278
a8_h14x20_sharp_d0.5,8.0,14x20,sharp,0.5,prova2,Cu,control_single,footprint,0.9579943909676307,0.8751155684905016,-1.084693766006839,0.9513781846495463,3466
a8_h14x20_sharp_d0.5,8.0,14x20,sharp,0.5,prova2,Cu,control_single,hole,0.4012108806987741,,-2.552298080028722,,278
a8_h14x20_sharp_d0.5,8.0,14x20,sharp,0.5,prova2,Cu,jitter_single,footprint,0.9451995842056763,0.8534881286871537,-2.170306102834396,0.9615706808788718,3466
a8_h14x20_sharp_d0.5,8.0,14x20,sharp,0.5,prova2,Cu,jitter_single,hole,0.10158387148040988,,-21.364258264152415,,278
a8_h14x20_sharp_d0.5,8.0,14x20,sharp,0.5,prova2,Cu,mvp_single,footprint,0.9595505146580783,0.8829103105687914,-1.1091404622755263,0.9457779583718906,3466
a8_h14x20_sharp_d0.5,8.0,14x20,sharp,0.5,prova2,Cu,mvp_single,hole,0.43457185977720947,,6.61781384609079,,278
a8_h14x20_sharp_d0.5,8.0,14x20,sharp,0.5,prova2,PbLl,deterministic,footprint,0.8280192100601432,0.7769936446290321,-1.6059630094497068,1.0866411690693432,3466
a8_h14x20_sharp_d0.5,8.0,14x20,sharp,0.5,prova2,PbLl,deterministic,hole,0.20561124619522583,,-94.78532208482703,,278
a8_h14x20_sharp_d0.5,8.0,14x20,sharp,0.5,prova2,PbLl,control_mean,footprint,0.933006678475665,0.8378450033276073,-0.7003496670917153,0.9364675130791543,3466
a8_h14x20_sharp_d0.5,8.0,14x20,sharp,0.5,prova2,PbLl,control_mean,hole,0.26357382604719415,,5.608599373436185,,278
a8_h14x20_sharp_d0.5,8.0,14x20,sharp,0.5,prova2,PbLl,jitter_mean,footprint,0.9245474956009326,0.8341505577030798,-0.9440469205472146,0.9261942763396396,3466
a8_h14x20_sharp_d0.5,8.0,14x20,sharp,0.5,prova2,PbLl,jitter_mean,hole,0.15991304998277794,,20.184370715012022,,278
a8_h14x20_sharp_d0.5,8.0,14x20,sharp,0.5,prova2,PbLl,control_single,footprint,0.9280265289461415,0.8292630661632953,-0.41040742102993466,0.9329227997319944,3466
a8_h14x20_sharp_d0.5,8.0,14x20,sharp,0.5,prova2,PbLl,control_single,hole,0.16526965534927862,,9.75712831497223,,278
a8_h14x20_sharp_d0.5,8.0,14x20,sharp,0.5,prova2,PbLl,jitter_single,footprint,0.9079594418767482,0.8112078866608096,-2.0759765027419386,0.9295461192611812,3466
a8_h14x20_sharp_d0.5,8.0,14x20,sharp,0.5,prova2,PbLl,jitter_single,hole,0.004069347704113328,,25.42589659852825,,278
a8_h14x20_sharp_d0.5,8.0,14x20,sharp,0.5,prova2,PbLl,mvp_single,footprint,0.9145886268029426,0.8274415852669018,-0.542224769957711,0.9448101062685106,3466
a8_h14x20_sharp_d0.5,8.0,14x20,sharp,0.5,prova2,PbLl,mvp_single,hole,0.17423602980647807,,32.409564758760894,,278
a8_h14x20_sharp_d0.5,8.0,14x20,sharp,0.5,prova2,PbLa,deterministic,footprint,0.7275428795024712,0.8211764377812386,-0.27885863113635834,1.3012920012537068,3466
a8_h14x20_sharp_d0.5,8.0,14x20,sharp,0.5,prova2,PbLa,deterministic,hole,0.2768077911252748,,-94.94302444715106,,278
a8_h14x20_sharp_d0.5,8.0,14x20,sharp,0.5,prova2,PbLa,control_mean,footprint,0.9566746639395242,0.9130570423814701,-0.05168865517558574,0.9598025369303792,3466
a8_h14x20_sharp_d0.5,8.0,14x20,sharp,0.5,prova2,PbLa,control_mean,hole,0.3188922304771006,,7.907941406385365,,278
a8_h14x20_sharp_d0.5,8.0,14x20,sharp,0.5,prova2,PbLa,jitter_mean,footprint,0.9456391142520219,0.9058231070115103,0.09503205291765404,0.9564180800870591,3466
a8_h14x20_sharp_d0.5,8.0,14x20,sharp,0.5,prova2,PbLa,jitter_mean,hole,0.1907368211061215,,15.165299713723911,,278
a8_h14x20_sharp_d0.5,8.0,14x20,sharp,0.5,prova2,PbLa,control_single,footprint,0.9516583321141406,0.9005771938511765,-0.13403446395751084,0.9544266162937785,3466
a8_h14x20_sharp_d0.5,8.0,14x20,sharp,0.5,prova2,PbLa,control_single,hole,0.1458772810701078,,5.658886929589578,,278
a8_h14x20_sharp_d0.5,8.0,14x20,sharp,0.5,prova2,PbLa,jitter_single,footprint,0.9265082486533776,0.8794373352476103,1.9150509853988362,0.9718627366578259,3466
a8_h14x20_sharp_d0.5,8.0,14x20,sharp,0.5,prova2,PbLa,jitter_single,hole,-0.019244203641367225,,15.894741250832599,,278
a8_h14x20_sharp_d0.5,8.0,14x20,sharp,0.5,prova2,PbLa,mvp_single,footprint,0.9297882484735851,0.9074323271558109,0.09921388551759058,0.9788944065456294,3466
a8_h14x20_sharp_d0.5,8.0,14x20,sharp,0.5,prova2,PbLa,mvp_single,hole,0.3096118938188865,,28.172141479603116,,278
a8_h14x20_sharp_d0.5,8.0,14x20,sharp,0.5,prova2,PbLb,deterministic,footprint,0.7217772314256793,0.8192076999675256,-0.3461451359799028,1.3076973998320613,3466
a8_h14x20_sharp_d0.5,8.0,14x20,sharp,0.5,prova2,PbLb,deterministic,hole,0.28558437379046053,,-94.97571327324573,,278
a8_h14x20_sharp_d0.5,8.0,14x20,sharp,0.5,prova2,PbLb,control_mean,footprint,0.9553709486328239,0.9122555265493487,0.02644662818402921,0.9551690321653673,3466
a8_h14x20_sharp_d0.5,8.0,14x20,sharp,0.5,prova2,PbLb,control_mean,hole,0.3477916415518209,,7.741440115989783,,278
a8_h14x20_sharp_d0.5,8.0,14x20,sharp,0.5,prova2,PbLb,jitter_mean,footprint,0.943738757983149,0.9043302913948409,0.06973802383203331,0.9516947115832439,3466
a8_h14x20_sharp_d0.5,8.0,14x20,sharp,0.5,prova2,PbLb,jitter_mean,hole,0.20930654005758179,,14.787684986065594,,278
a8_h14x20_sharp_d0.5,8.0,14x20,sharp,0.5,prova2,PbLb,control_single,footprint,0.9501462123595129,0.8994118731386653,-0.07166852082638453,0.949827122800621,3466
a8_h14x20_sharp_d0.5,8.0,14x20,sharp,0.5,prova2,PbLb,control_single,hole,0.16882440511046398,,4.35103443418713,,278
a8_h14x20_sharp_d0.5,8.0,14x20,sharp,0.5,prova2,PbLb,jitter_single,footprint,0.9238708053472549,0.8800335706827298,0.8388317822885849,0.966600933522159,3466
a8_h14x20_sharp_d0.5,8.0,14x20,sharp,0.5,prova2,PbLb,jitter_single,hole,0.003537383989013713,,15.261145186354856,,278
a8_h14x20_sharp_d0.5,8.0,14x20,sharp,0.5,prova2,PbLb,mvp_single,footprint,0.9305086529063492,0.9078051270058262,0.18351295573388882,0.9740654412809143,3466
a8_h14x20_sharp_d0.5,8.0,14x20,sharp,0.5,prova2,PbLb,mvp_single,hole,0.35752160799881877,,27.467049540790256,,278
a8_h14x20_sharp_d0.5,8.0,14x20,sharp,0.5,prova2,PbLg,deterministic,footprint,0.7150177586743034,0.7875431948748978,-0.5583121941910907,1.3139650822051891,3466
a8_h14x20_sharp_d0.5,8.0,14x20,sharp,0.5,prova2,PbLg,deterministic,hole,0.26018034194369355,,-94.9565130676833,,278
a8_h14x20_sharp_d0.5,8.0,14x20,sharp,0.5,prova2,PbLg,control_mean,footprint,0.9412457634881938,0.876771338184201,0.40571792051122824,0.9471795974926203,3466
a8_h14x20_sharp_d0.5,8.0,14x20,sharp,0.5,prova2,PbLg,control_mean,hole,0.33053461210046203,,10.32851460724495,,278
a8_h14x20_sharp_d0.5,8.0,14x20,sharp,0.5,prova2,PbLg,jitter_mean,footprint,0.9255415814541966,0.8680781237291779,0.2616105445355288,0.9442443808724118,3466
a8_h14x20_sharp_d0.5,8.0,14x20,sharp,0.5,prova2,PbLg,jitter_mean,hole,0.19544409972689739,,19.17257920867451,,278
a8_h14x20_sharp_d0.5,8.0,14x20,sharp,0.5,prova2,PbLg,control_single,footprint,0.9359030943388345,0.8630524991754895,0.46744461950869454,0.9398854221256374,3466
a8_h14x20_sharp_d0.5,8.0,14x20,sharp,0.5,prova2,PbLg,control_single,hole,0.1474834479678687,,7.713437187294661,,278
a8_h14x20_sharp_d0.5,8.0,14x20,sharp,0.5,prova2,PbLg,jitter_single,footprint,0.9056377267945496,0.8432968996951238,1.1361193498280686,0.9578531575390166,3466
a8_h14x20_sharp_d0.5,8.0,14x20,sharp,0.5,prova2,PbLg,jitter_single,hole,-0.003560132186953985,,18.511280829195076,,278
a8_h14x20_sharp_d0.5,8.0,14x20,sharp,0.5,prova2,PbLg,mvp_single,footprint,0.8972047669023303,0.8647265290578839,0.21057670177375698,0.9810687332325313,3466
a8_h14x20_sharp_d0.5,8.0,14x20,sharp,0.5,prova2,PbLg,mvp_single,hole,0.29462370857020065,,35.86511090573511,,278
a14_h0x0_sharp_d0.5,14.0,0x0,sharp,0.5,prova2,Ca,deterministic,footprint,0.9881852189765704,0.9728078286027427,0.11496999917923745,0.9497280551651381,3466
a14_h0x0_sharp_d0.5,14.0,0x0,sharp,0.5,prova2,Ca,control_mean,footprint,0.9948905410905825,0.9865863526910208,-0.0030724283765382054,0.9878050619408826,3466
a14_h0x0_sharp_d0.5,14.0,0x0,sharp,0.5,prova2,Ca,jitter_mean,footprint,0.9934892890359386,0.9842125930136674,0.5801758378279676,0.9847463848817055,3466
a14_h0x0_sharp_d0.5,14.0,0x0,sharp,0.5,prova2,Ca,control_single,footprint,0.9941387261025668,0.9845657629354208,-0.4153603848237264,0.9887104198843515,3466
a14_h0x0_sharp_d0.5,14.0,0x0,sharp,0.5,prova2,Ca,jitter_single,footprint,0.9879224171609555,0.9731480663157507,4.590340410992466,0.9702080349060521,3466
a14_h0x0_sharp_d0.5,14.0,0x0,sharp,0.5,prova2,Ca,mvp_single,footprint,0.9941645008237174,0.9854543346622339,0.0690817633411056,0.9824648868232868,3466
a14_h0x0_sharp_d0.5,14.0,0x0,sharp,0.5,prova2,Ti,deterministic,footprint,0.973410143453853,0.9404923084998543,0.41401510494958327,0.9328669204843926,3466
a14_h0x0_sharp_d0.5,14.0,0x0,sharp,0.5,prova2,Ti,control_mean,footprint,0.9800635947761109,0.9524930808583334,0.029869162853768394,0.9748334098593311,3466
a14_h0x0_sharp_d0.5,14.0,0x0,sharp,0.5,prova2,Ti,jitter_mean,footprint,0.978543212961488,0.9498231635322775,1.0076379798912516,0.9647151676289898,3466
a14_h0x0_sharp_d0.5,14.0,0x0,sharp,0.5,prova2,Ti,control_single,footprint,0.9779704135818537,0.9494202203433758,0.4076005338485622,0.9746560085432965,3466
a14_h0x0_sharp_d0.5,14.0,0x0,sharp,0.5,prova2,Ti,jitter_single,footprint,0.967892969989692,0.9359120299569617,0.8392200438370523,0.9777677933033941,3466
a14_h0x0_sharp_d0.5,14.0,0x0,sharp,0.5,prova2,Ti,mvp_single,footprint,0.9787462522471765,0.9508021497231602,0.06382576619041735,0.9769580466960109,3466
a14_h0x0_sharp_d0.5,14.0,0x0,sharp,0.5,prova2,Fe,deterministic,footprint,0.9949237507203338,0.9727572817548166,0.9179166578443532,0.9769307795788805,3466
a14_h0x0_sharp_d0.5,14.0,0x0,sharp,0.5,prova2,Fe,control_mean,footprint,0.9971177738922244,0.9778175672460061,0.07553256933072738,0.9928326194820387,3466
a14_h0x0_sharp_d0.5,14.0,0x0,sharp,0.5,prova2,Fe,jitter_mean,footprint,0.9967025374997909,0.9762366187484495,0.6258817304571007,0.9888292603493182,3466
a14_h0x0_sharp_d0.5,14.0,0x0,sharp,0.5,prova2,Fe,control_single,footprint,0.9972516408909069,0.9770038318662962,0.4483337471545834,0.9927234959824333,3466
a14_h0x0_sharp_d0.5,14.0,0x0,sharp,0.5,prova2,Fe,jitter_single,footprint,0.9946432067569959,0.966992336339612,-4.575627008007288,1.0099523635057182,3466
a14_h0x0_sharp_d0.5,14.0,0x0,sharp,0.5,prova2,Fe,mvp_single,footprint,0.9968229138459259,0.9759797387867832,-0.1624020189158859,0.991309604590947,3466
a14_h0x0_sharp_d0.5,14.0,0x0,sharp,0.5,prova2,Cu,deterministic,footprint,0.9885166503755496,0.9649019695065021,0.17175285928221484,0.9564078023783738,3466
a14_h0x0_sharp_d0.5,14.0,0x0,sharp,0.5,prova2,Cu,control_mean,footprint,0.9938237797041186,0.9777254093916639,-0.2672653292517646,0.9880520550282452,3466
a14_h0x0_sharp_d0.5,14.0,0x0,sharp,0.5,prova2,Cu,jitter_mean,footprint,0.992874310389034,0.9752476768683671,-0.49360970244161084,0.9798740122815813,3466
a14_h0x0_sharp_d0.5,14.0,0x0,sharp,0.5,prova2,Cu,control_single,footprint,0.9928227504035704,0.9726252682536605,-0.5411805112648826,0.9852430462997118,3466
a14_h0x0_sharp_d0.5,14.0,0x0,sharp,0.5,prova2,Cu,jitter_single,footprint,0.9880230025236876,0.9560712147632405,-2.118135435689461,0.98196447231332,3466
a14_h0x0_sharp_d0.5,14.0,0x0,sharp,0.5,prova2,Cu,mvp_single,footprint,0.993612358591982,0.9769905829516232,-0.4247015535190579,0.9868677471990542,3466
a14_h0x0_sharp_d0.5,14.0,0x0,sharp,0.5,prova2,PbLl,deterministic,footprint,0.9685927119213499,0.8999339054807758,-0.010102542903034362,0.9354282323464191,3466
a14_h0x0_sharp_d0.5,14.0,0x0,sharp,0.5,prova2,PbLl,control_mean,footprint,0.9737742531042586,0.9146670660582248,-0.3420937390333112,0.9744045931170057,3466
a14_h0x0_sharp_d0.5,14.0,0x0,sharp,0.5,prova2,PbLl,jitter_mean,footprint,0.9728001891148627,0.9114671160726696,-1.7108091984028184,0.9730298981685944,3466
a14_h0x0_sharp_d0.5,14.0,0x0,sharp,0.5,prova2,PbLl,control_single,footprint,0.9727020158944847,0.9112783375521808,-0.599127742090344,0.9767521659415609,3466
a14_h0x0_sharp_d0.5,14.0,0x0,sharp,0.5,prova2,PbLl,jitter_single,footprint,0.9661467285058929,0.8955951880788132,-3.569555528734103,0.9770194467834299,3466
a14_h0x0_sharp_d0.5,14.0,0x0,sharp,0.5,prova2,PbLl,mvp_single,footprint,0.9723750413733665,0.908917562406701,-0.8491546196869537,0.9838033566327217,3466
a14_h0x0_sharp_d0.5,14.0,0x0,sharp,0.5,prova2,PbLa,deterministic,footprint,0.991904519323997,0.9779603663250817,0.12378932721461844,0.9579063317483416,3466
a14_h0x0_sharp_d0.5,14.0,0x0,sharp,0.5,prova2,PbLa,control_mean,footprint,0.9977416681055693,0.9922558638167261,-0.13400590162446768,0.9976054268501261,3466
a14_h0x0_sharp_d0.5,14.0,0x0,sharp,0.5,prova2,PbLa,jitter_mean,footprint,0.996548012544318,0.9896452175445533,-0.08771742359279244,0.9927749948269696,3466
a14_h0x0_sharp_d0.5,14.0,0x0,sharp,0.5,prova2,PbLa,control_single,footprint,0.9972959563648683,0.990758660349417,-0.20697503485322954,0.9954398690529226,3466
a14_h0x0_sharp_d0.5,14.0,0x0,sharp,0.5,prova2,PbLa,jitter_single,footprint,0.9905726256200834,0.9778643237954843,2.4142097576932198,1.0005394646111867,3466
a14_h0x0_sharp_d0.5,14.0,0x0,sharp,0.5,prova2,PbLa,mvp_single,footprint,0.9972733367474841,0.9913079950038911,0.004782344930820415,0.9966784330800951,3466
a14_h0x0_sharp_d0.5,14.0,0x0,sharp,0.5,prova2,PbLb,deterministic,footprint,0.991459654353564,0.9758396884942367,0.08401479537134549,0.9557105577578966,3466
a14_h0x0_sharp_d0.5,14.0,0x0,sharp,0.5,prova2,PbLb,control_mean,footprint,0.9971249156934026,0.9899903105456375,-0.11659721449104321,0.995327649350506,3466
a14_h0x0_sharp_d0.5,14.0,0x0,sharp,0.5,prova2,PbLb,jitter_mean,footprint,0.9959419603447841,0.9873821134043343,-0.13161263014211944,0.9911033272870818,3466
a14_h0x0_sharp_d0.5,14.0,0x0,sharp,0.5,prova2,PbLb,control_single,footprint,0.99665382735826,0.9883883103828809,-0.16365299220835183,0.992808822273144,3466
a14_h0x0_sharp_d0.5,14.0,0x0,sharp,0.5,prova2,PbLb,jitter_single,footprint,0.9903058543289269,0.9765743821895749,1.1464301167612323,0.9990628444448904,3466
a14_h0x0_sharp_d0.5,14.0,0x0,sharp,0.5,prova2,PbLb,mvp_single,footprint,0.9966727887069746,0.9892456788088779,0.035753783711922615,0.9949499565128312,3466
a14_h0x0_sharp_d0.5,14.0,0x0,sharp,0.5,prova2,PbLg,deterministic,footprint,0.9793002289998081,0.9372693714779666,0.2420072543706464,0.9482858596278543,3466
a14_h0x0_sharp_d0.5,14.0,0x0,sharp,0.5,prova2,PbLg,control_mean,footprint,0.9848094179131125,0.9514081182028635,0.17205454892583738,0.9883796861964261,3466
a14_h0x0_sharp_d0.5,14.0,0x0,sharp,0.5,prova2,PbLg,jitter_mean,footprint,0.9833610554234706,0.948242125862103,-0.04864804930243549,0.9826402602600135,3466
a14_h0x0_sharp_d0.5,14.0,0x0,sharp,0.5,prova2,PbLg,control_single,footprint,0.9841450480671559,0.9494171919025167,0.23350578485445972,0.9844254758397637,3466
a14_h0x0_sharp_d0.5,14.0,0x0,sharp,0.5,prova2,PbLg,jitter_single,footprint,0.9768633046870854,0.9371008962093084,1.211813640399928,0.9896704813223153,3466
a14_h0x0_sharp_d0.5,14.0,0x0,sharp,0.5,prova2,PbLg,mvp_single,footprint,0.9844580383625281,0.950519722482405,-0.22567709134440062,0.9926901279239018,3466
a14_h14x20_sharp_d0.5,14.0,14x20,sharp,0.5,prova2,Ca,deterministic,footprint,0.7765598709468972,0.8467271559111669,-0.5399358328386672,1.1777893197402618,3466
a14_h14x20_sharp_d0.5,14.0,14x20,sharp,0.5,prova2,Ca,deterministic,hole,-0.042339400987012554,,-96.84222082875357,,278
a14_h14x20_sharp_d0.5,14.0,14x20,sharp,0.5,prova2,Ca,control_mean,footprint,0.9583060317093454,0.905022201199019,-0.21628127443789058,0.9512917130917931,3466
a14_h14x20_sharp_d0.5,14.0,14x20,sharp,0.5,prova2,Ca,control_mean,hole,0.38294760333094036,,-5.447994506264929,,278
a14_h14x20_sharp_d0.5,14.0,14x20,sharp,0.5,prova2,Ca,jitter_mean,footprint,0.9556388854093157,0.8994453980145608,0.33763342410719765,0.9451983238048574,3466
a14_h14x20_sharp_d0.5,14.0,14x20,sharp,0.5,prova2,Ca,jitter_mean,hole,0.2777414145725296,,2.6607073347572237,,278
a14_h14x20_sharp_d0.5,14.0,14x20,sharp,0.5,prova2,Ca,control_single,footprint,0.9596821363390391,0.907952718430905,-0.5582940177458529,0.9540104724824706,3466
a14_h14x20_sharp_d0.5,14.0,14x20,sharp,0.5,prova2,Ca,control_single,hole,0.4703341215681699,,-7.143591694002157,,278
a14_h14x20_sharp_d0.5,14.0,14x20,sharp,0.5,prova2,Ca,jitter_single,footprint,0.941837850105286,0.8918227775278631,4.10044760914845,0.9557549317875418,3466
a14_h14x20_sharp_d0.5,14.0,14x20,sharp,0.5,prova2,Ca,jitter_single,hole,0.27171318309611,,-14.950271781148762,,278
a14_h14x20_sharp_d0.5,14.0,14x20,sharp,0.5,prova2,Ca,mvp_single,footprint,0.9437874926282886,0.9047183799515696,-0.030837401491812244,0.9706689881673356,3466
a14_h14x20_sharp_d0.5,14.0,14x20,sharp,0.5,prova2,Ca,mvp_single,hole,0.29123985183062406,,-24.92260008730065,,278
a14_h14x20_sharp_d0.5,14.0,14x20,sharp,0.5,prova2,Ti,deterministic,footprint,0.6943416398926041,0.8008570041281664,-0.42035463334056944,1.2858771533215883,3466
a14_h14x20_sharp_d0.5,14.0,14x20,sharp,0.5,prova2,Ti,deterministic,hole,-0.04458662065962179,,-96.1892790298532,,278
a14_h14x20_sharp_d0.5,14.0,14x20,sharp,0.5,prova2,Ti,control_mean,footprint,0.959405632617301,0.8824394176244158,0.10774087547948952,0.9570206098854457,3466
a14_h14x20_sharp_d0.5,14.0,14x20,sharp,0.5,prova2,Ti,control_mean,hole,0.2792639700840975,,2.33093039730201,,278
a14_h14x20_sharp_d0.5,14.0,14x20,sharp,0.5,prova2,Ti,jitter_mean,footprint,0.9547306065764612,0.876634480626905,1.1198378193464809,0.9496637403933837,3466
a14_h14x20_sharp_d0.5,14.0,14x20,sharp,0.5,prova2,Ti,jitter_mean,hole,0.16727774264460735,,7.492586618120994,,278
a14_h14x20_sharp_d0.5,14.0,14x20,sharp,0.5,prova2,Ti,control_single,footprint,0.9580284805301154,0.8810118159664637,0.15399045755786211,0.9617594289620031,3466
a14_h14x20_sharp_d0.5,14.0,14x20,sharp,0.5,prova2,Ti,control_single,hole,0.310362825159086,,-3.1306775192115066,,278
a14_h14x20_sharp_d0.5,14.0,14x20,sharp,0.5,prova2,Ti,jitter_single,footprint,0.9381753164059312,0.8569247749852917,0.4987895835290246,0.9741967712091429,3466
a14_h14x20_sharp_d0.5,14.0,14x20,sharp,0.5,prova2,Ti,jitter_single,hole,0.0992091767062395,,-7.0503770283218214,,278
a14_h14x20_sharp_d0.5,14.0,14x20,sharp,0.5,prova2,Ti,mvp_single,footprint,0.9504415304633874,0.8705776619162858,-0.298411416277089,0.9697399646847448,3466
a14_h14x20_sharp_d0.5,14.0,14x20,sharp,0.5,prova2,Ti,mvp_single,hole,0.11350222593964025,,-11.588361537017398,,278
a14_h14x20_sharp_d0.5,14.0,14x20,sharp,0.5,prova2,Fe,deterministic,footprint,0.961130157983569,0.85410094797003,-0.4974151249820258,1.0629179619492175,3466
a14_h14x20_sharp_d0.5,14.0,14x20,sharp,0.5,prova2,Fe,deterministic,hole,0.1167051763657527,,-96.13177476387443,,278
a14_h14x20_sharp_d0.5,14.0,14x20,sharp,0.5,prova2,Fe,control_mean,footprint,0.9812741181151035,0.8970823117703761,0.31145171074311584,0.9917689589443189,3466
a14_h14x20_sharp_d0.5,14.0,14x20,sharp,0.5,prova2,Fe,control_mean,hole,0.14499277462912172,,-17.629540673109265,,278
a14_h14x20_sharp_d0.5,14.0,14x20,sharp,0.5,prova2,Fe,jitter_mean,footprint,0.9796963776421699,0.8971844396713514,0.6671049155807962,1.000103306950822,3466
a14_h14x20_sharp_d0.5,14.0,14x20,sharp,0.5,prova2,Fe,jitter_mean,hole,0.12294484220265131,,-29.53723252599274,,278
a14_h14x20_sharp_d0.5,14.0,14x20,sharp,0.5,prova2,Fe,control_single,footprint,0.9815453773188018,0.8991331117230922,0.7473774803876676,0.991422465246334,3466
a14_h14x20_sharp_d0.5,14.0,14x20,sharp,0.5,prova2,Fe,control_single,hole,0.20101452890923435,,-15.043506948313224,,278
a14_h14x20_sharp_d0.5,14.0,14x20,sharp,0.5,prova2,Fe,jitter_single,footprint,0.9765811410381862,0.8834591355936385,-5.43344491743305,1.0398040993434436,3466
a14_h14x20_sharp_d0.5,14.0,14x20,sharp,0.5,prova2,Fe,jitter_single,hole,0.3062241617413496,,-47.512686462037856,,278
a14_h14x20_sharp_d0.5,14.0,14x20,sharp,0.5,prova2,Fe,mvp_single,footprint,0.9766721895534228,0.8965423440617016,-0.7212005077798844,1.0178140716227098,3466
a14_h14x20_sharp_d0.5,14.0,14x20,sharp,0.5,prova2,Fe,mvp_single,hole,0.05876996517809445,,-45.55614547436049,,278
a14_h14x20_sharp_d0.5,14.0,14x20,sharp,0.5,prova2,Cu,deterministic,footprint,0.9195291434286639,0.8630147357776046,-1.1145908795271664,1.03315955320855,3466
a14_h14x20_sharp_d0.5,14.0,14x20,sharp,0.5,prova2,Cu,deterministic,hole,0.32918840328752574,,-94.82473363918062,,278
a14_h14x20_sharp_d0.5,14.0,14x20,sharp,0.5,prova2,Cu,control_mean,footprint,0.9531584163664282,0.876939621294777,-0.9095277081497377,0.9738647868548752,3466
a14_h14x20_sharp_d0.5,14.0,14x20,sharp,0.5,prova2,Cu,control_mean,hole,0.27477458599863,,-26.495384862037994,,278
a14_h14x20_sharp_d0.5,14.0,14x20,sharp,0.5,prova2,Cu,jitter_mean,footprint,0.9549748848450297,0.8783023835287976,-1.28610504436647,0.9552963902582922,3466
a14_h14x20_sharp_d0.5,14.0,14x20,sharp,0.5,prova2,Cu,jitter_mean,hole,0.340463049052269,,-15.317889871705507,,278
a14_h14x20_sharp_d0.5,14.0,14x20,sharp,0.5,prova2,Cu,control_single,footprint,0.9571855798260772,0.874606356893954,-0.8661091700854939,0.9514466769248281,3466
a14_h14x20_sharp_d0.5,14.0,14x20,sharp,0.5,prova2,Cu,control_single,hole,0.3734329083280382,,-2.4398160970333325,,278
a14_h14x20_sharp_d0.5,14.0,14x20,sharp,0.5,prova2,Cu,jitter_single,footprint,0.9456054182693783,0.8552738745435786,-2.7289586656063625,0.9673584205080331,3466
a14_h14x20_sharp_d0.5,14.0,14x20,sharp,0.5,prova2,Cu,jitter_single,hole,0.1341279617452499,,-23.36794612818703,,278
a14_h14x20_sharp_d0.5,14.0,14x20,sharp,0.5,prova2,Cu,mvp_single,footprint,0.9594995897566411,0.8829650416911639,-1.1054791799944175,0.9434571300388459,3466
a14_h14x20_sharp_d0.5,14.0,14x20,sharp,0.5,prova2,Cu,mvp_single,hole,0.4388907140788955,,9.562511680168814,,278
a14_h14x20_sharp_d0.5,14.0,14x20,sharp,0.5,prova2,PbLl,deterministic,footprint,0.8280352289845955,0.7770506324143066,-1.6043760283847908,1.0866182277673369,3466
a14_h14x20_sharp_d0.5,14.0,14x20,sharp,0.5,prova2,PbLl,deterministic,hole,0.20561017965565725,,-94.7853420985779,,278
a14_h14x20_sharp_d0.5,14.0,14x20,sharp,0.5,prova2,PbLl,control_mean,footprint,0.9330871751292994,0.8376660605784539,-0.6856045265731137,0.9366279188075952,3466
a14_h14x20_sharp_d0.5,14.0,14x20,sharp,0.5,prova2,PbLl,control_mean,hole,0.26317055949393336,,4.906959663852953,,278
a14_h14x20_sharp_d0.5,14.0,14x20,sharp,0.5,prova2,PbLl,jitter_mean,footprint,0.9246906147663821,0.8340378624345847,-1.4316192380492199,0.9287034527029386,3466
a14_h14x20_sharp_d0.5,14.0,14x20,sharp,0.5,prova2,PbLl,jitter_mean,hole,0.150901663217559,,19.170995809433737,,278
a14_h14x20_sharp_d0.5,14.0,14x20,sharp,0.5,prova2,PbLl,control_single,footprint,0.9291981409612843,0.830415414917649,-0.37963756373953217,0.9327090370571013,3466
a14_h14x20_sharp_d0.5,14.0,14x20,sharp,0.5,prova2,PbLl,control_single,hole,0.20591933746152646,,9.280456559731725,,278
a14_h14x20_sharp_d0.5,14.0,14x20,sharp,0.5,prova2,PbLl,jitter_single,footprint,0.9063664273815676,0.8087025621881762,-3.4625813716943954,0.9354057658333668,3466
a14_h14x20_sharp_d0.5,14.0,14x20,sharp,0.5,prova2,PbLl,jitter_single,hole,-0.041843637572360176,,24.11987802886589,,278
a14_h14x20_sharp_d0.5,14.0,14x20,sharp,0.5,prova2,PbLl,mvp_single,footprint,0.9137209574469963,0.8280255805082835,-0.476517877634941,0.9429857528849035,3466
a14_h14x20_sharp_d0.5,14.0,14x20,sharp,0.5,prova2,PbLl,mvp_single,hole,0.18133128637340212,,34.52356841614491,,278
a14_h14x20_sharp_d0.5,14.0,14x20,sharp,0.5,prova2,PbLa,deterministic,footprint,0.7275415001572504,0.8210909588813163,-0.2848765990955515,1.3013400738291856,3466
a14_h14x20_sharp_d0.5,14.0,14x20,sharp,0.5,prova2,PbLa,deterministic,hole,0.27678363471000855,,-94.94302372746546,,278
a14_h14x20_sharp_d0.5,14.0,14x20,sharp,0.5,prova2,PbLa,control_mean,footprint,0.9569049415077561,0.9125969694417768,-0.04757416026910377,0.9601889096216624,3466
a14_h14x20_sharp_d0.5,14.0,14x20,sharp,0.5,prova2,PbLa,control_mean,hole,0.3148738929126889,,7.08410952849574,,278
a14_h14x20_sharp_d0.5,14.0,14x20,sharp,0.5,prova2,PbLa,jitter_mean,footprint,0.9455826753335612,0.905154068928973,0.04720918670222396,0.955717107598027,3466
a14_h14x20_sharp_d0.5,14.0,14x20,sharp,0.5,prova2,PbLa,jitter_mean,hole,0.17072940926507632,,14.61187687028519,,278
a14_h14x20_sharp_d0.5,14.0,14x20,sharp,0.5,prova2,PbLa,control_single,footprint,0.9532624721278135,0.9026350357493133,-0.08111016917070613,0.9542295691113238,3466
a14_h14x20_sharp_d0.5,14.0,14x20,sharp,0.5,prova2,PbLa,control_single,hole,0.20789092270654588,,5.620045590432729,,278
a14_h14x20_sharp_d0.5,14.0,14x20,sharp,0.5,prova2,PbLa,jitter_single,footprint,0.9257054605370146,0.8761581752237737,2.6828479777518677,0.9708468207486975,3466
a14_h14x20_sharp_d0.5,14.0,14x20,sharp,0.5,prova2,PbLa,jitter_single,hole,-0.07482959751981966,,15.1188638062277,,278
a14_h14x20_sharp_d0.5,14.0,14x20,sharp,0.5,prova2,PbLa,mvp_single,footprint,0.9272041403426973,0.9070149249599491,0.11575721157432994,0.9798909521413597,3466
a14_h14x20_sharp_d0.5,14.0,14x20,sharp,0.5,prova2,PbLa,mvp_single,hole,0.32595986956183565,,30.313777861249495,,278
a14_h14x20_sharp_d0.5,14.0,14x20,sharp,0.5,prova2,PbLb,deterministic,footprint,0.7217479612502229,0.8190472959678109,-0.36054184634825015,1.307724408344223,3466
a14_h14x20_sharp_d0.5,14.0,14x20,sharp,0.5,prova2,PbLb,deterministic,hole,0.2855707771927594,,-94.97655865375609,,278
a14_h14x20_sharp_d0.5,14.0,14x20,sharp,0.5,prova2,PbLb,control_mean,footprint,0.9555708853689949,0.911810235316959,0.030817523634762978,0.9555119523729639,3466
a14_h14x20_sharp_d0.5,14.0,14x20,sharp,0.5,prova2,PbLb,control_mean,hole,0.3432254230869301,,6.907250367857748,,278
a14_h14x20_sharp_d0.5,14.0,14x20,sharp,0.5,prova2,PbLb,jitter_mean,footprint,0.9438649218646521,0.9038035250985413,0.0519050547760358,0.9517759059112264,3466
a14_h14x20_sharp_d0.5,14.0,14x20,sharp,0.5,prova2,PbLb,jitter_mean,hole,0.19213586631484558,,14.180471670173619,,278
a14_h14x20_sharp_d0.5,14.0,14x20,sharp,0.5,prova2,PbLb,control_single,footprint,0.9517492037057802,0.9013038384439911,-0.056591391077254194,0.9495446650176833,3466
a14_h14x20_sharp_d0.5,14.0,14x20,sharp,0.5,prova2,PbLb,control_single,hole,0.23049436290545075,,4.312326231539125,,278
a14_h14x20_sharp_d0.5,14.0,14x20,sharp,0.5,prova2,PbLb,jitter_single,footprint,0.9230116814713456,0.8769219499707943,1.326266072177651,0.9672624157304814,3466
a14_h14x20_sharp_d0.5,14.0,14x20,sharp,0.5,prova2,PbLb,jitter_single,hole,-0.05226681066487043,,14.269267046270972,,278
a14_h14x20_sharp_d0.5,14.0,14x20,sharp,0.5,prova2,PbLb,mvp_single,footprint,0.9279982580850801,0.907364177850383,0.21609159147495394,0.9749725308912167,3466
a14_h14x20_sharp_d0.5,14.0,14x20,sharp,0.5,prova2,PbLb,mvp_single,hole,0.37552699792402094,,29.577477583104876,,278
a14_h14x20_sharp_d0.5,14.0,14x20,sharp,0.5,prova2,PbLg,deterministic,footprint,0.7148800225056114,0.7868329008720514,-0.5568003013912914,1.3141557882252748,3466
a14_h14x20_sharp_d0.5,14.0,14x20,sharp,0.5,prova2,PbLg,deterministic,hole,0.26015678179413443,,-94.95656408324241,,278
a14_h14x20_sharp_d0.5,14.0,14x20,sharp,0.5,prova2,PbLg,control_mean,footprint,0.9413231234482318,0.8757203642259206,0.39726694789987693,0.9477801830204463,3466
a14_h14x20_sharp_d0.5,14.0,14x20,sharp,0.5,prova2,PbLg,control_mean,hole,0.32515509756412303,,9.50752354097936,,278
a14_h14x20_sharp_d0.5,14.0,14x20,sharp,0.5,prova2,PbLg,jitter_mean,footprint,0.9255451966008034,0.8670066590107822,0.22465139919471966,0.9436980801025259,3466
a14_h14x20_sharp_d0.5,14.0,14x20,sharp,0.5,prova2,PbLg,jitter_mean,hole,0.17862239370347013,,18.543131616852015,,278
a14_h14x20_sharp_d0.5,14.0,14x20,sharp,0.5,prova2,PbLg,control_single,footprint,0.9373078832143305,0.8643507175611795,0.44546304439885276,0.9401387350442743,3466
a14_h14x20_sharp_d0.5,14.0,14x20,sharp,0.5,prova2,PbLg,control_single,hole,0.20648490003805706,,7.683597750302876,,278
a14_h14x20_sharp_d0.5,14.0,14x20,sharp,0.5,prova2,PbLg,jitter_single,footprint,0.9045635029920435,0.8399726934415145,1.6162627661379325,0.9579143836048349,3466
a14_h14x20_sharp_d0.5,14.0,14x20,sharp,0.5,prova2,PbLg,jitter_single,hole,-0.05769494377858741,,17.81657466574029,,278
a14_h14x20_sharp_d0.5,14.0,14x20,sharp,0.5,prova2,PbLg,mvp_single,footprint,0.8933397067079707,0.8633761011541287,0.25311611127567524,0.9830994195467225,3466
a14_h14x20_sharp_d0.5,14.0,14x20,sharp,0.5,prova2,PbLg,mvp_single,hole,0.3122135695741473,,38.12104067707195,,278
a20_h0x0_sharp_d0.5,20.0,0x0,sharp,0.5,prova2,Ca,deterministic,footprint,0.9882158928342785,0.972898972092172,0.11720386842646313,0.9497048426603126,3466
a20_h0x0_sharp_d0.5,20.0,0x0,sharp,0.5,prova2,Ca,control_mean,footprint,0.9949110087726005,0.9866770556390604,0.028126912330650455,0.9879647082446805,3466
a20_h0x0_sharp_d0.5,20.0,0x0,sharp,0.5,prova2,Ca,jitter_mean,footprint,0.9935053289487384,0.9843083299745885,0.8878958477409604,0.9825231698574937,3466
a20_h0x0_sharp_d0.5,20.0,0x0,sharp,0.5,prova2,Ca,control_single,footprint,0.9942009476105654,0.9847085018501109,-0.49562578903261656,0.98937555419839,3466
a20_h0x0_sharp_d0.5,20.0,0x0,sharp,0.5,prova2,Ca,jitter_single,footprint,0.9877603101271,0.9722647315052997,5.934646340302674,0.9682100080038276,3466
a20_h0x0_sharp_d0.5,20.0,0x0,sharp,0.5,prova2,Ca,mvp_single,footprint,0.9941963901245983,0.98553351304116,0.024239057239983097,0.9826660246779686,3466
a20_h0x0_sharp_d0.5,20.0,0x0,sharp,0.5,prova2,Ti,deterministic,footprint,0.9736005976087377,0.9408821241802924,0.38441563472870754,0.9327080526573773,3466
a20_h0x0_sharp_d0.5,20.0,0x0,sharp,0.5,prova2,Ti,control_mean,footprint,0.9802503065043509,0.9528994979342346,0.010854478238409015,0.9748566321657753,3466
a20_h0x0_sharp_d0.5,20.0,0x0,sharp,0.5,prova2,Ti,jitter_mean,footprint,0.9787101454240443,0.9502495524431739,1.0489667693291738,0.9651915212941,3466
a20_h0x0_sharp_d0.5,20.0,0x0,sharp,0.5,prova2,Ti,control_single,footprint,0.9781613768083673,0.9498301888552532,0.3240848179596023,0.975494224993758,3466
a20_h0x0_sharp_d0.5,20.0,0x0,sharp,0.5,prova2,Ti,jitter_single,footprint,0.9681013150764258,0.9364771993426768,1.095817099674079,0.9762935026147033,3466
a20_h0x0_sharp_d0.5,20.0,0x0,sharp,0.5,prova2,Ti,mvp_single,footprint,0.9789007766084463,0.9511448354112572,-0.022601308680236798,0.9772350064303298,3466
a20_h0x0_sharp_d0.5,20.0,0x0,sharp,0.5,prova2,Fe,deterministic,footprint,0.9949214692181125,0.9727359184358665,0.9185614293014677,0.9769340921335044,3466
a20_h0x0_sharp_d0.5,20.0,0x0,sharp,0.5,prova2,Fe,control_mean,footprint,0.997113704628399,0.9777934832183269,0.054921270706342895,0.9930323254513121,3466
a20_h0x0_sharp_d0.5,20.0,0x0,sharp,0.5,prova2,Fe,jitter_mean,footprint,0.9967095943862211,0.9762772532541533,0.7003401814291044,0.9883096484901449,3466
a20_h0x0_sharp_d0.5,20.0,0x0,sharp,0.5,prova2,Fe,control_single,footprint,0.9972540210777093,0.9769294505785987,0.23485323913454703,0.9934643048125751,3466
a20_h0x0_sharp_d0.5,20.0,0x0,sharp,0.5,prova2,Fe,jitter_single,footprint,0.9945587915326819,0.9662527614051714,-5.669918965948906,1.0134624844278524,3466
a20_h0x0_sharp_d0.5,20.0,0x0,sharp,0.5,prova2,Fe,mvp_single,footprint,0.9968129035266354,0.9759369976203527,-0.1435176597366361,0.9908492224620381,3466
a20_h0x0_sharp_d0.5,20.0,0x0,sharp,0.5,prova2,Cu,deterministic,footprint,0.9884592580475177,0.964741091070408,0.18210289458751028,0.9564791315906134,3466
a20_h0x0_sharp_d0.5,20.0,0x0,sharp,0.5,prova2,Cu,control_mean,footprint,0.9937506064661658,0.9776550260008029,-0.2403057422280419,0.9879706219895243,3466
a20_h0x0_sharp_d0.5,20.0,0x0,sharp,0.5,prova2,Cu,jitter_mean,footprint,0.9928182453374038,0.9751447171137334,-0.5280358257918616,0.9806313029315379,3466
a20_h0x0_sharp_d0.5,20.0,0x0,sharp,0.5,prova2,Cu,control_single,footprint,0.9926992322141545,0.9731926165964144,-0.14392471836310872,0.9847863878907299,3466
a20_h0x0_sharp_d0.5,20.0,0x0,sharp,0.5,prova2,Cu,jitter_single,footprint,0.9882721054987567,0.957080215401434,-2.64878043531257,0.9856942118098871,3466
a20_h0x0_sharp_d0.5,20.0,0x0,sharp,0.5,prova2,Cu,mvp_single,footprint,0.993548585344035,0.976786184428835,-0.4398853503765343,0.9872131791215155,3466
a20_h0x0_sharp_d0.5,20.0,0x0,sharp,0.5,prova2,PbLl,deterministic,footprint,0.9686159656919628,0.9000003275190381,-0.007156907933492107,0.9354051628269637,3466
a20_h0x0_sharp_d0.5,20.0,0x0,sharp,0.5,prova2,PbLl,control_mean,footprint,0.9737938642647552,0.9147347915895577,-0.28336535453542533,0.9739504359157141,3466
a20_h0x0_sharp_d0.5,20.0,0x0,sharp,0.5,prova2,PbLl,jitter_mean,footprint,0.9728838843462965,0.9114965469705834,-2.095103001758669,0.9753984400690816,3466
a20_h0x0_sharp_d0.5,20.0,0x0,sharp,0.5,prova2,PbLl,control_single,footprint,0.9727501418361612,0.9114524132735199,-0.6156976476772602,0.9761793099072296,3466
a20_h0x0_sharp_d0.5,20.0,0x0,sharp,0.5,prova2,PbLl,jitter_single,footprint,0.9662748208940046,0.8945701246900278,-4.815744449672943,0.9823443437604429,3466
a20_h0x0_sharp_d0.5,20.0,0x0,sharp,0.5,prova2,PbLl,mvp_single,footprint,0.9723911430077222,0.9096669937641146,-0.8210068549652227,0.9829260499177367,3466
a20_h0x0_sharp_d0.5,20.0,0x0,sharp,0.5,prova2,PbLa,deterministic,footprint,0.9918774006409248,0.9778597996155748,0.11292053864853102,0.9579582931093675,3466
a20_h0x0_sharp_d0.5,20.0,0x0,sharp,0.5,prova2,PbLa,control_mean,footprint,0.9977050003676342,0.9921293705490363,-0.12670747407788063,0.997633907071678,3466
a20_h0x0_sharp_d0.5,20.0,0x0,sharp,0.5,prova2,PbLa,jitter_mean,footprint,0.9965335164422646,0.9895309504547866,-0.12758644694694787,0.9919871148906024,3466
a20_h0x0_sharp_d0.5,20.0,0x0,sharp,0.5,prova2,PbLa,control_single,footprint,0.9972732641778869,0.9906995658513132,-0.16094839126206129,0.9948279277391483,3466
a20_h0x0_sharp_d0.5,20.0,0x0,sharp,0.5,prova2,PbLa,jitter_single,footprint,0.9905612741721693,0.9775808366611661,3.1759485150712807,0.9995352870775867,3466
a20_h0x0_sharp_d0.5,20.0,0x0,sharp,0.5,prova2,PbLa,mvp_single,footprint,0.9972378916979256,0.9912215928590751,0.03334148223153033,0.9961796567905864,3466
a20_h0x0_sharp_d0.5,20.0,0x0,sharp,0.5,prova2,PbLb,deterministic,footprint,0.9914149132861727,0.9756652370924049,0.09283584646380127,0.9557311244458374,3466
a20_h0x0_sharp_d0.5,20.0,0x0,sharp,0.5,prova2,PbLb,control_mean,footprint,0.9970700299205805,0.9897836979036421,-0.10128588078878176,0.9952910386643989,3466
a20_h0x0_sharp_d0.5,20.0,0x0,sharp,0.5,prova2,PbLb,jitter_mean,footprint,0.995910921863061,0.9872330010599618,-0.08553601009475553,0.99130869267354,3466
a20_h0x0_sharp_d0.5,20.0,0x0,sharp,0.5,prova2,PbLb,control_single,footprint,0.9966181813104235,0.9882610389117777,-0.1637164083978293,0.9921539000062757,3466
a20_h0x0_sharp_d0.5,20.0,0x0,sharp,0.5,prova2,PbLb,jitter_single,footprint,0.9902725179708133,0.976369070457014,1.624423926839702,1.0001050862828542,3466
a20_h0x0_sharp_d0.5,20.0,0x0,sharp,0.5,prova2,PbLb,mvp_single,footprint,0.9966187672828366,0.9890767732463509,0.0742018147690704,0.9944585571675161,3466
a20_h0x0_sharp_d0.5,20.0,0x0,sharp,0.5,prova2,PbLg,deterministic,footprint,0.9790171610552428,0.9364654165584221,0.23505352741088892,0.9485142520424841,3466
a20_h0x0_sharp_d0.5,20.0,0x0,sharp,0.5,prova2,PbLg,control_mean,footprint,0.9845334532995773,0.950595618170875,0.18693741946234077,0.9886700537911354,3466
a20_h0x0_sharp_d0.5,20.0,0x0,sharp,0.5,prova2,PbLg,jitter_mean,footprint,0.9830870570275708,0.9474174339896784,-0.10091455247470682,0.9824623769942856,3466
a20_h0x0_sharp_d0.5,20.0,0x0,sharp,0.5,prova2,PbLg,control_single,footprint,0.9838854184151276,0.9487237030708704,0.2464101254990414,0.984325561848212,3466
a20_h0x0_sharp_d0.5,20.0,0x0,sharp,0.5,prova2,PbLg,jitter_single,footprint,0.9767326092214152,0.93654264471845,1.707244874766367,0.9898541462493909,3466
a20_h0x0_sharp_d0.5,20.0,0x0,sharp,0.5,prova2,PbLg,mvp_single,footprint,0.9841849521679885,0.9497527284705174,-0.1951348685872656,0.9924004165574112,3466
a20_h14x20_sharp_d0.5,20.0,14x20,sharp,0.5,prova2,Ca,deterministic,footprint,0.7765788163921061,0.8468088565618281,-0.542848124957962,1.17776347922769,3466
a20_h14x20_sharp_d0.5,20.0,14x20,sharp,0.5,prova2,Ca,deterministic,hole,-0.042362827589979314,,-96.84196919371928,,278
a20_h14x20_sharp_d0.5,20.0,14x20,sharp,0.5,prova2,Ca,control_mean,footprint,0.9584127248521876,0.9056175447387644,-0.19545031873539065,0.952026166487138,3466
a20_h14x20_sharp_d0.5,20.0,14x20,sharp,0.5,prova2,Ca,control_mean,hole,0.39928889729233746,,-6.19533932409966,,278
a20_h14x20_sharp_d0.5,20.0,14x20,sharp,0.5,prova2,Ca,jitter_mean,footprint,0.9557627474804267,0.899852285562424,0.6790018798159325,0.9425021852912375,3466
a20_h14x20_sharp_d0.5,20.0,14x20,sharp,0.5,prova2,Ca,jitter_mean,hole,0.2834591940215513,,3.6815269173055665,,278
a20_h14x20_sharp_d0.5,20.0,14x20,sharp,0.5,prova2,Ca,control_single,footprint,0.960836446951662,0.9096214183866276,-0.5929206264325582,0.9543962841152586,3466
a20_h14x20_sharp_d0.5,20.0,14x20,sharp,0.5,prova2,Ca,control_single,hole,0.5161856586249918,,-7.053564620918108,,278
a20_h14x20_sharp_d0.5,20.0,14x20,sharp,0.5,prova2,Ca,jitter_single,footprint,0.9426251258665655,0.8920049605684478,5.434294615721158,0.9540913977800156,3466
a20_h14x20_sharp_d0.5,20.0,14x20,sharp,0.5,prova2,Ca,jitter_single,hole,0.2968018876402682,,-13.508656420475923,,278
a20_h14x20_sharp_d0.5,20.0,14x20,sharp,0.5,prova2,Ca,mvp_single,footprint,0.9451710149924084,0.9049905049371854,-0.08664947132384082,0.9680850126644629,3466
a20_h14x20_sharp_d0.5,20.0,14x20,sharp,0.5,prova2,Ca,mvp_single,hole,0.28753415837314195,,-23.594663724724136,,278
a20_h14x20_sharp_d0.5,20.0,14x20,sharp,0.5,prova2,Ti,deterministic,footprint,0.6944279886539224,0.8011870750813087,-0.42583743039483757,1.2857490341322035,3466
a20_h14x20_sharp_d0.5,20.0,14x20,sharp,0.5,prova2,Ti,deterministic,hole,-0.04452832707464824,,-96.19026296653493,,278
a20_h14x20_sharp_d0.5,20.0,14x20,sharp,0.5,prova2,Ti,control_mean,footprint,0.9599812404341244,0.8833837055263224,0.07456737840352279,0.9571296961195566,3466
a20_h14x20_sharp_d0.5,20.0,14x20,sharp,0.5,prova2,Ti,control_mean,hole,0.29209686801817447,,1.4949785302493022,,278
a20_h14x20_sharp_d0.5,20.0,14x20,sharp,0.5,prova2,Ti,jitter_mean,footprint,0.9544110161656935,0.8770984932768012,1.167205220567702,0.9502160987245352,3466
a20_h14x20_sharp_d0.5,20.0,14x20,sharp,0.5,prova2,Ti,jitter_mean,hole,0.16552167634248222,,8.602006903508606,,278
a20_h14x20_sharp_d0.5,20.0,14x20,sharp,0.5,prova2,Ti,control_single,footprint,0.9587931454829576,0.8824541496553032,0.08838840074552046,0.9620830921401095,3466
a20_h14x20_sharp_d0.5,20.0,14x20,sharp,0.5,prova2,Ti,control_single,hole,0.3313475509860739,,-2.7804975823198532,,278
a20_h14x20_sharp_d0.5,20.0,14x20,sharp,0.5,prova2,Ti,jitter_single,footprint,0.9390082866780064,0.8583467949362386,0.6932649235035893,0.9730746317177948,3466
a20_h14x20_sharp_d0.5,20.0,14x20,sharp,0.5,prova2,Ti,jitter_single,hole,0.11132580490432072,,-6.84226716776913,,278
a20_h14x20_sharp_d0.5,20.0,14x20,sharp,0.5,prova2,Ti,mvp_single,footprint,0.9520661350025601,0.8714962064057427,-0.24827661643789245,0.9679164371392148,3466
a20_h14x20_sharp_d0.5,20.0,14x20,sharp,0.5,prova2,Ti,mvp_single,hole,0.12410010272965445,,-9.959668219429943,,278
a20_h14x20_sharp_d0.5,20.0,14x20,sharp,0.5,prova2,Fe,deterministic,footprint,0.9611282549032152,0.8540814279268273,-0.5012740354528367,1.062921760051852,3466
a20_h14x20_sharp_d0.5,20.0,14x20,sharp,0.5,prova2,Fe,deterministic,hole,0.11670555817186097,,-96.13166039015884,,278
a20_h14x20_sharp_d0.5,20.0,14x20,sharp,0.5,prova2,Fe,control_mean,footprint,0.9811338312587792,0.8966443584004595,0.2283820931650693,0.9925526200748521,3466
a20_h14x20_sharp_d0.5,20.0,14x20,sharp,0.5,prova2,Fe,control_mean,hole,0.13206248743852558,,-18.183366429960724,,278
a20_h14x20_sharp_d0.5,20.0,14x20,sharp,0.5,prova2,Fe,jitter_mean,footprint,0.9798126939060807,0.8968956504944151,0.7089907047652222,0.9985821236438484,3466
a20_h14x20_sharp_d0.5,20.0,14x20,sharp,0.5,prova2,Fe,jitter_mean,hole,0.11878859284339366,,-28.47642676962261,,278
a20_h14x20_sharp_d0.5,20.0,14x20,sharp,0.5,prova2,Fe,control_single,footprint,0.9815180184315677,0.8986800803509787,0.48920503260805326,0.9916695922288461,3466
a20_h14x20_sharp_d0.5,20.0,14x20,sharp,0.5,prova2,Fe,control_single,hole,0.1972161348416605,,-14.758873977112009,,278
a20_h14x20_sharp_d0.5,20.0,14x20,sharp,0.5,prova2,Fe,jitter_single,footprint,0.9765325391783465,0.8836836843363378,-6.688066288849825,1.0436402389836803,3466
a20_h14x20_sharp_d0.5,20.0,14x20,sharp,0.5,prova2,Fe,jitter_single,hole,0.31008335772550816,,-48.10072195028151,,278
a20_h14x20_sharp_d0.5,20.0,14x20,sharp,0.5,prova2,Fe,mvp_single,footprint,0.9768433982606027,0.8966774982058076,-0.6967018372016964,1.0165183162912543,3466
a20_h14x20_sharp_d0.5,20.0,14x20,sharp,0.5,prova2,Fe,mvp_single,hole,0.06644882456604659,,-44.6932033002142,,278
a20_h14x20_sharp_d0.5,20.0,14x20,sharp,0.5,prova2,Cu,deterministic,footprint,0.919480315831256,0.8628703280569269,-1.14052165204781,1.0332421909008969,3466
a20_h14x20_sharp_d0.5,20.0,14x20,sharp,0.5,prova2,Cu,deterministic,hole,0.3291705573410489,,-94.82524066182846,,278
a20_h14x20_sharp_d0.5,20.0,14x20,sharp,0.5,prova2,Cu,control_mean,footprint,0.9527634451587779,0.8764402679055022,-0.8427590609747848,0.9737080911740736,3466
a20_h14x20_sharp_d0.5,20.0,14x20,sharp,0.5,prova2,Cu,control_mean,hole,0.25799643876256895,,-26.41890757118051,,278
a20_h14x20_sharp_d0.5,20.0,14x20,sharp,0.5,prova2,Cu,jitter_mean,footprint,0.954725941662586,0.8778913103642444,-1.2810374245043166,0.9566600663620952,3466
a20_h14x20_sharp_d0.5,20.0,14x20,sharp,0.5,prova2,Cu,jitter_mean,hole,0.33370609685098374,,-16.22467803390029,,278
a20_h14x20_sharp_d0.5,20.0,14x20,sharp,0.5,prova2,Cu,control_single,footprint,0.9561957176463196,0.8736683871904549,-0.587315371104502,0.9508166357459131,3466
a20_h14x20_sharp_d0.5,20.0,14x20,sharp,0.5,prova2,Cu,control_single,hole,0.33944225684442486,,-2.1033809623352133,,278
a20_h14x20_sharp_d0.5,20.0,14x20,sharp,0.5,prova2,Cu,jitter_single,footprint,0.9460029082043961,0.8565324694884068,-3.241807388759055,0.9725409197094531,3466
a20_h14x20_sharp_d0.5,20.0,14x20,sharp,0.5,prova2,Cu,jitter_single,hole,0.16038861703344462,,-25.574775776356233,,278
a20_h14x20_sharp_d0.5,20.0,14x20,sharp,0.5,prova2,Cu,mvp_single,footprint,0.9594031265205974,0.8827608078607879,-1.0712360658970521,0.9422708493309372,3466
a20_h14x20_sharp_d0.5,20.0,14x20,sharp,0.5,prova2,Cu,mvp_single,hole,0.44165835406861575,,11.638286441523382,,278
a20_h14x20_sharp_d0.5,20.0,14x20,sharp,0.5,prova2,PbLl,deterministic,footprint,0.8280511903535995,0.777107430536429,-1.607529665936025,1.0865953681137894,3466
a20_h14x20_sharp_d0.5,20.0,14x20,sharp,0.5,prova2,PbLl,deterministic,hole,0.20560911444380184,,-94.78536205770355,,278
a20_h14x20_sharp_d0.5,20.0,14x20,sharp,0.5,prova2,PbLl,control_mean,footprint,0.933242337124258,0.8375432724988039,-0.6624477563143105,0.9367525509272046,3466
a20_h14x20_sharp_d0.5,20.0,14x20,sharp,0.5,prova2,PbLl,control_mean,hole,0.2653803237218705,,4.2359934173307,,278
a20_h14x20_sharp_d0.5,20.0,14x20,sharp,0.5,prova2,PbLl,jitter_mean,footprint,0.9245950130887819,0.8340468069839693,-1.7523475309290437,0.9310434594830215,3466
a20_h14x20_sharp_d0.5,20.0,14x20,sharp,0.5,prova2,PbLl,jitter_mean,hole,0.14553056256457586,,18.834404126646216,,278
a20_h14x20_sharp_d0.5,20.0,14x20,sharp,0.5,prova2,PbLl,control_single,footprint,0.9305292130156705,0.8315390174766726,-0.4040840962245662,0.932688797473927,3466
a20_h14x20_sharp_d0.5,20.0,14x20,sharp,0.5,prova2,PbLl,control_single,hole,0.24940310924643724,,8.55699608925049,,278
a20_h14x20_sharp_d0.5,20.0,14x20,sharp,0.5,prova2,PbLl,jitter_single,footprint,0.9052286033753323,0.8066959421680574,-4.7915084263209895,0.9400535813126458,3466
a20_h14x20_sharp_d0.5,20.0,14x20,sharp,0.5,prova2,PbLl,jitter_single,hole,-0.0846285005261314,,22.526534697522674,,278
a20_h14x20_sharp_d0.5,20.0,14x20,sharp,0.5,prova2,PbLl,mvp_single,footprint,0.9122380921043942,0.8278296577615281,-0.39441896375362884,0.9419777368645791,3466
a20_h14x20_sharp_d0.5,20.0,14x20,sharp,0.5,prova2,PbLl,mvp_single,hole,0.18581007380619843,,37.0597411776504,,278
a20_h14x20_sharp_d0.5,20.0,14x20,sharp,0.5,prova2,PbLa,deterministic,footprint,0.727539896318844,0.8210039783448962,-0.2783757504976503,1.301388421891499,3466
a20_h14x20_sharp_d0.5,20.0,14x20,sharp,0.5,prova2,PbLa,deterministic,hole,0.27675952772000084,,-94.94302300977161,,278
a20_h14x20_sharp_d0.5,20.0,14x20,sharp,0.5,prova2,PbLa,control_mean,footprint,0.9573819896531064,0.91251005337661,-0.060271181805804375,0.9605017149380466,3466
a20_h14x20_sharp_d0.5,20.0,14x20,sharp,0.5,prova2,PbLa,control_mean,hole,0.3195032346175163,,6.30845262390362,,278
a20_h14x20_sharp_d0.5,20.0,14x20,sharp,0.5,prova2,PbLa,jitter_mean,footprint,0.9449790158549978,0.904814210551839,0.029610341864083622,0.9549417350383232,3466
a20_h14x20_sharp_d0.5,20.0,14x20,sharp,0.5,prova2,PbLa,jitter_mean,hole,0.1589854230581232,,14.8879058139684,,278
a20_h14x20_sharp_d0.5,20.0,14x20,sharp,0.5,prova2,PbLa,control_single,footprint,0.9552591488584565,0.9051858904513399,-0.03332104872997288,0.9540211323376641,3466
a20_h14x20_sharp_d0.5,20.0,14x20,sharp,0.5,prova2,PbLa,control_single,hole,0.28014929045239034,,5.440377139078047,,278
a20_h14x20_sharp_d0.5,20.0,14x20,sharp,0.5,prova2,PbLa,jitter_single,footprint,0.925382288636764,0.8735070436468763,3.429949048137404,0.9689085204627839,3466
a20_h14x20_sharp_d0.5,20.0,14x20,sharp,0.5,prova2,PbLa,jitter_single,hole,-0.1254242184734731,,14.196743138684793,,278
a20_h14x20_sharp_d0.5,20.0,14x20,sharp,0.5,prova2,PbLa,mvp_single,footprint,0.9236560805870181,0.9059849387502196,0.14473815089213193,0.9817853421557484,3466
a20_h14x20_sharp_d0.5,20.0,14x20,sharp,0.5,prova2,PbLa,mvp_single,hole,0.34063789712504233,,32.71303799056491,,278
a20_h14x20_sharp_d0.5,20.0,14x20,sharp,0.5,prova2,PbLb,deterministic,footprint,0.7217183120248063,0.8188837123887553,-0.36287993713585154,1.3077521849149565,3466
a20_h14x20_sharp_d0.5,20.0,14x20,sharp,0.5,prova2,PbLb,deterministic,hole,0.28555717070468983,,-94.97740148982581,,278
a20_h14x20_sharp_d0.5,20.0,14x20,sharp,0.5,prova2,PbLb,control_mean,footprint,0.956039883987762,0.9117354298755501,0.04826717660078028,0.9557741190204921,3466
a20_h14x20_sharp_d0.5,20.0,14x20,sharp,0.5,prova2,PbLb,control_mean,hole,0.3478658291779872,,6.119685197459354,,278
a20_h14x20_sharp_d0.5,20.0,14x20,sharp,0.5,prova2,PbLb,jitter_mean,footprint,0.9435453684734723,0.9035822792030944,0.07267553998653309,0.9519202588167714,3466
a20_h14x20_sharp_d0.5,20.0,14x20,sharp,0.5,prova2,PbLb,jitter_mean,hole,0.18386404620863242,,14.376146009773832,,278
a20_h14x20_sharp_d0.5,20.0,14x20,sharp,0.5,prova2,PbLb,control_single,footprint,0.9537508917413658,0.9036578946101533,-0.008135898720029733,0.9492602055334183,3466
a20_h14x20_sharp_d0.5,20.0,14x20,sharp,0.5,prova2,PbLb,control_single,hole,0.3027812372520899,,4.137878837994731,,278
a20_h14x20_sharp_d0.5,20.0,14x20,sharp,0.5,prova2,PbLb,jitter_single,footprint,0.9225984868340652,0.87436540236088,1.8591164651201808,0.9672064738976397,3466
a20_h14x20_sharp_d0.5,20.0,14x20,sharp,0.5,prova2,PbLb,jitter_single,hole,-0.10370262256652694,,13.155197236577765,,278
a20_h14x20_sharp_d0.5,20.0,14x20,sharp,0.5,prova2,PbLb,mvp_single,footprint,0.9244865913317746,0.906386756319903,0.250632642039994,0.9768211343129642,3466
a20_h14x20_sharp_d0.5,20.0,14x20,sharp,0.5,prova2,PbLb,mvp_single,hole,0.39213269579592197,,31.963860416044994,,278
a20_h14x20_sharp_d0.5,20.0,14x20,sharp,0.5,prova2,PbLg,deterministic,footprint,0.7147404769671295,0.7861138722189704,-0.5567194965182765,1.3143500603690716,3466
a20_h14x20_sharp_d0.5,20.0,14x20,sharp,0.5,prova2,PbLg,deterministic,hole,0.260133181538028,,-94.95661496423101,,278
a20_h14x20_sharp_d0.5,20.0,14x20,sharp,0.5,prova2,PbLg,control_mean,footprint,0.9416678574022804,0.8750118343634407,0.34587328632817993,0.9483336936746677,3466
a20_h14x20_sharp_d0.5,20.0,14x20,sharp,0.5,prova2,PbLg,control_mean,hole,0.3285934318846009,,8.730811481124507,,278
a20_h14x20_sharp_d0.5,20.0,14x20,sharp,0.5,prova2,PbLg,jitter_mean,footprint,0.9247930400630942,0.8661070762381682,0.1954007894624965,0.9435666391717477,3466
a20_h14x20_sharp_d0.5,20.0,14x20,sharp,0.5,prova2,PbLg,jitter_mean,hole,0.17013668416876232,,18.710820067147157,,278
a20_h14x20_sharp_d0.5,20.0,14x20,sharp,0.5,prova2,PbLg,control_single,footprint,0.9391210793865551,0.8660358126085624,0.46526632858396866,0.940418845556439,3466
a20_h14x20_sharp_d0.5,20.0,14x20,sharp,0.5,prova2,PbLg,control_single,hole,0.2761272643472646,,7.518753133541348,,278
a20_h14x20_sharp_d0.5,20.0,14x20,sharp,0.5,prova2,PbLg,jitter_single,footprint,0.9041838322820059,0.8372810114014689,2.109082593512168,0.9569890729999944,3466
a20_h14x20_sharp_d0.5,20.0,14x20,sharp,0.5,prova2,PbLg,jitter_single,hole,-0.10726706102209212,,16.93489721467338,,278
a20_h14x20_sharp_d0.5,20.0,14x20,sharp,0.5,prova2,PbLg,mvp_single,footprint,0.8883133229942701,0.8614983101629715,0.2748083089879838,0.986250600595828,3466
a20_h14x20_sharp_d0.5,20.0,14x20,sharp,0.5,prova2,PbLg,mvp_single,hole,0.328367288312424,,40.664494619169865,,278
a25_h0x0_sharp_d0.5,25.0,0x0,sharp,0.5,prova2,Ca,deterministic,footprint,0.9882403413214133,0.9729716579364474,0.10412730015199045,0.9496863965596889,3466
a25_h0x0_sharp_d0.5,25.0,0x0,sharp,0.5,prova2,Ca,control_mean,footprint,0.9949186226127176,0.9867372167540229,0.059327448178780884,0.9879868696550678,3466
a25_h0x0_sharp_d0.5,25.0,0x0,sharp,0.5,prova2,Ca,jitter_mean,footprint,0.9934855465528053,0.9843200238724918,1.1410456751522524,0.9804492801371368,3466
a25_h0x0_sharp_d0.5,25.0,0x0,sharp,0.5,prova2,Ca,control_single,footprint,0.9942225427975109,0.9847786442451486,-0.5627357254555099,0.989598725061938,3466
a25_h0x0_sharp_d0.5,25.0,0x0,sharp,0.5,prova2,Ca,jitter_single,footprint,0.9875993653033641,0.9713178788774747,6.981051367749536,0.9664744394081975,3466
a25_h0x0_sharp_d0.5,25.0,0x0,sharp,0.5,prova2,Ca,mvp_single,footprint,0.9942045028203739,0.9855701317089586,-0.018893078011772424,0.9827481200062387,3466
a25_h0x0_sharp_d0.5,25.0,0x0,sharp,0.5,prova2,Ti,deterministic,footprint,0.9737529376091542,0.9411941669794982,0.3755529541781488,0.9325812177922171,3466
a25_h0x0_sharp_d0.5,25.0,0x0,sharp,0.5,prova2,Ti,control_mean,footprint,0.9803947343352227,0.9532202535372643,0.030247552213191753,0.9746890642941386,3466
a25_h0x0_sharp_d0.5,25.0,0x0,sharp,0.5,prova2,Ti,jitter_mean,footprint,0.9788265055426393,0.9505672676368863,1.0762828329348384,0.9651384438243706,3466
a25_h0x0_sharp_d0.5,25.0,0x0,sharp,0.5,prova2,Ti,control_single,footprint,0.9782827695767001,0.9500967793132408,0.2696779044029318,0.975773558442318,3466
a25_h0x0_sharp_d0.5,25.0,0x0,sharp,0.5,prova2,Ti,jitter_single,footprint,0.9683575685093166,0.9370019260987149,1.3396715787117541,0.9747015527959648,3466
a25_h0x0_sharp_d0.5,25.0,0x0,sharp,0.5,prova2,Ti,mvp_single,footprint,0.9790287945452684,0.9514378577665253,-0.05296610406333446,0.9771743305996156,3466
a25_h0x0_sharp_d0.5,25.0,0x0,sharp,0.5,prova2,Fe,deterministic,footprint,0.9949195662127691,0.9727180994537311,0.9195732225947495,0.9769368541111211,3466
a25_h0x0_sharp_d0.5,25.0,0x0,sharp,0.5,prova2,Fe,control_mean,footprint,0.9971089723680692,0.977767752736364,0.08732743807455812,0.9931397785350178,3466
a25_h0x0_sharp_d0.5,25.0,0x0,sharp,0.5,prova2,Fe,jitter_mean,footprint,0.9967066917504713,0.9762855855149232,0.8373958638628443,0.9878454724743906,3466
a25_h0x0_sharp_d0.5,25.0,0x0,sharp,0.5,prova2,Fe,control_single,footprint,0.9972481647847489,0.9768239777704746,0.16664282176033218,0.9936888287042446,3466
a25_h0x0_sharp_d0.5,25.0,0x0,sharp,0.5,prova2,Fe,jitter_single,footprint,0.994515999960629,0.9655020557160102,-6.475107751467135,1.0159899221225674,3466
a25_h0x0_sharp_d0.5,25.0,0x0,sharp,0.5,prova2,Fe,mvp_single,footprint,0.99680288045019,0.9759021247092532,-0.10757529346373529,0.9907068894203532,3466
a25_h0x0_sharp_d0.5,25.0,0x0,sharp,0.5,prova2,Cu,deterministic,footprint,0.9884109385008729,0.9646056978067911,0.16497055096196256,0.9565389822667312,3466
a25_h0x0_sharp_d0.5,25.0,0x0,sharp,0.5,prova2,Cu,control_mean,footprint,0.9936794886706266,0.977543435013656,-0.19088086531828807,0.9878500987359425,3466
a25_h0x0_sharp_d0.5,25.0,0x0,sharp,0.5,prova2,Cu,jitter_mean,footprint,0.9927552335788843,0.9749639323621324,-0.6539213653441234,0.981204560190316,3466
a25_h0x0_sharp_d0.5,25.0,0x0,sharp,0.5,prova2,Cu,control_single,footprint,0.9925552824479099,0.9733655198606889,0.05822074240293684,0.9840895230935143,3466
a25_h0x0_sharp_d0.5,25.0,0x0,sharp,0.5,prova2,Cu,jitter_single,footprint,0.9885180290255453,0.9574873739597792,-2.8957692087785425,0.9880932684672944,3466
a25_h0x0_sharp_d0.5,25.0,0x0,sharp,0.5,prova2,Cu,mvp_single,footprint,0.9935005315945016,0.9766389257431526,-0.45579399339865656,0.9877994333644674,3466
a25_h0x0_sharp_d0.5,25.0,0x0,sharp,0.5,prova2,PbLl,deterministic,footprint,0.968635280766059,0.9000555108259144,-0.004569203555759849,0.9353860012507956,3466
a25_h0x0_sharp_d0.5,25.0,0x0,sharp,0.5,prova2,PbLl,control_mean,footprint,0.9738020832070127,0.9147635155896156,-0.2335973871079644,0.973516692925408,3466
a25_h0x0_sharp_d0.5,25.0,0x0,sharp,0.5,prova2,PbLl,jitter_mean,footprint,0.9729348294794011,0.9114746699177169,-2.3409548357758103,0.9773963686155585,3466
a25_h0x0_sharp_d0.5,25.0,0x0,sharp,0.5,prova2,PbLl,control_single,footprint,0.9727634961903416,0.9115152742307366,-0.5601156539523089,0.9756560022168698,3466
a25_h0x0_sharp_d0.5,25.0,0x0,sharp,0.5,prova2,PbLl,jitter_single,footprint,0.9663335725523142,0.8936511862523,-5.849690073360792,0.9863616516575123,3466
a25_h0x0_sharp_d0.5,25.0,0x0,sharp,0.5,prova2,PbLl,mvp_single,footprint,0.9724001880875933,0.9100738901159666,-0.8250026280647305,0.9824396378708179,3466
a25_h0x0_sharp_d0.5,25.0,0x0,sharp,0.5,prova2,PbLa,deterministic,footprint,0.9918544585284159,0.977774659633537,0.10813761451420323,0.9580018849627387,3466
a25_h0x0_sharp_d0.5,25.0,0x0,sharp,0.5,prova2,PbLa,control_mean,footprint,0.9976669494828814,0.9920074541457311,-0.11353145216121963,0.9975448860281068,3466
a25_h0x0_sharp_d0.5,25.0,0x0,sharp,0.5,prova2,PbLa,jitter_mean,footprint,0.9965092211525775,0.9893988290709985,-0.161071150545411,0.9909731332086783,3466
a25_h0x0_sharp_d0.5,25.0,0x0,sharp,0.5,prova2,PbLa,control_single,footprint,0.9972313734243192,0.9905954423907626,-0.13066923887004034,0.9941751302514934,3466
a25_h0x0_sharp_d0.5,25.0,0x0,sharp,0.5,prova2,PbLa,jitter_single,footprint,0.9905792873001588,0.9773631269110284,3.828542389702738,0.9980942089670943,3466
a25_h0x0_sharp_d0.5,25.0,0x0,sharp,0.5,prova2,PbLa,mvp_single,footprint,0.9971979632047488,0.991120500049758,0.043239616775947454,0.995681825930495,3466
a25_h0x0_sharp_d0.5,25.0,0x0,sharp,0.5,prova2,PbLb,deterministic,footprint,0.991376885477643,0.975517027004883,0.09434534584595866,0.9557490185169067,3466
a25_h0x0_sharp_d0.5,25.0,0x0,sharp,0.5,prova2,PbLb,control_mean,footprint,0.9970162002683878,0.9895913415626632,-0.08315512464520669,0.9951424915122944,3466
a25_h0x0_sharp_d0.5,25.0,0x0,sharp,0.5,prova2,PbLb,jitter_mean,footprint,0.9958707503107807,0.9870799414025626,-0.02114443932788035,0.9912159578263586,3466
a25_h0x0_sharp_d0.5,25.0,0x0,sharp,0.5,prova2,PbLb,control_single,footprint,0.9965650257932411,0.9880990886535297,-0.12386716630250483,0.9914627507457753,3466
a25_h0x0_sharp_d0.5,25.0,0x0,sharp,0.5,prova2,PbLb,jitter_single,footprint,0.9902628316249974,0.9762346931289634,2.0522590379772776,1.0004877165980632,3466
a25_h0x0_sharp_d0.5,25.0,0x0,sharp,0.5,prova2,PbLb,mvp_single,footprint,0.9965613852642613,0.9889032522387174,0.08617513366355745,0.9939291412321879,3466
a25_h0x0_sharp_d0.5,25.0,0x0,sharp,0.5,prova2,PbLg,deterministic,footprint,0.9787778926414761,0.9357876911742454,0.2402309683055215,0.9487080300338246,3466
a25_h0x0_sharp_d0.5,25.0,0x0,sharp,0.5,prova2,PbLg,control_mean,footprint,0.9842979544768666,0.9498985172708337,0.20167656596892236,0.9888151244454657,3466
a25_h0x0_sharp_d0.5,25.0,0x0,sharp,0.5,prova2,PbLg,jitter_mean,footprint,0.982848245044784,0.9466987753461754,-0.16909796033944824,0.9822857072506439,3466
a25_h0x0_sharp_d0.5,25.0,0x0,sharp,0.5,prova2,PbLg,control_single,footprint,0.9836424139619793,0.9480742812658985,0.27158828172391125,0.9841152172027432,3466
a25_h0x0_sharp_d0.5,25.0,0x0,sharp,0.5,prova2,PbLg,jitter_single,footprint,0.9766634123406891,0.9361042146709098,2.1958850677373576,0.9894975880772059,3466
a25_h0x0_sharp_d0.5,25.0,0x0,sharp,0.5,prova2,PbLg,mvp_single,footprint,0.9839417927401057,0.9490714184832598,-0.17272625781109552,0.9920105520549901,3466
a25_h14x20_sharp_d0.5,25.0,14x20,sharp,0.5,prova2,Ca,deterministic,footprint,0.776593927984897,0.846874009406479,-0.5336667653024318,1.1777428921436255,3466
a25_h14x20_sharp_d0.5,25.0,14x20,sharp,0.5,prova2,Ca,deterministic,hole,-0.0423816987941756,,-96.8417664443574,,278
a25_h14x20_sharp_d0.5,25.0,14x20,sharp,0.5,prova2,Ca,control_mean,footprint,0.9583657896478482,0.9058558247261965,-0.18393940884314786,0.9524211689775105,3466
a25_h14x20_sharp_d0.5,25.0,14x20,sharp,0.5,prova2,Ca,control_mean,hole,0.4068603509106288,,-6.709070000088941,,278
a25_h14x20_sharp_d0.5,25.0,14x20,sharp,0.5,prova2,Ca,jitter_mean,footprint,0.9556914966256658,0.8998766036059869,0.952400985994295,0.940104005380347,3466
a25_h14x20_sharp_d0.5,25.0,14x20,sharp,0.5,prova2,Ca,jitter_mean,hole,0.2839318453916499,,4.894430894988579,,278
a25_h14x20_sharp_d0.5,25.0,14x20,sharp,0.5,prova2,Ca,control_single,footprint,0.9615632881350187,0.9106933860768522,-0.6210368877595629,0.9544821823109665,3466
a25_h14x20_sharp_d0.5,25.0,14x20,sharp,0.5,prova2,Ca,control_single,hole,0.5434489492910467,,-7.035079256650004,,278
a25_h14x20_sharp_d0.5,25.0,14x20,sharp,0.5,prova2,Ca,jitter_single,footprint,0.9432526551180492,0.8916785770823237,6.425524024602325,0.9521441600989495,3466
a25_h14x20_sharp_d0.5,25.0,14x20,sharp,0.5,prova2,Ca,jitter_single,hole,0.30871149401200737,,-11.959921387691885,,278
a25_h14x20_sharp_d0.5,25.0,14x20,sharp,0.5,prova2,Ca,mvp_single,footprint,0.9453742944524595,0.9048863331585065,-0.09858373563166323,0.9670580240634038,3466
a25_h14x20_sharp_d0.5,25.0,14x20,sharp,0.5,prova2,Ca,mvp_single,hole,0.2768343307623505,,-23.177142090905928,,278
a25_h14x20_sharp_d0.5,25.0,14x20,sharp,0.5,prova2,Ti,deterministic,footprint,0.6944970948449843,0.8014512812844943,-0.4254891351249901,1.285646770445065,3466
a25_h14x20_sharp_d0.5,25.0,14x20,sharp,0.5,prova2,Ti,deterministic,hole,-0.04448118580913447,,-96.19105810451883,,278
a25_h14x20_sharp_d0.5,25.0,14x20,sharp,0.5,prova2,Ti,control_mean,footprint,0.9603717717524168,0.8840285057171725,0.07384314607903342,0.9570348149284856,3466
a25_h14x20_sharp_d0.5,25.0,14x20,sharp,0.5,prova2,Ti,control_mean,hole,0.30095903098664994,,0.9111519044450039,,278
a25_h14x20_sharp_d0.5,25.0,14x20,sharp,0.5,prova2,Ti,jitter_mean,footprint,0.953726061347142,0.8771102119763193,1.2103683697596512,0.9506050347319609,3466
a25_h14x20_sharp_d0.5,25.0,14x20,sharp,0.5,prova2,Ti,jitter_mean,hole,0.16005588827816541,,9.89244787671249,,278
a25_h14x20_sharp_d0.5,25.0,14x20,sharp,0.5,prova2,Ti,control_single,footprint,0.9591877492749024,0.8833330153846642,0.02989751688238229,0.9621248226756296,3466
a25_h14x20_sharp_d0.5,25.0,14x20,sharp,0.5,prova2,Ti,control_single,hole,0.34060514980300993,,-2.5644022527313792,,278
a25_h14x20_sharp_d0.5,25.0,14x20,sharp,0.5,prova2,Ti,jitter_single,footprint,0.9398795617101922,0.8595745813795945,0.775390734783632,0.9714346260081379,3466
a25_h14x20_sharp_d0.5,25.0,14x20,sharp,0.5,prova2,Ti,jitter_single,hole,0.11937310362296205,,-6.260136492203366,,278
a25_h14x20_sharp_d0.5,25.0,14x20,sharp,0.5,prova2,Ti,mvp_single,footprint,0.9527220607211111,0.8722409164359364,-0.22268680030035348,0.9671180601044466,3466
a25_h14x20_sharp_d0.5,25.0,14x20,sharp,0.5,prova2,Ti,mvp_single,hole,0.13403334307661482,,-9.343069748638909,,278
a25_h14x20_sharp_d0.5,25.0,14x20,sharp,0.5,prova2,Fe,deterministic,footprint,0.9611266674447243,0.854065146672314,-0.5107256365964208,1.0629249265284675,3466
a25_h14x20_sharp_d0.5,25.0,14x20,sharp,0.5,prova2,Fe,deterministic,hole,0.1167058760154127,,-96.13156510184767,,278
a25_h14x20_sharp_d0.5,25.0,14x20,sharp,0.5,prova2,Fe,control_mean,footprint,0.9810229142855627,0.8962813973190107,0.2095169736971325,0.9930519702214033,3466
a25_h14x20_sharp_d0.5,25.0,14x20,sharp,0.5,prova2,Fe,control_mean,hole,0.12149104780012367,,-18.54186186596582,,278
a25_h14x20_sharp_d0.5,25.0,14x20,sharp,0.5,prova2,Fe,jitter_mean,footprint,0.9799470214533544,0.8966542619080083,0.8228008682797494,0.9970184738740796,3466
a25_h14x20_sharp_d0.5,25.0,14x20,sharp,0.5,prova2,Fe,jitter_mean,hole,0.11702936021329484,,-27.205076228491826,,278
a25_h14x20_sharp_d0.5,25.0,14x20,sharp,0.5,prova2,Fe,control_single,footprint,0.9814758092392505,0.8982285301547099,0.4291568787424982,0.9915619499919797,3466
a25_h14x20_sharp_d0.5,25.0,14x20,sharp,0.5,prova2,Fe,control_single,hole,0.19502957244797225,,-14.518046524493279,,278
a25_h14x20_sharp_d0.5,25.0,14x20,sharp,0.5,prova2,Fe,jitter_single,footprint,0.976556390713241,0.8837031812992426,-7.628670977285745,1.0461195491199877,3466
a25_h14x20_sharp_d0.5,25.0,14x20,sharp,0.5,prova2,Fe,jitter_single,hole,0.3120720971831129,,-48.30578388684775,,278
a25_h14x20_sharp_d0.5,25.0,14x20,sharp,0.5,prova2,Fe,mvp_single,footprint,0.9769183952772068,0.8966784463679353,-0.6911175781897594,1.0160645011218077,3466
a25_h14x20_sharp_d0.5,25.0,14x20,sharp,0.5,prova2,Fe,mvp_single,hole,0.0733330728540047,,-44.36650454431055,,278
a25_h14x20_sharp_d0.5,25.0,14x20,sharp,0.5,prova2,Cu,deterministic,footprint,0.9194391905446995,0.8627488080037035,-1.1303597243681685,1.0333114521624096,3466
a25_h14x20_sharp_d0.5,25.0,14x20,sharp,0.5,prova2,Cu,deterministic,hole,0.3291556665080241,,-94.82566245050138,,278
a25_h14x20_sharp_d0.5,25.0,14x20,sharp,0.5,prova2,Cu,control_mean,footprint,0.952405187303546,0.8759614349365005,-0.7928997840050078,0.9735189713141454,3466
a25_h14x20_sharp_d0.5,25.0,14x20,sharp,0.5,prova2,Cu,control_mean,hole,0.24297396791145376,,-26.361868545530413,,278
a25_h14x20_sharp_d0.5,25.0,14x20,sharp,0.5,prova2,Cu,jitter_mean,footprint,0.9545474558291391,0.8775541517535173,-1.2959320215266468,0.9577982384042639,3466
a25_h14x20_sharp_d0.5,25.0,14x20,sharp,0.5,prova2,Cu,jitter_mean,hole,0.3313164776464369,,-17.101643205129257,,278
a25_h14x20_sharp_d0.5,25.0,14x20,sharp,0.5,prova2,Cu,control_single,footprint,0.9553361286782489,0.8726441673123776,-0.3360828268376248,0.950017911843548,3466
a25_h14x20_sharp_d0.5,25.0,14x20,sharp,0.5,prova2,Cu,control_single,hole,0.3104471326439634,,-1.8110910387196488,,278
a25_h14x20_sharp_d0.5,25.0,14x20,sharp,0.5,prova2,Cu,jitter_single,footprint,0.9462796555147329,0.8570609897363216,-3.5802581883713325,0.9760455781729622,3466
a25_h14x20_sharp_d0.5,25.0,14x20,sharp,0.5,prova2,Cu,jitter_single,hole,0.17719527325518314,,-27.312955047869604,,278
a25_h14x20_sharp_d0.5,25.0,14x20,sharp,0.5,prova2,Cu,mvp_single,footprint,0.95929947343443,0.8824815710093017,-1.0194413398504132,0.9423969182219227,3466
a25_h14x20_sharp_d0.5,25.0,14x20,sharp,0.5,prova2,Cu,mvp_single,hole,0.4404841028816256,,12.097899477070367,,278
a25_h14x20_sharp_d0.5,25.0,14x20,sharp,0.5,prova2,PbLl,deterministic,footprint,0.8280644477513325,0.7771546181064107,-1.6073688289365728,1.0865763804564237,3466
a25_h14x20_sharp_d0.5,25.0,14x20,sharp,0.5,prova2,PbLl,deterministic,hole,0.2056082277811401,,-94.78537864875966,,278
a25_h14x20_sharp_d0.5,25.0,14x20,sharp,0.5,prova2,PbLl,control_mean,footprint,0.9333820301658519,0.8374302029758375,-0.6314471345178818,0.9368119032097187,3466
a25_h14x20_sharp_d0.5,25.0,14x20,sharp,0.5,prova2,PbLl,control_mean,hole,0.26783212753260816,,3.6794135187142745,,278
a25_h14x20_sharp_d0.5,25.0,14x20,sharp,0.5,prova2,PbLl,jitter_mean,footprint,0.9244786828374402,0.8340373549881737,-2.017436442107745,0.9330299718928977,3466
a25_h14x20_sharp_d0.5,25.0,14x20,sharp,0.5,prova2,PbLl,jitter_mean,hole,0.14225830201852382,,18.64475831206326,,278
a25_h14x20_sharp_d0.5,25.0,14x20,sharp,0.5,prova2,PbLl,control_single,footprint,0.9315370243251585,0.8323588487494976,-0.3538425507602416,0.9328164668349133,3466
a25_h14x20_sharp_d0.5,25.0,14x20,sharp,0.5,prova2,PbLl,control_single,hole,0.27965014764749685,,7.865619615550555,,278
a25_h14x20_sharp_d0.5,25.0,14x20,sharp,0.5,prova2,PbLl,jitter_single,footprint,0.9043584044616646,0.8051084535837902,-5.7560155067968966,0.9437833401191391,3466
a25_h14x20_sharp_d0.5,25.0,14x20,sharp,0.5,prova2,PbLl,jitter_single,hole,-0.11324579323830503,,21.35015244522213,,278
a25_h14x20_sharp_d0.5,25.0,14x20,sharp,0.5,prova2,PbLl,mvp_single,footprint,0.9113850031769049,0.8275472658543278,-0.3714488047135811,0.9414361124080709,3466
a25_h14x20_sharp_d0.5,25.0,14x20,sharp,0.5,prova2,PbLl,mvp_single,hole,0.18914484092763204,,38.48220440075539,,278
a25_h14x20_sharp_d0.5,25.0,14x20,sharp,0.5,prova2,PbLa,deterministic,footprint,0.7275383888462752,0.820930319387234,-0.27951481506427456,1.3014289419556169,3466
a25_h14x20_sharp_d0.5,25.0,14x20,sharp,0.5,prova2,PbLa,deterministic,hole,0.2767394655389881,,-94.94302241289115,,278
a25_h14x20_sharp_d0.5,25.0,14x20,sharp,0.5,prova2,PbLa,control_mean,footprint,0.9578443956310789,0.9125609323185437,-0.060921160681504105,0.9606873871489663,3466
a25_h14x20_sharp_d0.5,25.0,14x20,sharp,0.5,prova2,PbLa,control_mean,hole,0.3265800539091009,,5.6962405019093145,,278
a25_h14x20_sharp_d0.5,25.0,14x20,sharp,0.5,prova2,PbLa,jitter_mean,footprint,0.9443222618203436,0.9045640620078059,-0.0035063724542760966,0.954114494675011,3466
a25_h14x20_sharp_d0.5,25.0,14x20,sharp,0.5,prova2,PbLa,jitter_mean,hole,0.1519374035424457,,15.303713742608092,,278
a25_h14x20_sharp_d0.5,25.0,14x20,sharp,0.5,prova2,PbLa,control_single,footprint,0.9568482332098984,0.9072697649653279,-0.010369472680671343,0.9539536005574696,3466
a25_h14x20_sharp_d0.5,25.0,14x20,sharp,0.5,prova2,PbLa,control_single,hole,0.33223204669775575,,5.192113330041252,,278
a25_h14x20_sharp_d0.5,25.0,14x20,sharp,0.5,prova2,PbLa,jitter_single,footprint,0.9251499744655565,0.8716208230274806,4.069465934136884,0.9670512112721852,3466
a25_h14x20_sharp_d0.5,25.0,14x20,sharp,0.5,prova2,PbLa,jitter_single,hole,-0.16077803155145298,,13.650509533866275,,278
a25_h14x20_sharp_d0.5,25.0,14x20,sharp,0.5,prova2,PbLa,mvp_single,footprint,0.9218970700034381,0.9054179679424018,0.1769399305535213,0.9825943778549932,3466
a25_h14x20_sharp_d0.5,25.0,14x20,sharp,0.5,prova2,PbLa,mvp_single,hole,0.3525443874782156,,33.92934493598152,,278
a25_h14x20_sharp_d0.5,25.0,14x20,sharp,0.5,prova2,PbLb,deterministic,footprint,0.7216932971874293,0.818744879031703,-0.36929344717375745,1.3077759329599266,3466
a25_h14x20_sharp_d0.5,25.0,14x20,sharp,0.5,prova2,PbLb,deterministic,hole,0.28554581532558193,,-94.97810248750059,,278
a25_h14x20_sharp_d0.5,25.0,14x20,sharp,0.5,prova2,PbLb,control_mean,footprint,0.9565074821127261,0.9117983886731327,0.05230540764955549,0.9559127666626569,3466
a25_h14x20_sharp_d0.5,25.0,14x20,sharp,0.5,prova2,PbLb,control_mean,hole,0.35527291158106983,,5.49860635371803,,278
a25_h14x20_sharp_d0.5,25.0,14x20,sharp,0.5,prova2,PbLb,jitter_mean,footprint,0.9431461976062617,0.9033983961465144,0.14881278012182086,0.9519122664051072,3466
a25_h14x20_sharp_d0.5,25.0,14x20,sharp,0.5,prova2,PbLb,jitter_mean,hole,0.17938490651024086,,14.733773643245799,,278
a25_h14x20_sharp_d0.5,25.0,14x20,sharp,0.5,prova2,PbLb,control_single,footprint,0.9553565473857712,0.9055881860508411,0.014423444497557725,0.9491272226856019,3466
a25_h14x20_sharp_d0.5,25.0,14x20,sharp,0.5,prova2,PbLb,control_single,hole,0.3552477416736085,,3.8976198328480303,,278
a25_h14x20_sharp_d0.5,25.0,14x20,sharp,0.5,prova2,PbLb,jitter_single,footprint,0.9222646126227536,0.8725526065883092,2.2959694106498896,0.967063735078511,3466
a25_h14x20_sharp_d0.5,25.0,14x20,sharp,0.5,prova2,PbLb,jitter_single,hole,-0.1399624244637939,,12.461389060404462,,278
a25_h14x20_sharp_d0.5,25.0,14x20,sharp,0.5,prova2,PbLb,mvp_single,footprint,0.9227386122476587,0.9058656404685616,0.2788404299687741,0.9776137493225673,3466
a25_h14x20_sharp_d0.5,25.0,14x20,sharp,0.5,prova2,PbLb,mvp_single,hole,0.4055409452302575,,33.187481689262455,,278
a25_h14x20_sharp_d0.5,25.0,14x20,sharp,0.5,prova2,PbLg,deterministic,footprint,0.7146227678683245,0.7855078720864193,-0.5453056241297105,1.3145147287065737,3466
a25_h14x20_sharp_d0.5,25.0,14x20,sharp,0.5,prova2,PbLg,deterministic,hole,0.26011347564845383,,-94.95665728147115,,278
a25_h14x20_sharp_d0.5,25.0,14x20,sharp,0.5,prova2,PbLg,control_mean,footprint,0.942030110666998,0.8745380971807035,0.3517442360969847,0.9487317331593,3466
a25_h14x20_sharp_d0.5,25.0,14x20,sharp,0.5,prova2,PbLg,control_mean,hole,0.3348815441689443,,8.116247093969415,,278
a25_h14x20_sharp_d0.5,25.0,14x20,sharp,0.5,prova2,PbLg,jitter_mean,footprint,0.9239172421194014,0.8653364175234356,0.137982115147528,0.9436467336396838,3466
a25_h14x20_sharp_d0.5,25.0,14x20,sharp,0.5,prova2,PbLg,jitter_mean,hole,0.16515193337537096,,19.041120132239467,,278
a25_h14x20_sharp_d0.5,25.0,14x20,sharp,0.5,prova2,PbLg,control_single,footprint,0.940575174487321,0.8673834858354648,0.499399647055232,0.9407739187026571,3466
a25_h14x20_sharp_d0.5,25.0,14x20,sharp,0.5,prova2,PbLg,control_single,hole,0.32709673399232336,,7.281870340009994,,278
a25_h14x20_sharp_d0.5,25.0,14x20,sharp,0.5,prova2,PbLg,jitter_single,footprint,0.9039067379024038,0.8353443223693461,2.5544806635931394,0.956083369169963,3466
a25_h14x20_sharp_d0.5,25.0,14x20,sharp,0.5,prova2,PbLg,jitter_single,hole,-0.1422488813163152,,16.404568485500008,,278
a25_h14x20_sharp_d0.5,25.0,14x20,sharp,0.5,prova2,PbLg,mvp_single,footprint,0.8856880400682493,0.8602923848649444,0.2899988189956293,0.9877696146363718,3466
a25_h14x20_sharp_d0.5,25.0,14x20,sharp,0.5,prova2,PbLg,mvp_single,hole,0.3414196900230275,,41.985816801684365,,278
REAL_ruotato,7.7,0x0,real,1.0,REAL_ruotato,Ca,deterministic,footprint,0.9639476009041485,0.9077508335690014,2.96151436551364,0.9319812467733848,3466
REAL_ruotato,7.7,0x0,real,1.0,REAL_ruotato,Ca,control_mean,footprint,0.9598267147627682,0.8977123996711026,2.7319847638113792,0.9739373385973739,3466
REAL_ruotato,7.7,0x0,real,1.0,REAL_ruotato,Ca,jitter_mean,footprint,0.9637437236727765,0.9055453626689655,3.196663255284893,0.96862643393216,3466
REAL_ruotato,7.7,0x0,real,1.0,REAL_ruotato,Ca,control_single,footprint,0.9609174183941326,0.8991480506279591,2.6575171346199244,0.9677418941778032,3466
REAL_ruotato,7.7,0x0,real,1.0,REAL_ruotato,Ca,jitter_single,footprint,0.9582267561602074,0.8958063880322519,5.915041299399371,0.9689128228356894,3466
REAL_ruotato,7.7,0x0,real,1.0,REAL_ruotato,Ca,mvp_single,footprint,0.9573350333925275,0.8933703756424948,2.5596322481096445,0.9834685981930659,3466
REAL_ruotato,7.7,0x0,real,1.0,REAL_ruotato,Ti,deterministic,footprint,0.9157985272981568,0.8125738312484294,3.005980193982838,0.8938776130466876,3466
REAL_ruotato,7.7,0x0,real,1.0,REAL_ruotato,Ti,control_mean,footprint,0.9116321656403553,0.8091164145495561,2.5090594630570617,0.9395954588968451,3466
REAL_ruotato,7.7,0x0,real,1.0,REAL_ruotato,Ti,jitter_mean,footprint,0.9162777747478246,0.8154096718836725,3.022970889520793,0.9299556905491849,3466
REAL_ruotato,7.7,0x0,real,1.0,REAL_ruotato,Ti,control_single,footprint,0.91354518294684,0.8113024258522566,2.8780356847301958,0.9366563527471979,3466
REAL_ruotato,7.7,0x0,real,1.0,REAL_ruotato,Ti,jitter_single,footprint,0.9074709632103599,0.8040895951729649,2.9419645528203864,0.9379627271613367,3466
REAL_ruotato,7.7,0x0,real,1.0,REAL_ruotato,Ti,mvp_single,footprint,0.9101776454223643,0.807638846986685,2.2813458042410417,0.9418444276983752,3466
REAL_ruotato,7.7,0x0,real,1.0,REAL_ruotato,Fe,deterministic,footprint,0.9791391831498245,0.9131395913484206,1.650188019636345,0.9713588679536251,3466
REAL_ruotato,7.7,0x0,real,1.0,REAL_ruotato,Fe,control_mean,footprint,0.9769467274738738,0.910740459906828,1.0036409970982874,0.9862634759252074,3466
REAL_ruotato,7.7,0x0,real,1.0,REAL_ruotato,Fe,jitter_mean,footprint,0.9793951956786461,0.9135572531574052,0.9449981220558623,0.9861596812182597,3466
REAL_ruotato,7.7,0x0,real,1.0,REAL_ruotato,Fe,control_single,footprint,0.9773075772695009,0.9102365025502674,1.319725970662744,0.9863244476219426,3466
REAL_ruotato,7.7,0x0,real,1.0,REAL_ruotato,Fe,jitter_single,footprint,0.9764276632591514,0.9031273326678243,-2.2723522747525426,0.9935881683733523,3466
REAL_ruotato,7.7,0x0,real,1.0,REAL_ruotato,Fe,mvp_single,footprint,0.9776918919540569,0.910541603989773,0.8852146678024475,0.9872398192267898,3466
REAL_ruotato,7.7,0x0,real,1.0,REAL_ruotato,Cu,deterministic,footprint,0.956552112957238,0.8944369837720285,1.015032176490993,0.9625155761434717,3466
REAL_ruotato,7.7,0x0,real,1.0,REAL_ruotato,Cu,control_mean,footprint,0.9506541290058265,0.8843875083486116,0.4510236685812963,0.996505234401886,3466
REAL_ruotato,7.7,0x0,real,1.0,REAL_ruotato,Cu,jitter_mean,footprint,0.9543697484098697,0.8919316010093344,0.5267487618046518,0.9862815550365119,3466
REAL_ruotato,7.7,0x0,real,1.0,REAL_ruotato,Cu,control_single,footprint,0.9519653099739105,0.8856349936954183,0.4689306552229766,0.9922352362357073,3466
REAL_ruotato,7.7,0x0,real,1.0,REAL_ruotato,Cu,jitter_single,footprint,0.9452193513320656,0.8634483362206641,0.4278113782183013,0.9844916749699972,3466
REAL_ruotato,7.7,0x0,real,1.0,REAL_ruotato,Cu,mvp_single,footprint,0.9498937911206347,0.8788883162998163,0.2601703904253849,1.003398216755264,3466
REAL_ruotato,7.7,0x0,real,1.0,REAL_ruotato,PbLl,deterministic,footprint,0.914917260545943,0.7296763631485264,-0.6875868269653473,0.9355393656427892,3466
REAL_ruotato,7.7,0x0,real,1.0,REAL_ruotato,PbLl,control_mean,footprint,0.914711276917788,0.7317471071232944,-0.804821988019988,0.9782117293319906,3466
REAL_ruotato,7.7,0x0,real,1.0,REAL_ruotato,PbLl,jitter_mean,footprint,0.9172949041783154,0.7352307157077543,-1.6508713045548573,0.9735142582717825,3466
REAL_ruotato,7.7,0x0,real,1.0,REAL_ruotato,PbLl,control_single,footprint,0.915070530930387,0.7307499172816214,-1.0379172908650869,0.9796820411624809,3466
REAL_ruotato,7.7,0x0,real,1.0,REAL_ruotato,PbLl,jitter_single,footprint,0.9121287511305646,0.7261006055597852,-2.895390695890254,0.9766504445700562,3466
REAL_ruotato,7.7,0x0,real,1.0,REAL_ruotato,PbLl,mvp_single,footprint,0.9137408894672664,0.7276190769440357,-1.3538414630202,0.9857046344402255,3466
REAL_ruotato,7.7,0x0,real,1.0,REAL_ruotato,PbLa,deterministic,footprint,0.9749810580661966,0.9246594403843338,0.2349072021437415,0.963567711945124,3466
REAL_ruotato,7.7,0x0,real,1.0,REAL_ruotato,PbLa,control_mean,footprint,0.9727643908269974,0.9155871492907792,0.07410953738249404,1.0053658567934016,3466
REAL_ruotato,7.7,0x0,real,1.0,REAL_ruotato,PbLa,jitter_mean,footprint,0.9753547330636545,0.9220239085444181,0.07453314214005413,1.0003555823085717,3466
REAL_ruotato,7.7,0x0,real,1.0,REAL_ruotato,PbLa,control_single,footprint,0.9735763800025838,0.9171112072852299,0.0823156671674985,1.0012972625344023,3466
REAL_ruotato,7.7,0x0,real,1.0,REAL_ruotato,PbLa,jitter_single,footprint,0.9682733516111987,0.9092697402754233,1.6394287340799174,1.0042908373743755,3466
REAL_ruotato,7.7,0x0,real,1.0,REAL_ruotato,PbLa,mvp_single,footprint,0.9716979666654281,0.912153834179483,0.21255351247377874,1.0075751582520476,3466
REAL_ruotato,7.7,0x0,real,1.0,REAL_ruotato,PbLb,deterministic,footprint,0.9739547838099835,0.9187099438664399,-0.034816363275136375,0.9636971814728201,3466
REAL_ruotato,7.7,0x0,real,1.0,REAL_ruotato,PbLb,control_mean,footprint,0.9716375127408181,0.9090198647007962,-0.15972790133318426,1.0059629001217298,3466
REAL_ruotato,7.7,0x0,real,1.0,REAL_ruotato,PbLb,jitter_mean,footprint,0.9742450018951705,0.9156087152097466,-0.3232178319229062,1.000817753618084,3466
REAL_ruotato,7.7,0x0,real,1.0,REAL_ruotato,PbLb,control_single,footprint,0.9724209914036389,0.9105026888957968,-0.222750117083792,1.0012393780482425,3466
REAL_ruotato,7.7,0x0,real,1.0,REAL_ruotato,PbLb,jitter_single,footprint,0.9678530742731264,0.9046813493451916,0.38577238815482584,1.0062241293460557,3466
REAL_ruotato,7.7,0x0,real,1.0,REAL_ruotato,PbLb,mvp_single,footprint,0.9704002737912802,0.9052412804380336,-0.0044526710598624675,1.0086412218809944,3466
REAL_ruotato,7.7,0x0,real,1.0,REAL_ruotato,PbLg,deterministic,footprint,0.9412704007967508,0.8205451641151363,-0.942469314734451,0.9495036055266441,3466
REAL_ruotato,7.7,0x0,real,1.0,REAL_ruotato,PbLg,control_mean,footprint,0.9383768610863593,0.8153557681759469,-1.1273378874027684,0.9933974511597784,3466
REAL_ruotato,7.7,0x0,real,1.0,REAL_ruotato,PbLg,jitter_mean,footprint,0.9409999342639446,0.8206951453621919,-1.166584924677272,0.9862822149002275,3466
REAL_ruotato,7.7,0x0,real,1.0,REAL_ruotato,PbLg,control_single,footprint,0.939195259100809,0.8164645140656486,-1.0295705182762127,0.9880032090653171,3466
REAL_ruotato,7.7,0x0,real,1.0,REAL_ruotato,PbLg,jitter_single,footprint,0.93383326826931,0.8100340146458276,-0.5910657055214985,0.9905559180881677,3466
REAL_ruotato,7.7,0x0,real,1.0,REAL_ruotato,PbLg,mvp_single,footprint,0.9373738086028249,0.8120467649806891,-1.3866821658211514,0.997594442383605,3466
