case,case_angle,case_dose,source,strategy,step,measured_frac,element,candidate,region,r,ssim,bias_pct,cv_ratio,n_px
a20_d1,20.0,1.0,prova2,adaptive,0,0.25,Ca,ensemble,footprint,0.3874467852332068,0.2857163017539102,-36.56544346309948,1.3702406811418755,3466
a20_d1,20.0,1.0,prova2,adaptive,0,0.25,Ca,ensemble,unmeasured,-0.12501440359547117,,-52.187941811364674,,2591
a20_d1,20.0,1.0,prova2,adaptive,0,0.25,Ca,deterministic,footprint,0.38818767953293154,0.1435723590509726,-100.0,3.926946412367908,3466
a20_d1,20.0,1.0,prova2,adaptive,0,0.25,Ca,deterministic,unmeasured,0.1316180605727167,,-97.93550570251816,,2591
a20_d1,20.0,1.0,prova2,adaptive,0,0.25,Ti,ensemble,footprint,0.25490355360474276,0.28717189113810987,-36.30016048707918,1.4190959759446127,3466
a20_d1,20.0,1.0,prova2,adaptive,0,0.25,Ti,ensemble,unmeasured,-0.03598982554237313,,-49.97575785901187,,2591
a20_d1,20.0,1.0,prova2,adaptive,0,0.25,Ti,deterministic,footprint,0.21069730133818537,0.08075127664766947,-100.0,4.880496741201949,3466
a20_d1,20.0,1.0,prova2,adaptive,0,0.25,Ti,deterministic,unmeasured,0.05144303737389994,,-98.05846187127811,,2591
a20_d1,20.0,1.0,prova2,adaptive,0,0.25,Fe,ensemble,footprint,0.3750902482513154,0.4939013998576065,-30.208749347309173,1.114047726628152,3466
a20_d1,20.0,1.0,prova2,adaptive,0,0.25,Fe,ensemble,unmeasured,0.06851891210256314,,-71.79030912013769,,2591
a20_d1,20.0,1.0,prova2,adaptive,0,0.25,Fe,deterministic,footprint,0.3314943980036084,0.21703964647984364,-100.0,2.262846528570064,3466
a20_d1,20.0,1.0,prova2,adaptive,0,0.25,Fe,deterministic,unmeasured,0.09750259756732312,,-98.36477031062846,,2591
a20_d1,20.0,1.0,prova2,adaptive,0,0.25,Cu,ensemble,footprint,0.4088539423749201,0.19400840682588932,-71.14196723936617,1.2053572683769274,3466
a20_d1,20.0,1.0,prova2,adaptive,0,0.25,Cu,ensemble,unmeasured,0.27662910664910134,,-73.49280626197147,,2591
a20_d1,20.0,1.0,prova2,adaptive,0,0.25,Cu,deterministic,footprint,0.3184613560668353,0.28831748231778026,-100.0,2.3072206326397393,3466
a20_d1,20.0,1.0,prova2,adaptive,0,0.25,Cu,deterministic,unmeasured,0.1745822387514942,,-98.12724554249188,,2591
a20_d1,20.0,1.0,prova2,adaptive,0,0.25,PbLl,ensemble,footprint,0.47363641358665315,0.28242171843371794,-47.4923048561827,1.2325765372328605,3466
a20_d1,20.0,1.0,prova2,adaptive,0,0.25,PbLl,ensemble,unmeasured,0.41326099465355315,,-58.22332761109478,,2591
a20_d1,20.0,1.0,prova2,adaptive,0,0.25,PbLl,deterministic,footprint,0.223907513207542,0.10625019053849179,-100.0,3.2841122553798208,3466
a20_d1,20.0,1.0,prova2,adaptive,0,0.25,PbLl,deterministic,unmeasured,0.1736008725704516,,-97.72280808232145,,2591
a20_d1,20.0,1.0,prova2,adaptive,0,0.25,PbLa,ensemble,footprint,0.3435573636297702,0.20232200988366253,-48.02532612248134,1.6688301173871793,3466
a20_d1,20.0,1.0,prova2,adaptive,0,0.25,PbLa,ensemble,unmeasured,0.3952740914170776,,-57.78280033747546,,2591
a20_d1,20.0,1.0,prova2,adaptive,0,0.25,PbLa,deterministic,footprint,0.05391351106126422,0.020664371226328568,-100.0,5.116992474304335,3466
a20_d1,20.0,1.0,prova2,adaptive,0,0.25,PbLa,deterministic,unmeasured,0.1182713799937308,,-97.93390344614846,,2591
a20_d1,20.0,1.0,prova2,adaptive,0,0.25,PbLb,ensemble,footprint,0.31938554050469065,0.1958903517408627,-48.186301532327256,1.6950510298160386,3466
a20_d1,20.0,1.0,prova2,adaptive,0,0.25,PbLb,ensemble,unmeasured,0.36963819588615615,,-58.01059750355055,,2591
a20_d1,20.0,1.0,prova2,adaptive,0,0.25,PbLb,deterministic,footprint,0.0401462986065823,0.016438348175542274,-100.0,5.197338435982161,3466
a20_d1,20.0,1.0,prova2,adaptive,0,0.25,PbLb,deterministic,unmeasured,0.11245603727320279,,-97.9506031586837,,2591
a20_d1,20.0,1.0,prova2,adaptive,0,0.25,PbLg,ensemble,footprint,0.3188814111354717,0.20824973766930371,-47.90675302895646,1.7109661363170772,3466
a20_d1,20.0,1.0,prova2,adaptive,0,0.25,PbLg,ensemble,unmeasured,0.36488076764369304,,-57.491908379161394,,2591
a20_d1,20.0,1.0,prova2,adaptive,0,0.25,PbLg,deterministic,footprint,0.040737477054096645,0.021390955884221432,-100.0,5.294447719528088,3466
a20_d1,20.0,1.0,prova2,adaptive,0,0.25,PbLg,deterministic,unmeasured,0.09991430067393216,,-97.94186349982978,,2591
a20_d1,20.0,1.0,prova2,adaptive,1,0.3055555555555556,Ca,ensemble,footprint,0.4402775655805946,0.34257872935029754,-30.05056626607039,1.3316750682022465,3466
a20_d1,20.0,1.0,prova2,adaptive,1,0.3055555555555556,Ca,ensemble,unmeasured,-0.11099729281677166,,-50.172211185235255,,2391
a20_d1,20.0,1.0,prova2,adaptive,1,0.3055555555555556,Ca,deterministic,footprint,0.39027291389958446,0.1979520805584545,-100.0,3.545854998846594,3466
a20_d1,20.0,1.0,prova2,adaptive,1,0.3055555555555556,Ca,deterministic,unmeasured,0.10679880800311327,,-97.89795460602255,,2391
a20_d1,20.0,1.0,prova2,adaptive,1,0.3055555555555556,Ti,ensemble,footprint,0.3208404660620884,0.36432089930488776,-28.58734080163594,1.4017484958391886,3466
a20_d1,20.0,1.0,prova2,adaptive,1,0.3055555555555556,Ti,ensemble,unmeasured,-0.06829599762310555,,-46.71412622430909,,2391
a20_d1,20.0,1.0,prova2,adaptive,1,0.3055555555555556,Ti,deterministic,footprint,0.2752343722078539,0.1451793915952899,-100.0,4.304309377980933,3466
a20_d1,20.0,1.0,prova2,adaptive,1,0.3055555555555556,Ti,deterministic,unmeasured,0.06036403817570992,,-97.91488082074827,,2391
a20_d1,20.0,1.0,prova2,adaptive,1,0.3055555555555556,Fe,ensemble,footprint,0.42059795535961536,0.5810432789318943,-18.825192399322454,1.0869591411021364,3466
a20_d1,20.0,1.0,prova2,adaptive,1,0.3055555555555556,Fe,ensemble,unmeasured,0.02890813515282096,,-69.75869648842034,,2391
a20_d1,20.0,1.0,prova2,adaptive,1,0.3055555555555556,Fe,deterministic,footprint,0.38656125478711945,0.30752024621821344,-100.0,1.91472186954115,3466
a20_d1,20.0,1.0,prova2,adaptive,1,0.3055555555555556,Fe,deterministic,unmeasured,0.08613379484765904,,-98.326747530761,,2391
a20_d1,20.0,1.0,prova2,adaptive,1,0.3055555555555556,Cu,ensemble,footprint,0.43971364687610187,0.25498331295793414,-68.09726589090286,1.1904696691304255,3466
a20_d1,20.0,1.0,prova2,adaptive,1,0.3055555555555556,Cu,ensemble,unmeasured,0.3000926091773981,,-72.91931827725664,,2391
a20_d1,20.0,1.0,prova2,adaptive,1,0.3055555555555556,Cu,deterministic,footprint,0.3191152306308499,0.3004530875227146,-100.0,2.2543723601118524,3466
a20_d1,20.0,1.0,prova2,adaptive,1,0.3055555555555556,Cu,deterministic,unmeasured,0.1693991626198032,,-98.04359020753951,,2391
a20_d1,20.0,1.0,prova2,adaptive,1,0.3055555555555556,PbLl,ensemble,footprint,0.5716379441922809,0.352131183079347,-40.03463835346543,1.259843850791957,3466
a20_d1,20.0,1.0,prova2,adaptive,1,0.3055555555555556,PbLl,ensemble,unmeasured,0.45367265634680415,,-55.0501266521927,,2391
a20_d1,20.0,1.0,prova2,adaptive,1,0.3055555555555556,PbLl,deterministic,footprint,0.3243046558376803,0.16682147481637688,-100.0,2.985716079050595,3466
a20_d1,20.0,1.0,prova2,adaptive,1,0.3055555555555556,PbLl,deterministic,unmeasured,0.16784659619523074,,-97.65934890063795,,2391
a20_d1,20.0,1.0,prova2,adaptive,1,0.3055555555555556,PbLa,ensemble,footprint,0.46329339533926467,0.2935568489089077,-41.442452572156505,1.6865260183369766,3466
a20_d1,20.0,1.0,prova2,adaptive,1,0.3055555555555556,PbLa,ensemble,unmeasured,0.4218098172408278,,-54.58227990653548,,2391
a20_d1,20.0,1.0,prova2,adaptive,1,0.3055555555555556,PbLa,deterministic,footprint,0.1888426085583458,0.08795534732277964,-100.0,4.5742172370373195,3466
a20_d1,20.0,1.0,prova2,adaptive,1,0.3055555555555556,PbLa,deterministic,unmeasured,0.12984808494937392,,-97.79699447359684,,2391
a20_d1,20.0,1.0,prova2,adaptive,1,0.3055555555555556,PbLb,ensemble,footprint,0.44820662813438694,0.2898285766329364,-41.24709630901897,1.7241810459157396,3466
a20_d1,20.0,1.0,prova2,adaptive,1,0.3055555555555556,PbLb,ensemble,unmeasured,0.39039413093610825,,-54.82228910577143,,2391
a20_d1,20.0,1.0,prova2,adaptive,1,0.3055555555555556,PbLb,deterministic,footprint,0.18890214481845063,0.08531706311419134,-100.0,4.65126231794128,3466
a20_d1,20.0,1.0,prova2,adaptive,1,0.3055555555555556,PbLb,deterministic,unmeasured,0.1266021441257674,,-97.81159194534287,,2391
a20_d1,20.0,1.0,prova2,adaptive,1,0.3055555555555556,PbLg,ensemble,footprint,0.43348426578924754,0.29733189945853233,-41.03950144891662,1.7256095278173753,3466
a20_d1,20.0,1.0,prova2,adaptive,1,0.3055555555555556,PbLg,ensemble,unmeasured,0.3843256081081511,,-54.36806156491196,,2391
a20_d1,20.0,1.0,prova2,adaptive,1,0.3055555555555556,PbLg,deterministic,footprint,0.17104829236038768,0.08882334098911754,-100.0,4.726622274975601,3466
a20_d1,20.0,1.0,prova2,adaptive,1,0.3055555555555556,PbLg,deterministic,unmeasured,0.10877060261438465,,-97.80497046586427,,2391
a20_d1,20.0,1.0,prova2,adaptive,2,0.3611111111111111,Ca,ensemble,footprint,0.4838478454896137,0.4139524987087046,-22.60715739120036,1.2887770620196106,3466
a20_d1,20.0,1.0,prova2,adaptive,2,0.3611111111111111,Ca,ensemble,unmeasured,-0.11592387848264604,,-48.49969084073431,,2192
a20_d1,20.0,1.0,prova2,adaptive,2,0.3611111111111111,Ca,deterministic,footprint,0.39444313840437034,0.2438652273629547,-100.0,3.1995938296238093,3466
a20_d1,20.0,1.0,prova2,adaptive,2,0.3611111111111111,Ca,deterministic,unmeasured,0.08497795332247574,,-97.78215937848422,,2192
a20_d1,20.0,1.0,prova2,adaptive,2,0.3611111111111111,Ti,ensemble,footprint,0.3718806977341224,0.4409809947552671,-20.190841161112736,1.3606458353097846,3466
a20_d1,20.0,1.0,prova2,adaptive,2,0.3611111111111111,Ti,ensemble,unmeasured,-0.12019260978975287,,-43.71059212604373,,2192
a20_d1,20.0,1.0,prova2,adaptive,2,0.3611111111111111,Ti,deterministic,footprint,0.3276648994922618,0.20716132610299182,-100.0,3.8309940759262195,3466
a20_d1,20.0,1.0,prova2,adaptive,2,0.3611111111111111,Ti,deterministic,unmeasured,0.06845891166023471,,-97.67018461937421,,2192
a20_d1,20.0,1.0,prova2,adaptive,2,0.3611111111111111,Fe,ensemble,footprint,0.4623038953565742,0.6351395522229369,-12.092734799727634,1.056420535682183,3466
a20_d1,20.0,1.0,prova2,adaptive,2,0.3611111111111111,Fe,ensemble,unmeasured,-0.025838055098016306,,-68.41990480806662,,2192
a20_d1,20.0,1.0,prova2,adaptive,2,0.3611111111111111,Fe,deterministic,footprint,0.4348030002786364,0.3671461084094432,-100.0,1.7008750990655803,3466
a20_d1,20.0,1.0,prova2,adaptive,2,0.3611111111111111,Fe,deterministic,unmeasured,0.08282427831471317,,-98.14923179483371,,2192
a20_d1,20.0,1.0,prova2,adaptive,2,0.3611111111111111,Cu,ensemble,footprint,0.4600723547814552,0.30806296503636377,-64.99166665205044,1.170103243098174,3466
a20_d1,20.0,1.0,prova2,adaptive,2,0.3611111111111111,Cu,ensemble,unmeasured,0.2774758516303419,,-72.17610587574475,,2192
a20_d1,20.0,1.0,prova2,adaptive,2,0.3611111111111111,Cu,deterministic,footprint,0.32807834557542465,0.33864568956721763,-100.0,2.1252747708604884,3466
a20_d1,20.0,1.0,prova2,adaptive,2,0.3611111111111111,Cu,deterministic,unmeasured,0.164334517138628,,-98.00030482197998,,2192
a20_d1,20.0,1.0,prova2,adaptive,2,0.3611111111111111,PbLl,ensemble,footprint,0.6459258824075519,0.4284601700499124,-32.10420530912994,1.2465393746334734,3466
a20_d1,20.0,1.0,prova2,adaptive,2,0.3611111111111111,PbLl,ensemble,unmeasured,0.4735517139301453,,-51.117714806759246,,2192
a20_d1,20.0,1.0,prova2,adaptive,2,0.3611111111111111,PbLl,deterministic,footprint,0.406368556497515,0.23591391770541761,-100.0,2.6852393954245968,3466
a20_d1,20.0,1.0,prova2,adaptive,2,0.3611111111111111,PbLl,deterministic,unmeasured,0.2037363614741534,,-97.26640290501439,,2192
a20_d1,20.0,1.0,prova2,adaptive,2,0.3611111111111111,PbLa,ensemble,footprint,0.5420783263938028,0.37668663946410985,-33.52752814443319,1.6477286991781692,3466
a20_d1,20.0,1.0,prova2,adaptive,2,0.3611111111111111,PbLa,ensemble,unmeasured,0.42292886458011825,,-51.1397083077768,,2192
a20_d1,20.0,1.0,prova2,adaptive,2,0.3611111111111111,PbLa,deterministic,footprint,0.27788911435446867,0.15061540320339556,-100.0,4.075311794557881,3466
a20_d1,20.0,1.0,prova2,adaptive,2,0.3611111111111111,PbLa,deterministic,unmeasured,0.1435803649361036,,-97.45835078396702,,2192
a20_d1,20.0,1.0,prova2,adaptive,2,0.3611111111111111,PbLb,ensemble,footprint,0.532413370143386,0.37681241680792477,-33.1387011674291,1.6880433171938112,3466
a20_d1,20.0,1.0,prova2,adaptive,2,0.3611111111111111,PbLb,ensemble,unmeasured,0.38736514883244416,,-51.380860862284734,,2192
a20_d1,20.0,1.0,prova2,adaptive,2,0.3611111111111111,PbLb,deterministic,footprint,0.2851598019884514,0.14954063404257453,-100.0,4.145804983783561,3466
a20_d1,20.0,1.0,prova2,adaptive,2,0.3611111111111111,PbLb,deterministic,unmeasured,0.14027638349033428,,-97.46402684931212,,2192
a20_d1,20.0,1.0,prova2,adaptive,2,0.3611111111111111,PbLg,ensemble,footprint,0.5068857250440874,0.3774265843947311,-32.95780941926172,1.6766161403988087,3466
a20_d1,20.0,1.0,prova2,adaptive,2,0.3611111111111111,PbLg,ensemble,unmeasured,0.3843126651245775,,-51.04070793439008,,2192
a20_d1,20.0,1.0,prova2,adaptive,2,0.3611111111111111,PbLg,deterministic,footprint,0.25127536619078716,0.14973629921888065,-100.0,4.201697813076265,3466
a20_d1,20.0,1.0,prova2,adaptive,2,0.3611111111111111,PbLg,deterministic,unmeasured,0.1206111274431829,,-97.47775421846083,,2192
a20_d1,20.0,1.0,prova2,adaptive,3,0.4166666666666667,Ca,ensemble,footprint,0.527117954960001,0.47130700841036965,-15.064279572606388,1.2199339601352521,3466
a20_d1,20.0,1.0,prova2,adaptive,3,0.4166666666666667,Ca,ensemble,unmeasured,-0.1251149242061746,,-46.24002025291918,,1993
a20_d1,20.0,1.0,prova2,adaptive,3,0.4166666666666667,Ca,deterministic,footprint,0.3902893204551461,0.31065276203728304,-100.0,2.8951621798484743,3466
a20_d1,20.0,1.0,prova2,adaptive,3,0.4166666666666667,Ca,deterministic,unmeasured,0.07394899126969785,,-97.60090270733156,,1993
a20_d1,20.0,1.0,prova2,adaptive,3,0.4166666666666667,Ti,ensemble,footprint,0.43371897189024433,0.5039388495245981,-12.193977772466003,1.2671817898653446,3466
a20_d1,20.0,1.0,prova2,adaptive,3,0.4166666666666667,Ti,ensemble,unmeasured,-0.12963216165795705,,-40.06474028921564,,1993
a20_d1,20.0,1.0,prova2,adaptive,3,0.4166666666666667,Ti,deterministic,footprint,0.3548115046464262,0.27180434844698587,-100.0,3.426092908808334,3466
a20_d1,20.0,1.0,prova2,adaptive,3,0.4166666666666667,Ti,deterministic,unmeasured,0.037989387630526,,-97.48484862233096,,1993
a20_d1,20.0,1.0,prova2,adaptive,3,0.4166666666666667,Fe,ensemble,footprint,0.4951578923277271,0.6893733439485272,-6.98738583216506,0.9974875782320779,3466
a20_d1,20.0,1.0,prova2,adaptive,3,0.4166666666666667,Fe,ensemble,unmeasured,0.03117067218793492,,-66.79340527001065,,1993
a20_d1,20.0,1.0,prova2,adaptive,3,0.4166666666666667,Fe,deterministic,footprint,0.45306138677227614,0.4462557489169146,-100.0,1.520404937840134,3466
a20_d1,20.0,1.0,prova2,adaptive,3,0.4166666666666667,Fe,deterministic,unmeasured,0.07278278670120153,,-98.16339363653431,,1993
a20_d1,20.0,1.0,prova2,adaptive,3,0.4166666666666667,Cu,ensemble,footprint,0.5060680937507525,0.37037991436746415,-59.93562323273971,1.159919656453133,3466
a20_d1,20.0,1.0,prova2,adaptive,3,0.4166666666666667,Cu,ensemble,unmeasured,0.31353285188543195,,-71.14272883341451,,1993
a20_d1,20.0,1.0,prova2,adaptive,3,0.4166666666666667,Cu,deterministic,footprint,0.3500661756306791,0.3785380484775007,-100.0,2.0072603874889534,3466
a20_d1,20.0,1.0,prova2,adaptive,3,0.4166666666666667,Cu,deterministic,unmeasured,0.1619856962437255,,-97.74805579061331,,1993
a20_d1,20.0,1.0,prova2,adaptive,3,0.4166666666666667,PbLl,ensemble,footprint,0.6968332605602215,0.5055212367259753,-23.162373120454415,1.1941464916180327,3466
a20_d1,20.0,1.0,prova2,adaptive,3,0.4166666666666667,PbLl,ensemble,unmeasured,0.4834573347324628,,-47.15440750345949,,1993
a20_d1,20.0,1.0,prova2,adaptive,3,0.4166666666666667,PbLl,deterministic,footprint,0.4605191672460699,0.3121577620957361,-100.0,2.421068024043987,3466
a20_d1,20.0,1.0,prova2,adaptive,3,0.4166666666666667,PbLl,deterministic,unmeasured,0.20789834888542907,,-96.98263066805403,,1993
a20_d1,20.0,1.0,prova2,adaptive,3,0.4166666666666667,PbLa,ensemble,footprint,0.6052157052897842,0.47358551159081,-25.10053270558743,1.54355313670033,3466
a20_d1,20.0,1.0,prova2,adaptive,3,0.4166666666666667,PbLa,ensemble,unmeasured,0.4376730342959322,,-47.37340281721753,,1993
a20_d1,20.0,1.0,prova2,adaptive,3,0.4166666666666667,PbLa,deterministic,footprint,0.3409296105443059,0.2234402577467236,-100.0,3.645269793267057,3466
a20_d1,20.0,1.0,prova2,adaptive,3,0.4166666666666667,PbLa,deterministic,unmeasured,0.15675010766691497,,-97.19652750349371,,1993
a20_d1,20.0,1.0,prova2,adaptive,3,0.4166666666666667,PbLb,ensemble,footprint,0.5971075669485266,0.47300475455804897,-25.120015333793866,1.580709385447564,3466
a20_d1,20.0,1.0,prova2,adaptive,3,0.4166666666666667,PbLb,ensemble,unmeasured,0.40003586974358835,,-47.617208506132144,,1993
a20_d1,20.0,1.0,prova2,adaptive,3,0.4166666666666667,PbLb,deterministic,footprint,0.3506526935009864,0.2220047638515009,-100.0,3.706259889264647,3466
a20_d1,20.0,1.0,prova2,adaptive,3,0.4166666666666667,PbLb,deterministic,unmeasured,0.15442705264123124,,-97.20271307422104,,1993
a20_d1,20.0,1.0,prova2,adaptive,3,0.4166666666666667,PbLg,ensemble,footprint,0.5691267510107949,0.4692298867080178,-24.896609359595544,1.5676441914493702,3466
a20_d1,20.0,1.0,prova2,adaptive,3,0.4166666666666667,PbLg,ensemble,unmeasured,0.3918736638682222,,-47.3144063440722,,1993
a20_d1,20.0,1.0,prova2,adaptive,3,0.4166666666666667,PbLg,deterministic,footprint,0.31559960117833774,0.2229194165305211,-100.0,3.756787144377666,3466
a20_d1,20.0,1.0,prova2,adaptive,3,0.4166666666666667,PbLg,deterministic,unmeasured,0.13377281685254166,,-97.2080591273009,,1993
a20_d1,20.0,1.0,prova2,adaptive,4,0.4722222222222222,Ca,ensemble,footprint,0.6006818207297053,0.5355080183162421,-8.286042607612742,1.165812486245934,3466
a20_d1,20.0,1.0,prova2,adaptive,4,0.4722222222222222,Ca,ensemble,unmeasured,-0.11982010381267807,,-42.61320573311449,,1795
a20_d1,20.0,1.0,prova2,adaptive,4,0.4722222222222222,Ca,deterministic,footprint,0.42663949554973707,0.3826220652425273,-64.21172182379398,2.6284258599763666,3466
a20_d1,20.0,1.0,prova2,adaptive,4,0.4722222222222222,Ca,deterministic,unmeasured,0.04237225762073218,,-97.37892837734107,,1795
a20_d1,20.0,1.0,prova2,adaptive,4,0.4722222222222222,Ti,ensemble,footprint,0.5423647575037385,0.5727951244993235,-7.637335503717136,1.1737060348352428,3466
a20_d1,20.0,1.0,prova2,adaptive,4,0.4722222222222222,Ti,ensemble,unmeasured,-0.06973115313151326,,-34.63856259525779,,1795
a20_d1,20.0,1.0,prova2,adaptive,4,0.4722222222222222,Ti,deterministic,footprint,0.42588272643779856,0.3573983319282956,-61.91339846792876,3.073607689589429,3466
a20_d1,20.0,1.0,prova2,adaptive,4,0.4722222222222222,Ti,deterministic,unmeasured,0.06846634966933915,,-97.10625796037488,,1795
a20_d1,20.0,1.0,prova2,adaptive,4,0.4722222222222222,Fe,ensemble,footprint,0.6460870320483827,0.7429158667643934,-4.357265099332763,0.9843349844994428,3466
a20_d1,20.0,1.0,prova2,adaptive,4,0.4722222222222222,Fe,ensemble,unmeasured,0.30606302546170494,,-60.684580822769426,,1795
a20_d1,20.0,1.0,prova2,adaptive,4,0.4722222222222222,Fe,deterministic,footprint,0.5806331972595423,0.5111989786565194,-62.64150067655421,1.4020255183908408,3466
a20_d1,20.0,1.0,prova2,adaptive,4,0.4722222222222222,Fe,deterministic,unmeasured,0.11269245691957021,,-97.46077822934059,,1795
a20_d1,20.0,1.0,prova2,adaptive,4,0.4722222222222222,Cu,ensemble,footprint,0.5508747826088211,0.4510259375447525,-54.18138851276297,1.1502042722494208,3466
a20_d1,20.0,1.0,prova2,adaptive,4,0.4722222222222222,Cu,ensemble,unmeasured,0.3603555643090382,,-70.41739852123447,,1795
a20_d1,20.0,1.0,prova2,adaptive,4,0.4722222222222222,Cu,deterministic,footprint,0.3700862351372943,0.42001218659699574,-100.0,1.904256034475771,3466
a20_d1,20.0,1.0,prova2,adaptive,4,0.4722222222222222,Cu,deterministic,unmeasured,0.18203128057988613,,-97.48366649678387,,1795
a20_d1,20.0,1.0,prova2,adaptive,4,0.4722222222222222,PbLl,ensemble,footprint,0.7297446866875119,0.5462733459423966,-18.582554630633684,1.1430430799437603,3466
a20_d1,20.0,1.0,prova2,adaptive,4,0.4722222222222222,PbLl,ensemble,unmeasured,0.48875575387357983,,-44.6277209350269,,1795
a20_d1,20.0,1.0,prova2,adaptive,4,0.4722222222222222,PbLl,deterministic,footprint,0.47026223089053915,0.34935435307844975,-66.93425487410013,2.235564863372047,3466
a20_d1,20.0,1.0,prova2,adaptive,4,0.4722222222222222,PbLl,deterministic,unmeasured,0.18776195895621212,,-96.94958572050793,,1795
a20_d1,20.0,1.0,prova2,adaptive,4,0.4722222222222222,PbLa,ensemble,footprint,0.6497536152477378,0.5258762472584919,-18.25728450402422,1.4205568463817508,3466
a20_d1,20.0,1.0,prova2,adaptive,4,0.4722222222222222,PbLa,ensemble,unmeasured,0.4695542554529696,,-43.900768181123034,,1795
a20_d1,20.0,1.0,prova2,adaptive,4,0.4722222222222222,PbLa,deterministic,footprint,0.3541913628098215,0.2720057663393213,-64.25091411909726,3.286255035792418,3466
a20_d1,20.0,1.0,prova2,adaptive,4,0.4722222222222222,PbLa,deterministic,unmeasured,0.15915890780241382,,-96.97503967668779,,1795
a20_d1,20.0,1.0,prova2,adaptive,4,0.4722222222222222,PbLb,ensemble,footprint,0.6458197909577117,0.527281493766584,-17.933478178044183,1.4518373504680924,3466
a20_d1,20.0,1.0,prova2,adaptive,4,0.4722222222222222,PbLb,ensemble,unmeasured,0.43628671596663343,,-43.997849529729514,,1795
a20_d1,20.0,1.0,prova2,adaptive,4,0.4722222222222222,PbLb,deterministic,footprint,0.3700629633903758,0.27193989131367213,-64.41423262355897,3.3369061993599267,3466
a20_d1,20.0,1.0,prova2,adaptive,4,0.4722222222222222,PbLb,deterministic,unmeasured,0.16237661256543076,,-96.9719742278368,,1795
a20_d1,20.0,1.0,prova2,adaptive,4,0.4722222222222222,PbLg,ensemble,footprint,0.6165081691702633,0.519232197300345,-17.3943769207362,1.4401336821331208,3466
a20_d1,20.0,1.0,prova2,adaptive,4,0.4722222222222222,PbLg,ensemble,unmeasured,0.4228595682338151,,-43.84756395666114,,1795
a20_d1,20.0,1.0,prova2,adaptive,4,0.4722222222222222,PbLg,deterministic,footprint,0.33023458883602597,0.2710098682665387,-63.54592421406542,3.3860237422723087,3466
a20_d1,20.0,1.0,prova2,adaptive,4,0.4722222222222222,PbLg,deterministic,unmeasured,0.13191508439565605,,-96.9848188588275,,1795
a20_d1,20.0,1.0,prova2,adaptive,5,0.5277777777777778,Ca,ensemble,footprint,0.6880525799813427,0.5931178964642645,-6.176394559885445,1.1190774129142504,3466
a20_d1,20.0,1.0,prova2,adaptive,5,0.5277777777777778,Ca,ensemble,unmeasured,0.037483741784281537,,-40.08337376188127,,1592
a20_d1,20.0,1.0,prova2,adaptive,5,0.5277777777777778,Ca,deterministic,footprint,0.45071525399882134,0.4238298174461008,-21.71741311565013,2.3971751782036206,3466
a20_d1,20.0,1.0,prova2,adaptive,5,0.5277777777777778,Ca,deterministic,unmeasured,0.07417580706218208,,-96.96619597196161,,1592
a20_d1,20.0,1.0,prova2,adaptive,5,0.5277777777777778,Ti,ensemble,footprint,0.6628501324724917,0.6184194592138893,-5.9496512424399235,1.0996892987302904,3466
a20_d1,20.0,1.0,prova2,adaptive,5,0.5277777777777778,Ti,ensemble,unmeasured,0.14382499537239107,,-30.738448258739353,,1592
a20_d1,20.0,1.0,prova2,adaptive,5,0.5277777777777778,Ti,deterministic,footprint,0.463557296237482,0.39554898435651376,-23.38502963305085,2.7783049075528012,3466
a20_d1,20.0,1.0,prova2,adaptive,5,0.5277777777777778,Ti,deterministic,unmeasured,0.08197538562064163,,-96.87363215446419,,1592
a20_d1,20.0,1.0,prova2,adaptive,5,0.5277777777777778,Fe,ensemble,footprint,0.8088637325933743,0.7960120453060032,-2.654401512338167,1.012381786979936,3466
a20_d1,20.0,1.0,prova2,adaptive,5,0.5277777777777778,Fe,ensemble,unmeasured,0.6130374442009918,,-52.36833330390561,,1592
a20_d1,20.0,1.0,prova2,adaptive,5,0.5277777777777778,Fe,deterministic,footprint,0.7390499648643085,0.5732698572286544,-23.057134684173654,1.349135500072712,3466
a20_d1,20.0,1.0,prova2,adaptive,5,0.5277777777777778,Fe,deterministic,unmeasured,0.21553774295949746,,-96.68019897194436,,1592
a20_d1,20.0,1.0,prova2,adaptive,5,0.5277777777777778,Cu,ensemble,footprint,0.6098906819209333,0.5335763294723357,-45.62731580763442,1.153335564408191,3466
a20_d1,20.0,1.0,prova2,adaptive,5,0.5277777777777778,Cu,ensemble,unmeasured,0.3553723887486682,,-68.92653489970427,,1592
a20_d1,20.0,1.0,prova2,adaptive,5,0.5277777777777778,Cu,deterministic,footprint,0.43044023811886123,0.4802355566610502,-100.0,1.796605914468002,3466
a20_d1,20.0,1.0,prova2,adaptive,5,0.5277777777777778,Cu,deterministic,unmeasured,0.1811677154471582,,-97.09200982211053,,1592
a20_d1,20.0,1.0,prova2,adaptive,5,0.5277777777777778,PbLl,ensemble,footprint,0.7767227096010235,0.6001014802463381,-14.875680731807062,1.119112811675889,3466
a20_d1,20.0,1.0,prova2,adaptive,5,0.5277777777777778,PbLl,ensemble,unmeasured,0.4195274962562377,,-40.822954675126034,,1592
a20_d1,20.0,1.0,prova2,adaptive,5,0.5277777777777778,PbLl,deterministic,footprint,0.5351288597675717,0.39963615839184075,-31.616946938428804,2.070918481958288,3466
a20_d1,20.0,1.0,prova2,adaptive,5,0.5277777777777778,PbLl,deterministic,unmeasured,0.10866464634218402,,-96.96665112460289,,1592
a20_d1,20.0,1.0,prova2,adaptive,5,0.5277777777777778,PbLa,ensemble,footprint,0.7100785987558227,0.5854497213056914,-7.179112942741606,1.3463992338851056,3466
a20_d1,20.0,1.0,prova2,adaptive,5,0.5277777777777778,PbLa,ensemble,unmeasured,0.3729418463152546,,-40.09451689651666,,1592
a20_d1,20.0,1.0,prova2,adaptive,5,0.5277777777777778,PbLa,deterministic,footprint,0.426854564124541,0.3291248752952148,-23.415904539857777,2.991215285068191,3466
a20_d1,20.0,1.0,prova2,adaptive,5,0.5277777777777778,PbLa,deterministic,unmeasured,0.06621602939451973,,-96.91043102956593,,1592
a20_d1,20.0,1.0,prova2,adaptive,5,0.5277777777777778,PbLb,ensemble,footprint,0.7098118643906861,0.5862808603881539,-7.3938778836661,1.3698224061508046,3466
a20_d1,20.0,1.0,prova2,adaptive,5,0.5277777777777778,PbLb,ensemble,unmeasured,0.3374283242247223,,-39.99143626952242,,1592
a20_d1,20.0,1.0,prova2,adaptive,5,0.5277777777777778,PbLb,deterministic,footprint,0.44566004413455645,0.33007622358455496,-23.343073189569118,3.031495282487823,3466
a20_d1,20.0,1.0,prova2,adaptive,5,0.5277777777777778,PbLb,deterministic,unmeasured,0.06424783744910209,,-96.90019920014261,,1592
a20_d1,20.0,1.0,prova2,adaptive,5,0.5277777777777778,PbLg,ensemble,footprint,0.6756034583700139,0.5738418605911427,-10.046315376644998,1.356247623944382,3466
a20_d1,20.0,1.0,prova2,adaptive,5,0.5277777777777778,PbLg,ensemble,unmeasured,0.32665714243601146,,-40.082000777367185,,1592
a20_d1,20.0,1.0,prova2,adaptive,5,0.5277777777777778,PbLg,deterministic,footprint,0.3992136761562186,0.3249817439538165,-23.34630755210394,3.075307543810467,3466
a20_d1,20.0,1.0,prova2,adaptive,5,0.5277777777777778,PbLg,deterministic,unmeasured,0.05669805352728951,,-96.90912054312459,,1592
a20_d1,20.0,1.0,prova2,adaptive,6,0.5833333333333334,Ca,ensemble,footprint,0.7548108412472707,0.6345688835660576,-3.9514449272489927,1.0712338729385518,3466
a20_d1,20.0,1.0,prova2,adaptive,6,0.5833333333333334,Ca,ensemble,unmeasured,0.1273099968015832,,-35.79211782327981,,1401
a20_d1,20.0,1.0,prova2,adaptive,6,0.5833333333333334,Ca,deterministic,footprint,0.5056202306105668,0.4603425767911783,-9.696134580738413,2.1736577049059624,3466
a20_d1,20.0,1.0,prova2,adaptive,6,0.5833333333333334,Ca,deterministic,unmeasured,0.11009345919161108,,-96.80672149184525,,1401
a20_d1,20.0,1.0,prova2,adaptive,6,0.5833333333333334,Ti,ensemble,footprint,0.7614041944392596,0.6724063750567382,-3.7875708992778145,1.0562362103538463,3466
a20_d1,20.0,1.0,prova2,adaptive,6,0.5833333333333334,Ti,ensemble,unmeasured,0.22204513747848834,,-25.06793036510557,,1401
a20_d1,20.0,1.0,prova2,adaptive,6,0.5833333333333334,Ti,deterministic,footprint,0.5501585068239551,0.4441507492395547,-10.730524206283466,2.5245183399056246,3466
a20_d1,20.0,1.0,prova2,adaptive,6,0.5833333333333334,Ti,deterministic,unmeasured,0.097194738526943,,-96.80087362997575,,1401
a20_d1,20.0,1.0,prova2,adaptive,6,0.5833333333333334,Fe,ensemble,footprint,0.9457186197591049,0.8515672139100818,-0.8022200443075778,1.0336730781927248,3466
a20_d1,20.0,1.0,prova2,adaptive,6,0.5833333333333334,Fe,ensemble,unmeasured,0.6571946390935632,,-34.9160260042987,,1401
a20_d1,20.0,1.0,prova2,adaptive,6,0.5833333333333334,Fe,deterministic,footprint,0.9122368405995529,0.6364115088789533,-12.984355663196967,1.2901067516218765,3466
a20_d1,20.0,1.0,prova2,adaptive,6,0.5833333333333334,Fe,deterministic,unmeasured,0.3076482825897034,,-95.94570106442688,,1401
a20_d1,20.0,1.0,prova2,adaptive,6,0.5833333333333334,Cu,ensemble,footprint,0.638040909130654,0.5743751645820808,-38.32407983225279,1.123000253912083,3466
a20_d1,20.0,1.0,prova2,adaptive,6,0.5833333333333334,Cu,ensemble,unmeasured,0.2951219214591271,,-67.7554380834626,,1401
a20_d1,20.0,1.0,prova2,adaptive,6,0.5833333333333334,Cu,deterministic,footprint,0.45213746117819265,0.5021622360129101,-84.04155795267086,1.693141217509308,3466
a20_d1,20.0,1.0,prova2,adaptive,6,0.5833333333333334,Cu,deterministic,unmeasured,0.16667346952078468,,-97.05381429868144,,1401
a20_d1,20.0,1.0,prova2,adaptive,6,0.5833333333333334,PbLl,ensemble,footprint,0.8090232171711891,0.6549904000046478,-12.110047694071557,1.0957266849743004,3466
a20_d1,20.0,1.0,prova2,adaptive,6,0.5833333333333334,PbLl,ensemble,unmeasured,0.31654936641540504,,-38.503163041152646,,1401
a20_d1,20.0,1.0,prova2,adaptive,6,0.5833333333333334,PbLl,deterministic,footprint,0.5529509184319983,0.4506826519345894,-20.496386944782753,1.952839715767694,3466
a20_d1,20.0,1.0,prova2,adaptive,6,0.5833333333333334,PbLl,deterministic,unmeasured,0.07637527572504879,,-96.97495237043329,,1401
a20_d1,20.0,1.0,prova2,adaptive,6,0.5833333333333334,PbLa,ensemble,footprint,0.7368829363930604,0.6458745319156786,-4.410598397615351,1.2577022884051614,3466
a20_d1,20.0,1.0,prova2,adaptive,6,0.5833333333333334,PbLa,ensemble,unmeasured,0.27491758565012375,,-37.30952609939155,,1401
a20_d1,20.0,1.0,prova2,adaptive,6,0.5833333333333334,PbLa,deterministic,footprint,0.41811274794411035,0.3845975561744599,-7.107582936877044,2.7364965285155067,3466
a20_d1,20.0,1.0,prova2,adaptive,6,0.5833333333333334,PbLa,deterministic,unmeasured,0.02763986673026883,,-96.96140066611478,,1401
a20_d1,20.0,1.0,prova2,adaptive,6,0.5833333333333334,PbLb,ensemble,footprint,0.7357478823353923,0.6465685068903746,-4.073873194056543,1.2726343788792531,3466
a20_d1,20.0,1.0,prova2,adaptive,6,0.5833333333333334,PbLb,ensemble,unmeasured,0.24500618991785467,,-36.95336093950373,,1401
a20_d1,20.0,1.0,prova2,adaptive,6,0.5833333333333334,PbLb,deterministic,footprint,0.4387786456139732,0.38610288470459364,-6.716344042171762,2.766209800889212,3466
a20_d1,20.0,1.0,prova2,adaptive,6,0.5833333333333334,PbLb,deterministic,unmeasured,0.023208005388873486,,-96.95743368361855,,1401
a20_d1,20.0,1.0,prova2,adaptive,6,0.5833333333333334,PbLg,ensemble,footprint,0.7024101403043113,0.6288392358502328,-7.0177757873622575,1.2587106363380485,3466
a20_d1,20.0,1.0,prova2,adaptive,6,0.5833333333333334,PbLg,ensemble,unmeasured,0.22649719742103144,,-37.160550505352596,,1401
a20_d1,20.0,1.0,prova2,adaptive,6,0.5833333333333334,PbLg,deterministic,footprint,0.390288765803941,0.37829832705946814,-9.579183199222353,2.8064380537014975,3466
a20_d1,20.0,1.0,prova2,adaptive,6,0.5833333333333334,PbLg,deterministic,unmeasured,0.021095272154005255,,-96.95922559502644,,1401
a20_d1,20.0,1.0,prova2,adaptive,7,0.6388888888888888,Ca,ensemble,footprint,0.8176863572816052,0.6993625303605426,-2.710655736901857,1.039980733782327,3466
a20_d1,20.0,1.0,prova2,adaptive,7,0.6388888888888888,Ca,ensemble,unmeasured,0.19494978974391455,,-31.830263654090917,,1217
a20_d1,20.0,1.0,prova2,adaptive,7,0.6388888888888888,Ca,deterministic,footprint,0.558304595779639,0.5118077551781087,-6.450633638624903,1.9881229331469503,3466
a20_d1,20.0,1.0,prova2,adaptive,7,0.6388888888888888,Ca,deterministic,unmeasured,0.11702485511267303,,-96.42782495451209,,1217
a20_d1,20.0,1.0,prova2,adaptive,7,0.6388888888888888,Ti,ensemble,footprint,0.8203766600676111,0.7256989670652564,-2.5301102115475427,1.0097582021052567,3466
a20_d1,20.0,1.0,prova2,adaptive,7,0.6388888888888888,Ti,ensemble,unmeasured,0.2440682987480709,,-19.956290762878314,,1217
a20_d1,20.0,1.0,prova2,adaptive,7,0.6388888888888888,Ti,deterministic,footprint,0.5992021990545247,0.4934756617380977,-7.417498260034061,2.2919204226249197,3466
a20_d1,20.0,1.0,prova2,adaptive,7,0.6388888888888888,Ti,deterministic,unmeasured,0.1035008407648701,,-96.37878554596665,,1217
a20_d1,20.0,1.0,prova2,adaptive,7,0.6388888888888888,Fe,ensemble,footprint,0.9677923437748844,0.8826188255313517,0.6445344396160735,1.015433408377849,3466
a20_d1,20.0,1.0,prova2,adaptive,7,0.6388888888888888,Fe,ensemble,unmeasured,0.5572037622193213,,-26.875312447678734,,1217
a20_d1,20.0,1.0,prova2,adaptive,7,0.6388888888888888,Fe,deterministic,footprint,0.9459848718779952,0.6862663299997963,-8.656724942638672,1.221094490500084,3466
a20_d1,20.0,1.0,prova2,adaptive,7,0.6388888888888888,Fe,deterministic,unmeasured,0.2713883013999743,,-95.49925750922988,,1217
a20_d1,20.0,1.0,prova2,adaptive,7,0.6388888888888888,Cu,ensemble,footprint,0.7233542115931706,0.622964956758658,-25.353833322053234,1.1082598348828427,3466
a20_d1,20.0,1.0,prova2,adaptive,7,0.6388888888888888,Cu,ensemble,unmeasured,0.3712352105124034,,-64.09026092719826,,1217
a20_d1,20.0,1.0,prova2,adaptive,7,0.6388888888888888,Cu,deterministic,footprint,0.5461137735656023,0.5443586999575766,-41.977853890272286,1.576550053893903,3466
a20_d1,20.0,1.0,prova2,adaptive,7,0.6388888888888888,Cu,deterministic,unmeasured,0.19601829776939622,,-96.61268509581389,,1217
a20_d1,20.0,1.0,prova2,adaptive,7,0.6388888888888888,PbLl,ensemble,footprint,0.8447653680173134,0.7026191323235039,-9.825977804331565,1.0450757920498859,3466
a20_d1,20.0,1.0,prova2,adaptive,7,0.6388888888888888,PbLl,ensemble,unmeasured,0.2394516204782386,,-33.849330966257824,,1217
a20_d1,20.0,1.0,prova2,adaptive,7,0.6388888888888888,PbLl,deterministic,footprint,0.5778322904027672,0.4973583358647248,-15.568970168266905,1.798466043566622,3466
a20_d1,20.0,1.0,prova2,adaptive,7,0.6388888888888888,PbLl,deterministic,unmeasured,0.06780870329843935,,-96.54693903673171,,1217
a20_d1,20.0,1.0,prova2,adaptive,7,0.6388888888888888,PbLa,ensemble,footprint,0.7942101026339051,0.7052395336381964,-3.38452628071928,1.1583113222976344,3466
a20_d1,20.0,1.0,prova2,adaptive,7,0.6388888888888888,PbLa,ensemble,unmeasured,0.2629951840133137,,-32.504810157238225,,1217
a20_d1,20.0,1.0,prova2,adaptive,7,0.6388888888888888,PbLa,deterministic,footprint,0.4409414051588209,0.4291520030673396,-4.818693584142886,2.4740293065960364,3466
a20_d1,20.0,1.0,prova2,adaptive,7,0.6388888888888888,PbLa,deterministic,unmeasured,0.03364003020941667,,-96.53373612157,,1217
a20_d1,20.0,1.0,prova2,adaptive,7,0.6388888888888888,PbLb,ensemble,footprint,0.7926836429260443,0.7066721152360751,-2.9632127448261603,1.1681037687668128,3466
a20_d1,20.0,1.0,prova2,adaptive,7,0.6388888888888888,PbLb,ensemble,unmeasured,0.24353847643268187,,-31.985209489849645,,1217
a20_d1,20.0,1.0,prova2,adaptive,7,0.6388888888888888,PbLb,deterministic,footprint,0.46186270592174516,0.42872079269612284,-4.585911957503475,2.498590103452799,3466
a20_d1,20.0,1.0,prova2,adaptive,7,0.6388888888888888,PbLb,deterministic,unmeasured,0.030286949222375424,,-96.53104484996219,,1217
a20_d1,20.0,1.0,prova2,adaptive,7,0.6388888888888888,PbLg,ensemble,footprint,0.7619898484429906,0.6877171976525513,-5.084992064908755,1.151932135382633,3466
a20_d1,20.0,1.0,prova2,adaptive,7,0.6388888888888888,PbLg,ensemble,unmeasured,0.2101553195123684,,-32.26778456683371,,1217
a20_d1,20.0,1.0,prova2,adaptive,7,0.6388888888888888,PbLg,deterministic,footprint,0.4130843999780255,0.4232716806661494,-6.66115137962694,2.5323304114342235,3466
a20_d1,20.0,1.0,prova2,adaptive,7,0.6388888888888888,PbLg,deterministic,unmeasured,0.024899195234791133,,-96.52611586635058,,1217
a20_d1,20.0,1.0,prova2,adaptive,8,0.6944444444444444,Ca,ensemble,footprint,0.8563734520104918,0.7451844406793162,-1.6777740206588065,1.0049913398502028,3466
a20_d1,20.0,1.0,prova2,adaptive,8,0.6944444444444444,Ca,ensemble,unmeasured,0.2676036882438946,,-28.55408892059773,,1027
a20_d1,20.0,1.0,prova2,adaptive,8,0.6944444444444444,Ca,deterministic,footprint,0.5888748238185849,0.5656788644957679,-4.327468161486769,1.809345514784428,3466
a20_d1,20.0,1.0,prova2,adaptive,8,0.6944444444444444,Ca,deterministic,unmeasured,0.08576060413801756,,-96.71724616011329,,1027
a20_d1,20.0,1.0,prova2,adaptive,8,0.6944444444444444,Ti,ensemble,footprint,0.8926975955162162,0.7764308089562227,-1.2958623688204218,0.9780778019356471,3466
a20_d1,20.0,1.0,prova2,adaptive,8,0.6944444444444444,Ti,ensemble,unmeasured,0.40019111340636204,,-14.259397370880006,,1027
a20_d1,20.0,1.0,prova2,adaptive,8,0.6944444444444444,Ti,deterministic,footprint,0.6604534950208569,0.5627841106726479,-5.310252781807767,2.081134226086629,3466
a20_d1,20.0,1.0,prova2,adaptive,8,0.6944444444444444,Ti,deterministic,unmeasured,0.07291555632713463,,-96.76671025721377,,1027
a20_d1,20.0,1.0,prova2,adaptive,8,0.6944444444444444,Fe,ensemble,footprint,0.9763957565704459,0.9058805569702105,1.7012958944697676,0.9945268690011191,3466
a20_d1,20.0,1.0,prova2,adaptive,8,0.6944444444444444,Fe,ensemble,unmeasured,0.6026983331996071,,-20.874898413032117,,1027
a20_d1,20.0,1.0,prova2,adaptive,8,0.6944444444444444,Fe,deterministic,footprint,0.9577455444112475,0.7340711810888094,-6.04438146299101,1.158706597526574,3466
a20_d1,20.0,1.0,prova2,adaptive,8,0.6944444444444444,Fe,deterministic,unmeasured,0.15659826243066588,,-96.69433854401039,,1027
a20_d1,20.0,1.0,prova2,adaptive,8,0.6944444444444444,Cu,ensemble,footprint,0.7851344296208654,0.6929300721232644,-15.381487833033358,1.076589100755851,3466
a20_d1,20.0,1.0,prova2,adaptive,8,0.6944444444444444,Cu,ensemble,unmeasured,0.46454959110930627,,-60.86200804232134,,1027
a20_d1,20.0,1.0,prova2,adaptive,8,0.6944444444444444,Cu,deterministic,footprint,0.6134978881515044,0.6123545907479415,-20.104804677523504,1.4497804339559892,3466
a20_d1,20.0,1.0,prova2,adaptive,8,0.6944444444444444,Cu,deterministic,unmeasured,0.2409617098328897,,-96.46535324092466,,1027
a20_d1,20.0,1.0,prova2,adaptive,8,0.6944444444444444,PbLl,ensemble,footprint,0.8786432803483607,0.7525310278391075,-7.7338155010630905,1.007031956965995,3466
a20_d1,20.0,1.0,prova2,adaptive,8,0.6944444444444444,PbLl,ensemble,unmeasured,0.21702804757450764,,-28.75930934119467,,1027
a20_d1,20.0,1.0,prova2,adaptive,8,0.6944444444444444,PbLl,deterministic,footprint,0.6108286893126286,0.5564527558059754,-11.730127498326581,1.6435570431976574,3466
a20_d1,20.0,1.0,prova2,adaptive,8,0.6944444444444444,PbLl,deterministic,unmeasured,0.08308082222972764,,-96.56899441975419,,1027
a20_d1,20.0,1.0,prova2,adaptive,8,0.6944444444444444,PbLa,ensemble,footprint,0.8449346540145565,0.7805311550027982,-2.363099614131703,1.0856426191312916,3466
a20_d1,20.0,1.0,prova2,adaptive,8,0.6944444444444444,PbLa,ensemble,unmeasured,0.23466834991845786,,-27.40922457568041,,1027
a20_d1,20.0,1.0,prova2,adaptive,8,0.6944444444444444,PbLa,deterministic,footprint,0.4803418873985416,0.5242383009626282,-3.4135668284070775,2.227124712555183,3466
a20_d1,20.0,1.0,prova2,adaptive,8,0.6944444444444444,PbLa,deterministic,unmeasured,0.05579319459782976,,-96.67613281316727,,1027
a20_d1,20.0,1.0,prova2,adaptive,8,0.6944444444444444,PbLb,ensemble,footprint,0.8439737550556482,0.7866574023555566,-2.011794301363379,1.0921493294350615,3466
a20_d1,20.0,1.0,prova2,adaptive,8,0.6944444444444444,PbLb,ensemble,unmeasured,0.21122479220100754,,-26.69603945902854,,1027
a20_d1,20.0,1.0,prova2,adaptive,8,0.6944444444444444,PbLb,deterministic,footprint,0.5026504487436856,0.5284392845221239,-3.2879405762569647,2.2487716471231343,3466
a20_d1,20.0,1.0,prova2,adaptive,8,0.6944444444444444,PbLb,deterministic,unmeasured,0.04217197416650798,,-96.69200835263467,,1027
a20_d1,20.0,1.0,prova2,adaptive,8,0.6944444444444444,PbLg,ensemble,footprint,0.8114352782399903,0.7535380852122053,-3.3308646975948486,1.074632208026175,3466
a20_d1,20.0,1.0,prova2,adaptive,8,0.6944444444444444,PbLg,ensemble,unmeasured,0.17014716915106384,,-27.453716930814906,,1027
a20_d1,20.0,1.0,prova2,adaptive,8,0.6944444444444444,PbLg,deterministic,footprint,0.4453686818204577,0.5126045365758756,-4.701637583494289,2.276646436216525,3466
a20_d1,20.0,1.0,prova2,adaptive,8,0.6944444444444444,PbLg,deterministic,unmeasured,0.03649304549343451,,-96.70421291118664,,1027
a20_d1,20.0,1.0,prova2,adaptive,9,0.75,Ca,ensemble,footprint,0.9074731590395513,0.7967293864443799,-1.0310803271253555,0.9957293364952133,3466
a20_d1,20.0,1.0,prova2,adaptive,9,0.75,Ca,ensemble,unmeasured,0.3934855522783564,,-24.96254086482581,,835
a20_d1,20.0,1.0,prova2,adaptive,9,0.75,Ca,deterministic,footprint,0.644912659070574,0.6198610633046483,-3.258221597556532,1.6498838046572344,3466
a20_d1,20.0,1.0,prova2,adaptive,9,0.75,Ca,deterministic,unmeasured,0.056968932192789506,,-96.55403581155102,,835
a20_d1,20.0,1.0,prova2,adaptive,9,0.75,Ti,ensemble,footprint,0.9178619167231054,0.8108975851572435,-0.630708709703176,0.9501164269415141,3466
a20_d1,20.0,1.0,prova2,adaptive,9,0.75,Ti,ensemble,unmeasured,0.44540476834619586,,-10.177732800944744,,835
a20_d1,20.0,1.0,prova2,adaptive,9,0.75,Ti,deterministic,footprint,0.675247915477826,0.6096188115271342,-3.8784230583254753,1.8689746462238643,3466
a20_d1,20.0,1.0,prova2,adaptive,9,0.75,Ti,deterministic,unmeasured,0.07113715803683057,,-96.41058702532366,,835
a20_d1,20.0,1.0,prova2,adaptive,9,0.75,Fe,ensemble,footprint,0.9844195439115246,0.9167930253099617,2.0634074111520073,0.9777172520387102,3466
a20_d1,20.0,1.0,prova2,adaptive,9,0.75,Fe,ensemble,unmeasured,0.5502300373989157,,-9.064558797705976,,835
a20_d1,20.0,1.0,prova2,adaptive,9,0.75,Fe,deterministic,footprint,0.969957009441499,0.7670946478216577,-4.026304470434616,1.1105907023762238,3466
a20_d1,20.0,1.0,prova2,adaptive,9,0.75,Fe,deterministic,unmeasured,0.14050949269083549,,-96.15232644511077,,835
a20_d1,20.0,1.0,prova2,adaptive,9,0.75,Cu,ensemble,footprint,0.8353776566611475,0.7433010100418168,-10.301957027467978,1.0649846596397312,3466
a20_d1,20.0,1.0,prova2,adaptive,9,0.75,Cu,ensemble,unmeasured,0.4764080769955105,,-59.031561514158525,,835
a20_d1,20.0,1.0,prova2,adaptive,9,0.75,Cu,deterministic,footprint,0.6862798297835685,0.6567444475904084,-12.308908698226084,1.3463819124245728,3466
a20_d1,20.0,1.0,prova2,adaptive,9,0.75,Cu,deterministic,unmeasured,0.24406672373279173,,-96.40531637214832,,835
a20_d1,20.0,1.0,prova2,adaptive,9,0.75,PbLl,ensemble,footprint,0.9058116908726257,0.7823113314852908,-6.387266437410033,0.9831768146037955,3466
a20_d1,20.0,1.0,prova2,adaptive,9,0.75,PbLl,ensemble,unmeasured,0.238886234232283,,-25.131400357453415,,835
a20_d1,20.0,1.0,prova2,adaptive,9,0.75,PbLl,deterministic,footprint,0.6502819252221759,0.5861983955946611,-8.316735142980392,1.4954791033461525,3466
a20_d1,20.0,1.0,prova2,adaptive,9,0.75,PbLl,deterministic,unmeasured,0.12769286609031805,,-96.26490027454278,,835
a20_d1,20.0,1.0,prova2,adaptive,9,0.75,PbLa,ensemble,footprint,0.8984642214642453,0.8256237450068108,-1.7020428812371424,1.042422504312616,3466
a20_d1,20.0,1.0,prova2,adaptive,9,0.75,PbLa,ensemble,unmeasured,0.27102734907309245,,-22.8441975119736,,835
a20_d1,20.0,1.0,prova2,adaptive,9,0.75,PbLa,deterministic,footprint,0.5358246064222048,0.5641624076425629,-2.3995230530006184,1.9925840357594848,3466
a20_d1,20.0,1.0,prova2,adaptive,9,0.75,PbLa,deterministic,unmeasured,0.11019112499564887,,-96.37326230519845,,835
a20_d1,20.0,1.0,prova2,adaptive,9,0.75,PbLb,ensemble,footprint,0.8984268448565647,0.832873741268673,-1.3424324483066963,1.0457568216285595,3466
a20_d1,20.0,1.0,prova2,adaptive,9,0.75,PbLb,ensemble,unmeasured,0.2433234558323364,,-21.86273018166702,,835
a20_d1,20.0,1.0,prova2,adaptive,9,0.75,PbLb,deterministic,footprint,0.5581102594875785,0.5709246732682088,-2.367090272542194,2.0111508360256627,3466
a20_d1,20.0,1.0,prova2,adaptive,9,0.75,PbLb,deterministic,unmeasured,0.0992026239636711,,-96.38574775829004,,835
a20_d1,20.0,1.0,prova2,adaptive,9,0.75,PbLg,ensemble,footprint,0.8708056298415415,0.7994265838315329,-2.287650201411884,1.0275298922121914,3466
a20_d1,20.0,1.0,prova2,adaptive,9,0.75,PbLg,ensemble,unmeasured,0.16706992159663012,,-22.377145697796525,,835
a20_d1,20.0,1.0,prova2,adaptive,9,0.75,PbLg,deterministic,footprint,0.5098533099463238,0.5585123912497675,-3.500600627619832,2.031256715784412,3466
a20_d1,20.0,1.0,prova2,adaptive,9,0.75,PbLg,deterministic,unmeasured,0.0775409054101707,,-96.37676369985276,,835
a20_d1,20.0,1.0,prova2,adaptive,10,0.8055555555555556,Ca,ensemble,footprint,0.929403537790333,0.8320117741298401,-0.31901381526093786,0.9688581597617092,3466
a20_d1,20.0,1.0,prova2,adaptive,10,0.8055555555555556,Ca,ensemble,unmeasured,0.4001480935808278,,-21.852240345341613,,650
a20_d1,20.0,1.0,prova2,adaptive,10,0.8055555555555556,Ca,deterministic,footprint,0.672834314056712,0.6766369928492573,-2.13076049762172,1.490743477270342,3466
a20_d1,20.0,1.0,prova2,adaptive,10,0.8055555555555556,Ca,deterministic,unmeasured,0.11148095839295899,,-96.61344326195673,,650
a20_d1,20.0,1.0,prova2,adaptive,10,0.8055555555555556,Ti,ensemble,footprint,0.9325609062881368,0.8333669275552146,0.02209557582486532,0.9230599810238391,3466
a20_d1,20.0,1.0,prova2,adaptive,10,0.8055555555555556,Ti,ensemble,unmeasured,0.38692837064006697,,-6.0142681946403975,,650
a20_d1,20.0,1.0,prova2,adaptive,10,0.8055555555555556,Ti,deterministic,footprint,0.687071489883638,0.6708070517591809,-2.6366654951284207,1.6724758445534622,3466
a20_d1,20.0,1.0,prova2,adaptive,10,0.8055555555555556,Ti,deterministic,unmeasured,0.04380237692296351,,-96.73196643667147,,650
a20_d1,20.0,1.0,prova2,adaptive,10,0.8055555555555556,Fe,ensemble,footprint,0.9909251125190117,0.9397861169456077,2.402989700785474,0.9636466234960671,3466
a20_d1,20.0,1.0,prova2,adaptive,10,0.8055555555555556,Fe,ensemble,unmeasured,0.597685949248295,,8.033508862249226,,650
a20_d1,20.0,1.0,prova2,adaptive,10,0.8055555555555556,Fe,deterministic,footprint,0.9802251460868491,0.8186896534193754,-2.5667994867181854,1.0679266257942572,3466
a20_d1,20.0,1.0,prova2,adaptive,10,0.8055555555555556,Fe,deterministic,unmeasured,-0.050858050010162616,,-96.87880761705777,,650
a20_d1,20.0,1.0,prova2,adaptive,10,0.8055555555555556,Cu,ensemble,footprint,0.8830030872193719,0.7944896842467994,-6.8398962035183475,1.0419697105667862,3466
a20_d1,20.0,1.0,prova2,adaptive,10,0.8055555555555556,Cu,ensemble,unmeasured,0.5294738015572149,,-55.82108485616039,,650
a20_d1,20.0,1.0,prova2,adaptive,10,0.8055555555555556,Cu,deterministic,footprint,0.7587103362524501,0.6978316092238467,-7.627132546401516,1.2462075835423772,3466
a20_d1,20.0,1.0,prova2,adaptive,10,0.8055555555555556,Cu,deterministic,unmeasured,0.3233856113686474,,-95.90836394330492,,650
a20_d1,20.0,1.0,prova2,adaptive,10,0.8055555555555556,PbLl,ensemble,footprint,0.9228174024716052,0.8156610461252595,-4.791399917729056,0.9615358624221244,3466
a20_d1,20.0,1.0,prova2,adaptive,10,0.8055555555555556,PbLl,ensemble,unmeasured,0.20102848680682736,,-21.303006255001783,,650
a20_d1,20.0,1.0,prova2,adaptive,10,0.8055555555555556,PbLl,deterministic,footprint,0.6895352656330695,0.6440959628114178,-5.918567968635036,1.3592518762871526,3466
a20_d1,20.0,1.0,prova2,adaptive,10,0.8055555555555556,PbLl,deterministic,unmeasured,0.09354387425445893,,-96.72186706588157,,650
a20_d1,20.0,1.0,prova2,adaptive,10,0.8055555555555556,PbLa,ensemble,footprint,0.930872303016069,0.8845937565160175,-1.0776100025113422,0.9973214998477994,3466
a20_d1,20.0,1.0,prova2,adaptive,10,0.8055555555555556,PbLa,ensemble,unmeasured,0.2519493311267178,,-17.864684966600468,,650
a20_d1,20.0,1.0,prova2,adaptive,10,0.8055555555555556,PbLa,deterministic,footprint,0.5810920270270795,0.6418615073769622,-1.5525691384722706,1.7693816296087816,3466
a20_d1,20.0,1.0,prova2,adaptive,10,0.8055555555555556,PbLa,deterministic,unmeasured,0.04946443869831783,,-96.74495355895162,,650
a20_d1,20.0,1.0,prova2,adaptive,10,0.8055555555555556,PbLb,ensemble,footprint,0.9292599367486725,0.887542530313277,-0.7982577554775494,0.997155629331495,3466
a20_d1,20.0,1.0,prova2,adaptive,10,0.8055555555555556,PbLb,ensemble,unmeasured,0.21023450948072384,,-16.74776780492864,,650
a20_d1,20.0,1.0,prova2,adaptive,10,0.8055555555555556,PbLb,deterministic,footprint,0.5988067265289407,0.6482933478211674,-1.6000951324152135,1.7842608240331959,3466
a20_d1,20.0,1.0,prova2,adaptive,10,0.8055555555555556,PbLb,deterministic,unmeasured,0.024917422471563342,,-96.77875271792308,,650
a20_d1,20.0,1.0,prova2,adaptive,10,0.8055555555555556,PbLg,ensemble,footprint,0.9057728974464737,0.8477961619601033,-1.2410799684831164,0.9813324314933485,3466
a20_d1,20.0,1.0,prova2,adaptive,10,0.8055555555555556,PbLg,ensemble,unmeasured,0.123089002195854,,-17.423873769534246,,650
a20_d1,20.0,1.0,prova2,adaptive,10,0.8055555555555556,PbLg,deterministic,footprint,0.5547996510149137,0.6312597005020172,-2.3827370786084323,1.801346303568649,3466
a20_d1,20.0,1.0,prova2,adaptive,10,0.8055555555555556,PbLg,deterministic,unmeasured,-0.005750443279646893,,-96.82019203239192,,650
a20_d1,20.0,1.0,prova2,adaptive,11,0.8611111111111112,Ca,ensemble,footprint,0.9521665978191406,0.8717400351566752,0.20399459857127766,0.9553451715525667,3466
a20_d1,20.0,1.0,prova2,adaptive,11,0.8611111111111112,Ca,ensemble,unmeasured,0.47638981769922106,,-18.5951459430223,,460
a20_d1,20.0,1.0,prova2,adaptive,11,0.8611111111111112,Ca,deterministic,footprint,0.7261902039410989,0.7331118274032753,-1.3674887765444566,1.3249102615896122,3466
a20_d1,20.0,1.0,prova2,adaptive,11,0.8611111111111112,Ca,deterministic,unmeasured,0.09637428676949754,,-95.72831869593603,,460
a20_d1,20.0,1.0,prova2,adaptive,11,0.8611111111111112,Ti,ensemble,footprint,0.946789764062811,0.8650443660187584,0.42398905883009874,0.9137692933084424,3466
a20_d1,20.0,1.0,prova2,adaptive,11,0.8611111111111112,Ti,ensemble,unmeasured,0.4231977504290689,,-2.4465223656422848,,460
a20_d1,20.0,1.0,prova2,adaptive,11,0.8611111111111112,Ti,deterministic,footprint,0.7151961850386082,0.7164581892681225,-1.6348563025805007,1.458487209380045,3466
a20_d1,20.0,1.0,prova2,adaptive,11,0.8611111111111112,Ti,deterministic,unmeasured,0.05634768839200583,,-95.66877814353836,,460
a20_d1,20.0,1.0,prova2,adaptive,11,0.8611111111111112,Fe,ensemble,footprint,0.9918875770135975,0.9434746636377892,2.248577834533849,0.9620373165712018,3466
a20_d1,20.0,1.0,prova2,adaptive,11,0.8611111111111112,Fe,ensemble,unmeasured,0.5718920341223821,,16.075259467645527,,460
a20_d1,20.0,1.0,prova2,adaptive,11,0.8611111111111112,Fe,deterministic,footprint,0.9836094988022746,0.8533367217146307,-1.115975340416031,1.033823494231768,3466
a20_d1,20.0,1.0,prova2,adaptive,11,0.8611111111111112,Fe,deterministic,unmeasured,0.06397438005829517,,-95.70719942474447,,460
a20_d1,20.0,1.0,prova2,adaptive,11,0.8611111111111112,Cu,ensemble,footprint,0.9458285818272881,0.8609726269417242,-4.084090377091131,1.0182510982075073,3466
a20_d1,20.0,1.0,prova2,adaptive,11,0.8611111111111112,Cu,ensemble,unmeasured,0.509351106891773,,-46.62440936710404,,460
a20_d1,20.0,1.0,prova2,adaptive,11,0.8611111111111112,Cu,deterministic,footprint,0.8648963673937282,0.783514195829041,-4.795452791292609,1.1514571930847513,3466
a20_d1,20.0,1.0,prova2,adaptive,11,0.8611111111111112,Cu,deterministic,unmeasured,0.27173299588541067,,-95.15761905201668,,460
a20_d1,20.0,1.0,prova2,adaptive,11,0.8611111111111112,PbLl,ensemble,footprint,0.9437239094999371,0.8409800887590462,-3.679237825404136,0.9499377212241766,3466
a20_d1,20.0,1.0,prova2,adaptive,11,0.8611111111111112,PbLl,ensemble,unmeasured,0.34544832629593375,,-16.3869180637162,,460
a20_d1,20.0,1.0,prova2,adaptive,11,0.8611111111111112,PbLl,deterministic,footprint,0.7444080972890343,0.6989057468790573,-4.327476618762738,1.2227130149101082,3466
a20_d1,20.0,1.0,prova2,adaptive,11,0.8611111111111112,PbLl,deterministic,unmeasured,0.09463574136021499,,-95.80329064036908,,460
a20_d1,20.0,1.0,prova2,adaptive,11,0.8611111111111112,PbLa,ensemble,footprint,0.9656439234659975,0.9212074262794906,-0.545675420786873,0.9728382462222973,3466
a20_d1,20.0,1.0,prova2,adaptive,11,0.8611111111111112,PbLa,ensemble,unmeasured,0.3711671057390279,,-9.844933258817127,,460
a20_d1,20.0,1.0,prova2,adaptive,11,0.8611111111111112,PbLa,deterministic,footprint,0.668206090067083,0.7204278863767328,-0.9420791484904711,1.5332642139281754,3466
a20_d1,20.0,1.0,prova2,adaptive,11,0.8611111111111112,PbLa,deterministic,unmeasured,0.10758668245561437,,-95.66609757931366,,460
a20_d1,20.0,1.0,prova2,adaptive,11,0.8611111111111112,PbLb,ensemble,footprint,0.9641188223312714,0.91923832382837,-0.3285515271860495,0.9707469696683075,3466
a20_d1,20.0,1.0,prova2,adaptive,11,0.8611111111111112,PbLb,ensemble,unmeasured,0.34344018775410634,,-8.703505022088743,,460
a20_d1,20.0,1.0,prova2,adaptive,11,0.8611111111111112,PbLb,deterministic,footprint,0.6795870149972728,0.7240218834189568,-1.0046820982690718,1.5446566658465248,3466
a20_d1,20.0,1.0,prova2,adaptive,11,0.8611111111111112,PbLb,deterministic,unmeasured,0.08534348405442013,,-95.71111280310663,,460
a20_d1,20.0,1.0,prova2,adaptive,11,0.8611111111111112,PbLg,ensemble,footprint,0.9428680382166024,0.8698872960342432,-0.45266599627589166,0.9567607377715966,3466
a20_d1,20.0,1.0,prova2,adaptive,11,0.8611111111111112,PbLg,ensemble,unmeasured,0.24856931032959262,,-10.12795645363163,,460
a20_d1,20.0,1.0,prova2,adaptive,11,0.8611111111111112,PbLg,deterministic,footprint,0.635066705990826,0.700785675530257,-1.5243567036970496,1.5556157220456415,3466
a20_d1,20.0,1.0,prova2,adaptive,11,0.8611111111111112,PbLg,deterministic,unmeasured,0.09195965197689385,,-95.77874893967292,,460
a20_d1,20.0,1.0,prova2,adaptive,12,0.9166666666666666,Ca,ensemble,footprint,0.9719911670384721,0.9168051208059496,0.4964319946440199,0.9564051050824863,3466
a20_d1,20.0,1.0,prova2,adaptive,12,0.9166666666666666,Ca,ensemble,unmeasured,0.4688428052001596,,-17.15625621733413,,279
a20_d1,20.0,1.0,prova2,adaptive,12,0.9166666666666666,Ca,deterministic,footprint,0.8001502014212651,0.8241027173786948,-0.5802410473417119,1.1747005741628824,3466
a20_d1,20.0,1.0,prova2,adaptive,12,0.9166666666666666,Ca,deterministic,unmeasured,0.17822593174749796,,-95.55060469969959,,279
a20_d1,20.0,1.0,prova2,adaptive,12,0.9166666666666666,Ti,ensemble,footprint,0.9608972970249112,0.8919789574351934,0.7326435510668361,0.9166682148553734,3466
a20_d1,20.0,1.0,prova2,adaptive,12,0.9166666666666666,Ti,ensemble,unmeasured,0.4492078570854611,,2.1716950041199805,,279
a20_d1,20.0,1.0,prova2,adaptive,12,0.9166666666666666,Ti,deterministic,footprint,0.784290798454181,0.801400773609676,-0.7500517258598016,1.251773326602274,3466
a20_d1,20.0,1.0,prova2,adaptive,12,0.9166666666666666,Ti,deterministic,unmeasured,0.147111038297441,,-95.50601903020373,,279
a20_d1,20.0,1.0,prova2,adaptive,12,0.9166666666666666,Fe,ensemble,footprint,0.9935836606750215,0.9517292138960445,2.001204286315983,0.9597455257147256,3466
a20_d1,20.0,1.0,prova2,adaptive,12,0.9166666666666666,Fe,ensemble,unmeasured,0.10276507464597603,,46.54363380615322,,279
a20_d1,20.0,1.0,prova2,adaptive,12,0.9166666666666666,Fe,deterministic,footprint,0.9891784337474244,0.9052775632840095,-0.17340013984785685,0.99789533779432,3466
a20_d1,20.0,1.0,prova2,adaptive,12,0.9166666666666666,Fe,deterministic,unmeasured,0.19696676913460823,,-95.10466411742355,,279
a20_d1,20.0,1.0,prova2,adaptive,12,0.9166666666666666,Cu,ensemble,footprint,0.9658821208269496,0.9081521722745534,-2.477111220404049,0.9990893999243126,3466
a20_d1,20.0,1.0,prova2,adaptive,12,0.9166666666666666,Cu,ensemble,unmeasured,0.23423054589097958,,-45.00509593094482,,279
a20_d1,20.0,1.0,prova2,adaptive,12,0.9166666666666666,Cu,deterministic,footprint,0.9135683331383676,0.8530115695082342,-2.804007141535547,1.0680656465294218,3466
a20_d1,20.0,1.0,prova2,adaptive,12,0.9166666666666666,Cu,deterministic,unmeasured,0.14601225026614856,,-95.42003057791993,,279
a20_d1,20.0,1.0,prova2,adaptive,12,0.9166666666666666,PbLl,ensemble,footprint,0.9572278422443912,0.8583409659556797,-3.0922616317674345,0.9474081621311632,3466
a20_d1,20.0,1.0,prova2,adaptive,12,0.9166666666666666,PbLl,ensemble,unmeasured,0.4180985750611871,,-15.452672725949054,,279
a20_d1,20.0,1.0,prova2,adaptive,12,0.9166666666666666,PbLl,deterministic,footprint,0.8156621820286026,0.7724699841939169,-2.3715882392870147,1.100593767115406,3466
a20_d1,20.0,1.0,prova2,adaptive,12,0.9166666666666666,PbLl,deterministic,unmeasured,0.03452962240113667,,-96.1412389546803,,279
a20_d1,20.0,1.0,prova2,adaptive,12,0.9166666666666666,PbLa,ensemble,footprint,0.9862202131425246,0.9495511719937695,-0.3454068020471879,0.9691936033899319,3466
a20_d1,20.0,1.0,prova2,adaptive,12,0.9166666666666666,PbLa,ensemble,unmeasured,0.37215929322819624,,-5.164642629703087,,279
a20_d1,20.0,1.0,prova2,adaptive,12,0.9166666666666666,PbLa,deterministic,footprint,0.7721844789546742,0.8250923161814597,-0.3758462580510491,1.3175707766883467,3466
a20_d1,20.0,1.0,prova2,adaptive,12,0.9166666666666666,PbLa,deterministic,unmeasured,-0.0010547273088836028,,-95.88379910850509,,279
a20_d1,20.0,1.0,prova2,adaptive,12,0.9166666666666666,PbLb,ensemble,footprint,0.9854387433500832,0.9460565949259623,-0.12662116353922004,0.9671279255945535,3466
a20_d1,20.0,1.0,prova2,adaptive,12,0.9166666666666666,PbLb,ensemble,unmeasured,0.32878568602126385,,-3.737451579122423,,279
a20_d1,20.0,1.0,prova2,adaptive,12,0.9166666666666666,PbLb,deterministic,footprint,0.7799985719880238,0.8262475139576291,-0.5324450148781912,1.3246007609170183,3466
a20_d1,20.0,1.0,prova2,adaptive,12,0.9166666666666666,PbLb,deterministic,unmeasured,-0.025106389094809996,,-95.93834060602595,,279
a20_d1,20.0,1.0,prova2,adaptive,12,0.9166666666666666,PbLg,ensemble,footprint,0.9671670004877263,0.8941788917128367,-0.11271930368976779,0.9544158505673228,3466
a20_d1,20.0,1.0,prova2,adaptive,12,0.9166666666666666,PbLg,ensemble,unmeasured,0.19512399912725784,,-6.093505178452295,,279
a20_d1,20.0,1.0,prova2,adaptive,12,0.9166666666666666,PbLg,deterministic,footprint,0.7398582664978793,0.7956811517764613,-0.6718847189476573,1.3296453522922265,3466
a20_d1,20.0,1.0,prova2,adaptive,12,0.9166666666666666,PbLg,deterministic,unmeasured,-0.02444129876809382,,-96.02043850929627,,279
a20_d1,20.0,1.0,prova2,adaptive,13,0.9722222222222222,Ca,ensemble,footprint,0.986761780955856,0.9661606785900352,0.9492346077418556,0.9524429317382302,3466
a20_d1,20.0,1.0,prova2,adaptive,13,0.9722222222222222,Ca,ensemble,unmeasured,0.39890999313924974,,-10.33059387942506,,85
a20_d1,20.0,1.0,prova2,adaptive,13,0.9722222222222222,Ca,deterministic,footprint,0.9271190344156434,0.9226190345030981,0.028379213276608084,1.000785277804582,3466
a20_d1,20.0,1.0,prova2,adaptive,13,0.9722222222222222,Ca,deterministic,unmeasured,0.3674632915539466,,-94.77907332855274,,85
a20_d1,20.0,1.0,prova2,adaptive,13,0.9722222222222222,Ti,ensemble,footprint,0.9685855305088541,0.9237634030901782,0.7936940379213775,0.9239621771158693,3466
a20_d1,20.0,1.0,prova2,adaptive,13,0.9722222222222222,Ti,ensemble,unmeasured,0.20771304788977518,,10.73530612703935,,85
a20_d1,20.0,1.0,prova2,adaptive,13,0.9722222222222222,Ti,deterministic,footprint,0.9023285846082304,0.8868866555674111,0.060411894409817535,1.0114212720523525,3466
a20_d1,20.0,1.0,prova2,adaptive,13,0.9722222222222222,Ti,deterministic,unmeasured,0.34757236518228507,,-94.81356847006826,,85
a20_d1,20.0,1.0,prova2,adaptive,13,0.9722222222222222,Fe,ensemble,footprint,0.9938970394412617,0.9609963360843454,1.308550749159565,0.9710065725109174,3466
a20_d1,20.0,1.0,prova2,adaptive,13,0.9722222222222222,Fe,ensemble,unmeasured,0.03879881627729519,,45.7711739756449,,85
a20_d1,20.0,1.0,prova2,adaptive,13,0.9722222222222222,Fe,deterministic,footprint,0.990735195237588,0.9462490717729539,0.7509327706028301,0.972407424157084,3466
a20_d1,20.0,1.0,prova2,adaptive,13,0.9722222222222222,Fe,deterministic,unmeasured,0.11766753968796671,,-95.21123507999425,,85
a20_d1,20.0,1.0,prova2,adaptive,13,0.9722222222222222,Cu,ensemble,footprint,0.9842122494574287,0.9528768331481098,-0.9465788603570058,0.9739160603116425,3466
a20_d1,20.0,1.0,prova2,adaptive,13,0.9722222222222222,Cu,ensemble,unmeasured,0.11779064734959699,,-41.38192943360598,,85
a20_d1,20.0,1.0,prova2,adaptive,13,0.9722222222222222,Cu,deterministic,footprint,0.9637955030968937,0.9211494631139975,-0.7134081130828474,0.9780159783715393,3466
a20_d1,20.0,1.0,prova2,adaptive,13,0.9722222222222222,Cu,deterministic,unmeasured,-0.021711607218198106,,-95.69355319054347,,85
a20_d1,20.0,1.0,prova2,adaptive,13,0.9722222222222222,PbLl,ensemble,footprint,0.9604040530238165,0.8726796454035709,-2.3147972486281088,0.9437824218299056,3466
a20_d1,20.0,1.0,prova2,adaptive,13,0.9722222222222222,PbLl,ensemble,unmeasured,0.06283620266410174,,-17.857058737213826,,85
a20_d1,20.0,1.0,prova2,adaptive,13,0.9722222222222222,PbLl,deterministic,footprint,0.9062745799044342,0.8412887095174398,-0.7551424552547648,0.9642996070706075,3466
a20_d1,20.0,1.0,prova2,adaptive,13,0.9722222222222222,PbLl,deterministic,unmeasured,0.020144367734174277,,-95.3284220371778,,85
a20_d1,20.0,1.0,prova2,adaptive,13,0.9722222222222222,PbLa,ensemble,footprint,0.9904631302630837,0.9700705594516663,-0.2832850298344347,0.9658591849334995,3466
a20_d1,20.0,1.0,prova2,adaptive,13,0.9722222222222222,PbLa,ensemble,unmeasured,0.06528639246998165,,-7.656772174563389,,85
a20_d1,20.0,1.0,prova2,adaptive,13,0.9722222222222222,PbLa,deterministic,footprint,0.8940906757041345,0.9191672925362359,0.016406998755447155,1.05786879962233,3466
a20_d1,20.0,1.0,prova2,adaptive,13,0.9722222222222222,PbLa,deterministic,unmeasured,-0.2409241076680386,,-95.65648246936262,,85
a20_d1,20.0,1.0,prova2,adaptive,13,0.9722222222222222,PbLb,ensemble,footprint,0.9897990333675286,0.9672358315747748,-0.10077752303903065,0.9648218945627417,3466
a20_d1,20.0,1.0,prova2,adaptive,13,0.9722222222222222,PbLb,ensemble,unmeasured,0.0863088751228648,,-7.084191710530778,,85
a20_d1,20.0,1.0,prova2,adaptive,13,0.9722222222222222,PbLb,deterministic,footprint,0.8942695330045288,0.9155841996490582,-0.03411597719160664,1.059340336874593,3466
a20_d1,20.0,1.0,prova2,adaptive,13,0.9722222222222222,PbLb,deterministic,unmeasured,-0.254661002182611,,-95.6481688211615,,85
a20_d1,20.0,1.0,prova2,adaptive,13,0.9722222222222222,PbLg,ensemble,footprint,0.9727744086202672,0.917742552783113,-0.08963978199008071,0.9531009861290896,3466
a20_d1,20.0,1.0,prova2,adaptive,13,0.9722222222222222,PbLg,ensemble,unmeasured,-0.016250061379203196,,-11.210225422916265,,85
a20_d1,20.0,1.0,prova2,adaptive,13,0.9722222222222222,PbLg,deterministic,footprint,0.8628510192294989,0.8713122956177726,-0.050080486308923255,1.0552962866100442,3466
a20_d1,20.0,1.0,prova2,adaptive,13,0.9722222222222222,PbLg,deterministic,unmeasured,-0.21199063336980686,,-95.74394956758981,,85
a20_d1,20.0,1.0,prova2,adaptive,14,1.0,Ca,ensemble,footprint,0.9889729376060789,0.9719979720008657,1.115957861796013,0.9491910162503959,3466
a20_d1,20.0,1.0,prova2,adaptive,14,1.0,Ca,deterministic,footprint,0.9813573933419211,0.9535779135329836,0.2904054703203762,0.921551486895102,3466
a20_d1,20.0,1.0,prova2,adaptive,14,1.0,Ti,ensemble,footprint,0.9708284134509142,0.928065980592545,0.8421205043814606,0.9278947943706858,3466
a20_d1,20.0,1.0,prova2,adaptive,14,1.0,Ti,deterministic,footprint,0.9628936217890628,0.9117357502375151,0.4376577689078509,0.8977437773721066,3466
a20_d1,20.0,1.0,prova2,adaptive,14,1.0,Fe,ensemble,footprint,0.9940158382466374,0.9642303900971969,1.0187592657517675,0.975603582578178,3466
a20_d1,20.0,1.0,prova2,adaptive,14,1.0,Fe,deterministic,footprint,0.9914447099754888,0.9575457464927041,1.3343843114056897,0.9618016723547146,3466
a20_d1,20.0,1.0,prova2,adaptive,14,1.0,Cu,ensemble,footprint,0.9892237951537033,0.9626207553730909,-0.5526074650366586,0.9621533285054844,3466
a20_d1,20.0,1.0,prova2,adaptive,14,1.0,Cu,deterministic,footprint,0.9829319733808553,0.9462789478825163,-0.09742901467171272,0.9391951260734114,3466
a20_d1,20.0,1.0,prova2,adaptive,14,1.0,PbLl,ensemble,footprint,0.9635776137896305,0.8789893319982072,-1.9311774099048828,0.9404042928559861,3466
a20_d1,20.0,1.0,prova2,adaptive,14,1.0,PbLl,deterministic,footprint,0.9571198729575958,0.8618245605851178,0.05040277520320657,0.9049892458296378,3466
a20_d1,20.0,1.0,prova2,adaptive,14,1.0,PbLa,ensemble,footprint,0.9933477732387324,0.9795433363570297,-0.1802733101666787,0.9618103332355,3466
a20_d1,20.0,1.0,prova2,adaptive,14,1.0,PbLa,deterministic,footprint,0.9864064679611485,0.9611442786857111,0.18343726488945222,0.9310914521590534,3466
a20_d1,20.0,1.0,prova2,adaptive,14,1.0,PbLb,ensemble,footprint,0.9926560252680748,0.9766636147003096,-0.01949361636073288,0.9606171293365212,3466
a20_d1,20.0,1.0,prova2,adaptive,14,1.0,PbLb,deterministic,footprint,0.9858462570569066,0.9583175902475468,0.1197389959673778,0.9290253599473648,3466
a20_d1,20.0,1.0,prova2,adaptive,14,1.0,PbLg,ensemble,footprint,0.9775202628504063,0.9270515540664274,0.05670564362927344,0.9481960490998386,3466
a20_d1,20.0,1.0,prova2,adaptive,14,1.0,PbLg,deterministic,footprint,0.9711977379479029,0.9099689746506672,0.20057351307314342,0.9187903429579636,3466
a20_d1,20.0,1.0,prova2,random,0,0.25,Ca,ensemble,footprint,0.3874467852332068,0.2857163017539102,-36.56544346309948,1.3702406811418755,3466
a20_d1,20.0,1.0,prova2,random,0,0.25,Ca,ensemble,unmeasured,-0.12501440359547117,,-52.187941811364674,,2591
a20_d1,20.0,1.0,prova2,random,0,0.25,Ca,deterministic,footprint,0.38818767953293154,0.1435723590509726,-100.0,3.926946412367908,3466
a20_d1,20.0,1.0,prova2,random,0,0.25,Ca,deterministic,unmeasured,0.1316180605727167,,-97.93550570251816,,2591
a20_d1,20.0,1.0,prova2,random,0,0.25,Ti,ensemble,footprint,0.25490355360474276,0.28717189113810987,-36.30016048707918,1.4190959759446127,3466
a20_d1,20.0,1.0,prova2,random,0,0.25,Ti,ensemble,unmeasured,-0.03598982554237313,,-49.97575785901187,,2591
a20_d1,20.0,1.0,prova2,random,0,0.25,Ti,deterministic,footprint,0.21069730133818537,0.08075127664766947,-100.0,4.880496741201949,3466
a20_d1,20.0,1.0,prova2,random,0,0.25,Ti,deterministic,unmeasured,0.05144303737389994,,-98.05846187127811,,2591
a20_d1,20.0,1.0,prova2,random,0,0.25,Fe,ensemble,footprint,0.3750902482513154,0.4939013998576065,-30.208749347309173,1.114047726628152,3466
a20_d1,20.0,1.0,prova2,random,0,0.25,Fe,ensemble,unmeasured,0.06851891210256314,,-71.79030912013769,,2591
a20_d1,20.0,1.0,prova2,random,0,0.25,Fe,deterministic,footprint,0.3314943980036084,0.21703964647984364,-100.0,2.262846528570064,3466
a20_d1,20.0,1.0,prova2,random,0,0.25,Fe,deterministic,unmeasured,0.09750259756732312,,-98.36477031062846,,2591
a20_d1,20.0,1.0,prova2,random,0,0.25,Cu,ensemble,footprint,0.4088539423749201,0.19400840682588932,-71.14196723936617,1.2053572683769274,3466
a20_d1,20.0,1.0,prova2,random,0,0.25,Cu,ensemble,unmeasured,0.27662910664910134,,-73.49280626197147,,2591
a20_d1,20.0,1.0,prova2,random,0,0.25,Cu,deterministic,footprint,0.3184613560668353,0.28831748231778026,-100.0,2.3072206326397393,3466
a20_d1,20.0,1.0,prova2,random,0,0.25,Cu,deterministic,unmeasured,0.1745822387514942,,-98.12724554249188,,2591
a20_d1,20.0,1.0,prova2,random,0,0.25,PbLl,ensemble,footprint,0.47363641358665315,0.28242171843371794,-47.4923048561827,1.2325765372328605,3466
a20_d1,20.0,1.0,prova2,random,0,0.25,PbLl,ensemble,unmeasured,0.41326099465355315,,-58.22332761109478,,2591
a20_d1,20.0,1.0,prova2,random,0,0.25,PbLl,deterministic,footprint,0.223907513207542,0.10625019053849179,-100.0,3.2841122553798208,3466
a20_d1,20.0,1.0,prova2,random,0,0.25,PbLl,deterministic,unmeasured,0.1736008725704516,,-97.72280808232145,,2591
a20_d1,20.0,1.0,prova2,random,0,0.25,PbLa,ensemble,footprint,0.3435573636297702,0.20232200988366253,-48.02532612248134,1.6688301173871793,3466
a20_d1,20.0,1.0,prova2,random,0,0.25,PbLa,ensemble,unmeasured,0.3952740914170776,,-57.78280033747546,,2591
a20_d1,20.0,1.0,prova2,random,0,0.25,PbLa,deterministic,footprint,0.05391351106126422,0.020664371226328568,-100.0,5.116992474304335,3466
a20_d1,20.0,1.0,prova2,random,0,0.25,PbLa,deterministic,unmeasured,0.1182713799937308,,-97.93390344614846,,2591
a20_d1,20.0,1.0,prova2,random,0,0.25,PbLb,ensemble,footprint,0.31938554050469065,0.1958903517408627,-48.186301532327256,1.6950510298160386,3466
a20_d1,20.0,1.0,prova2,random,0,0.25,PbLb,ensemble,unmeasured,0.36963819588615615,,-58.01059750355055,,2591
a20_d1,20.0,1.0,prova2,random,0,0.25,PbLb,deterministic,footprint,0.0401462986065823,0.016438348175542274,-100.0,5.197338435982161,3466
a20_d1,20.0,1.0,prova2,random,0,0.25,PbLb,deterministic,unmeasured,0.11245603727320279,,-97.9506031586837,,2591
a20_d1,20.0,1.0,prova2,random,0,0.25,PbLg,ensemble,footprint,0.3188814111354717,0.20824973766930371,-47.90675302895646,1.7109661363170772,3466
a20_d1,20.0,1.0,prova2,random,0,0.25,PbLg,ensemble,unmeasured,0.36488076764369304,,-57.491908379161394,,2591
a20_d1,20.0,1.0,prova2,random,0,0.25,PbLg,deterministic,footprint,0.040737477054096645,0.021390955884221432,-100.0,5.294447719528088,3466
a20_d1,20.0,1.0,prova2,random,0,0.25,PbLg,deterministic,unmeasured,0.09991430067393216,,-97.94186349982978,,2591
a20_d1,20.0,1.0,prova2,random,1,0.3055555555555556,Ca,ensemble,footprint,0.42226369447958556,0.343506884652819,-30.500268511888795,1.3321309735848184,3466
a20_d1,20.0,1.0,prova2,random,1,0.3055555555555556,Ca,ensemble,unmeasured,-0.13402468101799858,,-50.3326237909264,,2395
a20_d1,20.0,1.0,prova2,random,1,0.3055555555555556,Ca,deterministic,footprint,0.40162921988540046,0.17566350061910088,-100.0,3.4844603301877,3466
a20_d1,20.0,1.0,prova2,random,1,0.3055555555555556,Ca,deterministic,unmeasured,0.1496561645725092,,-97.62429714125552,,2395
a20_d1,20.0,1.0,prova2,random,1,0.3055555555555556,Ti,ensemble,footprint,0.2825231564085747,0.346114756651563,-29.733085898990286,1.3857536684714025,3466
a20_d1,20.0,1.0,prova2,random,1,0.3055555555555556,Ti,ensemble,unmeasured,-0.044805844876765304,,-47.77932510222921,,2395
a20_d1,20.0,1.0,prova2,random,1,0.3055555555555556,Ti,deterministic,footprint,0.22643144274759938,0.10410191612287256,-100.0,4.271793653375385,3466
a20_d1,20.0,1.0,prova2,random,1,0.3055555555555556,Ti,deterministic,unmeasured,0.06635369758535627,,-97.68535978037016,,2395
a20_d1,20.0,1.0,prova2,random,1,0.3055555555555556,Fe,ensemble,footprint,0.3835925339477138,0.5311918605413285,-23.269278639610658,1.0822324035155497,3466
a20_d1,20.0,1.0,prova2,random,1,0.3055555555555556,Fe,ensemble,unmeasured,0.053137580273940686,,-71.65944890326998,,2395
a20_d1,20.0,1.0,prova2,random,1,0.3055555555555556,Fe,deterministic,footprint,0.3339876541837251,0.2652249604168481,-100.0,2.005266206030524,3466
a20_d1,20.0,1.0,prova2,random,1,0.3055555555555556,Fe,deterministic,unmeasured,0.08924836180136386,,-98.21161083432986,,2395
a20_d1,20.0,1.0,prova2,random,1,0.3055555555555556,Cu,ensemble,footprint,0.44178520245967323,0.22719658031579382,-66.89779464933984,1.1741997130850605,3466
a20_d1,20.0,1.0,prova2,random,1,0.3055555555555556,Cu,ensemble,unmeasured,0.2686092742036842,,-71.96868824948137,,2395
a20_d1,20.0,1.0,prova2,random,1,0.3055555555555556,Cu,deterministic,footprint,0.3475685193040483,0.32080246481626595,-100.0,2.1062803768182916,3466
a20_d1,20.0,1.0,prova2,random,1,0.3055555555555556,Cu,deterministic,unmeasured,0.19260474433888622,,-97.90781318199613,,2395
a20_d1,20.0,1.0,prova2,random,1,0.3055555555555556,PbLl,ensemble,footprint,0.5621054069876941,0.3490867613890411,-39.30233898961467,1.2384524767279672,3466
a20_d1,20.0,1.0,prova2,random,1,0.3055555555555556,PbLl,ensemble,unmeasured,0.44843906660363225,,-54.02927360080174,,2395
a20_d1,20.0,1.0,prova2,random,1,0.3055555555555556,PbLl,deterministic,footprint,0.3232867529222851,0.1553018302685205,-100.0,2.881243270831613,3466
a20_d1,20.0,1.0,prova2,random,1,0.3055555555555556,PbLl,deterministic,unmeasured,0.20713278793260512,,-97.1420723068185,,2395
a20_d1,20.0,1.0,prova2,random,1,0.3055555555555556,PbLa,ensemble,footprint,0.4478443356476495,0.27159714770830085,-41.07482163655618,1.6812196625347473,3466
a20_d1,20.0,1.0,prova2,random,1,0.3055555555555556,PbLa,ensemble,unmeasured,0.4406295961384373,,-54.55319057621042,,2395
a20_d1,20.0,1.0,prova2,random,1,0.3055555555555556,PbLa,deterministic,footprint,0.15725079857042334,0.05096753612005399,-100.0,4.5027786054950365,3466
a20_d1,20.0,1.0,prova2,random,1,0.3055555555555556,PbLa,deterministic,unmeasured,0.16593470195329463,,-97.44426761380127,,2395
a20_d1,20.0,1.0,prova2,random,1,0.3055555555555556,PbLb,ensemble,footprint,0.43132647743771185,0.26859944308108913,-41.27848812830601,1.714709817562988,3466
a20_d1,20.0,1.0,prova2,random,1,0.3055555555555556,PbLb,ensemble,unmeasured,0.420355878206404,,-54.869981773641804,,2395
a20_d1,20.0,1.0,prova2,random,1,0.3055555555555556,PbLb,deterministic,footprint,0.14846275822469385,0.04609606061972089,-100.0,4.581689815674546,3466
a20_d1,20.0,1.0,prova2,random,1,0.3055555555555556,PbLb,deterministic,unmeasured,0.16620735477334844,,-97.45396979276846,,2395
a20_d1,20.0,1.0,prova2,random,1,0.3055555555555556,PbLg,ensemble,footprint,0.4180097572619883,0.27663228917793553,-40.65049917115333,1.7114778732172893,3466
a20_d1,20.0,1.0,prova2,random,1,0.3055555555555556,PbLg,ensemble,unmeasured,0.4105798502483948,,-54.346525644002995,,2395
a20_d1,20.0,1.0,prova2,random,1,0.3055555555555556,PbLg,deterministic,footprint,0.1342748407528918,0.04950173779241197,-100.0,4.646219591740566,3466
a20_d1,20.0,1.0,prova2,random,1,0.3055555555555556,PbLg,deterministic,unmeasured,0.14474690750997907,,-97.46722630826422,,2395
a20_d1,20.0,1.0,prova2,random,2,0.3611111111111111,Ca,ensemble,footprint,0.4462515730515706,0.37364059809517824,-21.753512710490096,1.2523742349360623,3466
a20_d1,20.0,1.0,prova2,random,2,0.3611111111111111,Ca,ensemble,unmeasured,-0.13631285019441394,,-47.71251035297559,,2200
a20_d1,20.0,1.0,prova2,random,2,0.3611111111111111,Ca,deterministic,footprint,0.4019740262621264,0.19915746589690916,-100.0,3.085991126609064,3466
a20_d1,20.0,1.0,prova2,random,2,0.3611111111111111,Ca,deterministic,unmeasured,0.16125594165061188,,-96.90030202621894,,2200
a20_d1,20.0,1.0,prova2,random,2,0.3611111111111111,Ti,ensemble,footprint,0.3410279351661472,0.3987563057696891,-22.58668630819183,1.3214524932269822,3466
a20_d1,20.0,1.0,prova2,random,2,0.3611111111111111,Ti,ensemble,unmeasured,-0.04409523990901603,,-44.476862508320046,,2200
a20_d1,20.0,1.0,prova2,random,2,0.3611111111111111,Ti,deterministic,footprint,0.2695259887841395,0.13421034505665944,-100.0,3.772135715491648,3466
a20_d1,20.0,1.0,prova2,random,2,0.3611111111111111,Ti,deterministic,unmeasured,0.10176225738117309,,-96.89306734784489,,2200
a20_d1,20.0,1.0,prova2,random,2,0.3611111111111111,Fe,ensemble,footprint,0.430171811876438,0.5798413352516854,-18.02105180799606,1.0530482870376254,3466
a20_d1,20.0,1.0,prova2,random,2,0.3611111111111111,Fe,ensemble,unmeasured,0.0671685168887699,,-70.17800361253448,,2200
a20_d1,20.0,1.0,prova2,random,2,0.3611111111111111,Fe,deterministic,footprint,0.3769589928188104,0.32536928083486444,-100.0,1.7709225809054292,3466
a20_d1,20.0,1.0,prova2,random,2,0.3611111111111111,Fe,deterministic,unmeasured,0.09450550179642385,,-97.67651069302708,,2200
a20_d1,20.0,1.0,prova2,random,2,0.3611111111111111,Cu,ensemble,footprint,0.49923760070162587,0.30421485257656644,-57.69090720817848,1.1232872311983109,3466
a20_d1,20.0,1.0,prova2,random,2,0.3611111111111111,Cu,ensemble,unmeasured,0.30014706761483106,,-69.2477911901529,,2200
a20_d1,20.0,1.0,prova2,random,2,0.3611111111111111,Cu,deterministic,footprint,0.39611752485688273,0.3826258170961875,-100.0,1.8997594729038174,3466
a20_d1,20.0,1.0,prova2,random,2,0.3611111111111111,Cu,deterministic,unmeasured,0.2053344726888124,,-97.21911125105531,,2200
a20_d1,20.0,1.0,prova2,random,2,0.3611111111111111,PbLl,ensemble,footprint,0.6058031640703352,0.40123363622732033,-31.096994854734827,1.1566743114382323,3466
a20_d1,20.0,1.0,prova2,random,2,0.3611111111111111,PbLl,ensemble,unmeasured,0.48763724899125976,,-50.10084318222865,,2200
a20_d1,20.0,1.0,prova2,random,2,0.3611111111111111,PbLl,deterministic,footprint,0.34092865599622624,0.19138352131758685,-100.0,2.544364344122941,3466
a20_d1,20.0,1.0,prova2,random,2,0.3611111111111111,PbLl,deterministic,unmeasured,0.20444138118776575,,-96.3780722080253,,2200
a20_d1,20.0,1.0,prova2,random,2,0.3611111111111111,PbLa,ensemble,footprint,0.48211177122104953,0.3349073318003195,-34.15060211199368,1.5483232526489719,3466
a20_d1,20.0,1.0,prova2,random,2,0.3611111111111111,PbLa,ensemble,unmeasured,0.4614406350937399,,-51.04914974223214,,2200
a20_d1,20.0,1.0,prova2,random,2,0.3611111111111111,PbLa,deterministic,footprint,0.1720892492956525,0.08271078615925131,-100.0,3.9429521044245344,3466
a20_d1,20.0,1.0,prova2,random,2,0.3611111111111111,PbLa,deterministic,unmeasured,0.14921446961979523,,-96.73073840123362,,2200
a20_d1,20.0,1.0,prova2,random,2,0.3611111111111111,PbLb,ensemble,footprint,0.4643837772081676,0.3332072098774168,-33.507390167568765,1.5793251916188085,3466
a20_d1,20.0,1.0,prova2,random,2,0.3611111111111111,PbLb,ensemble,unmeasured,0.4389025403846028,,-51.44150182149928,,2200
a20_d1,20.0,1.0,prova2,random,2,0.3611111111111111,PbLb,deterministic,footprint,0.16348106917491365,0.07755131750527912,-100.0,4.0111112761609835,3466
a20_d1,20.0,1.0,prova2,random,2,0.3611111111111111,PbLb,deterministic,unmeasured,0.14855410577684183,,-96.74684637834736,,2200
a20_d1,20.0,1.0,prova2,random,2,0.3611111111111111,PbLg,ensemble,footprint,0.4481114851799686,0.3334192426214278,-33.588318841741625,1.57419467513602,3466
a20_d1,20.0,1.0,prova2,random,2,0.3611111111111111,PbLg,ensemble,unmeasured,0.4278837944062449,,-50.878713787278116,,2200
a20_d1,20.0,1.0,prova2,random,2,0.3611111111111111,PbLg,deterministic,footprint,0.14587385102309108,0.07707505549501742,-100.0,4.070180177754654,3466
a20_d1,20.0,1.0,prova2,random,2,0.3611111111111111,PbLg,deterministic,unmeasured,0.12619810695331807,,-96.7625983924141,,2200
a20_d1,20.0,1.0,prova2,random,3,0.4166666666666667,Ca,ensemble,footprint,0.47236159567564723,0.39696655191577707,-11.756164953949199,1.1550814769638653,3466
a20_d1,20.0,1.0,prova2,random,3,0.4166666666666667,Ca,ensemble,unmeasured,-0.1396669266455112,,-44.95301559743403,,2022
a20_d1,20.0,1.0,prova2,random,3,0.4166666666666667,Ca,deterministic,footprint,0.39676688378994174,0.22087924210373797,-97.53440314953322,2.7836541031403477,3466
a20_d1,20.0,1.0,prova2,random,3,0.4166666666666667,Ca,deterministic,unmeasured,0.1785374191914886,,-96.4189395223261,,2022
a20_d1,20.0,1.0,prova2,random,3,0.4166666666666667,Ti,ensemble,footprint,0.3471871704010922,0.42175167287619714,-16.083392148617392,1.1983010590166672,3466
a20_d1,20.0,1.0,prova2,random,3,0.4166666666666667,Ti,ensemble,unmeasured,-0.10336772327937815,,-41.926870574630385,,2022
a20_d1,20.0,1.0,prova2,random,3,0.4166666666666667,Ti,deterministic,footprint,0.2472521008843428,0.1510641912593381,-97.84916747473784,3.405878944135442,3466
a20_d1,20.0,1.0,prova2,random,3,0.4166666666666667,Ti,deterministic,unmeasured,0.10352748157501702,,-96.48537160790882,,2022
a20_d1,20.0,1.0,prova2,random,3,0.4166666666666667,Fe,ensemble,footprint,0.43405094575981756,0.5989244684707291,-13.743539128953476,1.0150034686558764,3466
a20_d1,20.0,1.0,prova2,random,3,0.4166666666666667,Fe,ensemble,unmeasured,0.04864278802567554,,-69.78785598996718,,2022
a20_d1,20.0,1.0,prova2,random,3,0.4166666666666667,Fe,deterministic,footprint,0.3712928710073285,0.35851657124183833,-97.68851919508386,1.657458018139789,3466
a20_d1,20.0,1.0,prova2,random,3,0.4166666666666667,Fe,deterministic,unmeasured,0.0919338888549488,,-97.50770927599967,,2022
a20_d1,20.0,1.0,prova2,random,3,0.4166666666666667,Cu,ensemble,footprint,0.5623339686000797,0.35316626023781206,-43.32657143058907,1.0712018450490772,3466
a20_d1,20.0,1.0,prova2,random,3,0.4166666666666667,Cu,ensemble,unmeasured,0.3553223699183141,,-65.64335847035578,,2022
a20_d1,20.0,1.0,prova2,random,3,0.4166666666666667,Cu,deterministic,footprint,0.4611881469449518,0.4327459996325302,-86.358574094444,1.689234097356753,3466
a20_d1,20.0,1.0,prova2,random,3,0.4166666666666667,Cu,deterministic,unmeasured,0.23004981381121928,,-96.44185531537585,,2022
a20_d1,20.0,1.0,prova2,random,3,0.4166666666666667,PbLl,ensemble,footprint,0.6417803327885192,0.4437278941896166,-23.55715466174917,1.074608013413474,3466
a20_d1,20.0,1.0,prova2,random,3,0.4166666666666667,PbLl,ensemble,unmeasured,0.5246206807854678,,-46.004528266188395,,2022
a20_d1,20.0,1.0,prova2,random,3,0.4166666666666667,PbLl,deterministic,footprint,0.3703802609446374,0.22957125426442776,-91.80536622715262,2.2710055368984468,3466
a20_d1,20.0,1.0,prova2,random,3,0.4166666666666667,PbLl,deterministic,unmeasured,0.21372420653839255,,-95.81765398855222,,2022
a20_d1,20.0,1.0,prova2,random,3,0.4166666666666667,PbLa,ensemble,footprint,0.5189870773285487,0.3780330206991272,-28.488959394122727,1.41674173785123,3466
a20_d1,20.0,1.0,prova2,random,3,0.4166666666666667,PbLa,ensemble,unmeasured,0.4956673319561521,,-47.75255243517363,,2022
a20_d1,20.0,1.0,prova2,random,3,0.4166666666666667,PbLa,deterministic,footprint,0.19619954965629358,0.11368519096841516,-97.64267092089548,3.5376055360661787,3466
a20_d1,20.0,1.0,prova2,random,3,0.4166666666666667,PbLa,deterministic,unmeasured,0.14738923331998635,,-96.25195568853763,,2022
a20_d1,20.0,1.0,prova2,random,3,0.4166666666666667,PbLb,ensemble,footprint,0.4983316918389269,0.3765508606676404,-28.004350194696826,1.4439733429204942,3466
a20_d1,20.0,1.0,prova2,random,3,0.4166666666666667,PbLb,ensemble,unmeasured,0.4681207137457803,,-48.26057523256245,,2022
a20_d1,20.0,1.0,prova2,random,3,0.4166666666666667,PbLb,deterministic,footprint,0.18458797626211151,0.10776371696102428,-97.65671136125461,3.598949645111102,3466
a20_d1,20.0,1.0,prova2,random,3,0.4166666666666667,PbLb,deterministic,unmeasured,0.14471912810886262,,-96.27712759256548,,2022
a20_d1,20.0,1.0,prova2,random,3,0.4166666666666667,PbLg,ensemble,footprint,0.4903990597102629,0.3778202282337754,-27.678470266365217,1.4428399833245082,3466
a20_d1,20.0,1.0,prova2,random,3,0.4166666666666667,PbLg,ensemble,unmeasured,0.46341618643856813,,-47.506226962448515,,2022
a20_d1,20.0,1.0,prova2,random,3,0.4166666666666667,PbLg,deterministic,footprint,0.17766350318934904,0.10964945479290407,-97.68168632726936,3.6562404700760167,3466
a20_d1,20.0,1.0,prova2,random,3,0.4166666666666667,PbLg,deterministic,unmeasured,0.12573509794948703,,-96.2731793010769,,2022
a20_d1,20.0,1.0,prova2,random,4,0.4722222222222222,Ca,ensemble,footprint,0.5224024865425086,0.43826353247676675,-6.85969116403985,1.1260506848185168,3466
a20_d1,20.0,1.0,prova2,random,4,0.4722222222222222,Ca,ensemble,unmeasured,-0.18059860838438382,,-42.52929409242515,,1833
a20_d1,20.0,1.0,prova2,random,4,0.4722222222222222,Ca,deterministic,footprint,0.42814789863332364,0.25032322423790343,-68.92940224203323,2.553775782319918,3466
a20_d1,20.0,1.0,prova2,random,4,0.4722222222222222,Ca,deterministic,unmeasured,0.16734791323173392,,-96.34351165488326,,1833
a20_d1,20.0,1.0,prova2,random,4,0.4722222222222222,Ti,ensemble,footprint,0.34508641410465285,0.45829719639217015,-10.342906871625047,1.1289654138028649,3466
a20_d1,20.0,1.0,prova2,random,4,0.4722222222222222,Ti,ensemble,unmeasured,-0.16280182143413421,,-39.7263743761392,,1833
a20_d1,20.0,1.0,prova2,random,4,0.4722222222222222,Ti,deterministic,footprint,0.232420326973965,0.18338222154608344,-69.2602102482118,3.077310560575212,3466
a20_d1,20.0,1.0,prova2,random,4,0.4722222222222222,Ti,deterministic,unmeasured,0.08111115158857606,,-96.35427631327967,,1833
a20_d1,20.0,1.0,prova2,random,4,0.4722222222222222,Fe,ensemble,footprint,0.44493657463227637,0.6209759906046721,-9.84258429473317,0.983838717540828,3466
a20_d1,20.0,1.0,prova2,random,4,0.4722222222222222,Fe,ensemble,unmeasured,0.017720752379202055,,-69.12937107035604,,1833
a20_d1,20.0,1.0,prova2,random,4,0.4722222222222222,Fe,deterministic,footprint,0.3777665304408961,0.3928890777941665,-68.22144182252363,1.5357297721871694,3466
a20_d1,20.0,1.0,prova2,random,4,0.4722222222222222,Fe,deterministic,unmeasured,0.08337771093152256,,-97.30989753922027,,1833
a20_d1,20.0,1.0,prova2,random,4,0.4722222222222222,Cu,ensemble,footprint,0.5918518046352478,0.382404416665693,-28.10068831670398,1.041920412375447,3466
a20_d1,20.0,1.0,prova2,random,4,0.4722222222222222,Cu,ensemble,unmeasured,0.3797069317901448,,-64.55163587095335,,1833
a20_d1,20.0,1.0,prova2,random,4,0.4722222222222222,Cu,deterministic,footprint,0.483969662237486,0.4591936137527118,-55.689290903026226,1.5716918765704366,3466
a20_d1,20.0,1.0,prova2,random,4,0.4722222222222222,Cu,deterministic,unmeasured,0.23090798575251043,,-96.51971034243763,,1833
a20_d1,20.0,1.0,prova2,random,4,0.4722222222222222,PbLl,ensemble,footprint,0.6854918141807789,0.4809891184151665,-17.66337600784057,1.0316290592529507,3466
a20_d1,20.0,1.0,prova2,random,4,0.4722222222222222,PbLl,ensemble,unmeasured,0.5497829594600168,,-42.208495123846724,,1833
a20_d1,20.0,1.0,prova2,random,4,0.4722222222222222,PbLl,deterministic,footprint,0.4166249890941587,0.26287313821495734,-55.81520683418437,2.0611476800466284,3466
a20_d1,20.0,1.0,prova2,random,4,0.4722222222222222,PbLl,deterministic,unmeasured,0.23302996953180416,,-95.36960227861618,,1833
a20_d1,20.0,1.0,prova2,random,4,0.4722222222222222,PbLa,ensemble,footprint,0.5890381648954434,0.42459670197393934,-21.67824597398966,1.3616508443563002,3466
a20_d1,20.0,1.0,prova2,random,4,0.4722222222222222,PbLa,ensemble,unmeasured,0.5367851931622419,,-44.72545763847724,,1833
a20_d1,20.0,1.0,prova2,random,4,0.4722222222222222,PbLa,deterministic,footprint,0.2530643742510744,0.13830514532653093,-66.64164117432578,3.2162361733038667,3466
a20_d1,20.0,1.0,prova2,random,4,0.4722222222222222,PbLa,deterministic,unmeasured,0.1759941708908393,,-95.89614099975229,,1833
a20_d1,20.0,1.0,prova2,random,4,0.4722222222222222,PbLb,ensemble,footprint,0.5704415481657741,0.4232843526400234,-21.54758210668154,1.3901034677316562,3466
a20_d1,20.0,1.0,prova2,random,4,0.4722222222222222,PbLb,ensemble,unmeasured,0.507372922073894,,-45.35005329071699,,1833
a20_d1,20.0,1.0,prova2,random,4,0.4722222222222222,PbLb,deterministic,footprint,0.24192141887064214,0.13227906385690838,-67.02736590397322,3.2743021977720894,3466
a20_d1,20.0,1.0,prova2,random,4,0.4722222222222222,PbLb,deterministic,unmeasured,0.1747837239917583,,-95.92152759357661,,1833
a20_d1,20.0,1.0,prova2,random,4,0.4722222222222222,PbLg,ensemble,footprint,0.5633879474731468,0.41772180748605686,-20.130406235246333,1.384078231351578,3466
a20_d1,20.0,1.0,prova2,random,4,0.4722222222222222,PbLg,ensemble,unmeasured,0.5084188673664648,,-44.465762265266896,,1833
a20_d1,20.0,1.0,prova2,random,4,0.4722222222222222,PbLg,deterministic,footprint,0.235124983760937,0.1321650092221292,-67.07697202288769,3.320308866587463,3466
a20_d1,20.0,1.0,prova2,random,4,0.4722222222222222,PbLg,deterministic,unmeasured,0.15835899364487638,,-95.90240903714577,,1833
a20_d1,20.0,1.0,prova2,random,5,0.5277777777777778,Ca,ensemble,footprint,0.5870475524502923,0.4894901093931396,-4.3305658490641825,1.0370753193096476,3466
a20_d1,20.0,1.0,prova2,random,5,0.5277777777777778,Ca,ensemble,unmeasured,-0.11252772153001755,,-38.03521006276175,,1638
a20_d1,20.0,1.0,prova2,random,5,0.5277777777777778,Ca,deterministic,footprint,0.4507801105694859,0.27959948033139903,-33.965156369392055,2.296651069574573,3466
a20_d1,20.0,1.0,prova2,random,5,0.5277777777777778,Ca,deterministic,unmeasured,0.18613358600248567,,-95.5339399485489,,1638
a20_d1,20.0,1.0,prova2,random,5,0.5277777777777778,Ti,ensemble,footprint,0.4670090940109605,0.5065926660688685,-7.291788967837376,1.0165061761844607,3466
a20_d1,20.0,1.0,prova2,random,5,0.5277777777777778,Ti,ensemble,unmeasured,-0.0013133430345541907,,-35.21611243737769,,1638
a20_d1,20.0,1.0,prova2,random,5,0.5277777777777778,Ti,deterministic,footprint,0.25701633838681787,0.20909377043411534,-34.21326405158573,2.760807303418057,3466
a20_d1,20.0,1.0,prova2,random,5,0.5277777777777778,Ti,deterministic,unmeasured,0.12992148663104838,,-95.54273700287717,,1638
a20_d1,20.0,1.0,prova2,random,5,0.5277777777777778,Fe,ensemble,footprint,0.6047207097745575,0.6427375504842073,-8.04483067262154,0.9975536391353418,3466
a20_d1,20.0,1.0,prova2,random,5,0.5277777777777778,Fe,ensemble,unmeasured,0.43083163096666205,,-65.26616320031418,,1638
a20_d1,20.0,1.0,prova2,random,5,0.5277777777777778,Fe,deterministic,footprint,0.48606920802762354,0.4272409003205961,-33.68378692478365,1.479916469685396,3466
a20_d1,20.0,1.0,prova2,random,5,0.5277777777777778,Fe,deterministic,unmeasured,0.2387418525164112,,-96.16238760785745,,1638
a20_d1,20.0,1.0,prova2,random,5,0.5277777777777778,Cu,ensemble,footprint,0.6322196241310463,0.42904376067419614,-15.443172636879442,1.003653928269382,3466
a20_d1,20.0,1.0,prova2,random,5,0.5277777777777778,Cu,ensemble,unmeasured,0.39933828176066954,,-62.09865224811949,,1638
a20_d1,20.0,1.0,prova2,random,5,0.5277777777777778,Cu,deterministic,footprint,0.5218951829606501,0.49184509088596357,-25.20020774321936,1.441772411561264,3466
a20_d1,20.0,1.0,prova2,random,5,0.5277777777777778,Cu,deterministic,unmeasured,0.22990539425918385,,-95.99810857228422,,1638
a20_d1,20.0,1.0,prova2,random,5,0.5277777777777778,PbLl,ensemble,footprint,0.7233652796949347,0.5077176880224001,-14.004560213707906,0.9885681109538325,3466
a20_d1,20.0,1.0,prova2,random,5,0.5277777777777778,PbLl,ensemble,unmeasured,0.5876564491861709,,-38.81813747868508,,1638
a20_d1,20.0,1.0,prova2,random,5,0.5277777777777778,PbLl,deterministic,footprint,0.4382915573240532,0.27910927412318715,-30.603708998238876,1.8761021586418678,3466
a20_d1,20.0,1.0,prova2,random,5,0.5277777777777778,PbLl,deterministic,unmeasured,0.24779025973195679,,-94.76403707836452,,1638
a20_d1,20.0,1.0,prova2,random,5,0.5277777777777778,PbLa,ensemble,footprint,0.6203274682890614,0.45528633119462264,-10.14296304870792,1.261832085268978,3466
a20_d1,20.0,1.0,prova2,random,5,0.5277777777777778,PbLa,ensemble,unmeasured,0.5265983915010819,,-41.24641163310566,,1638
a20_d1,20.0,1.0,prova2,random,5,0.5277777777777778,PbLa,deterministic,footprint,0.27030018753975626,0.15761168248921978,-34.600043828154895,2.8992041844225787,3466
a20_d1,20.0,1.0,prova2,random,5,0.5277777777777778,PbLa,deterministic,unmeasured,0.17109952408531504,,-95.28425172535586,,1638
a20_d1,20.0,1.0,prova2,random,5,0.5277777777777778,PbLb,ensemble,footprint,0.6004877841211691,0.4536383907565836,-11.69323246752294,1.2836344222286078,3466
a20_d1,20.0,1.0,prova2,random,5,0.5277777777777778,PbLb,ensemble,unmeasured,0.4969468317802875,,-41.95628284242979,,1638
a20_d1,20.0,1.0,prova2,random,5,0.5277777777777778,PbLb,deterministic,footprint,0.2549326726457889,0.15080727064137117,-34.81832696500723,2.9492732824765096,3466
a20_d1,20.0,1.0,prova2,random,5,0.5277777777777778,PbLb,deterministic,unmeasured,0.1668968920242633,,-95.30759261152751,,1638
a20_d1,20.0,1.0,prova2,random,5,0.5277777777777778,PbLg,ensemble,footprint,0.593946889845741,0.4467208595280016,-12.504264472874683,1.2793470969046996,3466
a20_d1,20.0,1.0,prova2,random,5,0.5277777777777778,PbLg,ensemble,unmeasured,0.49775505572552736,,-41.01945961254558,,1638
a20_d1,20.0,1.0,prova2,random,5,0.5277777777777778,PbLg,deterministic,footprint,0.2497559952042437,0.14839535093482917,-35.87313994952454,2.9924362340904267,3466
a20_d1,20.0,1.0,prova2,random,5,0.5277777777777778,PbLg,deterministic,unmeasured,0.1498297337242713,,-95.28848356439157,,1638
a20_d1,20.0,1.0,prova2,random,6,0.5833333333333334,Ca,ensemble,footprint,0.6478073397962767,0.5626694775451392,-3.0241701518068487,1.0009503011067231,3466
a20_d1,20.0,1.0,prova2,random,6,0.5833333333333334,Ca,ensemble,unmeasured,-0.10308543966589116,,-34.58802258268691,,1437
a20_d1,20.0,1.0,prova2,random,6,0.5833333333333334,Ca,deterministic,footprint,0.4826207992699282,0.34053083874466,-12.928676164217967,2.095501830233375,3466
a20_d1,20.0,1.0,prova2,random,6,0.5833333333333334,Ca,deterministic,unmeasured,0.1801809250790931,,-95.00446684779018,,1437
a20_d1,20.0,1.0,prova2,random,6,0.5833333333333334,Ti,ensemble,footprint,0.5419842574904049,0.5713505449434227,-5.063076253432364,0.9637541710577698,3466
a20_d1,20.0,1.0,prova2,random,6,0.5833333333333334,Ti,ensemble,unmeasured,0.07329764443446043,,-31.834034221249844,,1437
a20_d1,20.0,1.0,prova2,random,6,0.5833333333333334,Ti,deterministic,footprint,0.2792839447781652,0.2548340628008287,-13.524169966658883,2.4854473869760922,3466
a20_d1,20.0,1.0,prova2,random,6,0.5833333333333334,Ti,deterministic,unmeasured,0.14871675254693353,,-95.00179253299397,,1437
a20_d1,20.0,1.0,prova2,random,6,0.5833333333333334,Fe,ensemble,footprint,0.6816401169311772,0.6922650399025071,-5.568952490606172,1.0076618452356487,3466
a20_d1,20.0,1.0,prova2,random,6,0.5833333333333334,Fe,ensemble,unmeasured,0.438747421564104,,-62.36306010166171,,1437
a20_d1,20.0,1.0,prova2,random,6,0.5833333333333334,Fe,deterministic,footprint,0.5752381643145419,0.4894159708445931,-16.84984001444334,1.395028725001782,3466
a20_d1,20.0,1.0,prova2,random,6,0.5833333333333334,Fe,deterministic,unmeasured,0.19947510123826578,,-95.71821742991447,,1437
a20_d1,20.0,1.0,prova2,random,6,0.5833333333333334,Cu,ensemble,footprint,0.6910415566284032,0.4830696319206614,-12.333976682191473,1.0023591889147474,3466
a20_d1,20.0,1.0,prova2,random,6,0.5833333333333334,Cu,ensemble,unmeasured,0.42280994268581323,,-59.25978793793903,,1437
a20_d1,20.0,1.0,prova2,random,6,0.5833333333333334,Cu,deterministic,footprint,0.5815375882038661,0.5309345320324983,-16.657343837142392,1.3881002452300244,3466
a20_d1,20.0,1.0,prova2,random,6,0.5833333333333334,Cu,deterministic,unmeasured,0.26806554359014967,,-95.33075276770899,,1437
a20_d1,20.0,1.0,prova2,random,6,0.5833333333333334,PbLl,ensemble,footprint,0.7623215427283192,0.5579382002595331,-10.787399392180186,0.9594448147816517,3466
a20_d1,20.0,1.0,prova2,random,6,0.5833333333333334,PbLl,ensemble,unmeasured,0.5710685299827278,,-33.670240757933364,,1437
a20_d1,20.0,1.0,prova2,random,6,0.5833333333333334,PbLl,deterministic,footprint,0.49032342683511787,0.3226931490435582,-19.191803257575103,1.7338589119327592,3466
a20_d1,20.0,1.0,prova2,random,6,0.5833333333333334,PbLl,deterministic,unmeasured,0.2500176918590108,,-94.39914082359081,,1437
a20_d1,20.0,1.0,prova2,random,6,0.5833333333333334,PbLa,ensemble,footprint,0.6729934584654178,0.5249275674495816,-4.5436938959518836,1.178634743255759,3466
a20_d1,20.0,1.0,prova2,random,6,0.5833333333333334,PbLa,ensemble,unmeasured,0.508465657309622,,-36.72586227131746,,1437
a20_d1,20.0,1.0,prova2,random,6,0.5833333333333334,PbLa,deterministic,footprint,0.3166758860492295,0.1885429071472683,-9.90139747779244,2.6163281739159907,3466
a20_d1,20.0,1.0,prova2,random,6,0.5833333333333334,PbLa,deterministic,unmeasured,0.16416821082476693,,-94.85578153733857,,1437
a20_d1,20.0,1.0,prova2,random,6,0.5833333333333334,PbLb,ensemble,footprint,0.6552316654537372,0.5252777257225671,-4.690832596916095,1.1968329988529873,3466
a20_d1,20.0,1.0,prova2,random,6,0.5833333333333334,PbLb,ensemble,unmeasured,0.4793535841109931,,-37.47271523954196,,1437
a20_d1,20.0,1.0,prova2,random,6,0.5833333333333334,PbLb,deterministic,footprint,0.30252134553642535,0.1821723855352375,-9.45836002789151,2.6586728681511453,3466
a20_d1,20.0,1.0,prova2,random,6,0.5833333333333334,PbLb,deterministic,unmeasured,0.1587130898282281,,-94.8824097154631,,1437
a20_d1,20.0,1.0,prova2,random,6,0.5833333333333334,PbLg,ensemble,footprint,0.6469745765782191,0.5180964013795083,-7.6609043956071154,1.191817179957406,3466
a20_d1,20.0,1.0,prova2,random,6,0.5833333333333334,PbLg,ensemble,unmeasured,0.4788086551051704,,-36.46134470916686,,1437
a20_d1,20.0,1.0,prova2,random,6,0.5833333333333334,PbLg,deterministic,footprint,0.29664034014431406,0.17931558860632002,-12.52409097597843,2.697363988444169,3466
a20_d1,20.0,1.0,prova2,random,6,0.5833333333333334,PbLg,deterministic,unmeasured,0.14101122040751224,,-94.84901761658008,,1437
a20_d1,20.0,1.0,prova2,random,7,0.6388888888888888,Ca,ensemble,footprint,0.6870411651457106,0.6303507529730746,-1.7501997516572332,0.9597629301999979,3466
a20_d1,20.0,1.0,prova2,random,7,0.6388888888888888,Ca,ensemble,unmeasured,-0.08609269348372377,,-31.145177330117903,,1240
a20_d1,20.0,1.0,prova2,random,7,0.6388888888888888,Ca,deterministic,footprint,0.5066735506178176,0.4199553144124156,-7.161621586686473,1.895825651821821,3466
a20_d1,20.0,1.0,prova2,random,7,0.6388888888888888,Ca,deterministic,unmeasured,0.1696270966974597,,-94.74173707141553,,1240
a20_d1,20.0,1.0,prova2,random,7,0.6388888888888888,Ti,ensemble,footprint,0.6289093660123402,0.645472148273678,-3.1956215324717263,0.9423827375807903,3466
a20_d1,20.0,1.0,prova2,random,7,0.6388888888888888,Ti,ensemble,unmeasured,0.05673598383528798,,-27.050106267867374,,1240
a20_d1,20.0,1.0,prova2,random,7,0.6388888888888888,Ti,deterministic,footprint,0.35937794963424163,0.32912390362723615,-9.005730691260771,2.2478492596215185,3466
a20_d1,20.0,1.0,prova2,random,7,0.6388888888888888,Ti,deterministic,unmeasured,0.14648850849901138,,-94.58753477193933,,1240
a20_d1,20.0,1.0,prova2,random,7,0.6388888888888888,Fe,ensemble,footprint,0.7544234126650462,0.7444853141591846,-3.6855275239422225,1.0040352544931799,3466
a20_d1,20.0,1.0,prova2,random,7,0.6388888888888888,Fe,ensemble,unmeasured,0.4801021624847987,,-58.91673877188215,,1240
a20_d1,20.0,1.0,prova2,random,7,0.6388888888888888,Fe,deterministic,footprint,0.6580756151726086,0.5553412382241028,-11.682856850212575,1.3162113514151412,3466
a20_d1,20.0,1.0,prova2,random,7,0.6388888888888888,Fe,deterministic,unmeasured,0.15584327864300865,,-95.62685222687652,,1240
a20_d1,20.0,1.0,prova2,random,7,0.6388888888888888,Cu,ensemble,footprint,0.7114220509270985,0.5322158244782597,-9.422600356744958,0.9834063930021256,3466
a20_d1,20.0,1.0,prova2,random,7,0.6388888888888888,Cu,ensemble,unmeasured,0.4339085400563797,,-59.093704390093826,,1240
a20_d1,20.0,1.0,prova2,random,7,0.6388888888888888,Cu,deterministic,footprint,0.595124255313547,0.5854110995098722,-11.50509218575383,1.3043846682577946,3466
a20_d1,20.0,1.0,prova2,random,7,0.6388888888888888,Cu,deterministic,unmeasured,0.2571386549794188,,-95.16641344267607,,1240
a20_d1,20.0,1.0,prova2,random,7,0.6388888888888888,PbLl,ensemble,footprint,0.7917758918584361,0.6058810396221616,-8.005945716405826,0.9493417154410817,3466
a20_d1,20.0,1.0,prova2,random,7,0.6388888888888888,PbLl,ensemble,unmeasured,0.5508319368963147,,-30.288136560748804,,1240
a20_d1,20.0,1.0,prova2,random,7,0.6388888888888888,PbLl,deterministic,footprint,0.5326351698218139,0.3707605949831192,-13.754558589869925,1.6057370960558681,3466
a20_d1,20.0,1.0,prova2,random,7,0.6388888888888888,PbLl,deterministic,unmeasured,0.25908215201032453,,-93.88186892440943,,1240
a20_d1,20.0,1.0,prova2,random,7,0.6388888888888888,PbLa,ensemble,footprint,0.7061565147586472,0.5932107893617494,-2.969307400158494,1.1185089420357337,3466
a20_d1,20.0,1.0,prova2,random,7,0.6388888888888888,PbLa,ensemble,unmeasured,0.49465849541342805,,-33.85435685299306,,1240
a20_d1,20.0,1.0,prova2,random,7,0.6388888888888888,PbLa,deterministic,footprint,0.33190362051643113,0.2414780736379844,-5.001269435264588,2.3576307268565837,3466
a20_d1,20.0,1.0,prova2,random,7,0.6388888888888888,PbLa,deterministic,unmeasured,0.1853346579208112,,-94.34765420798229,,1240
a20_d1,20.0,1.0,prova2,random,7,0.6388888888888888,PbLb,ensemble,footprint,0.6865422124526052,0.5917314464382882,-2.9919563254653503,1.1309393057621808,3466
a20_d1,20.0,1.0,prova2,random,7,0.6388888888888888,PbLb,ensemble,unmeasured,0.46611807927305987,,-34.637788640239215,,1240
a20_d1,20.0,1.0,prova2,random,7,0.6388888888888888,PbLb,deterministic,footprint,0.3148163556629249,0.23318171345695315,-4.907271538086788,2.391332535261868,3466
a20_d1,20.0,1.0,prova2,random,7,0.6388888888888888,PbLb,deterministic,unmeasured,0.18303189555285798,,-94.38077183662158,,1240
a20_d1,20.0,1.0,prova2,random,7,0.6388888888888888,PbLg,ensemble,footprint,0.6789949556740567,0.5778102691179775,-5.110879966931603,1.126958214749421,3466
a20_d1,20.0,1.0,prova2,random,7,0.6388888888888888,PbLg,ensemble,unmeasured,0.4619834810083422,,-33.524705468020336,,1240
a20_d1,20.0,1.0,prova2,random,7,0.6388888888888888,PbLg,deterministic,footprint,0.31002041274486036,0.2295935258510841,-7.505174116024394,2.4266879186336276,3466
a20_d1,20.0,1.0,prova2,random,7,0.6388888888888888,PbLg,deterministic,unmeasured,0.15835740295844025,,-94.34237653162961,,1240
a20_d1,20.0,1.0,prova2,random,8,0.6944444444444444,Ca,ensemble,footprint,0.761197671793044,0.691813922163005,-0.820084514063879,0.9323718421864131,3466
a20_d1,20.0,1.0,prova2,random,8,0.6944444444444444,Ca,ensemble,unmeasured,-0.06946193180487122,,-24.923561466452252,,1049
a20_d1,20.0,1.0,prova2,random,8,0.6944444444444444,Ca,deterministic,footprint,0.5739390447438913,0.4981598202140379,-4.741383398572485,1.7346681405796893,3466
a20_d1,20.0,1.0,prova2,random,8,0.6944444444444444,Ca,deterministic,unmeasured,0.13966187324947968,,-94.6899738060405,,1049
a20_d1,20.0,1.0,prova2,random,8,0.6944444444444444,Ti,ensemble,footprint,0.7133657338318232,0.6997319194639227,-1.8662565984820856,0.9244111535965814,3466
a20_d1,20.0,1.0,prova2,random,8,0.6944444444444444,Ti,ensemble,unmeasured,0.05792020092574524,,-21.954439584526586,,1049
a20_d1,20.0,1.0,prova2,random,8,0.6944444444444444,Ti,deterministic,footprint,0.4241667296852018,0.398872752181602,-6.170591406456838,2.0547000794594212,3466
a20_d1,20.0,1.0,prova2,random,8,0.6944444444444444,Ti,deterministic,unmeasured,0.16238273249297003,,-94.48175341069825,,1049
a20_d1,20.0,1.0,prova2,random,8,0.6944444444444444,Fe,ensemble,footprint,0.8205305483411044,0.7809853957508748,-1.9307405051902204,1.0110790814257677,3466
a20_d1,20.0,1.0,prova2,random,8,0.6944444444444444,Fe,ensemble,unmeasured,0.4734734900210858,,-54.77889664374515,,1049
a20_d1,20.0,1.0,prova2,random,8,0.6944444444444444,Fe,deterministic,footprint,0.7387143568881197,0.6029536985900033,-7.876460249819517,1.2714700554313096,3466
a20_d1,20.0,1.0,prova2,random,8,0.6944444444444444,Fe,deterministic,unmeasured,0.12647340283139805,,-95.37502150467552,,1049
a20_d1,20.0,1.0,prova2,random,8,0.6944444444444444,Cu,ensemble,footprint,0.7656369746802512,0.5745539621368486,-6.376399888559082,0.9651993381056896,3466
a20_d1,20.0,1.0,prova2,random,8,0.6944444444444444,Cu,ensemble,unmeasured,0.45245951820121644,,-55.344801164286174,,1049
a20_d1,20.0,1.0,prova2,random,8,0.6944444444444444,Cu,deterministic,footprint,0.6631869328796238,0.6375473380552209,-7.578708309451487,1.2267278149843406,3466
a20_d1,20.0,1.0,prova2,random,8,0.6944444444444444,Cu,deterministic,unmeasured,0.29381448270549093,,-94.92118963525562,,1049
a20_d1,20.0,1.0,prova2,random,8,0.6944444444444444,PbLl,ensemble,footprint,0.8105525980053332,0.64257372763646,-5.760895928803844,0.9258577776133737,3466
a20_d1,20.0,1.0,prova2,random,8,0.6944444444444444,PbLl,ensemble,unmeasured,0.512145598245183,,-26.498497636617024,,1049
a20_d1,20.0,1.0,prova2,random,8,0.6944444444444444,PbLl,deterministic,footprint,0.5618432630394942,0.4168959310845674,-10.096514367601472,1.485881352508794,3466
a20_d1,20.0,1.0,prova2,random,8,0.6944444444444444,PbLl,deterministic,unmeasured,0.2533909972048314,,-93.91946775145006,,1049
a20_d1,20.0,1.0,prova2,random,8,0.6944444444444444,PbLa,ensemble,footprint,0.7370304767013924,0.6485537845627447,-1.9949786408440584,1.0519933366570997,3466
a20_d1,20.0,1.0,prova2,random,8,0.6944444444444444,PbLa,ensemble,unmeasured,0.45600500826311935,,-30.535564977432976,,1049
a20_d1,20.0,1.0,prova2,random,8,0.6944444444444444,PbLa,deterministic,footprint,0.34402405050499185,0.29686849996426046,-3.193294663319235,2.13257687791191,3466
a20_d1,20.0,1.0,prova2,random,8,0.6944444444444444,PbLa,deterministic,unmeasured,0.18905769259698746,,-94.31584980820848,,1049
a20_d1,20.0,1.0,prova2,random,8,0.6944444444444444,PbLb,ensemble,footprint,0.7167377045859439,0.6460331850681287,-1.9673175172598922,1.0579272338935726,3466
a20_d1,20.0,1.0,prova2,random,8,0.6944444444444444,PbLb,ensemble,unmeasured,0.42959860675526507,,-31.409660006259944,,1049
a20_d1,20.0,1.0,prova2,random,8,0.6944444444444444,PbLb,deterministic,footprint,0.32244564121193686,0.28825284652063266,-3.3214519944776755,2.158170068132789,3466
a20_d1,20.0,1.0,prova2,random,8,0.6944444444444444,PbLb,deterministic,unmeasured,0.18824880809513952,,-94.33017417017703,,1049
a20_d1,20.0,1.0,prova2,random,8,0.6944444444444444,PbLg,ensemble,footprint,0.7128050805727397,0.6242802623224001,-3.4263892433578746,1.056059466558977,3466
a20_d1,20.0,1.0,prova2,random,8,0.6944444444444444,PbLg,ensemble,unmeasured,0.42861966611370445,,-30.1435388478646,,1049
a20_d1,20.0,1.0,prova2,random,8,0.6944444444444444,PbLg,deterministic,footprint,0.3218536295710541,0.28108840335094165,-5.21338422552633,2.1918278633661603,3466
a20_d1,20.0,1.0,prova2,random,8,0.6944444444444444,PbLg,deterministic,unmeasured,0.16550641605921285,,-94.30436226710994,,1049
a20_d1,20.0,1.0,prova2,random,9,0.75,Ca,ensemble,footprint,0.826174868250848,0.7371640155479914,-0.39612644278766984,0.9278995977359207,3466
a20_d1,20.0,1.0,prova2,random,9,0.75,Ca,ensemble,unmeasured,-0.016916720257068744,,-22.89320211970574,,860
a20_d1,20.0,1.0,prova2,random,9,0.75,Ca,deterministic,footprint,0.6029322562130871,0.5314776735300464,-3.469729585486614,1.5948795818231207,3466
a20_d1,20.0,1.0,prova2,random,9,0.75,Ca,deterministic,unmeasured,0.16473568150350654,,-93.54365809893507,,860
a20_d1,20.0,1.0,prova2,random,9,0.75,Ti,ensemble,footprint,0.7916241360779297,0.7417539018572304,-0.8752855273985061,0.8904843212111426,3466
a20_d1,20.0,1.0,prova2,random,9,0.75,Ti,ensemble,unmeasured,0.1285378873011384,,-15.884962850045504,,860
a20_d1,20.0,1.0,prova2,random,9,0.75,Ti,deterministic,footprint,0.49308927712600215,0.45392077099111056,-4.472668519014955,1.8349422744942403,3466
a20_d1,20.0,1.0,prova2,random,9,0.75,Ti,deterministic,unmeasured,0.21216049690546077,,-93.09924652158496,,860
a20_d1,20.0,1.0,prova2,random,9,0.75,Fe,ensemble,footprint,0.910603983957688,0.8277557529290518,-0.3440120398076507,0.9980284871746871,3466
a20_d1,20.0,1.0,prova2,random,9,0.75,Fe,ensemble,unmeasured,0.6591837171295373,,-42.6131744559732,,860
a20_d1,20.0,1.0,prova2,random,9,0.75,Fe,deterministic,footprint,0.8537708610107929,0.6626899147679315,-5.35704723596111,1.1899228759460427,3466
a20_d1,20.0,1.0,prova2,random,9,0.75,Fe,deterministic,unmeasured,0.39637467603196586,,-91.61811613410286,,860
a20_d1,20.0,1.0,prova2,random,9,0.75,Cu,ensemble,footprint,0.7849024999488028,0.6253319885078785,-5.992433008735354,0.9786251601025557,3466
a20_d1,20.0,1.0,prova2,random,9,0.75,Cu,ensemble,unmeasured,0.42446233987347914,,-57.358819285396656,,860
a20_d1,20.0,1.0,prova2,random,9,0.75,Cu,deterministic,footprint,0.6738258013069403,0.6640102417224817,-7.06653156564212,1.2055790898284762,3466
a20_d1,20.0,1.0,prova2,random,9,0.75,Cu,deterministic,unmeasured,0.2703279092666091,,-94.75441179447091,,860
a20_d1,20.0,1.0,prova2,random,9,0.75,PbLl,ensemble,footprint,0.8696793826440827,0.6923352084154966,-4.618671304111144,0.9306523057125246,3466
a20_d1,20.0,1.0,prova2,random,9,0.75,PbLl,ensemble,unmeasured,0.5282549890601538,,-20.127160747774482,,860
a20_d1,20.0,1.0,prova2,random,9,0.75,PbLl,deterministic,footprint,0.6529886198798736,0.4697262400381436,-8.051904129712018,1.3992085388855597,3466
a20_d1,20.0,1.0,prova2,random,9,0.75,PbLl,deterministic,unmeasured,0.2737465388713049,,-93.11424956002296,,860
a20_d1,20.0,1.0,prova2,random,9,0.75,PbLa,ensemble,footprint,0.8533550238961704,0.7226609697163843,-1.493147888752211,1.0178054816665552,3466
a20_d1,20.0,1.0,prova2,random,9,0.75,PbLa,ensemble,unmeasured,0.5422448553477653,,-24.1039475025588,,860
a20_d1,20.0,1.0,prova2,random,9,0.75,PbLa,deterministic,footprint,0.4678747315239317,0.35941448999866293,-2.322945283373068,1.9328613261622427,3466
a20_d1,20.0,1.0,prova2,random,9,0.75,PbLa,deterministic,unmeasured,0.19255133044953707,,-93.23225557250444,,860
a20_d1,20.0,1.0,prova2,random,9,0.75,PbLb,ensemble,footprint,0.8449018900094977,0.7200162540425974,-1.41161374743497,1.0215732346672386,3466
a20_d1,20.0,1.0,prova2,random,9,0.75,PbLb,ensemble,unmeasured,0.5306890250940238,,-24.615398415917408,,860
a20_d1,20.0,1.0,prova2,random,9,0.75,PbLb,deterministic,footprint,0.4578474869668344,0.35199778182430225,-2.5043697559156364,1.9530400696636145,3466
a20_d1,20.0,1.0,prova2,random,9,0.75,PbLb,deterministic,unmeasured,0.19723507848490746,,-93.17358937162061,,860
a20_d1,20.0,1.0,prova2,random,9,0.75,PbLg,ensemble,footprint,0.8333440702148338,0.6912406627863343,-2.5667051632404903,1.0154487305697522,3466
a20_d1,20.0,1.0,prova2,random,9,0.75,PbLg,ensemble,unmeasured,0.5186945698162311,,-23.759488630812914,,860
a20_d1,20.0,1.0,prova2,random,9,0.75,PbLg,deterministic,footprint,0.4434965693742856,0.3389784177601476,-4.0328090169224895,1.980616271371995,3466
a20_d1,20.0,1.0,prova2,random,9,0.75,PbLg,deterministic,unmeasured,0.17214109922209755,,-93.23352369892436,,860
a20_d1,20.0,1.0,prova2,random,10,0.8055555555555556,Ca,ensemble,footprint,0.8743290691752502,0.8097999364699545,0.2769858034300965,0.9146244708577788,3466
a20_d1,20.0,1.0,prova2,random,10,0.8055555555555556,Ca,ensemble,unmeasured,-0.01511157366943193,,-16.39973146267234,,660
a20_d1,20.0,1.0,prova2,random,10,0.8055555555555556,Ca,deterministic,footprint,0.6760757836807018,0.620653466588556,-2.252905952393114,1.434798521165442,3466
a20_d1,20.0,1.0,prova2,random,10,0.8055555555555556,Ca,deterministic,unmeasured,0.17336173373558902,,-92.99314846418588,,660
a20_d1,20.0,1.0,prova2,random,10,0.8055555555555556,Ti,ensemble,footprint,0.8349344480711022,0.8008025039804135,-0.08285136640220347,0.8757207363453853,3466
a20_d1,20.0,1.0,prova2,random,10,0.8055555555555556,Ti,ensemble,unmeasured,0.09276142996545923,,-10.45439869738351,,660
a20_d1,20.0,1.0,prova2,random,10,0.8055555555555556,Ti,deterministic,footprint,0.5414835798416583,0.5388795588507339,-3.030527042572073,1.6238108334695558,3466
a20_d1,20.0,1.0,prova2,random,10,0.8055555555555556,Ti,deterministic,unmeasured,0.17986343282022402,,-92.51995764790206,,660
a20_d1,20.0,1.0,prova2,random,10,0.8055555555555556,Fe,ensemble,footprint,0.9144505410940935,0.8425782554384997,-0.06996184565750685,0.9868490606084169,3466
a20_d1,20.0,1.0,prova2,random,10,0.8055555555555556,Fe,ensemble,unmeasured,0.6507148641636915,,-43.905992075104656,,660
a20_d1,20.0,1.0,prova2,random,10,0.8055555555555556,Fe,deterministic,footprint,0.8558147257907853,0.7148293242537209,-3.6403724575032603,1.1404942241691411,3466
a20_d1,20.0,1.0,prova2,random,10,0.8055555555555556,Fe,deterministic,unmeasured,0.37575486299109856,,-91.18981943059597,,660
a20_d1,20.0,1.0,prova2,random,10,0.8055555555555556,Cu,ensemble,footprint,0.8287419554869826,0.6757859901581541,-4.215574870249461,0.9547302963657127,3466
a20_d1,20.0,1.0,prova2,random,10,0.8055555555555556,Cu,ensemble,unmeasured,0.42075489450586867,,-54.333529849606826,,660
a20_d1,20.0,1.0,prova2,random,10,0.8055555555555556,Cu,deterministic,footprint,0.7410929432136251,0.7341947397646926,-4.421504869807502,1.1152564849081,3466
a20_d1,20.0,1.0,prova2,random,10,0.8055555555555556,Cu,deterministic,unmeasured,0.28528724497227204,,-94.65920952546041,,660
a20_d1,20.0,1.0,prova2,random,10,0.8055555555555556,PbLl,ensemble,footprint,0.8904232704649618,0.7380315448221731,-2.8739043678559284,0.9115064276684429,3466
a20_d1,20.0,1.0,prova2,random,10,0.8055555555555556,PbLl,ensemble,unmeasured,0.5356027222877243,,-11.905006697829775,,660
a20_d1,20.0,1.0,prova2,random,10,0.8055555555555556,PbLl,deterministic,footprint,0.710324294426031,0.5552374755636181,-5.507664226949959,1.2602308922935626,3466
a20_d1,20.0,1.0,prova2,random,10,0.8055555555555556,PbLl,deterministic,unmeasured,0.32648191968479856,,-92.00856518272022,,660
a20_d1,20.0,1.0,prova2,random,10,0.8055555555555556,PbLa,ensemble,footprint,0.8925754486189079,0.8057179294406391,-0.7875732276326319,0.9853772761275482,3466
a20_d1,20.0,1.0,prova2,random,10,0.8055555555555556,PbLa,ensemble,unmeasured,0.5489758927882973,,-18.53816297865093,,660
a20_d1,20.0,1.0,prova2,random,10,0.8055555555555556,PbLa,deterministic,footprint,0.5276232434291518,0.47500063194457626,-1.4433784146108186,1.6980199952099322,3466
a20_d1,20.0,1.0,prova2,random,10,0.8055555555555556,PbLa,deterministic,unmeasured,0.24687035642364893,,-92.33521721139138,,660
a20_d1,20.0,1.0,prova2,random,10,0.8055555555555556,PbLb,ensemble,footprint,0.8867567221355008,0.8007744839859049,-0.8198671383651157,0.9881837647645519,3466
a20_d1,20.0,1.0,prova2,random,10,0.8055555555555556,PbLb,ensemble,unmeasured,0.5422023958417788,,-19.315412898154776,,660
a20_d1,20.0,1.0,prova2,random,10,0.8055555555555556,PbLb,deterministic,footprint,0.5141171157239987,0.46801663509190383,-1.6489907297521977,1.7144789776087872,3466
a20_d1,20.0,1.0,prova2,random,10,0.8055555555555556,PbLb,deterministic,unmeasured,0.25228134499155813,,-92.26728883556919,,660
a20_d1,20.0,1.0,prova2,random,10,0.8055555555555556,PbLg,ensemble,footprint,0.8751902955134513,0.7633415677241797,-1.4125616772884708,0.9804806356814335,3466
a20_d1,20.0,1.0,prova2,random,10,0.8055555555555556,PbLg,ensemble,unmeasured,0.5342986293186602,,-18.078794832031647,,660
a20_d1,20.0,1.0,prova2,random,10,0.8055555555555556,PbLg,deterministic,footprint,0.5029181423771014,0.4421092360659152,-2.909606622778216,1.7349347469808212,3466
a20_d1,20.0,1.0,prova2,random,10,0.8055555555555556,PbLg,deterministic,unmeasured,0.22308099116443286,,-92.34041631576187,,660
a20_d1,20.0,1.0,prova2,random,11,0.8611111111111112,Ca,ensemble,footprint,0.9088406506801371,0.8527272247398409,0.5294432974829899,0.9235014998067667,3466
a20_d1,20.0,1.0,prova2,random,11,0.8611111111111112,Ca,ensemble,unmeasured,0.0210597656618943,,-17.370768565872755,,467
a20_d1,20.0,1.0,prova2,random,11,0.8611111111111112,Ca,deterministic,footprint,0.7097909610739414,0.6991548686688205,-1.4091627838005438,1.2966129772824442,3466
a20_d1,20.0,1.0,prova2,random,11,0.8611111111111112,Ca,deterministic,unmeasured,0.19382216893048865,,-93.88941442551678,,467
a20_d1,20.0,1.0,prova2,random,11,0.8611111111111112,Ti,ensemble,footprint,0.8710026945305875,0.8407811038679793,0.6106025574287299,0.8735056673200067,3466
a20_d1,20.0,1.0,prova2,random,11,0.8611111111111112,Ti,ensemble,unmeasured,0.06563690622407872,,-7.681633131939563,,467
a20_d1,20.0,1.0,prova2,random,11,0.8611111111111112,Ti,deterministic,footprint,0.6017482293304263,0.6494270123938017,-1.9108499974469617,1.42437366639283,3466
a20_d1,20.0,1.0,prova2,random,11,0.8611111111111112,Ti,deterministic,unmeasured,0.23566573446548564,,-93.3873737374715,,467
a20_d1,20.0,1.0,prova2,random,11,0.8611111111111112,Fe,ensemble,footprint,0.9303993604545215,0.8839812688142786,0.7537478081228066,0.962847235956386,3466
a20_d1,20.0,1.0,prova2,random,11,0.8611111111111112,Fe,ensemble,unmeasured,0.6614872739462531,,-41.293066738976506,,467
a20_d1,20.0,1.0,prova2,random,11,0.8611111111111112,Fe,deterministic,footprint,0.8800643491475968,0.794088268436122,-1.7679811900119802,1.0651722946091158,3466
a20_d1,20.0,1.0,prova2,random,11,0.8611111111111112,Fe,deterministic,unmeasured,0.34721936118890945,,-92.11785956277424,,467
a20_d1,20.0,1.0,prova2,random,11,0.8611111111111112,Cu,ensemble,footprint,0.886340923657588,0.7548732966440136,-3.3058167960007045,0.9803301129749067,3466
a20_d1,20.0,1.0,prova2,random,11,0.8611111111111112,Cu,ensemble,unmeasured,0.48559603525849987,,-55.26505934674737,,467
a20_d1,20.0,1.0,prova2,random,11,0.8611111111111112,Cu,deterministic,footprint,0.8087835568020285,0.7860336959045325,-3.3796475161504524,1.0853775885286967,3466
a20_d1,20.0,1.0,prova2,random,11,0.8611111111111112,Cu,deterministic,unmeasured,0.2954675503934281,,-95.07423144401952,,467
a20_d1,20.0,1.0,prova2,random,11,0.8611111111111112,PbLl,ensemble,footprint,0.9130201395476716,0.7748320788045754,-2.053785774617678,0.9189956843559027,3466
a20_d1,20.0,1.0,prova2,random,11,0.8611111111111112,PbLl,ensemble,unmeasured,0.523740033240796,,-6.47240441417133,,467
a20_d1,20.0,1.0,prova2,random,11,0.8611111111111112,PbLl,deterministic,footprint,0.7763781662667304,0.6359539368421068,-3.6889159235435676,1.1580024089868195,3466
a20_d1,20.0,1.0,prova2,random,11,0.8611111111111112,PbLl,deterministic,unmeasured,0.32599376959682436,,-93.09507902684841,,467
a20_d1,20.0,1.0,prova2,random,11,0.8611111111111112,PbLa,ensemble,footprint,0.9317184488502729,0.8612830709004713,-0.5071941798914459,0.9781797653938693,3466
a20_d1,20.0,1.0,prova2,random,11,0.8611111111111112,PbLa,ensemble,unmeasured,0.5459034442162506,,-13.60933680360978,,467
a20_d1,20.0,1.0,prova2,random,11,0.8611111111111112,PbLa,deterministic,footprint,0.636755595871668,0.599760539033326,-0.9213554080148789,1.5009217051372326,3466
a20_d1,20.0,1.0,prova2,random,11,0.8611111111111112,PbLa,deterministic,unmeasured,0.24686544279769002,,-93.42523991852558,,467
a20_d1,20.0,1.0,prova2,random,11,0.8611111111111112,PbLb,ensemble,footprint,0.9292828699669735,0.856384114679394,-0.4635722632247208,0.9804411714412786,3466
a20_d1,20.0,1.0,prova2,random,11,0.8611111111111112,PbLb,ensemble,unmeasured,0.537967519600409,,-14.22846875326961,,467
a20_d1,20.0,1.0,prova2,random,11,0.8611111111111112,PbLb,deterministic,footprint,0.6295168848452698,0.5943023223469313,-1.027075566967095,1.514326346073156,3466
a20_d1,20.0,1.0,prova2,random,11,0.8611111111111112,PbLb,deterministic,unmeasured,0.2566114464394552,,-93.36639826436658,,467
a20_d1,20.0,1.0,prova2,random,11,0.8611111111111112,PbLg,ensemble,footprint,0.9162781803530046,0.8167633510089027,-0.6816200255331806,0.9716403181733929,3466
a20_d1,20.0,1.0,prova2,random,11,0.8611111111111112,PbLg,ensemble,unmeasured,0.5379214754253556,,-12.967092273366047,,467
a20_d1,20.0,1.0,prova2,random,11,0.8611111111111112,PbLg,deterministic,footprint,0.6143897106821586,0.5667159295561984,-1.7123527568173147,1.5271269775772927,3466
a20_d1,20.0,1.0,prova2,random,11,0.8611111111111112,PbLg,deterministic,unmeasured,0.22478085845251958,,-93.34442767540611,,467
a20_d1,20.0,1.0,prova2,random,12,0.9166666666666666,Ca,ensemble,footprint,0.9563440029213494,0.9101433601078158,0.82061663433457,0.9307921951686868,3466
a20_d1,20.0,1.0,prova2,random,12,0.9166666666666666,Ca,ensemble,unmeasured,0.26230909567564337,,-8.538054428802836,,278
a20_d1,20.0,1.0,prova2,random,12,0.9166666666666666,Ca,deterministic,footprint,0.8179932471674997,0.8007120935938149,-0.6251953368253016,1.1497512337486435,3466
a20_d1,20.0,1.0,prova2,random,12,0.9166666666666666,Ca,deterministic,unmeasured,0.3368555587129327,,-93.85310679121879,,278
a20_d1,20.0,1.0,prova2,random,12,0.9166666666666666,Ti,ensemble,footprint,0.9123664765896914,0.8776871727839954,0.8874334811252549,0.8847136807043721,3466
a20_d1,20.0,1.0,prova2,random,12,0.9166666666666666,Ti,ensemble,unmeasured,0.03373506925050481,,3.99677914652502,,278
a20_d1,20.0,1.0,prova2,random,12,0.9166666666666666,Ti,deterministic,footprint,0.7413848576757563,0.7636969321958529,-0.863483660066966,1.2206638916570112,3466
a20_d1,20.0,1.0,prova2,random,12,0.9166666666666666,Ti,deterministic,unmeasured,0.2956587741603045,,-93.33992688689797,,278
a20_d1,20.0,1.0,prova2,random,12,0.9166666666666666,Fe,ensemble,footprint,0.9883843909398241,0.9349465502628758,1.2182895290169693,0.9734034305612576,3466
a20_d1,20.0,1.0,prova2,random,12,0.9166666666666666,Fe,ensemble,unmeasured,0.5893406922976794,,-6.5211339603813565,,278
a20_d1,20.0,1.0,prova2,random,12,0.9166666666666666,Fe,deterministic,footprint,0.976809793720402,0.8803872474797738,-0.4052481898959681,1.0238731948716642,3466
a20_d1,20.0,1.0,prova2,random,12,0.9166666666666666,Fe,deterministic,unmeasured,0.38781147627402296,,-92.31128719995787,,278
a20_d1,20.0,1.0,prova2,random,12,0.9166666666666666,Cu,ensemble,footprint,0.9185704827413885,0.8198054800157067,-2.333327128471274,0.9703491257918802,3466
a20_d1,20.0,1.0,prova2,random,12,0.9166666666666666,Cu,ensemble,unmeasured,0.4718410008690057,,-55.30035924877714,,278
a20_d1,20.0,1.0,prova2,random,12,0.9166666666666666,Cu,deterministic,footprint,0.8526059693777365,0.8298963746988021,-1.96445074989271,1.0316895217226192,3466
a20_d1,20.0,1.0,prova2,random,12,0.9166666666666666,Cu,deterministic,unmeasured,0.2559578644873641,,-95.74166846168971,,278
a20_d1,20.0,1.0,prova2,random,12,0.9166666666666666,PbLl,ensemble,footprint,0.9329927521812533,0.8155856405157659,-1.8810175818432917,0.9289317395256729,3466
a20_d1,20.0,1.0,prova2,random,12,0.9166666666666666,PbLl,ensemble,unmeasured,0.2955021696790584,,-3.643101754479198,,278
a20_d1,20.0,1.0,prova2,random,12,0.9166666666666666,PbLl,deterministic,footprint,0.8296451783170484,0.7163964594463765,-2.2395286017202087,1.0718253996486655,3466
a20_d1,20.0,1.0,prova2,random,12,0.9166666666666666,PbLl,deterministic,unmeasured,0.2768272315526237,,-93.87254849297705,,278
a20_d1,20.0,1.0,prova2,random,12,0.9166666666666666,PbLa,ensemble,footprint,0.9630810065147729,0.915227125058952,-0.2753251749122665,0.9640516029433682,3466
a20_d1,20.0,1.0,prova2,random,12,0.9166666666666666,PbLa,ensemble,unmeasured,0.4758402718042189,,-9.771940838531432,,278
a20_d1,20.0,1.0,prova2,random,12,0.9166666666666666,PbLa,deterministic,footprint,0.7137544160199158,0.736865104381208,-0.37631937056310516,1.2942185132865214,3466
a20_d1,20.0,1.0,prova2,random,12,0.9166666666666666,PbLa,deterministic,unmeasured,0.24170095755222448,,-94.13638312137132,,278
a20_d1,20.0,1.0,prova2,random,12,0.9166666666666666,PbLb,ensemble,footprint,0.961525924040734,0.9117256465847032,-0.20607463544242144,0.9619728932591074,3466
a20_d1,20.0,1.0,prova2,random,12,0.9166666666666666,PbLb,ensemble,unmeasured,0.498643759034593,,-9.877087270814638,,278
a20_d1,20.0,1.0,prova2,random,12,0.9166666666666666,PbLb,deterministic,footprint,0.708518311913573,0.7323256464246534,-0.5720002036992966,1.2999762114193325,3466
a20_d1,20.0,1.0,prova2,random,12,0.9166666666666666,PbLb,deterministic,unmeasured,0.26239021776034327,,-94.06037303453645,,278
a20_d1,20.0,1.0,prova2,random,12,0.9166666666666666,PbLg,ensemble,footprint,0.947038824307965,0.8674269335581515,-0.11469407133968268,0.9519558560078946,3466
a20_d1,20.0,1.0,prova2,random,12,0.9166666666666666,PbLg,ensemble,unmeasured,0.46521678329954624,,-8.898734123435279,,278
a20_d1,20.0,1.0,prova2,random,12,0.9166666666666666,PbLg,deterministic,footprint,0.6888847865630763,0.6979469450792343,-0.741448115499721,1.306822994840645,3466
a20_d1,20.0,1.0,prova2,random,12,0.9166666666666666,PbLg,deterministic,unmeasured,0.2104869758930558,,-94.11654917619093,,278
a20_d1,20.0,1.0,prova2,random,13,0.9722222222222222,Ca,ensemble,footprint,0.9766564990991407,0.9445866815947367,0.9200773701580012,0.9430467654484193,3466
a20_d1,20.0,1.0,prova2,random,13,0.9722222222222222,Ca,ensemble,unmeasured,0.5149950062031344,,-15.566500405451087,,99
a20_d1,20.0,1.0,prova2,random,13,0.9722222222222222,Ca,deterministic,footprint,0.8956455350327002,0.8685414132990688,0.003869773193820869,1.0005964621485994,3466
a20_d1,20.0,1.0,prova2,random,13,0.9722222222222222,Ca,deterministic,unmeasured,0.4482089812118944,,-90.2750885819515,,99
a20_d1,20.0,1.0,prova2,random,13,0.9722222222222222,Ti,ensemble,footprint,0.9621539967396293,0.9122357876076882,0.838952366852519,0.9202463444680614,3466
a20_d1,20.0,1.0,prova2,random,13,0.9722222222222222,Ti,ensemble,unmeasured,0.405318800588845,,2.5662145093917275,,99
a20_d1,20.0,1.0,prova2,random,13,0.9722222222222222,Ti,deterministic,footprint,0.8634554728294714,0.8397691782033784,-0.06423041664495033,1.0203556658926485,3466
a20_d1,20.0,1.0,prova2,random,13,0.9722222222222222,Ti,deterministic,unmeasured,0.5687492361422466,,-90.04292389639531,,99
a20_d1,20.0,1.0,prova2,random,13,0.9722222222222222,Fe,ensemble,footprint,0.9930402551054235,0.955678529501249,1.1346422604441742,0.9724293087535142,3466
a20_d1,20.0,1.0,prova2,random,13,0.9722222222222222,Fe,ensemble,unmeasured,0.6995801995253705,,8.577569611411164,,99
a20_d1,20.0,1.0,prova2,random,13,0.9722222222222222,Fe,deterministic,footprint,0.988174843277488,0.930559290074725,0.5672115743995176,0.9819672886259745,3466
a20_d1,20.0,1.0,prova2,random,13,0.9722222222222222,Fe,deterministic,unmeasured,0.7340046440256454,,-87.47169022380882,,99
a20_d1,20.0,1.0,prova2,random,13,0.9722222222222222,Cu,ensemble,footprint,0.9563244285216083,0.9117535343746215,-1.1219387205457565,0.9644052187369578,3466
a20_d1,20.0,1.0,prova2,random,13,0.9722222222222222,Cu,ensemble,unmeasured,0.6632662025485081,,-60.1958690487621,,99
a20_d1,20.0,1.0,prova2,random,13,0.9722222222222222,Cu,deterministic,footprint,0.9175618555176496,0.8741722945588785,-0.7005589758417807,0.9695534780318502,3466
a20_d1,20.0,1.0,prova2,random,13,0.9722222222222222,Cu,deterministic,unmeasured,0.12634718755613775,,-94.21990487236008,,99
a20_d1,20.0,1.0,prova2,random,13,0.9722222222222222,PbLl,ensemble,footprint,0.9570991790246575,0.8557243994772309,-1.8806964016393923,0.9385645645591881,3466
a20_d1,20.0,1.0,prova2,random,13,0.9722222222222222,PbLl,ensemble,unmeasured,0.26577256301213575,,-3.2376785022475483,,99
a20_d1,20.0,1.0,prova2,random,13,0.9722222222222222,PbLl,deterministic,footprint,0.9098364050165827,0.7884479407088418,-0.7804124881314545,0.96801661819505,3466
a20_d1,20.0,1.0,prova2,random,13,0.9722222222222222,PbLl,deterministic,unmeasured,-0.1760333013209136,,-93.19599952907251,,99
a20_d1,20.0,1.0,prova2,random,13,0.9722222222222222,PbLa,ensemble,footprint,0.9841184752817106,0.9534619932361174,-0.20131778148513302,0.9600750228210826,3466
a20_d1,20.0,1.0,prova2,random,13,0.9722222222222222,PbLa,ensemble,unmeasured,0.12970599191663035,,-6.008843691155253,,99
a20_d1,20.0,1.0,prova2,random,13,0.9722222222222222,PbLa,deterministic,footprint,0.8721131947094651,0.8500782877447037,-0.045439678787206894,1.06794742382767,3466
a20_d1,20.0,1.0,prova2,random,13,0.9722222222222222,PbLa,deterministic,unmeasured,-0.23109655123559955,,-93.13713412296286,,99
a20_d1,20.0,1.0,prova2,random,13,0.9722222222222222,PbLb,ensemble,footprint,0.9824228091909698,0.9491615836932795,-0.06549103449444704,0.9579530472750223,3466
a20_d1,20.0,1.0,prova2,random,13,0.9722222222222222,PbLb,ensemble,unmeasured,0.0670996068384203,,-5.871229475740666,,99
a20_d1,20.0,1.0,prova2,random,13,0.9722222222222222,PbLb,deterministic,footprint,0.8696491225051517,0.8464108892770438,-0.07927371219134116,1.0692427349857012,3466
a20_d1,20.0,1.0,prova2,random,13,0.9722222222222222,PbLb,deterministic,unmeasured,-0.20393846021078477,,-93.09464182124422,,99
a20_d1,20.0,1.0,prova2,random,13,0.9722222222222222,PbLg,ensemble,footprint,0.967668124617576,0.9026487480662762,0.054588039785086195,0.9460818775996702,3466
a20_d1,20.0,1.0,prova2,random,13,0.9722222222222222,PbLg,ensemble,unmeasured,0.06941358903727825,,-4.242108603674872,,99
a20_d1,20.0,1.0,prova2,random,13,0.9722222222222222,PbLg,deterministic,footprint,0.8525624165395189,0.8071868522309525,-0.12647570767412297,1.0659258779699778,3466
a20_d1,20.0,1.0,prova2,random,13,0.9722222222222222,PbLg,deterministic,unmeasured,-0.20752403974422234,,-92.96773104997226,,99
a20_d1,20.0,1.0,prova2,random,14,1.0,Ca,ensemble,footprint,0.9889729376060789,0.9719979720008657,1.115957861796013,0.9491910162503959,3466
a20_d1,20.0,1.0,prova2,random,14,1.0,Ca,deterministic,footprint,0.9813573933419211,0.9535779135329836,0.2904054703203762,0.921551486895102,3466
a20_d1,20.0,1.0,prova2,random,14,1.0,Ti,ensemble,footprint,0.9708284134509142,0.928065980592545,0.8421205043814606,0.9278947943706858,3466
a20_d1,20.0,1.0,prova2,random,14,1.0,Ti,deterministic,footprint,0.9628936217890628,0.9117357502375151,0.4376577689078509,0.8977437773721066,3466
a20_d1,20.0,1.0,prova2,random,14,1.0,Fe,ensemble,footprint,0.9940158382466374,0.9642303900971969,1.0187592657517675,0.975603582578178,3466
a20_d1,20.0,1.0,prova2,random,14,1.0,Fe,deterministic,footprint,0.9914447099754888,0.9575457464927041,1.3343843114056897,0.9618016723547146,3466
a20_d1,20.0,1.0,prova2,random,14,1.0,Cu,ensemble,footprint,0.9892237951537033,0.9626207553730909,-0.5526074650366586,0.9621533285054844,3466
a20_d1,20.0,1.0,prova2,random,14,1.0,Cu,deterministic,footprint,0.9829319733808553,0.9462789478825163,-0.09742901467171272,0.9391951260734114,3466
a20_d1,20.0,1.0,prova2,random,14,1.0,PbLl,ensemble,footprint,0.9635776137896305,0.8789893319982072,-1.9311774099048828,0.9404042928559861,3466
a20_d1,20.0,1.0,prova2,random,14,1.0,PbLl,deterministic,footprint,0.9571198729575958,0.8618245605851178,0.05040277520320657,0.9049892458296378,3466
a20_d1,20.0,1.0,prova2,random,14,1.0,PbLa,ensemble,footprint,0.9933477732387324,0.9795433363570297,-0.1802733101666787,0.9618103332355,3466
a20_d1,20.0,1.0,prova2,random,14,1.0,PbLa,deterministic,footprint,0.9864064679611485,0.9611442786857111,0.18343726488945222,0.9310914521590534,3466
a20_d1,20.0,1.0,prova2,random,14,1.0,PbLb,ensemble,footprint,0.9926560252680748,0.9766636147003096,-0.01949361636073288,0.9606171293365212,3466
a20_d1,20.0,1.0,prova2,random,14,1.0,PbLb,deterministic,footprint,0.9858462570569066,0.9583175902475468,0.1197389959673778,0.9290253599473648,3466
a20_d1,20.0,1.0,prova2,random,14,1.0,PbLg,ensemble,footprint,0.9775202628504063,0.9270515540664274,0.05670564362927344,0.9481960490998386,3466
a20_d1,20.0,1.0,prova2,random,14,1.0,PbLg,deterministic,footprint,0.9711977379479029,0.9099689746506672,0.20057351307314342,0.9187903429579636,3466
a20_d1,20.0,1.0,prova2,raster,0,0.25,Ca,ensemble,footprint,0.3874467852332068,0.2857163017539102,-36.56544346309948,1.3702406811418755,3466
a20_d1,20.0,1.0,prova2,raster,0,0.25,Ca,ensemble,unmeasured,-0.12501440359547117,,-52.187941811364674,,2591
a20_d1,20.0,1.0,prova2,raster,0,0.25,Ca,deterministic,footprint,0.38818767953293154,0.1435723590509726,-100.0,3.926946412367908,3466
a20_d1,20.0,1.0,prova2,raster,0,0.25,Ca,deterministic,unmeasured,0.1316180605727167,,-97.93550570251816,,2591
a20_d1,20.0,1.0,prova2,raster,0,0.25,Ti,ensemble,footprint,0.25490355360474276,0.28717189113810987,-36.30016048707918,1.4190959759446127,3466
a20_d1,20.0,1.0,prova2,raster,0,0.25,Ti,ensemble,unmeasured,-0.03598982554237313,,-49.97575785901187,,2591
a20_d1,20.0,1.0,prova2,raster,0,0.25,Ti,deterministic,footprint,0.21069730133818537,0.08075127664766947,-100.0,4.880496741201949,3466
a20_d1,20.0,1.0,prova2,raster,0,0.25,Ti,deterministic,unmeasured,0.05144303737389994,,-98.05846187127811,,2591
a20_d1,20.0,1.0,prova2,raster,0,0.25,Fe,ensemble,footprint,0.3750902482513154,0.4939013998576065,-30.208749347309173,1.114047726628152,3466
a20_d1,20.0,1.0,prova2,raster,0,0.25,Fe,ensemble,unmeasured,0.06851891210256314,,-71.79030912013769,,2591
a20_d1,20.0,1.0,prova2,raster,0,0.25,Fe,deterministic,footprint,0.3314943980036084,0.21703964647984364,-100.0,2.262846528570064,3466
a20_d1,20.0,1.0,prova2,raster,0,0.25,Fe,deterministic,unmeasured,0.09750259756732312,,-98.36477031062846,,2591
a20_d1,20.0,1.0,prova2,raster,0,0.25,Cu,ensemble,footprint,0.4088539423749201,0.19400840682588932,-71.14196723936617,1.2053572683769274,3466
a20_d1,20.0,1.0,prova2,raster,0,0.25,Cu,ensemble,unmeasured,0.27662910664910134,,-73.49280626197147,,2591
a20_d1,20.0,1.0,prova2,raster,0,0.25,Cu,deterministic,footprint,0.3184613560668353,0.28831748231778026,-100.0,2.3072206326397393,3466
a20_d1,20.0,1.0,prova2,raster,0,0.25,Cu,deterministic,unmeasured,0.1745822387514942,,-98.12724554249188,,2591
a20_d1,20.0,1.0,prova2,raster,0,0.25,PbLl,ensemble,footprint,0.47363641358665315,0.28242171843371794,-47.4923048561827,1.2325765372328605,3466
a20_d1,20.0,1.0,prova2,raster,0,0.25,PbLl,ensemble,unmeasured,0.41326099465355315,,-58.22332761109478,,2591
a20_d1,20.0,1.0,prova2,raster,0,0.25,PbLl,deterministic,footprint,0.223907513207542,0.10625019053849179,-100.0,3.2841122553798208,3466
a20_d1,20.0,1.0,prova2,raster,0,0.25,PbLl,deterministic,unmeasured,0.1736008725704516,,-97.72280808232145,,2591
a20_d1,20.0,1.0,prova2,raster,0,0.25,PbLa,ensemble,footprint,0.3435573636297702,0.20232200988366253,-48.02532612248134,1.6688301173871793,3466
a20_d1,20.0,1.0,prova2,raster,0,0.25,PbLa,ensemble,unmeasured,0.3952740914170776,,-57.78280033747546,,2591
a20_d1,20.0,1.0,prova2,raster,0,0.25,PbLa,deterministic,footprint,0.05391351106126422,0.020664371226328568,-100.0,5.116992474304335,3466
a20_d1,20.0,1.0,prova2,raster,0,0.25,PbLa,deterministic,unmeasured,0.1182713799937308,,-97.93390344614846,,2591
a20_d1,20.0,1.0,prova2,raster,0,0.25,PbLb,ensemble,footprint,0.31938554050469065,0.1958903517408627,-48.186301532327256,1.6950510298160386,3466
a20_d1,20.0,1.0,prova2,raster,0,0.25,PbLb,ensemble,unmeasured,0.36963819588615615,,-58.01059750355055,,2591
a20_d1,20.0,1.0,prova2,raster,0,0.25,PbLb,deterministic,footprint,0.0401462986065823,0.016438348175542274,-100.0,5.197338435982161,3466
a20_d1,20.0,1.0,prova2,raster,0,0.25,PbLb,deterministic,unmeasured,0.11245603727320279,,-97.9506031586837,,2591
a20_d1,20.0,1.0,prova2,raster,0,0.25,PbLg,ensemble,footprint,0.3188814111354717,0.20824973766930371,-47.90675302895646,1.7109661363170772,3466
a20_d1,20.0,1.0,prova2,raster,0,0.25,PbLg,ensemble,unmeasured,0.36488076764369304,,-57.491908379161394,,2591
a20_d1,20.0,1.0,prova2,raster,0,0.25,PbLg,deterministic,footprint,0.040737477054096645,0.021390955884221432,-100.0,5.294447719528088,3466
a20_d1,20.0,1.0,prova2,raster,0,0.25,PbLg,deterministic,unmeasured,0.09991430067393216,,-97.94186349982978,,2591
a20_d1,20.0,1.0,prova2,raster,1,0.3055555555555556,Ca,ensemble,footprint,0.39203095604658705,0.3040670517839528,-27.959308519087443,1.3034584615156941,3466
a20_d1,20.0,1.0,prova2,raster,1,0.3055555555555556,Ca,ensemble,unmeasured,-0.1389766857606547,,-50.104666956233736,,2411
a20_d1,20.0,1.0,prova2,raster,1,0.3055555555555556,Ca,deterministic,footprint,0.3865244024587841,0.15158633910061933,-100.0,3.4589651806536277,3466
a20_d1,20.0,1.0,prova2,raster,1,0.3055555555555556,Ca,deterministic,unmeasured,0.13877570409937837,,-97.69768501781684,,2411
a20_d1,20.0,1.0,prova2,raster,1,0.3055555555555556,Ti,ensemble,footprint,0.22686933563562195,0.3025632450468935,-29.76511603724439,1.3374980409788715,3466
a20_d1,20.0,1.0,prova2,raster,1,0.3055555555555556,Ti,ensemble,unmeasured,-0.06885685810281592,,-48.44998875179492,,2411
a20_d1,20.0,1.0,prova2,raster,1,0.3055555555555556,Ti,deterministic,footprint,0.16903907300759993,0.08155870458253242,-100.0,4.3063995650602,3466
a20_d1,20.0,1.0,prova2,raster,1,0.3055555555555556,Ti,deterministic,unmeasured,0.046587329953230776,,-97.86887805519095,,2411
a20_d1,20.0,1.0,prova2,raster,1,0.3055555555555556,Fe,ensemble,footprint,0.37118899390050136,0.49894102488015407,-25.94115250017339,1.087944897463893,3466
a20_d1,20.0,1.0,prova2,raster,1,0.3055555555555556,Fe,ensemble,unmeasured,0.032247864336519876,,-71.97113430528373,,2411
a20_d1,20.0,1.0,prova2,raster,1,0.3055555555555556,Fe,deterministic,footprint,0.318608856212272,0.23394834636118544,-100.0,2.127116019789791,3466
a20_d1,20.0,1.0,prova2,raster,1,0.3055555555555556,Fe,deterministic,unmeasured,0.08800938124970109,,-98.31136290592833,,2411
a20_d1,20.0,1.0,prova2,raster,1,0.3055555555555556,Cu,ensemble,footprint,0.41338728028059646,0.2072865231758033,-61.68784338268964,1.1162256394902208,3466
a20_d1,20.0,1.0,prova2,raster,1,0.3055555555555556,Cu,ensemble,unmeasured,0.2599889819604237,,-71.77053466491851,,2411
a20_d1,20.0,1.0,prova2,raster,1,0.3055555555555556,Cu,deterministic,footprint,0.3270185799920794,0.3007474046695066,-100.0,1.9556964956584666,3466
a20_d1,20.0,1.0,prova2,raster,1,0.3055555555555556,Cu,deterministic,unmeasured,0.17378766836027526,,-97.92765688203535,,2411
a20_d1,20.0,1.0,prova2,raster,1,0.3055555555555556,PbLl,ensemble,footprint,0.5090509634140664,0.2773614349200316,-40.6592645680782,1.1825019645537915,3466
a20_d1,20.0,1.0,prova2,raster,1,0.3055555555555556,PbLl,ensemble,unmeasured,0.4629179669991524,,-55.66269684889296,,2411
a20_d1,20.0,1.0,prova2,raster,1,0.3055555555555556,PbLl,deterministic,footprint,0.2458792762501046,0.10151393190468373,-100.0,2.850806299195778,3466
a20_d1,20.0,1.0,prova2,raster,1,0.3055555555555556,PbLl,deterministic,unmeasured,0.18726149658091146,,-97.3958609141496,,2411
a20_d1,20.0,1.0,prova2,raster,1,0.3055555555555556,PbLa,ensemble,footprint,0.35294073833870726,0.1807913385110827,-42.16515763103358,1.5938018707029946,3466
a20_d1,20.0,1.0,prova2,raster,1,0.3055555555555556,PbLa,ensemble,unmeasured,0.4192172201266394,,-55.97241783632084,,2411
a20_d1,20.0,1.0,prova2,raster,1,0.3055555555555556,PbLa,deterministic,footprint,0.048720087677973666,0.014015447990119131,-100.0,4.492545202804946,3466
a20_d1,20.0,1.0,prova2,raster,1,0.3055555555555556,PbLa,deterministic,unmeasured,0.12292730555702938,,-97.6929274214773,,2411
a20_d1,20.0,1.0,prova2,raster,1,0.3055555555555556,PbLb,ensemble,footprint,0.32223925021202154,0.1777509805885634,-41.43859497165383,1.6154077745128554,3466
a20_d1,20.0,1.0,prova2,raster,1,0.3055555555555556,PbLb,ensemble,unmeasured,0.3876225159869395,,-56.32850738796639,,2411
a20_d1,20.0,1.0,prova2,raster,1,0.3055555555555556,PbLb,deterministic,footprint,0.029039665044684252,0.01103549787081251,-100.0,4.563632708279941,3466
a20_d1,20.0,1.0,prova2,raster,1,0.3055555555555556,PbLb,deterministic,unmeasured,0.11659608847009724,,-97.71467818179156,,2411
a20_d1,20.0,1.0,prova2,raster,1,0.3055555555555556,PbLg,ensemble,footprint,0.335789347759686,0.19961896397419254,-41.34457314413095,1.6399999603914126,3466
a20_d1,20.0,1.0,prova2,raster,1,0.3055555555555556,PbLg,ensemble,unmeasured,0.38968447952390006,,-55.599101474232214,,2411
a20_d1,20.0,1.0,prova2,raster,1,0.3055555555555556,PbLg,deterministic,footprint,0.04685581376772709,0.019497203970630372,-100.0,4.654550907686479,3466
a20_d1,20.0,1.0,prova2,raster,1,0.3055555555555556,PbLg,deterministic,unmeasured,0.10597922923886566,,-97.69725486539797,,2411
a20_d1,20.0,1.0,prova2,raster,2,0.3611111111111111,Ca,ensemble,footprint,0.4180665887334786,0.3529808005869896,-17.416662962067477,1.2349456505423861,3466
a20_d1,20.0,1.0,prova2,raster,2,0.3611111111111111,Ca,ensemble,unmeasured,-0.1517544754701741,,-47.4546736329609,,2223
a20_d1,20.0,1.0,prova2,raster,2,0.3611111111111111,Ca,deterministic,footprint,0.3947111660654181,0.20022275062027883,-100.0,3.1051834265555716,3466
a20_d1,20.0,1.0,prova2,raster,2,0.3611111111111111,Ca,deterministic,unmeasured,0.14820483146002436,,-97.60240028960935,,2223
a20_d1,20.0,1.0,prova2,raster,2,0.3611111111111111,Ti,ensemble,footprint,0.23478688222455646,0.3401986274339324,-23.679300256899317,1.2439381445516053,3466
a20_d1,20.0,1.0,prova2,raster,2,0.3611111111111111,Ti,ensemble,unmeasured,-0.06514953266972069,,-46.30214107889685,,2223
a20_d1,20.0,1.0,prova2,raster,2,0.3611111111111111,Ti,deterministic,footprint,0.1389306951965616,0.11628726539479317,-100.0,3.8423151390216503,3466
a20_d1,20.0,1.0,prova2,raster,2,0.3611111111111111,Ti,deterministic,unmeasured,0.04416094386841789,,-97.75990390467351,,2223
a20_d1,20.0,1.0,prova2,raster,2,0.3611111111111111,Fe,ensemble,footprint,0.385490186298018,0.5168739670487761,-20.89533315690132,1.0423830398956528,3466
a20_d1,20.0,1.0,prova2,raster,2,0.3611111111111111,Fe,ensemble,unmeasured,0.05257631076961929,,-71.53631978662958,,2223
a20_d1,20.0,1.0,prova2,raster,2,0.3611111111111111,Fe,deterministic,footprint,0.3121090634147827,0.26846653924460984,-100.0,1.9467697729828923,3466
a20_d1,20.0,1.0,prova2,raster,2,0.3611111111111111,Fe,deterministic,unmeasured,0.0818076399949197,,-98.24857982277355,,2223
a20_d1,20.0,1.0,prova2,raster,2,0.3611111111111111,Cu,ensemble,footprint,0.4701835832265381,0.26427081330667457,-46.59748626223974,1.084113500781718,3466
a20_d1,20.0,1.0,prova2,raster,2,0.3611111111111111,Cu,ensemble,unmeasured,0.2555955832048637,,-69.7556351868449,,2223
a20_d1,20.0,1.0,prova2,raster,2,0.3611111111111111,Cu,deterministic,footprint,0.3915062777318436,0.36974527653094147,-100.0,1.7495101529526604,3466
a20_d1,20.0,1.0,prova2,raster,2,0.3611111111111111,Cu,deterministic,unmeasured,0.16695830371256914,,-97.97966835478948,,2223
a20_d1,20.0,1.0,prova2,raster,2,0.3611111111111111,PbLl,ensemble,footprint,0.5451988961154332,0.3294677616141749,-31.445718256442778,1.1261711386567157,3466
a20_d1,20.0,1.0,prova2,raster,2,0.3611111111111111,PbLl,ensemble,unmeasured,0.4833006537266901,,-52.894554767868414,,2223
a20_d1,20.0,1.0,prova2,raster,2,0.3611111111111111,PbLl,deterministic,footprint,0.28934715179260684,0.15979263462090978,-100.0,2.5323892369008427,3466
a20_d1,20.0,1.0,prova2,raster,2,0.3611111111111111,PbLl,deterministic,unmeasured,0.1998941312352996,,-97.25228889531574,,2223
a20_d1,20.0,1.0,prova2,raster,2,0.3611111111111111,PbLa,ensemble,footprint,0.40794485483094123,0.24700310078699075,-35.631250781999334,1.5386386735889577,3466
a20_d1,20.0,1.0,prova2,raster,2,0.3611111111111111,PbLa,ensemble,unmeasured,0.4477831942977483,,-53.50402004838797,,2223
a20_d1,20.0,1.0,prova2,raster,2,0.3611111111111111,PbLa,deterministic,footprint,0.10940181805432461,0.06913785432795504,-100.0,4.02553465404513,3466
a20_d1,20.0,1.0,prova2,raster,2,0.3611111111111111,PbLa,deterministic,unmeasured,0.14322378621387805,,-97.5540084603361,,2223
a20_d1,20.0,1.0,prova2,raster,2,0.3611111111111111,PbLb,ensemble,footprint,0.3785242527801379,0.23986041647125186,-35.52283881822167,1.5578165379554405,3466
a20_d1,20.0,1.0,prova2,raster,2,0.3611111111111111,PbLb,ensemble,unmeasured,0.4217887609002713,,-53.979374503001274,,2223
a20_d1,20.0,1.0,prova2,raster,2,0.3611111111111111,PbLb,deterministic,footprint,0.0853170412705322,0.06301034822658867,-100.0,4.089420475118231,3466
a20_d1,20.0,1.0,prova2,raster,2,0.3611111111111111,PbLb,deterministic,unmeasured,0.13988673680957983,,-97.57873170405264,,2223
a20_d1,20.0,1.0,prova2,raster,2,0.3611111111111111,PbLg,ensemble,footprint,0.3913488324775191,0.25362357920976775,-35.09444603925862,1.5787836307732097,3466
a20_d1,20.0,1.0,prova2,raster,2,0.3611111111111111,PbLg,ensemble,unmeasured,0.4201854397299376,,-53.18345177149439,,2223
a20_d1,20.0,1.0,prova2,raster,2,0.3611111111111111,PbLg,deterministic,footprint,0.10479972963677907,0.06624539689189132,-100.0,4.169157354926107,3466
a20_d1,20.0,1.0,prova2,raster,2,0.3611111111111111,PbLg,deterministic,unmeasured,0.13154239987250751,,-97.5567581715882,,2223
a20_d1,20.0,1.0,prova2,raster,3,0.4166666666666667,Ca,ensemble,footprint,0.44601351693250996,0.4073177368015037,-9.626032513956728,1.1757624483827085,3466
a20_d1,20.0,1.0,prova2,raster,3,0.4166666666666667,Ca,ensemble,unmeasured,-0.17693586918225895,,-45.86004329321532,,2029
a20_d1,20.0,1.0,prova2,raster,3,0.4166666666666667,Ca,deterministic,footprint,0.3811882599625149,0.264177659851792,-100.0,2.840476997030619,3466
a20_d1,20.0,1.0,prova2,raster,3,0.4166666666666667,Ca,deterministic,unmeasured,0.1409659071747218,,-97.5625861109958,,2029
a20_d1,20.0,1.0,prova2,raster,3,0.4166666666666667,Ti,ensemble,footprint,0.26779590649297447,0.3914904789245344,-16.14822590891496,1.1499406012324958,3466
a20_d1,20.0,1.0,prova2,raster,3,0.4166666666666667,Ti,ensemble,unmeasured,-0.01601372972704645,,-44.14179253623604,,2029
a20_d1,20.0,1.0,prova2,raster,3,0.4166666666666667,Ti,deterministic,footprint,0.11013913415536511,0.16991214888456305,-100.0,3.4410630144501893,3466
a20_d1,20.0,1.0,prova2,raster,3,0.4166666666666667,Ti,deterministic,unmeasured,0.03879235326433753,,-97.68659584320599,,2029
a20_d1,20.0,1.0,prova2,raster,3,0.4166666666666667,Fe,ensemble,footprint,0.4098773865587907,0.534667151696074,-16.222820766741954,1.004816990988956,3466
a20_d1,20.0,1.0,prova2,raster,3,0.4166666666666667,Fe,ensemble,unmeasured,0.11216430680257079,,-71.10335247607907,,2029
a20_d1,20.0,1.0,prova2,raster,3,0.4166666666666667,Fe,deterministic,footprint,0.308665508137162,0.3099016215496504,-100.0,1.7808208229679283,3466
a20_d1,20.0,1.0,prova2,raster,3,0.4166666666666667,Fe,deterministic,unmeasured,0.07764426441003829,,-98.17904971701175,,2029
a20_d1,20.0,1.0,prova2,raster,3,0.4166666666666667,Cu,ensemble,footprint,0.4827311180242936,0.3054256860783298,-28.534828751273068,1.0484405330517477,3466
a20_d1,20.0,1.0,prova2,raster,3,0.4166666666666667,Cu,ensemble,unmeasured,0.20371860139440048,,-68.81878611687317,,2029
a20_d1,20.0,1.0,prova2,raster,3,0.4166666666666667,Cu,deterministic,footprint,0.409440064849651,0.4217595282829847,-84.85426063812189,1.6254266949814458,3466
a20_d1,20.0,1.0,prova2,raster,3,0.4166666666666667,Cu,deterministic,unmeasured,0.17387488132194562,,-98.01508008345647,,2029
a20_d1,20.0,1.0,prova2,raster,3,0.4166666666666667,PbLl,ensemble,footprint,0.6226453257658878,0.3968734565472982,-22.039004342336987,1.1042850596286078,3466
a20_d1,20.0,1.0,prova2,raster,3,0.4166666666666667,PbLl,ensemble,unmeasured,0.48841943687997047,,-48.07111193738706,,2029
a20_d1,20.0,1.0,prova2,raster,3,0.4166666666666667,PbLl,deterministic,footprint,0.39967018733384,0.2166189356152598,-100.0,2.2850949144012405,3466
a20_d1,20.0,1.0,prova2,raster,3,0.4166666666666667,PbLl,deterministic,unmeasured,0.20641546313302767,,-97.09208380691295,,2029
a20_d1,20.0,1.0,prova2,raster,3,0.4166666666666667,PbLa,ensemble,footprint,0.5372378846805237,0.3432221076223529,-27.707393183260553,1.5139023598632404,3466
a20_d1,20.0,1.0,prova2,raster,3,0.4166666666666667,PbLa,ensemble,unmeasured,0.4998997911954411,,-49.8259423673749,,2029
a20_d1,20.0,1.0,prova2,raster,3,0.4166666666666667,PbLa,deterministic,footprint,0.24794207662513618,0.12915155134737222,-100.0,3.6488373820368007,3466
a20_d1,20.0,1.0,prova2,raster,3,0.4166666666666667,PbLa,deterministic,unmeasured,0.1492400232037672,,-97.45960559545158,,2029
a20_d1,20.0,1.0,prova2,raster,3,0.4166666666666667,PbLb,ensemble,footprint,0.5222544302332337,0.3347649114885836,-28.800710315011834,1.5398490316112785,3466
a20_d1,20.0,1.0,prova2,raster,3,0.4166666666666667,PbLb,ensemble,unmeasured,0.4897530999588432,,-50.421128995634945,,2029
a20_d1,20.0,1.0,prova2,raster,3,0.4166666666666667,PbLb,deterministic,footprint,0.22975576699034822,0.12104454702466257,-100.0,3.7152909245442296,3466
a20_d1,20.0,1.0,prova2,raster,3,0.4166666666666667,PbLb,deterministic,unmeasured,0.14395676652661002,,-97.4908219798687,,2029
a20_d1,20.0,1.0,prova2,raster,3,0.4166666666666667,PbLg,ensemble,footprint,0.5199073892460416,0.33929217443674714,-26.828764856290555,1.55054994656618,3466
a20_d1,20.0,1.0,prova2,raster,3,0.4166666666666667,PbLg,ensemble,unmeasured,0.4695441317111832,,-49.570269733521144,,2029
a20_d1,20.0,1.0,prova2,raster,3,0.4166666666666667,PbLg,deterministic,footprint,0.24036552490427107,0.11815418054009791,-100.0,3.778130066790178,3466
a20_d1,20.0,1.0,prova2,raster,3,0.4166666666666667,PbLg,deterministic,unmeasured,0.1314621740425493,,-97.47703212343504,,2029
a20_d1,20.0,1.0,prova2,raster,4,0.4722222222222222,Ca,ensemble,footprint,0.46629949591044434,0.4688307080866993,-4.972007488978547,1.1291315609110009,3466
a20_d1,20.0,1.0,prova2,raster,4,0.4722222222222222,Ca,ensemble,unmeasured,-0.1832631070246009,,-44.73818291786309,,1830
a20_d1,20.0,1.0,prova2,raster,4,0.4722222222222222,Ca,deterministic,footprint,0.36825822101270694,0.3410584949301041,-76.60302500893175,2.57792307747,3466
a20_d1,20.0,1.0,prova2,raster,4,0.4722222222222222,Ca,deterministic,unmeasured,0.11980248888608905,,-97.61032250770182,,1830
a20_d1,20.0,1.0,prova2,raster,4,0.4722222222222222,Ti,ensemble,footprint,0.2743959427345692,0.440250280364649,-10.447434327330152,1.0818722810745982,3466
a20_d1,20.0,1.0,prova2,raster,4,0.4722222222222222,Ti,ensemble,unmeasured,-0.008394551118597902,,-42.3512495070258,,1830
a20_d1,20.0,1.0,prova2,raster,4,0.4722222222222222,Ti,deterministic,footprint,0.08630335891040179,0.23325057642687416,-78.87654576202459,3.0760754115983713,3466
a20_d1,20.0,1.0,prova2,raster,4,0.4722222222222222,Ti,deterministic,unmeasured,0.037872561246945775,,-97.65787612407273,,1830
a20_d1,20.0,1.0,prova2,raster,4,0.4722222222222222,Fe,ensemble,footprint,0.4187435650830265,0.5614239050740923,-12.135611480213381,0.971335965004989,3466
a20_d1,20.0,1.0,prova2,raster,4,0.4722222222222222,Fe,ensemble,unmeasured,0.10754044391287342,,-71.04067865856751,,1830
a20_d1,20.0,1.0,prova2,raster,4,0.4722222222222222,Fe,deterministic,footprint,0.30180657166299046,0.3660923582556427,-79.19019885224515,1.6319441343752363,3466
a20_d1,20.0,1.0,prova2,raster,4,0.4722222222222222,Fe,deterministic,unmeasured,0.06343595542205192,,-98.23740912306491,,1830
a20_d1,20.0,1.0,prova2,raster,4,0.4722222222222222,Cu,ensemble,footprint,0.5152859994846336,0.3776386134104801,-13.173587669375998,1.0096983328940337,3466
a20_d1,20.0,1.0,prova2,raster,4,0.4722222222222222,Cu,ensemble,unmeasured,0.21852196757547945,,-67.7507295456632,,1830
a20_d1,20.0,1.0,prova2,raster,4,0.4722222222222222,Cu,deterministic,footprint,0.4412156221215803,0.5133178871337064,-21.54327214593139,1.473486520089029,3466
a20_d1,20.0,1.0,prova2,raster,4,0.4722222222222222,Cu,deterministic,unmeasured,0.19968265417028014,,-97.79749734983213,,1830
a20_d1,20.0,1.0,prova2,raster,4,0.4722222222222222,PbLl,ensemble,footprint,0.6768649882391978,0.4548394630408639,-14.939339745857904,1.062729816591553,3466
a20_d1,20.0,1.0,prova2,raster,4,0.4722222222222222,PbLl,ensemble,unmeasured,0.5065220795510839,,-43.527624651445215,,1830
a20_d1,20.0,1.0,prova2,raster,4,0.4722222222222222,PbLl,deterministic,footprint,0.4669704164735447,0.27347165075597135,-60.50738345190852,2.0450741906061296,3466
a20_d1,20.0,1.0,prova2,raster,4,0.4722222222222222,PbLl,deterministic,unmeasured,0.21394693706399856,,-96.98834507945614,,1830
a20_d1,20.0,1.0,prova2,raster,4,0.4722222222222222,PbLa,ensemble,footprint,0.602994690067936,0.43821572704725226,-16.84861686770187,1.4548682859289797,3466
a20_d1,20.0,1.0,prova2,raster,4,0.4722222222222222,PbLa,ensemble,unmeasured,0.5246858564725193,,-46.643006424091645,,1830
a20_d1,20.0,1.0,prova2,raster,4,0.4722222222222222,PbLa,deterministic,footprint,0.31736509768290494,0.2101873261870906,-79.57647174414342,3.269077693231683,3466
a20_d1,20.0,1.0,prova2,raster,4,0.4722222222222222,PbLa,deterministic,unmeasured,0.1664379978293797,,-97.3641039706627,,1830
a20_d1,20.0,1.0,prova2,raster,4,0.4722222222222222,PbLb,ensemble,footprint,0.5903228693049499,0.42844282968909236,-17.965552717453527,1.4814457150989848,3466
a20_d1,20.0,1.0,prova2,raster,4,0.4722222222222222,PbLb,ensemble,unmeasured,0.5191936359642876,,-47.390436626942304,,1830
a20_d1,20.0,1.0,prova2,raster,4,0.4722222222222222,PbLb,deterministic,footprint,0.29820571799938783,0.20227444751180496,-79.28919254982458,3.330479921675258,3466
a20_d1,20.0,1.0,prova2,raster,4,0.4722222222222222,PbLb,deterministic,unmeasured,0.1621419065548529,,-97.39715273614397,,1830
a20_d1,20.0,1.0,prova2,raster,4,0.4722222222222222,PbLg,ensemble,footprint,0.5806988803035531,0.4215986268226158,-16.452208569449645,1.4858093942349075,3466
a20_d1,20.0,1.0,prova2,raster,4,0.4722222222222222,PbLg,ensemble,unmeasured,0.4975598977116511,,-46.567035663800326,,1830
a20_d1,20.0,1.0,prova2,raster,4,0.4722222222222222,PbLg,deterministic,footprint,0.2995611778038798,0.18877898016899525,-79.9305199442333,3.3828681960893783,3466
a20_d1,20.0,1.0,prova2,raster,4,0.4722222222222222,PbLg,deterministic,unmeasured,0.1462651208224077,,-97.39062621428472,,1830
a20_d1,20.0,1.0,prova2,raster,5,0.5277777777777778,Ca,ensemble,footprint,0.5391413422514383,0.5288551837141445,-4.05875738773579,1.0761942062049017,3466
a20_d1,20.0,1.0,prova2,raster,5,0.5277777777777778,Ca,ensemble,unmeasured,-0.09878323370026959,,-42.53856366309984,,1635
a20_d1,20.0,1.0,prova2,raster,5,0.5277777777777778,Ca,deterministic,footprint,0.3663818382843095,0.3945963676657686,-23.566025737663765,2.3649575686438182,3466
a20_d1,20.0,1.0,prova2,raster,5,0.5277777777777778,Ca,deterministic,unmeasured,0.13600586454483507,,-97.28300708884262,,1635
a20_d1,20.0,1.0,prova2,raster,5,0.5277777777777778,Ti,ensemble,footprint,0.4009465369930434,0.510370961562975,-7.328901932509102,1.0165773422374274,3466
a20_d1,20.0,1.0,prova2,raster,5,0.5277777777777778,Ti,ensemble,unmeasured,0.09100632693365847,,-38.17903864056174,,1635
a20_d1,20.0,1.0,prova2,raster,5,0.5277777777777778,Ti,deterministic,footprint,0.14308606668080046,0.30681711113881666,-25.353797662813914,2.7778616776422576,3466
a20_d1,20.0,1.0,prova2,raster,5,0.5277777777777778,Ti,deterministic,unmeasured,0.05415601275673427,,-97.34067538086991,,1635
a20_d1,20.0,1.0,prova2,raster,5,0.5277777777777778,Fe,ensemble,footprint,0.5864006995068575,0.6074961608654821,-8.443821817088448,1.0169645087812993,3466
a20_d1,20.0,1.0,prova2,raster,5,0.5277777777777778,Fe,ensemble,unmeasured,0.37390803252392635,,-67.45986068582454,,1635
a20_d1,20.0,1.0,prova2,raster,5,0.5277777777777778,Fe,deterministic,footprint,0.45034641125837027,0.4213868409945207,-28.03949692815135,1.5443521883006235,3466
a20_d1,20.0,1.0,prova2,raster,5,0.5277777777777778,Fe,deterministic,unmeasured,0.09901201123082984,,-97.81009697162479,,1635
a20_d1,20.0,1.0,prova2,raster,5,0.5277777777777778,Cu,ensemble,footprint,0.5484725389050193,0.4299555731718611,-13.123312312299152,1.030809519466792,3466
a20_d1,20.0,1.0,prova2,raster,5,0.5277777777777778,Cu,ensemble,unmeasured,0.29051513955977315,,-68.91473822563786,,1635
a20_d1,20.0,1.0,prova2,raster,5,0.5277777777777778,Cu,deterministic,footprint,0.4409413023847353,0.5134204684984786,-21.201929662121543,1.4721946466512181,3466
a20_d1,20.0,1.0,prova2,raster,5,0.5277777777777778,Cu,deterministic,unmeasured,0.18893666923329713,,-97.79439936597052,,1635
a20_d1,20.0,1.0,prova2,raster,5,0.5277777777777778,PbLl,ensemble,footprint,0.7327554758552821,0.5141957200180861,-11.003416268525012,1.0386184194844208,3466
a20_d1,20.0,1.0,prova2,raster,5,0.5277777777777778,PbLl,ensemble,unmeasured,0.48179508089773243,,-38.77576382238542,,1635
a20_d1,20.0,1.0,prova2,raster,5,0.5277777777777778,PbLl,deterministic,footprint,0.5423314826429236,0.335719466808094,-23.44288642792014,1.8977179278666347,3466
a20_d1,20.0,1.0,prova2,raster,5,0.5277777777777778,PbLl,deterministic,unmeasured,0.18977634702341173,,-96.83773765698591,,1635
a20_d1,20.0,1.0,prova2,raster,5,0.5277777777777778,PbLa,ensemble,footprint,0.6656122536198201,0.5203534548442338,-5.6754010090869,1.3744998410892806,3466
a20_d1,20.0,1.0,prova2,raster,5,0.5277777777777778,PbLa,ensemble,unmeasured,0.47561436552458136,,-42.42575484087433,,1635
a20_d1,20.0,1.0,prova2,raster,5,0.5277777777777778,PbLa,deterministic,footprint,0.40293635685071433,0.2834322517058559,-23.16625529492167,2.9743610988935116,3466
a20_d1,20.0,1.0,prova2,raster,5,0.5277777777777778,PbLa,deterministic,unmeasured,0.13652538667752115,,-97.16482053470602,,1635
a20_d1,20.0,1.0,prova2,raster,5,0.5277777777777778,PbLb,ensemble,footprint,0.6558782534219487,0.5105253000559188,-6.448525701692431,1.4009145164220707,3466
a20_d1,20.0,1.0,prova2,raster,5,0.5277777777777778,PbLb,ensemble,unmeasured,0.46721977800607867,,-43.181632454137045,,1635
a20_d1,20.0,1.0,prova2,raster,5,0.5277777777777778,PbLb,deterministic,footprint,0.3894878163806882,0.27456716152217653,-23.088911685308478,3.0285930045644007,3466
a20_d1,20.0,1.0,prova2,raster,5,0.5277777777777778,PbLb,deterministic,unmeasured,0.1306387610051079,,-97.19596452929083,,1635
a20_d1,20.0,1.0,prova2,raster,5,0.5277777777777778,PbLg,ensemble,footprint,0.6391494653007476,0.4983376872384407,-9.029635305394024,1.3984588677560057,3466
a20_d1,20.0,1.0,prova2,raster,5,0.5277777777777778,PbLg,ensemble,unmeasured,0.44345087698797114,,-42.470735635879485,,1635
a20_d1,20.0,1.0,prova2,raster,5,0.5277777777777778,PbLg,deterministic,footprint,0.3816323378368626,0.25738445391992815,-23.514358381474775,3.072718038263441,3466
a20_d1,20.0,1.0,prova2,raster,5,0.5277777777777778,PbLg,deterministic,unmeasured,0.11703213394996441,,-97.19271961992317,,1635
a20_d1,20.0,1.0,prova2,raster,6,0.5833333333333334,Ca,ensemble,footprint,0.5908556156469045,0.5929296200267828,-3.093559978321969,1.0510816836730725,3466
a20_d1,20.0,1.0,prova2,raster,6,0.5833333333333334,Ca,ensemble,unmeasured,-0.05316114177964995,,-42.17720507273409,,1435
a20_d1,20.0,1.0,prova2,raster,6,0.5833333333333334,Ca,deterministic,footprint,0.3553792992624719,0.4733589801649448,-8.708529041406498,2.1777440689925815,3466
a20_d1,20.0,1.0,prova2,raster,6,0.5833333333333334,Ca,deterministic,unmeasured,0.1563421718375773,,-97.62856499685815,,1435
a20_d1,20.0,1.0,prova2,raster,6,0.5833333333333334,Ti,ensemble,footprint,0.45504737619187235,0.5813273156758506,-4.7616053722648655,0.9675957175278853,3466
a20_d1,20.0,1.0,prova2,raster,6,0.5833333333333334,Ti,ensemble,unmeasured,0.11052074960545775,,-35.92652210694234,,1435
a20_d1,20.0,1.0,prova2,raster,6,0.5833333333333334,Ti,deterministic,footprint,0.15577776010382902,0.4009116980067258,-11.057230467830891,2.5100922049246988,3466
a20_d1,20.0,1.0,prova2,raster,6,0.5833333333333334,Ti,deterministic,unmeasured,0.08494406266572696,,-97.6910049753409,,1435
a20_d1,20.0,1.0,prova2,raster,6,0.5833333333333334,Fe,ensemble,footprint,0.6059609228512537,0.6714142227964851,-5.470978556187623,0.9710919749496076,3466
a20_d1,20.0,1.0,prova2,raster,6,0.5833333333333334,Fe,ensemble,unmeasured,0.3765878407069115,,-66.47684673908269,,1435
a20_d1,20.0,1.0,prova2,raster,6,0.5833333333333334,Fe,deterministic,footprint,0.46606877413026093,0.5154234377861058,-14.76171927859573,1.3971208406612718,3466
a20_d1,20.0,1.0,prova2,raster,6,0.5833333333333334,Fe,deterministic,unmeasured,0.10432118827531488,,-98.09838342331416,,1435
a20_d1,20.0,1.0,prova2,raster,6,0.5833333333333334,Cu,ensemble,footprint,0.591571881995738,0.49408600614534137,-12.131538580423218,1.0542887638431861,3466
a20_d1,20.0,1.0,prova2,raster,6,0.5833333333333334,Cu,ensemble,unmeasured,0.36004884781092256,,-70.63769767620443,,1435
a20_d1,20.0,1.0,prova2,raster,6,0.5833333333333334,Cu,deterministic,footprint,0.461697216378987,0.5511323086212095,-16.253663514992645,1.4389840133612164,3466
a20_d1,20.0,1.0,prova2,raster,6,0.5833333333333334,Cu,deterministic,unmeasured,0.15727693697732364,,-98.27489173952245,,1435
a20_d1,20.0,1.0,prova2,raster,6,0.5833333333333334,PbLl,ensemble,footprint,0.802731877875002,0.5945566913140263,-7.9084981931731635,1.0253116265560303,3466
a20_d1,20.0,1.0,prova2,raster,6,0.5833333333333334,PbLl,ensemble,unmeasured,0.4329441372373367,,-32.712286691001836,,1435
a20_d1,20.0,1.0,prova2,raster,6,0.5833333333333334,PbLl,deterministic,footprint,0.6544196565375566,0.4347334326961111,-14.602174617888174,1.7522148250371625,3466
a20_d1,20.0,1.0,prova2,raster,6,0.5833333333333334,PbLl,deterministic,unmeasured,0.1745039534222774,,-97.4840256703453,,1435
a20_d1,20.0,1.0,prova2,raster,6,0.5833333333333334,PbLa,ensemble,footprint,0.7526232842372068,0.6287229555679239,-3.035759482225453,1.330796806964423,3466
a20_d1,20.0,1.0,prova2,raster,6,0.5833333333333334,PbLa,ensemble,unmeasured,0.41245871616565205,,-38.18171312657079,,1435
a20_d1,20.0,1.0,prova2,raster,6,0.5833333333333334,PbLa,deterministic,footprint,0.5344906561099995,0.4052371704102607,-5.805033861475284,2.714566570136103,3466
a20_d1,20.0,1.0,prova2,raster,6,0.5833333333333334,PbLa,deterministic,unmeasured,0.11242168225142796,,-97.73953861058834,,1435
a20_d1,20.0,1.0,prova2,raster,6,0.5833333333333334,PbLb,ensemble,footprint,0.7502208278593164,0.6217650531237889,-3.144486183656814,1.3611215661783023,3466
a20_d1,20.0,1.0,prova2,raster,6,0.5833333333333334,PbLb,ensemble,unmeasured,0.3987600779859372,,-38.9605885480568,,1435
a20_d1,20.0,1.0,prova2,raster,6,0.5833333333333334,PbLb,deterministic,footprint,0.5306908423475043,0.3980909339131864,-5.654219747685696,2.766827814543134,3466
a20_d1,20.0,1.0,prova2,raster,6,0.5833333333333334,PbLb,deterministic,unmeasured,0.10847463482431093,,-97.7581196775416,,1435
a20_d1,20.0,1.0,prova2,raster,6,0.5833333333333334,PbLg,ensemble,footprint,0.7231255955329492,0.6006999741858653,-5.998747515490088,1.3473686408881977,3466
a20_d1,20.0,1.0,prova2,raster,6,0.5833333333333334,PbLg,ensemble,unmeasured,0.38110424487571387,,-38.532734923845695,,1435
a20_d1,20.0,1.0,prova2,raster,6,0.5833333333333334,PbLg,deterministic,footprint,0.506162196520473,0.37740393125596966,-9.18788675044475,2.798824217219516,3466
a20_d1,20.0,1.0,prova2,raster,6,0.5833333333333334,PbLg,deterministic,unmeasured,0.09766148030741455,,-97.74386622663856,,1435
a20_d1,20.0,1.0,prova2,raster,7,0.6388888888888888,Ca,ensemble,footprint,0.6845825132848234,0.6367371746990043,-2.044383816248385,1.0139843990175224,3466
a20_d1,20.0,1.0,prova2,raster,7,0.6388888888888888,Ca,ensemble,unmeasured,0.03958665328370626,,-37.95475588034278,,1240
a20_d1,20.0,1.0,prova2,raster,7,0.6388888888888888,Ca,deterministic,footprint,0.4240710770923585,0.5138470924050653,-5.921010132528992,1.983764924815436,3466
a20_d1,20.0,1.0,prova2,raster,7,0.6388888888888888,Ca,deterministic,unmeasured,0.18352465095293086,,-97.66889406556132,,1240
a20_d1,20.0,1.0,prova2,raster,7,0.6388888888888888,Ti,ensemble,footprint,0.6012087146097195,0.6466785860082574,-3.07662685686354,0.9313286365319012,3466
a20_d1,20.0,1.0,prova2,raster,7,0.6388888888888888,Ti,ensemble,unmeasured,0.23879597089994542,,-30.83736134925729,,1240
a20_d1,20.0,1.0,prova2,raster,7,0.6388888888888888,Ti,deterministic,footprint,0.2602760537237537,0.4688321165493248,-7.450710093532931,2.279376668771682,3466
a20_d1,20.0,1.0,prova2,raster,7,0.6388888888888888,Ti,deterministic,unmeasured,0.11779010084229828,,-97.78144065063893,,1240
a20_d1,20.0,1.0,prova2,raster,7,0.6388888888888888,Fe,ensemble,footprint,0.7867047668148128,0.7392485578862691,-2.539727095857436,1.032069232915425,3466
a20_d1,20.0,1.0,prova2,raster,7,0.6388888888888888,Fe,ensemble,unmeasured,0.5850120930301128,,-58.96423264443804,,1240
a20_d1,20.0,1.0,prova2,raster,7,0.6388888888888888,Fe,deterministic,footprint,0.682919591438663,0.5960245518930146,-9.821151050685428,1.356625032735904,3466
a20_d1,20.0,1.0,prova2,raster,7,0.6388888888888888,Fe,deterministic,unmeasured,0.17051926197895237,,-97.83836203656438,,1240
a20_d1,20.0,1.0,prova2,raster,7,0.6388888888888888,Cu,ensemble,footprint,0.6256543961160693,0.5589076306164648,-11.016129865766345,1.049352509787153,3466
a20_d1,20.0,1.0,prova2,raster,7,0.6388888888888888,Cu,ensemble,unmeasured,0.36675690395041055,,-70.447503672757,,1240
a20_d1,20.0,1.0,prova2,raster,7,0.6388888888888888,Cu,deterministic,footprint,0.48382504624602257,0.588334657293362,-13.564795023262322,1.3902248352952646,3466
a20_d1,20.0,1.0,prova2,raster,7,0.6388888888888888,Cu,deterministic,unmeasured,0.18320083708974869,,-98.17527113058162,,1240
a20_d1,20.0,1.0,prova2,raster,7,0.6388888888888888,PbLl,ensemble,footprint,0.8321847622663774,0.6445701718784188,-6.556201444684229,1.0061404758448098,3466
a20_d1,20.0,1.0,prova2,raster,7,0.6388888888888888,PbLl,ensemble,unmeasured,0.39404543042972967,,-29.317395171862675,,1240
a20_d1,20.0,1.0,prova2,raster,7,0.6388888888888888,PbLl,deterministic,footprint,0.6764535771457998,0.4890742103371347,-12.12737668510342,1.6527449078239924,3466
a20_d1,20.0,1.0,prova2,raster,7,0.6388888888888888,PbLl,deterministic,unmeasured,0.14333488869229657,,-97.74580524215932,,1240
a20_d1,20.0,1.0,prova2,raster,7,0.6388888888888888,PbLa,ensemble,footprint,0.7753337412022212,0.6861202283254242,-2.1538686614020586,1.2402127417417528,3466
a20_d1,20.0,1.0,prova2,raster,7,0.6388888888888888,PbLa,ensemble,unmeasured,0.332522750625449,,-34.68831964341574,,1240
a20_d1,20.0,1.0,prova2,raster,7,0.6388888888888888,PbLa,deterministic,footprint,0.5383063806212205,0.4835286153962397,-3.9263612688884786,2.4740899997672487,3466
a20_d1,20.0,1.0,prova2,raster,7,0.6388888888888888,PbLa,deterministic,unmeasured,0.08579069357626873,,-97.90758314404118,,1240
a20_d1,20.0,1.0,prova2,raster,7,0.6388888888888888,PbLb,ensemble,footprint,0.7720451123652083,0.6818308124870545,-2.139817330896987,1.2620157130780174,3466
a20_d1,20.0,1.0,prova2,raster,7,0.6388888888888888,PbLb,ensemble,unmeasured,0.3183612740282289,,-35.35215337163593,,1240
a20_d1,20.0,1.0,prova2,raster,7,0.6388888888888888,PbLb,deterministic,footprint,0.5349241043104215,0.4781931440023068,-3.9853550954828787,2.514859794297663,3466
a20_d1,20.0,1.0,prova2,raster,7,0.6388888888888888,PbLb,deterministic,unmeasured,0.08559746070175382,,-97.91625657373149,,1240
a20_d1,20.0,1.0,prova2,raster,7,0.6388888888888888,PbLg,ensemble,footprint,0.7425730817867149,0.6527204715402213,-4.234266219208271,1.247993065331081,3466
a20_d1,20.0,1.0,prova2,raster,7,0.6388888888888888,PbLg,ensemble,unmeasured,0.2995737522864314,,-35.086727160340814,,1240
a20_d1,20.0,1.0,prova2,raster,7,0.6388888888888888,PbLg,deterministic,footprint,0.5052658733546348,0.4523575809143097,-6.500516037403514,2.5444905911619404,3466
a20_d1,20.0,1.0,prova2,raster,7,0.6388888888888888,PbLg,deterministic,unmeasured,0.06524874103352811,,-97.92077114237516,,1240
a20_d1,20.0,1.0,prova2,raster,8,0.6944444444444444,Ca,ensemble,footprint,0.8048717767759669,0.7186527916190534,-1.1410455802641994,0.9972719585559,3466
a20_d1,20.0,1.0,prova2,raster,8,0.6944444444444444,Ca,ensemble,unmeasured,0.1934723594318824,,-30.806972566070705,,1045
a20_d1,20.0,1.0,prova2,raster,8,0.6944444444444444,Ca,deterministic,footprint,0.5451547308115239,0.5970586545623818,-4.1769067282178,1.8148015867968978,3466
a20_d1,20.0,1.0,prova2,raster,8,0.6944444444444444,Ca,deterministic,unmeasured,0.2749412812404613,,-97.32960616132743,,1045
a20_d1,20.0,1.0,prova2,raster,8,0.6944444444444444,Ti,ensemble,footprint,0.732307132206288,0.7043895364950071,-1.6658234736152577,0.8976120894926287,3466
a20_d1,20.0,1.0,prova2,raster,8,0.6944444444444444,Ti,ensemble,unmeasured,0.39855090530169607,,-24.39101421288584,,1045
a20_d1,20.0,1.0,prova2,raster,8,0.6944444444444444,Ti,deterministic,footprint,0.3678730695074127,0.5323250958580222,-5.329184941735798,2.058061016296037,3466
a20_d1,20.0,1.0,prova2,raster,8,0.6944444444444444,Ti,deterministic,unmeasured,0.1517139638989966,,-97.61244567370869,,1045
a20_d1,20.0,1.0,prova2,raster,8,0.6944444444444444,Fe,ensemble,footprint,0.9024786497246295,0.8013731349452383,-0.4643721526985889,1.0302314057711883,3466
a20_d1,20.0,1.0,prova2,raster,8,0.6944444444444444,Fe,ensemble,unmeasured,0.7615865696661507,,-48.52426874470377,,1045
a20_d1,20.0,1.0,prova2,raster,8,0.6944444444444444,Fe,deterministic,footprint,0.82929574732024,0.6581597526823076,-6.875928547241927,1.2711734327882172,3466
a20_d1,20.0,1.0,prova2,raster,8,0.6944444444444444,Fe,deterministic,unmeasured,0.29674845008087114,,-97.26190310982044,,1045
a20_d1,20.0,1.0,prova2,raster,8,0.6944444444444444,Cu,ensemble,footprint,0.6806219287834834,0.6421284012294199,-9.482842933720848,1.040848943745947,3466
a20_d1,20.0,1.0,prova2,raster,8,0.6944444444444444,Cu,ensemble,unmeasured,0.4194645105974443,,-69.1406893131551,,1045
a20_d1,20.0,1.0,prova2,raster,8,0.6944444444444444,Cu,deterministic,footprint,0.5259516299938487,0.6336015710811356,-11.67809259940984,1.3366795537298952,3466
a20_d1,20.0,1.0,prova2,raster,8,0.6944444444444444,Cu,deterministic,unmeasured,0.20536959703586036,,-97.86947878393845,,1045
a20_d1,20.0,1.0,prova2,raster,8,0.6944444444444444,PbLl,ensemble,footprint,0.8661240801212942,0.6903121619547478,-5.233671539641282,0.9958032385620835,3466
a20_d1,20.0,1.0,prova2,raster,8,0.6944444444444444,PbLl,ensemble,unmeasured,0.23937123761068488,,-24.64758834511316,,1045
a20_d1,20.0,1.0,prova2,raster,8,0.6944444444444444,PbLl,deterministic,footprint,0.7189325071615752,0.549972247975492,-9.757208784774319,1.5657646357498975,3466
a20_d1,20.0,1.0,prova2,raster,8,0.6944444444444444,PbLl,deterministic,unmeasured,0.102582153128494,,-97.91900302291101,,1045
a20_d1,20.0,1.0,prova2,raster,8,0.6944444444444444,PbLa,ensemble,footprint,0.8161651718788328,0.736541388409714,-1.5946975002140373,1.1638076823915218,3466
a20_d1,20.0,1.0,prova2,raster,8,0.6944444444444444,PbLa,ensemble,unmeasured,0.13672468834317672,,-30.6742519181064,,1045
a20_d1,20.0,1.0,prova2,raster,8,0.6944444444444444,PbLa,deterministic,footprint,0.5614251266689612,0.5476056293059347,-2.7511237597157345,2.2565592536742978,3466
a20_d1,20.0,1.0,prova2,raster,8,0.6944444444444444,PbLa,deterministic,unmeasured,0.010879838112276751,,-97.96519846786452,,1045
a20_d1,20.0,1.0,prova2,raster,8,0.6944444444444444,PbLb,ensemble,footprint,0.8120696382876604,0.730923328069643,-1.4857818327375316,1.1772060176737762,3466
a20_d1,20.0,1.0,prova2,raster,8,0.6944444444444444,PbLb,ensemble,unmeasured,0.11338410586589716,,-31.155449333232585,,1045
a20_d1,20.0,1.0,prova2,raster,8,0.6944444444444444,PbLb,deterministic,footprint,0.5589775796254101,0.5408538812803807,-2.900720781847199,2.2869783749841175,3466
a20_d1,20.0,1.0,prova2,raster,8,0.6944444444444444,PbLb,deterministic,unmeasured,-0.002137217564802209,,-97.97142113008582,,1045
a20_d1,20.0,1.0,prova2,raster,8,0.6944444444444444,PbLg,ensemble,footprint,0.782227728701783,0.7022231167568364,-2.995646981316291,1.1623431416356373,3466
a20_d1,20.0,1.0,prova2,raster,8,0.6944444444444444,PbLg,ensemble,unmeasured,0.0980090458198977,,-31.12683742718178,,1045
a20_d1,20.0,1.0,prova2,raster,8,0.6944444444444444,PbLg,deterministic,footprint,0.5244111008265274,0.5170412845411004,-4.77117892618768,2.313022724474231,3466
a20_d1,20.0,1.0,prova2,raster,8,0.6944444444444444,PbLg,deterministic,unmeasured,-0.013961423586830569,,-97.95716496472127,,1045
a20_d1,20.0,1.0,prova2,raster,9,0.75,Ca,ensemble,footprint,0.8597962914070367,0.7830215195474644,-0.3220023348202483,0.9786064301068031,3466
a20_d1,20.0,1.0,prova2,raster,9,0.75,Ca,ensemble,unmeasured,0.1264942248289964,,-25.3957271912423,,846
a20_d1,20.0,1.0,prova2,raster,9,0.75,Ca,deterministic,footprint,0.6248750039799016,0.6866593915218033,-2.8120175736160657,1.6427666614487926,3466
a20_d1,20.0,1.0,prova2,raster,9,0.75,Ca,deterministic,unmeasured,0.1689695221157072,,-97.81461954695993,,846
a20_d1,20.0,1.0,prova2,raster,9,0.75,Ti,ensemble,footprint,0.8011670204170949,0.7684922931977212,-0.42283031052235964,0.8883413628554899,3466
a20_d1,20.0,1.0,prova2,raster,9,0.75,Ti,ensemble,unmeasured,0.36128155348061625,,-17.25851179195735,,846
a20_d1,20.0,1.0,prova2,raster,9,0.75,Ti,deterministic,footprint,0.48820769584753937,0.633858340276982,-3.527671391704268,1.8425724436159097,3466
a20_d1,20.0,1.0,prova2,raster,9,0.75,Ti,deterministic,unmeasured,0.20654673080523103,,-97.77037350501314,,846
a20_d1,20.0,1.0,prova2,raster,9,0.75,Fe,ensemble,footprint,0.9301924935568671,0.8497567407701283,0.8791154548795532,1.0032140281448312,3466
a20_d1,20.0,1.0,prova2,raster,9,0.75,Fe,ensemble,unmeasured,0.676013090908189,,-41.470786621624804,,846
a20_d1,20.0,1.0,prova2,raster,9,0.75,Fe,deterministic,footprint,0.876061286644299,0.7351441833762935,-4.225511610332122,1.1873162778270836,3466
a20_d1,20.0,1.0,prova2,raster,9,0.75,Fe,deterministic,unmeasured,0.13637389642281667,,-98.00416614130776,,846
a20_d1,20.0,1.0,prova2,raster,9,0.75,Cu,ensemble,footprint,0.725235478710746,0.7146009616917418,-7.295575075730176,1.0402620709034975,3466
a20_d1,20.0,1.0,prova2,raster,9,0.75,Cu,ensemble,unmeasured,0.3523573279475615,,-69.51122009863415,,846
a20_d1,20.0,1.0,prova2,raster,9,0.75,Cu,deterministic,footprint,0.5872750140092332,0.6818616870800065,-8.496405934426543,1.2708797808590433,3466
a20_d1,20.0,1.0,prova2,raster,9,0.75,Cu,deterministic,unmeasured,0.108631793360267,,-98.42379222695762,,846
a20_d1,20.0,1.0,prova2,raster,9,0.75,PbLl,ensemble,footprint,0.8859624075208034,0.7279232055127453,-4.12103103435566,0.9722266712987105,3466
a20_d1,20.0,1.0,prova2,raster,9,0.75,PbLl,ensemble,unmeasured,0.18866046345802345,,-21.736240339145922,,846
a20_d1,20.0,1.0,prova2,raster,9,0.75,PbLl,deterministic,footprint,0.7405417610092223,0.6049528665486106,-7.13753528730765,1.436295120667504,3466
a20_d1,20.0,1.0,prova2,raster,9,0.75,PbLl,deterministic,unmeasured,0.025716403900019523,,-98.32444493308992,,846
a20_d1,20.0,1.0,prova2,raster,9,0.75,PbLa,ensemble,footprint,0.8495909437125232,0.7868346124471232,-0.9762065497413763,1.1007070659104519,3466
a20_d1,20.0,1.0,prova2,raster,9,0.75,PbLa,ensemble,unmeasured,0.08191985997363152,,-28.056989843569454,,846
a20_d1,20.0,1.0,prova2,raster,9,0.75,PbLa,deterministic,footprint,0.5795473614124638,0.6292001414117351,-1.7611172529358399,2.0134729226639108,3466
a20_d1,20.0,1.0,prova2,raster,9,0.75,PbLa,deterministic,unmeasured,-0.06691088505462739,,-98.30554728992618,,846
a20_d1,20.0,1.0,prova2,raster,9,0.75,PbLb,ensemble,footprint,0.8453459881154558,0.7810937873951337,-0.9774686451142878,1.1107872058962265,3466
a20_d1,20.0,1.0,prova2,raster,9,0.75,PbLb,ensemble,unmeasured,0.061002261451703704,,-28.601909225076152,,846
a20_d1,20.0,1.0,prova2,raster,9,0.75,PbLb,deterministic,footprint,0.5750329264407341,0.6234712742325823,-2.0035171148719444,2.0388008620016187,3466
a20_d1,20.0,1.0,prova2,raster,9,0.75,PbLb,deterministic,unmeasured,-0.07544887748550254,,-98.30885238394598,,846
a20_d1,20.0,1.0,prova2,raster,9,0.75,PbLg,ensemble,footprint,0.8163507174059274,0.7459239139082688,-1.983053663252532,1.0956488308495125,3466
a20_d1,20.0,1.0,prova2,raster,9,0.75,PbLg,ensemble,unmeasured,0.05620495201568776,,-28.844047389737995,,846
a20_d1,20.0,1.0,prova2,raster,9,0.75,PbLg,deterministic,footprint,0.5363967854037479,0.5972396009199946,-3.3747524212001556,2.0601245028482755,3466
a20_d1,20.0,1.0,prova2,raster,9,0.75,PbLg,deterministic,unmeasured,-0.08298743505170401,,-98.30746850956696,,846
a20_d1,20.0,1.0,prova2,raster,10,0.8055555555555556,Ca,ensemble,footprint,0.9088551504687058,0.8405770633686956,0.2445683461225201,0.9498392653971443,3466
a20_d1,20.0,1.0,prova2,raster,10,0.8055555555555556,Ca,ensemble,unmeasured,0.11095204654119337,,-17.13657155199087,,650
a20_d1,20.0,1.0,prova2,raster,10,0.8055555555555556,Ca,deterministic,footprint,0.711631861483583,0.7514398716706002,-1.9527584716878765,1.4686235569548158,3466
a20_d1,20.0,1.0,prova2,raster,10,0.8055555555555556,Ca,deterministic,unmeasured,0.20158328431702383,,-98.15340930370014,,650
a20_d1,20.0,1.0,prova2,raster,10,0.8055555555555556,Ti,ensemble,footprint,0.8862465637421346,0.8207646181081807,0.5036057537803229,0.8786647084872712,3466
a20_d1,20.0,1.0,prova2,raster,10,0.8055555555555556,Ti,ensemble,unmeasured,0.4707053615622585,,-7.071030247534943,,650
a20_d1,20.0,1.0,prova2,raster,10,0.8055555555555556,Ti,deterministic,footprint,0.6187809592004357,0.7135781363802343,-2.406775816150919,1.6365681472511013,3466
a20_d1,20.0,1.0,prova2,raster,10,0.8055555555555556,Ti,deterministic,unmeasured,0.27941561206714427,,-98.00500001719654,,650
a20_d1,20.0,1.0,prova2,raster,10,0.8055555555555556,Fe,ensemble,footprint,0.9711062614612284,0.8969773221187428,1.7245477591091074,0.9889868739416359,3466
a20_d1,20.0,1.0,prova2,raster,10,0.8055555555555556,Fe,ensemble,unmeasured,0.5942045778978997,,-25.497081206061758,,650
a20_d1,20.0,1.0,prova2,raster,10,0.8055555555555556,Fe,deterministic,footprint,0.9413544652924687,0.8232836664079856,-2.5845538044598992,1.1239842220600051,3466
a20_d1,20.0,1.0,prova2,raster,10,0.8055555555555556,Fe,deterministic,unmeasured,0.24150910158734326,,-97.5897101945316,,650
a20_d1,20.0,1.0,prova2,raster,10,0.8055555555555556,Cu,ensemble,footprint,0.7913968139942293,0.7815829623604283,-5.273999973016386,1.029166350155535,3466
a20_d1,20.0,1.0,prova2,raster,10,0.8055555555555556,Cu,ensemble,unmeasured,0.3259933131574309,,-68.70259191606124,,650
a20_d1,20.0,1.0,prova2,raster,10,0.8055555555555556,Cu,deterministic,footprint,0.6804997885721776,0.754883459402635,-5.934523422345761,1.191331189519292,3466
a20_d1,20.0,1.0,prova2,raster,10,0.8055555555555556,Cu,deterministic,unmeasured,0.024498385971649883,,-99.07796326265336,,650
a20_d1,20.0,1.0,prova2,raster,10,0.8055555555555556,PbLl,ensemble,footprint,0.9060557518714285,0.7746571397581056,-3.3148572406922483,0.9598302533638847,3466
a20_d1,20.0,1.0,prova2,raster,10,0.8055555555555556,PbLl,ensemble,unmeasured,-0.035423277111306994,,-19.327847731137943,,650
a20_d1,20.0,1.0,prova2,raster,10,0.8055555555555556,PbLl,deterministic,footprint,0.7697999680546912,0.6834006053665164,-5.4243761111948725,1.3247376466070395,3466
a20_d1,20.0,1.0,prova2,raster,10,0.8055555555555556,PbLl,deterministic,unmeasured,-0.04097790454244786,,-98.7607536377114,,650
a20_d1,20.0,1.0,prova2,raster,10,0.8055555555555556,PbLa,ensemble,footprint,0.8900856215706955,0.847605378955582,-0.8203654739887822,1.0481013965497417,3466
a20_d1,20.0,1.0,prova2,raster,10,0.8055555555555556,PbLa,ensemble,unmeasured,-0.04767574966721332,,-25.51432788031503,,650
a20_d1,20.0,1.0,prova2,raster,10,0.8055555555555556,PbLa,deterministic,footprint,0.6042471800473561,0.724970185401912,-1.198175304792315,1.7881022662803066,3466
a20_d1,20.0,1.0,prova2,raster,10,0.8055555555555556,PbLa,deterministic,unmeasured,-0.14827311971546359,,-98.6905716905674,,650
a20_d1,20.0,1.0,prova2,raster,10,0.8055555555555556,PbLb,ensemble,footprint,0.8860751092654504,0.8427519906729902,-0.7801931083754265,1.0517340167257334,3466
a20_d1,20.0,1.0,prova2,raster,10,0.8055555555555556,PbLb,ensemble,unmeasured,-0.02898168379061984,,-25.923922303015196,,650
a20_d1,20.0,1.0,prova2,raster,10,0.8055555555555556,PbLb,deterministic,footprint,0.5972157128667216,0.718613703099931,-1.3593770503881553,1.8053465914883553,3466
a20_d1,20.0,1.0,prova2,raster,10,0.8055555555555556,PbLb,deterministic,unmeasured,-0.1314756657051383,,-98.66631223645588,,650
a20_d1,20.0,1.0,prova2,raster,10,0.8055555555555556,PbLg,ensemble,footprint,0.8580406254432389,0.7961928519896488,-1.4380226562478282,1.039596775428093,3466
a20_d1,20.0,1.0,prova2,raster,10,0.8055555555555556,PbLg,ensemble,unmeasured,-0.04314963110757346,,-26.95077373456841,,650
a20_d1,20.0,1.0,prova2,raster,10,0.8055555555555556,PbLg,deterministic,footprint,0.5507908268403887,0.6787946789772895,-2.2034991620191846,1.8249717944629829,3466
a20_d1,20.0,1.0,prova2,raster,10,0.8055555555555556,PbLg,deterministic,unmeasured,-0.14446110784932534,,-98.6744516302788,,650
a20_d1,20.0,1.0,prova2,raster,11,0.8611111111111112,Ca,ensemble,footprint,0.948046599758702,0.903956890897711,0.5770001553455195,0.9413873926385106,3466
a20_d1,20.0,1.0,prova2,raster,11,0.8611111111111112,Ca,ensemble,unmeasured,0.0960660598259462,,-10.283228600581904,,455
a20_d1,20.0,1.0,prova2,raster,11,0.8611111111111112,Ca,deterministic,footprint,0.7877572140504187,0.8315813741603761,-1.2006007625112614,1.3076231257777662,3466
a20_d1,20.0,1.0,prova2,raster,11,0.8611111111111112,Ca,deterministic,unmeasured,0.1778717992142471,,-98.17766550151066,,455
a20_d1,20.0,1.0,prova2,raster,11,0.8611111111111112,Ti,ensemble,footprint,0.9232286433075058,0.8673948790296031,0.8248686364167312,0.8876781398973783,3466
a20_d1,20.0,1.0,prova2,raster,11,0.8611111111111112,Ti,ensemble,unmeasured,0.30899142190721474,,0.7873951769415395,,455
a20_d1,20.0,1.0,prova2,raster,11,0.8611111111111112,Ti,deterministic,footprint,0.7179631784642346,0.7940488662685163,-1.3772547979107763,1.4364082715773347,3466
a20_d1,20.0,1.0,prova2,raster,11,0.8611111111111112,Ti,deterministic,unmeasured,0.058717880865559874,,-98.41696946216825,,455
a20_d1,20.0,1.0,prova2,raster,11,0.8611111111111112,Fe,ensemble,footprint,0.9814876403465899,0.9216635031016667,1.782058130659836,0.9823132589059252,3466
a20_d1,20.0,1.0,prova2,raster,11,0.8611111111111112,Fe,ensemble,unmeasured,0.6095357576820616,,-21.970779472581594,,455
a20_d1,20.0,1.0,prova2,raster,11,0.8611111111111112,Fe,deterministic,footprint,0.9615231934363283,0.8696608480735514,-0.9239423948783743,1.0675216338977123,3466
a20_d1,20.0,1.0,prova2,raster,11,0.8611111111111112,Fe,deterministic,unmeasured,0.1221920687101614,,-98.85449317038457,,455
a20_d1,20.0,1.0,prova2,raster,11,0.8611111111111112,Cu,ensemble,footprint,0.8468628750823834,0.8361819783382735,-3.8598501709026345,0.995181770541808,3466
a20_d1,20.0,1.0,prova2,raster,11,0.8611111111111112,Cu,ensemble,unmeasured,0.3572047923887153,,-65.63673290533855,,455
a20_d1,20.0,1.0,prova2,raster,11,0.8611111111111112,Cu,deterministic,footprint,0.7536428692029017,0.8034145253488472,-3.926556695922534,1.1048181960327415,3466
a20_d1,20.0,1.0,prova2,raster,11,0.8611111111111112,Cu,deterministic,unmeasured,0.045071299483805914,,-98.6707418493838,,455
a20_d1,20.0,1.0,prova2,raster,11,0.8611111111111112,PbLl,ensemble,footprint,0.9336720587794101,0.8186480610603754,-2.6029061732065983,0.9378899152937815,3466
a20_d1,20.0,1.0,prova2,raster,11,0.8611111111111112,PbLl,ensemble,unmeasured,0.02389404857555243,,-9.907849594013022,,455
a20_d1,20.0,1.0,prova2,raster,11,0.8611111111111112,PbLl,deterministic,footprint,0.8127523711588451,0.7374728021699605,-3.851032944077215,1.1982759023937994,3466
a20_d1,20.0,1.0,prova2,raster,11,0.8611111111111112,PbLl,deterministic,unmeasured,-0.0038513438313009093,,-98.56217946291527,,455
a20_d1,20.0,1.0,prova2,raster,11,0.8611111111111112,PbLa,ensemble,footprint,0.9360381110298867,0.9009045535075386,-0.6176541229394594,0.9985330054019765,3466
a20_d1,20.0,1.0,prova2,raster,11,0.8611111111111112,PbLa,ensemble,unmeasured,-0.01728188829849486,,-19.972736846433477,,455
a20_d1,20.0,1.0,prova2,raster,11,0.8611111111111112,PbLa,deterministic,footprint,0.660224577957604,0.7911805158980632,-0.6646118405579493,1.5471269340834886,3466
a20_d1,20.0,1.0,prova2,raster,11,0.8611111111111112,PbLa,deterministic,unmeasured,-0.10439911984934376,,-98.71917862676965,,455
a20_d1,20.0,1.0,prova2,raster,11,0.8611111111111112,PbLb,ensemble,footprint,0.9330406227408261,0.8996467142008356,-0.5117115049049992,0.9996878525619668,3466
a20_d1,20.0,1.0,prova2,raster,11,0.8611111111111112,PbLb,ensemble,unmeasured,0.017638980437995055,,-20.342041264429547,,455
a20_d1,20.0,1.0,prova2,raster,11,0.8611111111111112,PbLb,deterministic,footprint,0.6543040205949388,0.7871514962660546,-0.8233858777576764,1.559442906622903,3466
a20_d1,20.0,1.0,prova2,raster,11,0.8611111111111112,PbLb,deterministic,unmeasured,-0.11135402925777609,,-98.73242718353971,,455
a20_d1,20.0,1.0,prova2,raster,11,0.8611111111111112,PbLg,ensemble,footprint,0.9112816026904966,0.8509764655440963,-1.0002277200296783,0.9864451357576373,3466
a20_d1,20.0,1.0,prova2,raster,11,0.8611111111111112,PbLg,ensemble,unmeasured,-0.0037191402821358794,,-21.388038789761488,,455
a20_d1,20.0,1.0,prova2,raster,11,0.8611111111111112,PbLg,deterministic,footprint,0.6131923146804271,0.7488839426274759,-1.3297207601163819,1.5717539336737536,3466
a20_d1,20.0,1.0,prova2,raster,11,0.8611111111111112,PbLg,deterministic,unmeasured,-0.09978164776645206,,-98.72381357586468,,455
a20_d1,20.0,1.0,prova2,raster,12,0.9166666666666666,Ca,ensemble,footprint,0.9693800061489287,0.9528068661125612,0.8611717344736203,0.9442704597448485,3466
a20_d1,20.0,1.0,prova2,raster,12,0.9166666666666666,Ca,ensemble,unmeasured,0.05364940628269048,,-7.196794453605506,,264
a20_d1,20.0,1.0,prova2,raster,12,0.9166666666666666,Ca,deterministic,footprint,0.8544044124961758,0.8985890538964938,-0.49708587396681825,1.1502270743485483,3466
a20_d1,20.0,1.0,prova2,raster,12,0.9166666666666666,Ca,deterministic,unmeasured,0.06135725828463018,,-98.06553245492671,,264
a20_d1,20.0,1.0,prova2,raster,12,0.9166666666666666,Ti,ensemble,footprint,0.9434953756140333,0.9044884580087978,0.9006189570591516,0.8934611838529123,3466
a20_d1,20.0,1.0,prova2,raster,12,0.9166666666666666,Ti,ensemble,unmeasured,0.33213675109529806,,7.355323440954021,,264
a20_d1,20.0,1.0,prova2,raster,12,0.9166666666666666,Ti,deterministic,footprint,0.7950227799409222,0.855906397502903,-0.5665937789514741,1.216724555605747,3466
a20_d1,20.0,1.0,prova2,raster,12,0.9166666666666666,Ti,deterministic,unmeasured,-0.015398899417785912,,-98.15303498396102,,264
a20_d1,20.0,1.0,prova2,raster,12,0.9166666666666666,Fe,ensemble,footprint,0.990400029977082,0.9523544700767008,1.5750994077995184,0.9725043967735675,3466
a20_d1,20.0,1.0,prova2,raster,12,0.9166666666666666,Fe,ensemble,unmeasured,0.6568973316676856,,-4.034742540281323,,264
a20_d1,20.0,1.0,prova2,raster,12,0.9166666666666666,Fe,deterministic,footprint,0.9798550172403552,0.9272589140560085,-0.07239765396661602,1.01519583025404,3466
a20_d1,20.0,1.0,prova2,raster,12,0.9166666666666666,Fe,deterministic,unmeasured,0.1481456670249072,,-98.6083424248133,,264
a20_d1,20.0,1.0,prova2,raster,12,0.9166666666666666,Cu,ensemble,footprint,0.8946930084927512,0.9107815589038504,-2.4548582335876534,0.9782023800090734,3466
a20_d1,20.0,1.0,prova2,raster,12,0.9166666666666666,Cu,ensemble,unmeasured,0.3809762991963489,,-66.33858799408685,,264
a20_d1,20.0,1.0,prova2,raster,12,0.9166666666666666,Cu,deterministic,footprint,0.8274060010137755,0.8842524065707512,-2.2197436365340772,1.0287323334592438,3466
a20_d1,20.0,1.0,prova2,raster,12,0.9166666666666666,Cu,deterministic,unmeasured,0.06979954879584742,,-98.23843634596734,,264
a20_d1,20.0,1.0,prova2,raster,12,0.9166666666666666,PbLl,ensemble,footprint,0.949369639184286,0.8602509839447748,-2.2027925391772563,0.9387118689398171,3466
a20_d1,20.0,1.0,prova2,raster,12,0.9166666666666666,PbLl,ensemble,unmeasured,0.13008899617643804,,-7.394793119073953,,264
a20_d1,20.0,1.0,prova2,raster,12,0.9166666666666666,PbLl,deterministic,footprint,0.8606079403138742,0.799179676659872,-2.0795867431033344,1.0774472698077537,3466
a20_d1,20.0,1.0,prova2,raster,12,0.9166666666666666,PbLl,deterministic,unmeasured,0.1462862902213332,,-98.0666306115964,,264
a20_d1,20.0,1.0,prova2,raster,12,0.9166666666666666,PbLa,ensemble,footprint,0.9678630439230049,0.9554037774231517,-0.42386253878039515,0.9779942470253737,3466
a20_d1,20.0,1.0,prova2,raster,12,0.9166666666666666,PbLa,ensemble,unmeasured,0.10823094931208446,,-17.470733161495502,,264
a20_d1,20.0,1.0,prova2,raster,12,0.9166666666666666,PbLa,deterministic,footprint,0.7488696346824101,0.8721594847951355,-0.2711253054638485,1.3032237280556094,3466
a20_d1,20.0,1.0,prova2,raster,12,0.9166666666666666,PbLa,deterministic,unmeasured,-0.020763896861031184,,-98.31519435977702,,264
a20_d1,20.0,1.0,prova2,raster,12,0.9166666666666666,PbLb,ensemble,footprint,0.9658910589475559,0.9536374240687113,-0.26973925874488325,0.9772817415002806,3466
a20_d1,20.0,1.0,prova2,raster,12,0.9166666666666666,PbLb,ensemble,unmeasured,0.08804984371918506,,-17.31726645866424,,264
a20_d1,20.0,1.0,prova2,raster,12,0.9166666666666666,PbLb,deterministic,footprint,0.746471152035651,0.8706846841773078,-0.45963595662870116,1.3102028134905956,3466
a20_d1,20.0,1.0,prova2,raster,12,0.9166666666666666,PbLb,deterministic,unmeasured,-0.036411230009569855,,-98.32957177569881,,264
a20_d1,20.0,1.0,prova2,raster,12,0.9166666666666666,PbLg,ensemble,footprint,0.9463968806875971,0.9025724865788082,-0.4586369193982254,0.9642239093318324,3466
a20_d1,20.0,1.0,prova2,raster,12,0.9166666666666666,PbLg,ensemble,unmeasured,0.08960583317288001,,-18.780195339770827,,264
a20_d1,20.0,1.0,prova2,raster,12,0.9166666666666666,PbLg,deterministic,footprint,0.70873256026069,0.8279333263869388,-0.6031351479040215,1.314357259538324,3466
a20_d1,20.0,1.0,prova2,raster,12,0.9166666666666666,PbLg,deterministic,unmeasured,0.03787508069999182,,-98.23736233273571,,264
a20_d1,20.0,1.0,prova2,raster,13,0.9722222222222222,Ca,ensemble,footprint,0.982135257783484,0.9655969738426758,1.1079050639903443,0.9412405874547771,3466
a20_d1,20.0,1.0,prova2,raster,13,0.9722222222222222,Ca,ensemble,unmeasured,0.03131356210477663,,5.474589300388417,,94
a20_d1,20.0,1.0,prova2,raster,13,0.9722222222222222,Ca,deterministic,footprint,0.9318039106848487,0.934575074967233,0.006720797481607477,1.0001725967346122,3466
a20_d1,20.0,1.0,prova2,raster,13,0.9722222222222222,Ca,deterministic,unmeasured,0.02962347345364271,,-96.69334330684589,,94
a20_d1,20.0,1.0,prova2,raster,13,0.9722222222222222,Ti,ensemble,footprint,0.9569598539290799,0.918479232268567,0.9478533828313651,0.9079596959684393,3466
a20_d1,20.0,1.0,prova2,raster,13,0.9722222222222222,Ti,ensemble,unmeasured,0.2578161513804734,,27.472918245072773,,94
a20_d1,20.0,1.0,prova2,raster,13,0.9722222222222222,Ti,deterministic,footprint,0.8941820880499278,0.8926621170354151,0.10303502246360452,1.010883726455794,3466
a20_d1,20.0,1.0,prova2,raster,13,0.9722222222222222,Ti,deterministic,unmeasured,0.0034067968117517324,,-96.65985891447542,,94
a20_d1,20.0,1.0,prova2,raster,13,0.9722222222222222,Fe,ensemble,footprint,0.9919583549515243,0.959265643155348,1.1764878503880194,0.9751457757966542,3466
a20_d1,20.0,1.0,prova2,raster,13,0.9722222222222222,Fe,ensemble,unmeasured,0.4993416364497693,,-11.520111142093539,,94
a20_d1,20.0,1.0,prova2,raster,13,0.9722222222222222,Fe,deterministic,footprint,0.9854529704165855,0.9473667187593879,0.8550817801295185,0.9831622429457346,3466
a20_d1,20.0,1.0,prova2,raster,13,0.9722222222222222,Fe,deterministic,unmeasured,0.21704191311194412,,-97.65239908102235,,94
a20_d1,20.0,1.0,prova2,raster,13,0.9722222222222222,Cu,ensemble,footprint,0.9375299620918098,0.9456024895027172,-0.8342545693624803,0.9574675657277271,3466
a20_d1,20.0,1.0,prova2,raster,13,0.9722222222222222,Cu,ensemble,unmeasured,0.15779614697792332,,-68.15695579110618,,94
a20_d1,20.0,1.0,prova2,raster,13,0.9722222222222222,Cu,deterministic,footprint,0.9063188532195586,0.92451672382589,-0.5894703152833025,0.9602888157768982,3466
a20_d1,20.0,1.0,prova2,raster,13,0.9722222222222222,Cu,deterministic,unmeasured,0.07597067903799092,,-97.28486265265654,,94
a20_d1,20.0,1.0,prova2,raster,13,0.9722222222222222,PbLl,ensemble,footprint,0.9586872487039463,0.8730245342384871,-1.8615529147776977,0.9348233525713313,3466
a20_d1,20.0,1.0,prova2,raster,13,0.9722222222222222,PbLl,ensemble,unmeasured,0.13296296700343035,,7.530098544011901,,94
a20_d1,20.0,1.0,prova2,raster,13,0.9722222222222222,PbLl,deterministic,footprint,0.9195810678636351,0.8433565876879437,-0.7191229181119807,0.9636689842684533,3466
a20_d1,20.0,1.0,prova2,raster,13,0.9722222222222222,PbLl,deterministic,unmeasured,0.30111806953411385,,-96.22766160199072,,94
a20_d1,20.0,1.0,prova2,raster,13,0.9722222222222222,PbLa,ensemble,footprint,0.9881475930584962,0.9742087999510476,-0.232829586996397,0.9610167903613507,3466
a20_d1,20.0,1.0,prova2,raster,13,0.9722222222222222,PbLa,ensemble,unmeasured,0.2659538014733971,,-6.807343743393606,,94
a20_d1,20.0,1.0,prova2,raster,13,0.9722222222222222,PbLa,deterministic,footprint,0.8731351604286332,0.9338263541424007,0.026734637760950086,1.0666620359817862,3466
a20_d1,20.0,1.0,prova2,raster,13,0.9722222222222222,PbLa,deterministic,unmeasured,0.0394165015574173,,-96.8922169536118,,94
a20_d1,20.0,1.0,prova2,raster,13,0.9722222222222222,PbLb,ensemble,footprint,0.987110321280622,0.9712385768725011,-0.059529616933384766,0.9598358356134324,3466
a20_d1,20.0,1.0,prova2,raster,13,0.9722222222222222,PbLb,ensemble,unmeasured,0.2871376910188561,,-7.10136855264988,,94
a20_d1,20.0,1.0,prova2,raster,13,0.9722222222222222,PbLb,deterministic,footprint,0.8694490914779219,0.93132756252808,-0.03207843369196217,1.0684317774107541,3466
a20_d1,20.0,1.0,prova2,raster,13,0.9722222222222222,PbLb,deterministic,unmeasured,0.0065508168469014865,,-96.92327494407829,,94
a20_d1,20.0,1.0,prova2,raster,13,0.9722222222222222,PbLg,ensemble,footprint,0.970539661460011,0.9208091284936339,-0.06132700372531996,0.9464649427127645,3466
a20_d1,20.0,1.0,prova2,raster,13,0.9722222222222222,PbLg,ensemble,unmeasured,0.27848976705392015,,-8.869118826322808,,94
a20_d1,20.0,1.0,prova2,raster,13,0.9722222222222222,PbLg,deterministic,footprint,0.8415036055379344,0.8829303060010889,-0.05880955788861719,1.0630573379670767,3466
a20_d1,20.0,1.0,prova2,raster,13,0.9722222222222222,PbLg,deterministic,unmeasured,0.08645930968237446,,-96.76194932298533,,94
a20_d1,20.0,1.0,prova2,raster,14,1.0,Ca,ensemble,footprint,0.9889729376060789,0.9719979720008657,1.115957861796013,0.9491910162503959,3466
a20_d1,20.0,1.0,prova2,raster,14,1.0,Ca,deterministic,footprint,0.9813573933419211,0.9535779135329836,0.2904054703203762,0.921551486895102,3466
a20_d1,20.0,1.0,prova2,raster,14,1.0,Ti,ensemble,footprint,0.9708284134509142,0.928065980592545,0.8421205043814606,0.9278947943706858,3466
a20_d1,20.0,1.0,prova2,raster,14,1.0,Ti,deterministic,footprint,0.9628936217890628,0.9117357502375151,0.4376577689078509,0.8977437773721066,3466
a20_d1,20.0,1.0,prova2,raster,14,1.0,Fe,ensemble,footprint,0.9940158382466374,0.9642303900971969,1.0187592657517675,0.975603582578178,3466
a20_d1,20.0,1.0,prova2,raster,14,1.0,Fe,deterministic,footprint,0.9914447099754888,0.9575457464927041,1.3343843114056897,0.9618016723547146,3466
a20_d1,20.0,1.0,prova2,raster,14,1.0,Cu,ensemble,footprint,0.9892237951537033,0.9626207553730909,-0.5526074650366586,0.9621533285054844,3466
a20_d1,20.0,1.0,prova2,raster,14,1.0,Cu,deterministic,footprint,0.9829319733808553,0.9462789478825163,-0.09742901467171272,0.9391951260734114,3466
a20_d1,20.0,1.0,prova2,raster,14,1.0,PbLl,ensemble,footprint,0.9635776137896305,0.8789893319982072,-1.9311774099048828,0.9404042928559861,3466
a20_d1,20.0,1.0,prova2,raster,14,1.0,PbLl,deterministic,footprint,0.9571198729575958,0.8618245605851178,0.05040277520320657,0.9049892458296378,3466
a20_d1,20.0,1.0,prova2,raster,14,1.0,PbLa,ensemble,footprint,0.9933477732387324,0.9795433363570297,-0.1802733101666787,0.9618103332355,3466
a20_d1,20.0,1.0,prova2,raster,14,1.0,PbLa,deterministic,footprint,0.9864064679611485,0.9611442786857111,0.18343726488945222,0.9310914521590534,3466
a20_d1,20.0,1.0,prova2,raster,14,1.0,PbLb,ensemble,footprint,0.9926560252680748,0.9766636147003096,-0.01949361636073288,0.9606171293365212,3466
a20_d1,20.0,1.0,prova2,raster,14,1.0,PbLb,deterministic,footprint,0.9858462570569066,0.9583175902475468,0.1197389959673778,0.9290253599473648,3466
a20_d1,20.0,1.0,prova2,raster,14,1.0,PbLg,ensemble,footprint,0.9775202628504063,0.9270515540664274,0.05670564362927344,0.9481960490998386,3466
a20_d1,20.0,1.0,prova2,raster,14,1.0,PbLg,deterministic,footprint,0.9711977379479029,0.9099689746506672,0.20057351307314342,0.9187903429579636,3466
a20_d1,20.0,1.0,prova2,oracle,0,0.25,Ca,ensemble,footprint,0.3874467852332068,0.2857163017539102,-36.56544346309948,1.3702406811418755,3466
a20_d1,20.0,1.0,prova2,oracle,0,0.25,Ca,ensemble,unmeasured,-0.12501440359547117,,-52.187941811364674,,2591
a20_d1,20.0,1.0,prova2,oracle,0,0.25,Ca,deterministic,footprint,0.38818767953293154,0.1435723590509726,-100.0,3.926946412367908,3466
a20_d1,20.0,1.0,prova2,oracle,0,0.25,Ca,deterministic,unmeasured,0.1316180605727167,,-97.93550570251816,,2591
a20_d1,20.0,1.0,prova2,oracle,0,0.25,Ti,ensemble,footprint,0.25490355360474276,0.28717189113810987,-36.30016048707918,1.4190959759446127,3466
a20_d1,20.0,1.0,prova2,oracle,0,0.25,Ti,ensemble,unmeasured,-0.03598982554237313,,-49.97575785901187,,2591
a20_d1,20.0,1.0,prova2,oracle,0,0.25,Ti,deterministic,footprint,0.21069730133818537,0.08075127664766947,-100.0,4.880496741201949,3466
a20_d1,20.0,1.0,prova2,oracle,0,0.25,Ti,deterministic,unmeasured,0.05144303737389994,,-98.05846187127811,,2591
a20_d1,20.0,1.0,prova2,oracle,0,0.25,Fe,ensemble,footprint,0.3750902482513154,0.4939013998576065,-30.208749347309173,1.114047726628152,3466
a20_d1,20.0,1.0,prova2,oracle,0,0.25,Fe,ensemble,unmeasured,0.06851891210256314,,-71.79030912013769,,2591
a20_d1,20.0,1.0,prova2,oracle,0,0.25,Fe,deterministic,footprint,0.3314943980036084,0.21703964647984364,-100.0,2.262846528570064,3466
a20_d1,20.0,1.0,prova2,oracle,0,0.25,Fe,deterministic,unmeasured,0.09750259756732312,,-98.36477031062846,,2591
a20_d1,20.0,1.0,prova2,oracle,0,0.25,Cu,ensemble,footprint,0.4088539423749201,0.19400840682588932,-71.14196723936617,1.2053572683769274,3466
a20_d1,20.0,1.0,prova2,oracle,0,0.25,Cu,ensemble,unmeasured,0.27662910664910134,,-73.49280626197147,,2591
a20_d1,20.0,1.0,prova2,oracle,0,0.25,Cu,deterministic,footprint,0.3184613560668353,0.28831748231778026,-100.0,2.3072206326397393,3466
a20_d1,20.0,1.0,prova2,oracle,0,0.25,Cu,deterministic,unmeasured,0.1745822387514942,,-98.12724554249188,,2591
a20_d1,20.0,1.0,prova2,oracle,0,0.25,PbLl,ensemble,footprint,0.47363641358665315,0.28242171843371794,-47.4923048561827,1.2325765372328605,3466
a20_d1,20.0,1.0,prova2,oracle,0,0.25,PbLl,ensemble,unmeasured,0.41326099465355315,,-58.22332761109478,,2591
a20_d1,20.0,1.0,prova2,oracle,0,0.25,PbLl,deterministic,footprint,0.223907513207542,0.10625019053849179,-100.0,3.2841122553798208,3466
a20_d1,20.0,1.0,prova2,oracle,0,0.25,PbLl,deterministic,unmeasured,0.1736008725704516,,-97.72280808232145,,2591
a20_d1,20.0,1.0,prova2,oracle,0,0.25,PbLa,ensemble,footprint,0.3435573636297702,0.20232200988366253,-48.02532612248134,1.6688301173871793,3466
a20_d1,20.0,1.0,prova2,oracle,0,0.25,PbLa,ensemble,unmeasured,0.3952740914170776,,-57.78280033747546,,2591
a20_d1,20.0,1.0,prova2,oracle,0,0.25,PbLa,deterministic,footprint,0.05391351106126422,0.020664371226328568,-100.0,5.116992474304335,3466
a20_d1,20.0,1.0,prova2,oracle,0,0.25,PbLa,deterministic,unmeasured,0.1182713799937308,,-97.93390344614846,,2591
a20_d1,20.0,1.0,prova2,oracle,0,0.25,PbLb,ensemble,footprint,0.31938554050469065,0.1958903517408627,-48.186301532327256,1.6950510298160386,3466
a20_d1,20.0,1.0,prova2,oracle,0,0.25,PbLb,ensemble,unmeasured,0.36963819588615615,,-58.01059750355055,,2591
a20_d1,20.0,1.0,prova2,oracle,0,0.25,PbLb,deterministic,footprint,0.0401462986065823,0.016438348175542274,-100.0,5.197338435982161,3466
a20_d1,20.0,1.0,prova2,oracle,0,0.25,PbLb,deterministic,unmeasured,0.11245603727320279,,-97.9506031586837,,2591
a20_d1,20.0,1.0,prova2,oracle,0,0.25,PbLg,ensemble,footprint,0.3188814111354717,0.20824973766930371,-47.90675302895646,1.7109661363170772,3466
a20_d1,20.0,1.0,prova2,oracle,0,0.25,PbLg,ensemble,unmeasured,0.36488076764369304,,-57.491908379161394,,2591
a20_d1,20.0,1.0,prova2,oracle,0,0.25,PbLg,deterministic,footprint,0.040737477054096645,0.021390955884221432,-100.0,5.294447719528088,3466
a20_d1,20.0,1.0,prova2,oracle,0,0.25,PbLg,deterministic,unmeasured,0.09991430067393216,,-97.94186349982978,,2591
a20_d1,20.0,1.0,prova2,oracle,1,0.3055555555555556,Ca,ensemble,footprint,0.5090606909234465,0.32764036377359196,-28.565089066888525,1.2380676320190194,3466
a20_d1,20.0,1.0,prova2,oracle,1,0.3055555555555556,Ca,ensemble,unmeasured,0.0762986076544178,,-46.92164619931243,,2406
a20_d1,20.0,1.0,prova2,oracle,1,0.3055555555555556,Ca,deterministic,footprint,0.4381297407458873,0.16800778364593255,-100.0,3.432554463134058,3466
a20_d1,20.0,1.0,prova2,oracle,1,0.3055555555555556,Ca,deterministic,unmeasured,0.1968174969814786,,-97.14090857527178,,2406
a20_d1,20.0,1.0,prova2,oracle,1,0.3055555555555556,Ti,ensemble,footprint,0.42287676023223086,0.3084499168730855,-32.00735528039787,1.266708943773626,3466
a20_d1,20.0,1.0,prova2,oracle,1,0.3055555555555556,Ti,ensemble,unmeasured,0.17399371975010566,,-45.63440707398001,,2406
a20_d1,20.0,1.0,prova2,oracle,1,0.3055555555555556,Ti,deterministic,footprint,0.250381503824242,0.08640383367986745,-100.0,4.332843746300341,3466
a20_d1,20.0,1.0,prova2,oracle,1,0.3055555555555556,Ti,deterministic,unmeasured,0.07629182854919876,,-97.47892918802795,,2406
a20_d1,20.0,1.0,prova2,oracle,1,0.3055555555555556,Fe,ensemble,footprint,0.4415408391900651,0.508325625636377,-26.074052429033536,1.0341875511745917,3466
a20_d1,20.0,1.0,prova2,oracle,1,0.3055555555555556,Fe,ensemble,unmeasured,0.34822349909422323,,-69.86619206689751,,2406
a20_d1,20.0,1.0,prova2,oracle,1,0.3055555555555556,Fe,deterministic,footprint,0.33766002854936716,0.23215677240537044,-100.0,2.0005842260367954,3466
a20_d1,20.0,1.0,prova2,oracle,1,0.3055555555555556,Fe,deterministic,unmeasured,0.16749233969830896,,-97.78131232162413,,2406
a20_d1,20.0,1.0,prova2,oracle,1,0.3055555555555556,Cu,ensemble,footprint,0.5980695482816029,0.27730896301348346,-61.45722863266141,1.2066097151150732,3466
a20_d1,20.0,1.0,prova2,oracle,1,0.3055555555555556,Cu,ensemble,unmeasured,0.43597375264213317,,-67.06553573110618,,2406
a20_d1,20.0,1.0,prova2,oracle,1,0.3055555555555556,Cu,deterministic,footprint,0.5090856360969134,0.36626882966639496,-100.0,2.0051043877852175,3466
a20_d1,20.0,1.0,prova2,oracle,1,0.3055555555555556,Cu,deterministic,unmeasured,0.239791658288214,,-97.03643848391701,,2406
a20_d1,20.0,1.0,prova2,oracle,1,0.3055555555555556,PbLl,ensemble,footprint,0.44940494597955116,0.3333668111043989,-38.92350675627675,1.0831688772550667,3466
a20_d1,20.0,1.0,prova2,oracle,1,0.3055555555555556,PbLl,ensemble,unmeasured,0.32528259605262044,,-54.12773750301721,,2406
a20_d1,20.0,1.0,prova2,oracle,1,0.3055555555555556,PbLl,deterministic,footprint,0.22851696766360957,0.16390422179070407,-100.0,2.8554937875049022,3466
a20_d1,20.0,1.0,prova2,oracle,1,0.3055555555555556,PbLl,deterministic,unmeasured,0.16097983072442373,,-97.26307287995087,,2406
a20_d1,20.0,1.0,prova2,oracle,1,0.3055555555555556,PbLa,ensemble,footprint,0.3086211003167261,0.2657941813169505,-40.00789669099797,1.4267926498461407,3466
a20_d1,20.0,1.0,prova2,oracle,1,0.3055555555555556,PbLa,ensemble,unmeasured,0.3078947953352221,,-53.88887330850505,,2406
a20_d1,20.0,1.0,prova2,oracle,1,0.3055555555555556,PbLa,deterministic,footprint,0.05670762454090019,0.05402878431051401,-100.0,4.4608846119561605,3466
a20_d1,20.0,1.0,prova2,oracle,1,0.3055555555555556,PbLa,deterministic,unmeasured,0.0937244302669319,,-97.4578101196211,,2406
a20_d1,20.0,1.0,prova2,oracle,1,0.3055555555555556,PbLb,ensemble,footprint,0.2865506221823714,0.25723577636638434,-40.09932697121389,1.4467771309036261,3466
a20_d1,20.0,1.0,prova2,oracle,1,0.3055555555555556,PbLb,ensemble,unmeasured,0.289741872220693,,-54.20006225130911,,2406
a20_d1,20.0,1.0,prova2,oracle,1,0.3055555555555556,PbLb,deterministic,footprint,0.03988939763208653,0.04580245888589312,-100.0,4.529112974108,3466
a20_d1,20.0,1.0,prova2,oracle,1,0.3055555555555556,PbLb,deterministic,unmeasured,0.08684421032238251,,-97.48003533677223,,2406
a20_d1,20.0,1.0,prova2,oracle,1,0.3055555555555556,PbLg,ensemble,footprint,0.28797119693298406,0.2700839785479228,-39.85341950960943,1.4623594860944904,3466
a20_d1,20.0,1.0,prova2,oracle,1,0.3055555555555556,PbLg,ensemble,unmeasured,0.28067875181224783,,-53.558968302030934,,2406
a20_d1,20.0,1.0,prova2,oracle,1,0.3055555555555556,PbLg,deterministic,footprint,0.04639213307398367,0.052928488214149326,-100.0,4.616826566695883,3466
a20_d1,20.0,1.0,prova2,oracle,1,0.3055555555555556,PbLg,deterministic,unmeasured,0.07435053780997089,,-97.45166479029707,,2406
a20_d1,20.0,1.0,prova2,oracle,2,0.3611111111111111,Ca,ensemble,footprint,0.5348601713396942,0.3793046970198445,-22.000296586904945,1.1756820675875534,3466
a20_d1,20.0,1.0,prova2,oracle,2,0.3611111111111111,Ca,ensemble,unmeasured,0.029612150292236617,,-44.37768066143657,,2208
a20_d1,20.0,1.0,prova2,oracle,2,0.3611111111111111,Ca,deterministic,footprint,0.4472144205004454,0.19677210892222063,-100.0,3.0649933076532756,3466
a20_d1,20.0,1.0,prova2,oracle,2,0.3611111111111111,Ca,deterministic,unmeasured,0.196688570162923,,-96.51992770810857,,2208
a20_d1,20.0,1.0,prova2,oracle,2,0.3611111111111111,Ti,ensemble,footprint,0.44699555090124965,0.3496482663221291,-26.72490318594798,1.17236193242211,3466
a20_d1,20.0,1.0,prova2,oracle,2,0.3611111111111111,Ti,ensemble,unmeasured,0.23688549359976613,,-43.385877478592846,,2208
a20_d1,20.0,1.0,prova2,oracle,2,0.3611111111111111,Ti,deterministic,footprint,0.22430929551628026,0.09301808204873445,-100.0,3.8121158043594097,3466
a20_d1,20.0,1.0,prova2,oracle,2,0.3611111111111111,Ti,deterministic,unmeasured,0.05162610545021318,,-96.90591805834201,,2208
a20_d1,20.0,1.0,prova2,oracle,2,0.3611111111111111,Fe,ensemble,footprint,0.4662605432411619,0.5207393715301307,-23.558988197058884,1.0122771927002518,3466
a20_d1,20.0,1.0,prova2,oracle,2,0.3611111111111111,Fe,ensemble,unmeasured,0.4073520104227844,,-69.87133704551616,,2208
a20_d1,20.0,1.0,prova2,oracle,2,0.3611111111111111,Fe,deterministic,footprint,0.34181537381490196,0.2611222282768324,-100.0,1.8315380483298145,3466
a20_d1,20.0,1.0,prova2,oracle,2,0.3611111111111111,Fe,deterministic,unmeasured,0.15288070912560153,,-97.54795762420466,,2208
a20_d1,20.0,1.0,prova2,oracle,2,0.3611111111111111,Cu,ensemble,footprint,0.6254554159570512,0.3206856872397414,-47.53270799830194,1.1209447950657758,3466
a20_d1,20.0,1.0,prova2,oracle,2,0.3611111111111111,Cu,ensemble,unmeasured,0.37173810984770694,,-62.69955674905891,,2208
a20_d1,20.0,1.0,prova2,oracle,2,0.3611111111111111,Cu,deterministic,footprint,0.5542747074509208,0.41147177338678287,-98.70524677561096,1.7791782207289584,3466
a20_d1,20.0,1.0,prova2,oracle,2,0.3611111111111111,Cu,deterministic,unmeasured,0.28686018904170474,,-95.9459000906479,,2208
a20_d1,20.0,1.0,prova2,oracle,2,0.3611111111111111,PbLl,ensemble,footprint,0.5789268393024576,0.37758958941088483,-31.380839709772125,1.0665418821500356,3466
a20_d1,20.0,1.0,prova2,oracle,2,0.3611111111111111,PbLl,ensemble,unmeasured,0.44660125405627443,,-48.40026072373819,,2208
a20_d1,20.0,1.0,prova2,oracle,2,0.3611111111111111,PbLl,deterministic,footprint,0.3378236660530116,0.20132032427222865,-100.0,2.5110768725012895,3466
a20_d1,20.0,1.0,prova2,oracle,2,0.3611111111111111,PbLl,deterministic,unmeasured,0.21863730540875462,,-96.19561311956772,,2208
a20_d1,20.0,1.0,prova2,oracle,2,0.3611111111111111,PbLa,ensemble,footprint,0.4711826216504409,0.2994174966678794,-34.018678460738606,1.4020725533453715,3466
a20_d1,20.0,1.0,prova2,oracle,2,0.3611111111111111,PbLa,ensemble,unmeasured,0.4623670279485319,,-49.704982013019496,,2208
a20_d1,20.0,1.0,prova2,oracle,2,0.3611111111111111,PbLa,deterministic,footprint,0.16861126079273667,0.07666160397124444,-100.0,3.944895926694892,3466
a20_d1,20.0,1.0,prova2,oracle,2,0.3611111111111111,PbLa,deterministic,unmeasured,0.14552916129078666,,-96.59210034449526,,2208
a20_d1,20.0,1.0,prova2,oracle,2,0.3611111111111111,PbLb,ensemble,footprint,0.4617665872334702,0.2918574834853851,-34.80227008283916,1.4283306535971663,3466
a20_d1,20.0,1.0,prova2,oracle,2,0.3611111111111111,PbLb,ensemble,unmeasured,0.45884081079919137,,-50.10747014188773,,2208
a20_d1,20.0,1.0,prova2,oracle,2,0.3611111111111111,PbLb,deterministic,footprint,0.157272936175527,0.06747901400154095,-100.0,4.014645689216418,3466
a20_d1,20.0,1.0,prova2,oracle,2,0.3611111111111111,PbLb,deterministic,unmeasured,0.13960648055122268,,-96.6256912813986,,2208
a20_d1,20.0,1.0,prova2,oracle,2,0.3611111111111111,PbLg,ensemble,footprint,0.4447830328100537,0.3057248763492528,-34.008966027097046,1.427515460411947,3466
a20_d1,20.0,1.0,prova2,oracle,2,0.3611111111111111,PbLg,ensemble,unmeasured,0.4278016620220916,,-49.442006951847645,,2208
a20_d1,20.0,1.0,prova2,oracle,2,0.3611111111111111,PbLg,deterministic,footprint,0.15106784365139828,0.07466978083233262,-100.0,4.076985063051997,3466
a20_d1,20.0,1.0,prova2,oracle,2,0.3611111111111111,PbLg,deterministic,unmeasured,0.11946926081351775,,-96.61489514794239,,2208
a20_d1,20.0,1.0,prova2,oracle,3,0.4166666666666667,Ca,ensemble,footprint,0.5684974867455678,0.4190489013019078,-11.409425571486087,1.1147534395874144,3466
a20_d1,20.0,1.0,prova2,oracle,3,0.4166666666666667,Ca,ensemble,unmeasured,0.027146724308667682,,-41.478697600599,,2019
a20_d1,20.0,1.0,prova2,oracle,3,0.4166666666666667,Ca,deterministic,footprint,0.45714287887142724,0.22263252233403233,-97.19907787185156,2.767371480420219,3466
a20_d1,20.0,1.0,prova2,oracle,3,0.4166666666666667,Ca,deterministic,unmeasured,0.19889861954992072,,-96.32124333141736,,2019
a20_d1,20.0,1.0,prova2,oracle,3,0.4166666666666667,Ti,ensemble,footprint,0.4880531249749178,0.3917727994033404,-20.904535568220652,1.1237657890688793,3466
a20_d1,20.0,1.0,prova2,oracle,3,0.4166666666666667,Ti,ensemble,unmeasured,0.22544642681202726,,-41.55002269763894,,2019
a20_d1,20.0,1.0,prova2,oracle,3,0.4166666666666667,Ti,deterministic,footprint,0.21590288556698917,0.10774721564669369,-96.96444424808077,3.4588939893799706,3466
a20_d1,20.0,1.0,prova2,oracle,3,0.4166666666666667,Ti,deterministic,unmeasured,0.03212444954812337,,-96.79736480891944,,2019
a20_d1,20.0,1.0,prova2,oracle,3,0.4166666666666667,Fe,ensemble,footprint,0.4757020930369552,0.5420858595204443,-18.20726091252647,0.9855283435108314,3466
a20_d1,20.0,1.0,prova2,oracle,3,0.4166666666666667,Fe,ensemble,unmeasured,0.40995893369350134,,-69.82578066328708,,2019
a20_d1,20.0,1.0,prova2,oracle,3,0.4166666666666667,Fe,deterministic,footprint,0.33907347004316873,0.2876577162461521,-97.33263773225998,1.6944732466115089,3466
a20_d1,20.0,1.0,prova2,oracle,3,0.4166666666666667,Fe,deterministic,unmeasured,0.14944818969510196,,-97.56628418292092,,2019
a20_d1,20.0,1.0,prova2,oracle,3,0.4166666666666667,Cu,ensemble,footprint,0.7463471843869807,0.3858647724554266,-24.381342178589705,1.086822523704469,3466
a20_d1,20.0,1.0,prova2,oracle,3,0.4166666666666667,Cu,ensemble,unmeasured,0.4936142250015798,,-54.929835039946866,,2019
a20_d1,20.0,1.0,prova2,oracle,3,0.4166666666666667,Cu,deterministic,footprint,0.679812886553255,0.4705658699861188,-58.77737019182641,1.5995809163269337,3466
a20_d1,20.0,1.0,prova2,oracle,3,0.4166666666666667,Cu,deterministic,unmeasured,0.3592578396276615,,-94.98184874122792,,2019
a20_d1,20.0,1.0,prova2,oracle,3,0.4166666666666667,PbLl,ensemble,footprint,0.5948269440148488,0.4231171952518421,-23.144566890577778,1.005036050027249,3466
a20_d1,20.0,1.0,prova2,oracle,3,0.4166666666666667,PbLl,ensemble,unmeasured,0.44431371021093696,,-45.40737082692497,,2019
a20_d1,20.0,1.0,prova2,oracle,3,0.4166666666666667,PbLl,deterministic,footprint,0.3425286512832468,0.2369164410294417,-92.32208975023164,2.2551604135190404,3466
a20_d1,20.0,1.0,prova2,oracle,3,0.4166666666666667,PbLl,deterministic,unmeasured,0.22043318190649502,,-95.91903109883319,,2019
a20_d1,20.0,1.0,prova2,oracle,3,0.4166666666666667,PbLa,ensemble,footprint,0.4873023144958562,0.35434223577181656,-27.404051557823863,1.3060922352734174,3466
a20_d1,20.0,1.0,prova2,oracle,3,0.4166666666666667,PbLa,ensemble,unmeasured,0.4632668455693071,,-47.034150222880065,,2019
a20_d1,20.0,1.0,prova2,oracle,3,0.4166666666666667,PbLa,deterministic,footprint,0.17023960483727912,0.10213436716775501,-96.71679858513997,3.536858931147375,3466
a20_d1,20.0,1.0,prova2,oracle,3,0.4166666666666667,PbLa,deterministic,unmeasured,0.14856433256401883,,-96.35450502321554,,2019
a20_d1,20.0,1.0,prova2,oracle,3,0.4166666666666667,PbLb,ensemble,footprint,0.4753173045800861,0.34748825983317083,-28.624533950321872,1.3294285715704346,3466
a20_d1,20.0,1.0,prova2,oracle,3,0.4166666666666667,PbLb,ensemble,unmeasured,0.45693383828013817,,-47.52758722653413,,2019
a20_d1,20.0,1.0,prova2,oracle,3,0.4166666666666667,PbLb,deterministic,footprint,0.15671798802442782,0.0920357916367641,-96.94443698743036,3.598335117281279,3466
a20_d1,20.0,1.0,prova2,oracle,3,0.4166666666666667,PbLb,deterministic,unmeasured,0.14108113170654651,,-96.39870602558616,,2019
a20_d1,20.0,1.0,prova2,oracle,3,0.4166666666666667,PbLg,ensemble,footprint,0.4667020002435026,0.3574543202574337,-27.300139389148047,1.3337755363585104,3466
a20_d1,20.0,1.0,prova2,oracle,3,0.4166666666666667,PbLg,ensemble,unmeasured,0.43136001490513887,,-46.6843695700126,,2019
a20_d1,20.0,1.0,prova2,oracle,3,0.4166666666666667,PbLg,deterministic,footprint,0.16111538263829256,0.10069761770944853,-96.99706497302239,3.658488276775902,3466
a20_d1,20.0,1.0,prova2,oracle,3,0.4166666666666667,PbLg,deterministic,unmeasured,0.12484413147102066,,-96.37949856708785,,2019
a20_d1,20.0,1.0,prova2,oracle,4,0.4722222222222222,Ca,ensemble,footprint,0.602469365321555,0.45063589514936675,-5.364425404376161,1.052577971183691,3466
a20_d1,20.0,1.0,prova2,oracle,4,0.4722222222222222,Ca,ensemble,unmeasured,0.0051688534574146645,,-37.802700974501924,,1836
a20_d1,20.0,1.0,prova2,oracle,4,0.4722222222222222,Ca,deterministic,footprint,0.4824666597055889,0.24743976873955667,-68.93893532322917,2.499962036991437,3466
a20_d1,20.0,1.0,prova2,oracle,4,0.4722222222222222,Ca,deterministic,unmeasured,0.2053214299870901,,-95.95129533002525,,1836
a20_d1,20.0,1.0,prova2,oracle,4,0.4722222222222222,Ti,ensemble,footprint,0.49633675568268304,0.4220346321092163,-14.030179087548,1.0515491655659182,3466
a20_d1,20.0,1.0,prova2,oracle,4,0.4722222222222222,Ti,ensemble,unmeasured,0.15840303518183632,,-39.435887914064004,,1836
a20_d1,20.0,1.0,prova2,oracle,4,0.4722222222222222,Ti,deterministic,footprint,0.19706779443939348,0.1257948638545439,-69.51218206687601,3.1269411749687257,3466
a20_d1,20.0,1.0,prova2,oracle,4,0.4722222222222222,Ti,deterministic,unmeasured,-0.0012783315077299886,,-96.57292584331209,,1836
a20_d1,20.0,1.0,prova2,oracle,4,0.4722222222222222,Fe,ensemble,footprint,0.47927320260944606,0.5523822337166477,-15.399516652021305,0.9664417526026331,3466
a20_d1,20.0,1.0,prova2,oracle,4,0.4722222222222222,Fe,ensemble,unmeasured,0.40324275283331107,,-70.36909315225138,,1836
a20_d1,20.0,1.0,prova2,oracle,4,0.4722222222222222,Fe,deterministic,footprint,0.326513312534898,0.31845510373760005,-69.68747255990661,1.6033462365981397,3466
a20_d1,20.0,1.0,prova2,oracle,4,0.4722222222222222,Fe,deterministic,unmeasured,0.13809862741150292,,-97.54296111272,,1836
a20_d1,20.0,1.0,prova2,oracle,4,0.4722222222222222,Cu,ensemble,footprint,0.8150940648674243,0.4515888843977147,-10.67775720807046,1.0084473031793024,3466
a20_d1,20.0,1.0,prova2,oracle,4,0.4722222222222222,Cu,ensemble,unmeasured,0.5894956985897778,,-44.630825120041294,,1836
a20_d1,20.0,1.0,prova2,oracle,4,0.4722222222222222,Cu,deterministic,footprint,0.7523494197638859,0.5320114652790829,-19.19721268334098,1.423075913823272,3466
a20_d1,20.0,1.0,prova2,oracle,4,0.4722222222222222,Cu,deterministic,unmeasured,0.3970283990450996,,-93.84242068592397,,1836
a20_d1,20.0,1.0,prova2,oracle,4,0.4722222222222222,PbLl,ensemble,footprint,0.6205377966185575,0.4595485944264142,-16.355022373594252,0.9297592025471214,3466
a20_d1,20.0,1.0,prova2,oracle,4,0.4722222222222222,PbLl,ensemble,unmeasured,0.48245442368018,,-41.57666185095018,,1836
a20_d1,20.0,1.0,prova2,oracle,4,0.4722222222222222,PbLl,deterministic,footprint,0.3485292282647136,0.27485514979035747,-60.48327072371126,2.02394582507158,3466
a20_d1,20.0,1.0,prova2,oracle,4,0.4722222222222222,PbLl,deterministic,unmeasured,0.22801695799338303,,-95.4536983771543,,1836
a20_d1,20.0,1.0,prova2,oracle,4,0.4722222222222222,PbLa,ensemble,footprint,0.5082600260371067,0.40812319999226526,-20.32884730482215,1.18866917920852,3466
a20_d1,20.0,1.0,prova2,oracle,4,0.4722222222222222,PbLa,ensemble,unmeasured,0.49646394367475877,,-44.06178785489603,,1836
a20_d1,20.0,1.0,prova2,oracle,4,0.4722222222222222,PbLa,deterministic,footprint,0.16245244845947526,0.13764402365346648,-68.69225053496974,3.178034045623276,3466
a20_d1,20.0,1.0,prova2,oracle,4,0.4722222222222222,PbLa,deterministic,unmeasured,0.14590392785457207,,-96.00826427149451,,1836
a20_d1,20.0,1.0,prova2,oracle,4,0.4722222222222222,PbLb,ensemble,footprint,0.49019989307187267,0.40148442286054364,-21.82693687258237,1.2083961562485737,3466
a20_d1,20.0,1.0,prova2,oracle,4,0.4722222222222222,PbLb,ensemble,unmeasured,0.48300253218164474,,-44.752621992284226,,1836
a20_d1,20.0,1.0,prova2,oracle,4,0.4722222222222222,PbLb,deterministic,footprint,0.14139953018980908,0.12659082758410609,-68.65203880318886,3.233631988216413,3466
a20_d1,20.0,1.0,prova2,oracle,4,0.4722222222222222,PbLb,deterministic,unmeasured,0.13684164233958512,,-96.06082285776812,,1836
a20_d1,20.0,1.0,prova2,oracle,4,0.4722222222222222,PbLg,ensemble,footprint,0.4874264319296905,0.40210826956722384,-19.838414501550616,1.2130348893625469,3466
a20_d1,20.0,1.0,prova2,oracle,4,0.4722222222222222,PbLg,ensemble,unmeasured,0.4654756458968616,,-43.743304183129,,1836
a20_d1,20.0,1.0,prova2,oracle,4,0.4722222222222222,PbLg,deterministic,footprint,0.15087469758004549,0.1307225641185543,-68.25483270471304,3.2900658751119103,3466
a20_d1,20.0,1.0,prova2,oracle,4,0.4722222222222222,PbLg,deterministic,unmeasured,0.12204270274558934,,-96.0281728541205,,1836
a20_d1,20.0,1.0,prova2,oracle,5,0.5277777777777778,Ca,ensemble,footprint,0.6781473120876966,0.5184381241627152,-3.130075651247355,1.0190592550465876,3466
a20_d1,20.0,1.0,prova2,oracle,5,0.5277777777777778,Ca,ensemble,unmeasured,0.01680767265790272,,-32.698840865926336,,1636
a20_d1,20.0,1.0,prova2,oracle,5,0.5277777777777778,Ca,deterministic,footprint,0.5494374327645214,0.3135791628480369,-30.333217401712954,2.2762993750131506,3466
a20_d1,20.0,1.0,prova2,oracle,5,0.5277777777777778,Ca,deterministic,unmeasured,0.228935311591707,,-95.88128986814722,,1636
a20_d1,20.0,1.0,prova2,oracle,5,0.5277777777777778,Ti,ensemble,footprint,0.5378082115986652,0.4815041487676405,-8.766740831422826,0.9991588321043848,3466
a20_d1,20.0,1.0,prova2,oracle,5,0.5277777777777778,Ti,ensemble,unmeasured,0.14405795855063067,,-36.33618868043343,,1636
a20_d1,20.0,1.0,prova2,oracle,5,0.5277777777777778,Ti,deterministic,footprint,0.21970538916171276,0.1675137226022189,-31.977707585703065,2.8172536472542267,3466
a20_d1,20.0,1.0,prova2,oracle,5,0.5277777777777778,Ti,deterministic,unmeasured,0.01980058406726372,,-96.45777589340963,,1636
a20_d1,20.0,1.0,prova2,oracle,5,0.5277777777777778,Fe,ensemble,footprint,0.49417028601928226,0.5768383762655652,-11.544702034150433,0.9440986505356109,3466
a20_d1,20.0,1.0,prova2,oracle,5,0.5277777777777778,Fe,ensemble,unmeasured,0.4140970126342616,,-70.30794450320147,,1636
a20_d1,20.0,1.0,prova2,oracle,5,0.5277777777777778,Fe,deterministic,footprint,0.33296936248629866,0.34972615542966423,-33.55166620793027,1.4766818055367403,3466
a20_d1,20.0,1.0,prova2,oracle,5,0.5277777777777778,Fe,deterministic,unmeasured,0.1358566219068683,,-97.49928116964814,,1636
a20_d1,20.0,1.0,prova2,oracle,5,0.5277777777777778,Cu,ensemble,footprint,0.8665108671931173,0.5286381449772914,-7.886520707622879,0.9695592838169893,3466
a20_d1,20.0,1.0,prova2,oracle,5,0.5277777777777778,Cu,ensemble,unmeasured,0.5802298181796194,,-34.13629951773365,,1636
a20_d1,20.0,1.0,prova2,oracle,5,0.5277777777777778,Cu,deterministic,footprint,0.8110913481231167,0.6230913099685376,-11.76861821623081,1.3250223545859288,3466
a20_d1,20.0,1.0,prova2,oracle,5,0.5277777777777778,Cu,deterministic,unmeasured,0.3390751152255913,,-94.27678718782765,,1636
a20_d1,20.0,1.0,prova2,oracle,5,0.5277777777777778,PbLl,ensemble,footprint,0.66390202126718,0.5232333410940578,-12.227531709846119,0.8793157991853903,3466
a20_d1,20.0,1.0,prova2,oracle,5,0.5277777777777778,PbLl,ensemble,unmeasured,0.5094917860370354,,-36.72712465725929,,1636
a20_d1,20.0,1.0,prova2,oracle,5,0.5277777777777778,PbLl,deterministic,footprint,0.382398110374493,0.33671108418102674,-25.236923487689864,1.8282928576543522,3466
a20_d1,20.0,1.0,prova2,oracle,5,0.5277777777777778,PbLl,deterministic,unmeasured,0.2456282236657814,,-95.2363380044285,,1636
a20_d1,20.0,1.0,prova2,oracle,5,0.5277777777777778,PbLa,ensemble,footprint,0.5623883560539249,0.4950058114674568,-8.267133297956985,1.116818748029019,3466
a20_d1,20.0,1.0,prova2,oracle,5,0.5277777777777778,PbLa,ensemble,unmeasured,0.5085267695440381,,-40.55453593597427,,1636
a20_d1,20.0,1.0,prova2,oracle,5,0.5277777777777778,PbLa,deterministic,footprint,0.19049940484717037,0.1955226362343213,-30.819166690011592,2.871867668025548,3466
a20_d1,20.0,1.0,prova2,oracle,5,0.5277777777777778,PbLa,deterministic,unmeasured,0.16097686589053242,,-95.89216863161992,,1636
a20_d1,20.0,1.0,prova2,oracle,5,0.5277777777777778,PbLb,ensemble,footprint,0.5445717627253506,0.48645255065264076,-10.450573599646695,1.136485068864768,3466
a20_d1,20.0,1.0,prova2,oracle,5,0.5277777777777778,PbLb,ensemble,unmeasured,0.4949389800188056,,-41.45050693786858,,1636
a20_d1,20.0,1.0,prova2,oracle,5,0.5277777777777778,PbLb,deterministic,footprint,0.16668525295731978,0.18142584060064978,-30.40892980539458,2.9231491250997883,3466
a20_d1,20.0,1.0,prova2,oracle,5,0.5277777777777778,PbLb,deterministic,unmeasured,0.15358020491121133,,-95.9430396726131,,1636
a20_d1,20.0,1.0,prova2,oracle,5,0.5277777777777778,PbLg,ensemble,footprint,0.5423602655935827,0.48426914189037945,-10.90112576499822,1.1355515897906132,3466
a20_d1,20.0,1.0,prova2,oracle,5,0.5277777777777778,PbLg,ensemble,unmeasured,0.4809811904564976,,-40.27046205742817,,1636
a20_d1,20.0,1.0,prova2,oracle,5,0.5277777777777778,PbLg,deterministic,footprint,0.17665176127629623,0.1842473369199549,-30.544183538297965,2.9702026548082503,3466
a20_d1,20.0,1.0,prova2,oracle,5,0.5277777777777778,PbLg,deterministic,unmeasured,0.14043539012779394,,-95.90590929016494,,1636
a20_d1,20.0,1.0,prova2,oracle,6,0.5833333333333334,Ca,ensemble,footprint,0.718942241151498,0.5845223483794918,-2.389353973399211,1.0007178934439758,3466
a20_d1,20.0,1.0,prova2,oracle,6,0.5833333333333334,Ca,ensemble,unmeasured,-0.031027459526926565,,-30.82092002727461,,1461
a20_d1,20.0,1.0,prova2,oracle,6,0.5833333333333334,Ca,deterministic,footprint,0.5576535134247659,0.3678647113564798,-13.23995878307298,2.118521543591573,3466
a20_d1,20.0,1.0,prova2,oracle,6,0.5833333333333334,Ca,deterministic,unmeasured,0.20174893417167117,,-95.34114191537928,,1461
a20_d1,20.0,1.0,prova2,oracle,6,0.5833333333333334,Ti,ensemble,footprint,0.5863110548906626,0.5364690661049264,-6.42543361936162,0.9483058181637933,3466
a20_d1,20.0,1.0,prova2,oracle,6,0.5833333333333334,Ti,ensemble,unmeasured,0.17028633652967565,,-34.152706999004764,,1461
a20_d1,20.0,1.0,prova2,oracle,6,0.5833333333333334,Ti,deterministic,footprint,0.20643299166394308,0.2071361350284305,-14.112148842350036,2.5595443926308503,3466
a20_d1,20.0,1.0,prova2,oracle,6,0.5833333333333334,Ti,deterministic,unmeasured,-0.01298389566084157,,-95.75300055449196,,1461
a20_d1,20.0,1.0,prova2,oracle,6,0.5833333333333334,Fe,ensemble,footprint,0.5142009868594065,0.5906347144574831,-8.3106929588324,0.9077733958675416,3466
a20_d1,20.0,1.0,prova2,oracle,6,0.5833333333333334,Fe,ensemble,unmeasured,0.47077667822930835,,-69.81139912414645,,1461
a20_d1,20.0,1.0,prova2,oracle,6,0.5833333333333334,Fe,deterministic,footprint,0.3361119347776283,0.3763848804169062,-17.84203719973486,1.3537830337757,3466
a20_d1,20.0,1.0,prova2,oracle,6,0.5833333333333334,Fe,deterministic,unmeasured,0.13868283745947924,,-96.85291524044113,,1461
a20_d1,20.0,1.0,prova2,oracle,6,0.5833333333333334,Cu,ensemble,footprint,0.8805293741992974,0.5594764064734776,-6.426779591076559,0.9502942299563175,3466
a20_d1,20.0,1.0,prova2,oracle,6,0.5833333333333334,Cu,ensemble,unmeasured,0.5482898654973607,,-29.209300238493196,,1461
a20_d1,20.0,1.0,prova2,oracle,6,0.5833333333333334,Cu,deterministic,footprint,0.829305924901002,0.6579441456333043,-9.162062560114158,1.272328509934883,3466
a20_d1,20.0,1.0,prova2,oracle,6,0.5833333333333334,Cu,deterministic,unmeasured,0.32056892393136577,,-94.06354252878164,,1461
a20_d1,20.0,1.0,prova2,oracle,6,0.5833333333333334,PbLl,ensemble,footprint,0.7450940292969144,0.5805203625364213,-9.364853616261481,0.8414173248528756,3466
a20_d1,20.0,1.0,prova2,oracle,6,0.5833333333333334,PbLl,ensemble,unmeasured,0.6190789327364072,,-29.982289569487296,,1461
a20_d1,20.0,1.0,prova2,oracle,6,0.5833333333333334,PbLl,deterministic,footprint,0.4510350073848687,0.41205292534094473,-17.506315040427545,1.6697230412653195,3466
a20_d1,20.0,1.0,prova2,oracle,6,0.5833333333333334,PbLl,deterministic,unmeasured,0.27756452191579034,,-93.90531551658638,,1461
a20_d1,20.0,1.0,prova2,oracle,6,0.5833333333333334,PbLa,ensemble,footprint,0.7063234800305849,0.57980189594958,-4.212459339114194,1.0739668910301357,3466
a20_d1,20.0,1.0,prova2,oracle,6,0.5833333333333334,PbLa,ensemble,unmeasured,0.665407934626521,,-34.630427414849834,,1461
a20_d1,20.0,1.0,prova2,oracle,6,0.5833333333333334,PbLa,deterministic,footprint,0.3076447330330083,0.27481945032059013,-9.75330009192783,2.6186723088906425,3466
a20_d1,20.0,1.0,prova2,oracle,6,0.5833333333333334,PbLa,deterministic,unmeasured,0.21764277610763877,,-94.7210979269933,,1461
a20_d1,20.0,1.0,prova2,oracle,6,0.5833333333333334,PbLb,ensemble,footprint,0.6950480142677661,0.5711345959015479,-5.102659358263351,1.0968509566924982,3466
a20_d1,20.0,1.0,prova2,oracle,6,0.5833333333333334,PbLb,ensemble,unmeasured,0.6582813165295294,,-35.7181790189161,,1461
a20_d1,20.0,1.0,prova2,oracle,6,0.5833333333333334,PbLb,deterministic,footprint,0.28787108026782854,0.2585958972866417,-9.51024691776141,2.6673795628894115,3466
a20_d1,20.0,1.0,prova2,oracle,6,0.5833333333333334,PbLb,deterministic,unmeasured,0.2147161993602721,,-94.77620207852566,,1461
a20_d1,20.0,1.0,prova2,oracle,6,0.5833333333333334,PbLg,ensemble,footprint,0.691202839145594,0.5643530338938146,-7.178298644898673,1.0864958974802967,3466
a20_d1,20.0,1.0,prova2,oracle,6,0.5833333333333334,PbLg,ensemble,unmeasured,0.643311641115429,,-34.34757525458447,,1461
a20_d1,20.0,1.0,prova2,oracle,6,0.5833333333333334,PbLg,deterministic,footprint,0.29456280221984876,0.2574396960336655,-12.152601575192056,2.703990294190329,3466
a20_d1,20.0,1.0,prova2,oracle,6,0.5833333333333334,PbLg,deterministic,unmeasured,0.20093103656136888,,-94.72818279730139,,1461
a20_d1,20.0,1.0,prova2,oracle,7,0.6388888888888888,Ca,ensemble,footprint,0.7694330826053009,0.6432399355213434,-1.567034530887823,0.9872428566132316,3466
a20_d1,20.0,1.0,prova2,oracle,7,0.6388888888888888,Ca,ensemble,unmeasured,0.03369905754401911,,-28.89819778726454,,1265
a20_d1,20.0,1.0,prova2,oracle,7,0.6388888888888888,Ca,deterministic,footprint,0.5705907401762043,0.4078162077154664,-7.431649095773851,1.9560527820189713,3466
a20_d1,20.0,1.0,prova2,oracle,7,0.6388888888888888,Ca,deterministic,unmeasured,0.19107944095384444,,-94.72788016486714,,1265
a20_d1,20.0,1.0,prova2,oracle,7,0.6388888888888888,Ti,ensemble,footprint,0.6317773404611765,0.5952270952272104,-4.06116268210408,0.9060894678389956,3466
a20_d1,20.0,1.0,prova2,oracle,7,0.6388888888888888,Ti,ensemble,unmeasured,0.18064849003184907,,-31.754038201571955,,1265
a20_d1,20.0,1.0,prova2,oracle,7,0.6388888888888888,Ti,deterministic,footprint,0.20556964988100102,0.23929943929453248,-9.586609530904422,2.300114509981997,3466
a20_d1,20.0,1.0,prova2,oracle,7,0.6388888888888888,Ti,deterministic,unmeasured,-0.052497087089983234,,-95.11532129662123,,1265
a20_d1,20.0,1.0,prova2,oracle,7,0.6388888888888888,Fe,ensemble,footprint,0.5271386860059011,0.6188490487750216,-5.794956920653971,0.8864125604787005,3466
a20_d1,20.0,1.0,prova2,oracle,7,0.6388888888888888,Fe,ensemble,unmeasured,0.46036452771756575,,-70.07752197637775,,1265
a20_d1,20.0,1.0,prova2,oracle,7,0.6388888888888888,Fe,deterministic,footprint,0.34297456794414594,0.41810315196695924,-12.07623044402264,1.2538444824968646,3466
a20_d1,20.0,1.0,prova2,oracle,7,0.6388888888888888,Fe,deterministic,unmeasured,0.11905301039680599,,-96.52405614485941,,1265
a20_d1,20.0,1.0,prova2,oracle,7,0.6388888888888888,Cu,ensemble,footprint,0.9031880847721699,0.6030720584785773,-4.96656536358997,0.9374660878979498,3466
a20_d1,20.0,1.0,prova2,oracle,7,0.6388888888888888,Cu,ensemble,unmeasured,0.5800816615838866,,-23.73059435834095,,1265
a20_d1,20.0,1.0,prova2,oracle,7,0.6388888888888888,Cu,deterministic,footprint,0.852796600327811,0.6961001798906676,-7.5012807346312105,1.220650940345815,3466
a20_d1,20.0,1.0,prova2,oracle,7,0.6388888888888888,Cu,deterministic,unmeasured,0.360099520008197,,-92.96131635373524,,1265
a20_d1,20.0,1.0,prova2,oracle,7,0.6388888888888888,PbLl,ensemble,footprint,0.8194748817441615,0.6427660623861765,-6.925783253670836,0.847971364912285,3466
a20_d1,20.0,1.0,prova2,oracle,7,0.6388888888888888,PbLl,ensemble,unmeasured,0.6656077709686407,,-20.964613279962556,,1265
a20_d1,20.0,1.0,prova2,oracle,7,0.6388888888888888,PbLl,deterministic,footprint,0.5599874266304421,0.4758931584403813,-12.985430851924562,1.5373946982738143,3466
a20_d1,20.0,1.0,prova2,oracle,7,0.6388888888888888,PbLl,deterministic,unmeasured,0.3472960494439607,,-92.31788207048635,,1265
a20_d1,20.0,1.0,prova2,oracle,7,0.6388888888888888,PbLa,ensemble,footprint,0.8063185922969814,0.6721018943727473,-2.6544661905335,1.0446648067898139,3466
a20_d1,20.0,1.0,prova2,oracle,7,0.6388888888888888,PbLa,ensemble,unmeasured,0.6976721410074079,,-27.90298671174764,,1265
a20_d1,20.0,1.0,prova2,oracle,7,0.6388888888888888,PbLa,deterministic,footprint,0.4236490394216277,0.33799331490967005,-5.311693470679513,2.3603597159027077,3466
a20_d1,20.0,1.0,prova2,oracle,7,0.6388888888888888,PbLa,deterministic,unmeasured,0.28225234030414725,,-93.47387475446492,,1265
a20_d1,20.0,1.0,prova2,oracle,7,0.6388888888888888,PbLb,ensemble,footprint,0.8005409583521288,0.6682889852945751,-3.042064603529271,1.0698383466153527,3466
a20_d1,20.0,1.0,prova2,oracle,7,0.6388888888888888,PbLb,ensemble,unmeasured,0.6920696604882978,,-29.170593785073272,,1265
a20_d1,20.0,1.0,prova2,oracle,7,0.6388888888888888,PbLb,deterministic,footprint,0.40944439259877613,0.32383633161701353,-5.379474456103206,2.406390245216681,3466
a20_d1,20.0,1.0,prova2,oracle,7,0.6388888888888888,PbLb,deterministic,unmeasured,0.2788225074744149,,-93.55373713906577,,1265
a20_d1,20.0,1.0,prova2,oracle,7,0.6388888888888888,PbLg,ensemble,footprint,0.7907666626953267,0.6542045251355741,-4.9663879011694,1.052992676067074,3466
a20_d1,20.0,1.0,prova2,oracle,7,0.6388888888888888,PbLg,ensemble,unmeasured,0.6760128818862855,,-27.743901407127378,,1265
a20_d1,20.0,1.0,prova2,oracle,7,0.6388888888888888,PbLg,deterministic,footprint,0.4076838585588134,0.31921254440065455,-8.009426957219679,2.4334696611767535,3466
a20_d1,20.0,1.0,prova2,oracle,7,0.6388888888888888,PbLg,deterministic,unmeasured,0.2650459577135481,,-93.52065525846747,,1265
a20_d1,20.0,1.0,prova2,oracle,8,0.6944444444444444,Ca,ensemble,footprint,0.8154982783714079,0.72541399082087,-1.0531062799327806,0.97828781263801,3466
a20_d1,20.0,1.0,prova2,oracle,8,0.6944444444444444,Ca,ensemble,unmeasured,0.10271806405906438,,-28.123662278546256,,1063
a20_d1,20.0,1.0,prova2,oracle,8,0.6944444444444444,Ca,deterministic,footprint,0.5783360072508684,0.4785662146790272,-4.836359168870974,1.7995901792523583,3466
a20_d1,20.0,1.0,prova2,oracle,8,0.6944444444444444,Ca,deterministic,unmeasured,0.16731458318453085,,-94.62215664149542,,1063
a20_d1,20.0,1.0,prova2,oracle,8,0.6944444444444444,Ti,ensemble,footprint,0.6839178515115689,0.6761515680168784,-2.7026227256095714,0.8717866755399967,3466
a20_d1,20.0,1.0,prova2,oracle,8,0.6944444444444444,Ti,ensemble,unmeasured,0.200627969361757,,-28.858098147654385,,1063
a20_d1,20.0,1.0,prova2,oracle,8,0.6944444444444444,Ti,deterministic,footprint,0.23367373375566783,0.35274736336031515,-6.198902468317269,2.0553068069943206,3466
a20_d1,20.0,1.0,prova2,oracle,8,0.6944444444444444,Ti,deterministic,unmeasured,-0.08798264887854691,,-94.83641114483311,,1063
a20_d1,20.0,1.0,prova2,oracle,8,0.6944444444444444,Fe,ensemble,footprint,0.5484252649898801,0.6683863695120364,-3.652973704372031,0.8658510455555936,3466
a20_d1,20.0,1.0,prova2,oracle,8,0.6944444444444444,Fe,ensemble,unmeasured,0.48275018356438343,,-70.63200731830534,,1063
a20_d1,20.0,1.0,prova2,oracle,8,0.6944444444444444,Fe,deterministic,footprint,0.3596578362426316,0.5015503131539264,-8.181982118510756,1.159366817243156,3466
a20_d1,20.0,1.0,prova2,oracle,8,0.6944444444444444,Fe,deterministic,unmeasured,0.10466498674592609,,-96.5713187067941,,1063
a20_d1,20.0,1.0,prova2,oracle,8,0.6944444444444444,Cu,ensemble,footprint,0.9232919339758878,0.637903722849299,-4.269853269647417,0.9409344928721433,3466
a20_d1,20.0,1.0,prova2,oracle,8,0.6944444444444444,Cu,ensemble,unmeasured,0.6138671580248352,,-21.52977552296999,,1063
a20_d1,20.0,1.0,prova2,oracle,8,0.6944444444444444,Cu,deterministic,footprint,0.8715307825614029,0.7236800393652887,-6.017089893380012,1.1830086740486547,3466
a20_d1,20.0,1.0,prova2,oracle,8,0.6944444444444444,Cu,deterministic,unmeasured,0.36791583604346695,,-92.92403718559066,,1063
a20_d1,20.0,1.0,prova2,oracle,8,0.6944444444444444,PbLl,ensemble,footprint,0.8643214469526074,0.6943744788669054,-5.362181335456562,0.8336141705197222,3466
a20_d1,20.0,1.0,prova2,oracle,8,0.6944444444444444,PbLl,ensemble,unmeasured,0.7090350003595366,,-10.741436418488238,,1063
a20_d1,20.0,1.0,prova2,oracle,8,0.6944444444444444,PbLl,deterministic,footprint,0.6381323493213032,0.5570125243517654,-9.456742005407015,1.3971332159730765,3466
a20_d1,20.0,1.0,prova2,oracle,8,0.6944444444444444,PbLl,deterministic,unmeasured,0.3919711692003741,,-91.21508498842915,,1063
a20_d1,20.0,1.0,prova2,oracle,8,0.6944444444444444,PbLa,ensemble,footprint,0.8790881891557012,0.7633356595637377,-1.7328484954952539,1.0105212684900438,3466
a20_d1,20.0,1.0,prova2,oracle,8,0.6944444444444444,PbLa,ensemble,unmeasured,0.7190793866203506,,-20.247298151783237,,1063
a20_d1,20.0,1.0,prova2,oracle,8,0.6944444444444444,PbLa,deterministic,footprint,0.5359227350022855,0.4581271127415359,-3.6856940938797766,2.1167482384504925,3466
a20_d1,20.0,1.0,prova2,oracle,8,0.6944444444444444,PbLa,deterministic,unmeasured,0.3538568079991471,,-92.68778266801867,,1063
a20_d1,20.0,1.0,prova2,oracle,8,0.6944444444444444,PbLb,ensemble,footprint,0.8778216130421957,0.7636383842476258,-1.8243123913786796,1.0373422965322423,3466
a20_d1,20.0,1.0,prova2,oracle,8,0.6944444444444444,PbLb,ensemble,unmeasured,0.7137331302361244,,-21.766994997076523,,1063
a20_d1,20.0,1.0,prova2,oracle,8,0.6944444444444444,PbLb,deterministic,footprint,0.5279533001272264,0.44776320226365246,-3.5227831370977736,2.160378856849066,3466
a20_d1,20.0,1.0,prova2,oracle,8,0.6944444444444444,PbLb,deterministic,unmeasured,0.35580943831543843,,-92.8021469903474,,1063
a20_d1,20.0,1.0,prova2,oracle,8,0.6944444444444444,PbLg,ensemble,footprint,0.8627894995368869,0.7402631726519231,-3.0942427964388175,1.0163935050557371,3466
a20_d1,20.0,1.0,prova2,oracle,8,0.6944444444444444,PbLg,ensemble,unmeasured,0.6981701525268684,,-20.40492451282515,,1063
a20_d1,20.0,1.0,prova2,oracle,8,0.6944444444444444,PbLg,deterministic,footprint,0.5157073261723603,0.4357214137934326,-5.5158368562590265,2.1796546871711016,3466
a20_d1,20.0,1.0,prova2,oracle,8,0.6944444444444444,PbLg,deterministic,unmeasured,0.33664503479760105,,-92.777639762346,,1063
a20_d1,20.0,1.0,prova2,oracle,9,0.75,Ca,ensemble,footprint,0.8851045577170349,0.7935908586424727,-0.3833716176831259,0.9591214341101137,3466
a20_d1,20.0,1.0,prova2,oracle,9,0.75,Ca,ensemble,unmeasured,0.2194519503847174,,-21.194793156380758,,867
a20_d1,20.0,1.0,prova2,oracle,9,0.75,Ca,deterministic,footprint,0.6607061807355131,0.5514438588103122,-3.496945034085308,1.6274107118986247,3466
a20_d1,20.0,1.0,prova2,oracle,9,0.75,Ca,deterministic,unmeasured,0.1612134586501674,,-93.4807123798061,,867
a20_d1,20.0,1.0,prova2,oracle,9,0.75,Ti,ensemble,footprint,0.8270421758243249,0.7601203050465537,-1.3976348706414066,0.8883503976450974,3466
a20_d1,20.0,1.0,prova2,oracle,9,0.75,Ti,ensemble,unmeasured,0.4264656603809649,,-20.283732541816406,,867
a20_d1,20.0,1.0,prova2,oracle,9,0.75,Ti,deterministic,footprint,0.4184232608497157,0.4373478919028667,-4.3765954458681815,1.8485533053784535,3466
a20_d1,20.0,1.0,prova2,oracle,9,0.75,Ti,deterministic,unmeasured,0.04012759509523365,,-93.4056549573296,,867
a20_d1,20.0,1.0,prova2,oracle,9,0.75,Fe,ensemble,footprint,0.7776473329595964,0.7615707490950281,-1.5086127833813023,0.9423011591657828,3466
a20_d1,20.0,1.0,prova2,oracle,9,0.75,Fe,ensemble,unmeasured,0.7476834050778449,,-60.77054244329765,,867
a20_d1,20.0,1.0,prova2,oracle,9,0.75,Fe,deterministic,footprint,0.6369292864187419,0.5961177584933156,-5.543064533048492,1.148841850204395,3466
a20_d1,20.0,1.0,prova2,oracle,9,0.75,Fe,deterministic,unmeasured,0.33196047789651284,,-93.56620207257681,,867
a20_d1,20.0,1.0,prova2,oracle,9,0.75,Cu,ensemble,footprint,0.9412899882770718,0.7036830017737474,-3.719712053380664,0.9564014480238602,3466
a20_d1,20.0,1.0,prova2,oracle,9,0.75,Cu,ensemble,unmeasured,0.6510343565507271,,-23.647821109418768,,867
a20_d1,20.0,1.0,prova2,oracle,9,0.75,Cu,deterministic,footprint,0.8852439464241522,0.7648551165013526,-5.114760316998124,1.1544469693636112,3466
a20_d1,20.0,1.0,prova2,oracle,9,0.75,Cu,deterministic,unmeasured,0.32580220864193454,,-93.62695681784139,,867
a20_d1,20.0,1.0,prova2,oracle,9,0.75,PbLl,ensemble,footprint,0.9026171199074415,0.7486684752024482,-4.98720401129572,0.8849503093136424,3466
a20_d1,20.0,1.0,prova2,oracle,9,0.75,PbLl,ensemble,unmeasured,0.7622063169118695,,-13.053614000843764,,867
a20_d1,20.0,1.0,prova2,oracle,9,0.75,PbLl,deterministic,footprint,0.659513390121422,0.5987774691268206,-7.668000447400081,1.3360441383330257,3466
a20_d1,20.0,1.0,prova2,oracle,9,0.75,PbLl,deterministic,unmeasured,0.38260715014458685,,-91.26880494476254,,867
a20_d1,20.0,1.0,prova2,oracle,9,0.75,PbLa,ensemble,footprint,0.9173702012642261,0.8249532731855971,-1.4599653103954613,1.0061008318375022,3466
a20_d1,20.0,1.0,prova2,oracle,9,0.75,PbLa,ensemble,unmeasured,0.7480608617128083,,-18.03655721844558,,867
a20_d1,20.0,1.0,prova2,oracle,9,0.75,PbLa,deterministic,footprint,0.5499838721506741,0.5094926750463471,-2.608204452791696,1.9181871716531247,3466
a20_d1,20.0,1.0,prova2,oracle,9,0.75,PbLa,deterministic,unmeasured,0.3320189358938761,,-92.12689430682438,,867
a20_d1,20.0,1.0,prova2,oracle,9,0.75,PbLb,ensemble,footprint,0.9139882448967641,0.8229746680574972,-1.4750869220822693,1.0220582667718165,3466
a20_d1,20.0,1.0,prova2,oracle,9,0.75,PbLb,ensemble,unmeasured,0.728178339313031,,-18.93570738541911,,867
a20_d1,20.0,1.0,prova2,oracle,9,0.75,PbLb,deterministic,footprint,0.5474772441726999,0.5007146730004918,-2.5858397984713344,1.9502074513930043,3466
a20_d1,20.0,1.0,prova2,oracle,9,0.75,PbLb,deterministic,unmeasured,0.3303347835469605,,-92.15476726618064,,867
a20_d1,20.0,1.0,prova2,oracle,9,0.75,PbLg,ensemble,footprint,0.8987753715485314,0.793329522825438,-2.410588628288801,1.0042358324378655,3466
a20_d1,20.0,1.0,prova2,oracle,9,0.75,PbLg,ensemble,unmeasured,0.7177613060886605,,-18.042150336096658,,867
a20_d1,20.0,1.0,prova2,oracle,9,0.75,PbLg,deterministic,footprint,0.5257548070413537,0.4845145627141796,-4.153393585232146,1.9665351236161728,3466
a20_d1,20.0,1.0,prova2,oracle,9,0.75,PbLg,deterministic,unmeasured,0.3166930276234108,,-92.16980001903056,,867
a20_d1,20.0,1.0,prova2,oracle,10,0.8055555555555556,Ca,ensemble,footprint,0.9195995094877751,0.843174365337518,-0.052832957669868286,0.9507802620433614,3466
a20_d1,20.0,1.0,prova2,oracle,10,0.8055555555555556,Ca,ensemble,unmeasured,0.3439769753888061,,-19.10963505757167,,671
a20_d1,20.0,1.0,prova2,oracle,10,0.8055555555555556,Ca,deterministic,footprint,0.6849668822844155,0.6306059184840126,-2.24430113559998,1.4755764830472946,3466
a20_d1,20.0,1.0,prova2,oracle,10,0.8055555555555556,Ca,deterministic,unmeasured,0.22094838602370132,,-93.0755478602785,,671
a20_d1,20.0,1.0,prova2,oracle,10,0.8055555555555556,Ti,ensemble,footprint,0.8711412826859463,0.8093370740050079,-0.2855703254568187,0.8719156994701561,3466
a20_d1,20.0,1.0,prova2,oracle,10,0.8055555555555556,Ti,ensemble,unmeasured,0.514085792003839,,-15.873826950828963,,671
a20_d1,20.0,1.0,prova2,oracle,10,0.8055555555555556,Ti,deterministic,footprint,0.4727993661484687,0.5439604691787346,-3.00476502956728,1.6341170493782853,3466
a20_d1,20.0,1.0,prova2,oracle,10,0.8055555555555556,Ti,deterministic,unmeasured,0.06572305939783601,,-93.05222888774097,,671
a20_d1,20.0,1.0,prova2,oracle,10,0.8055555555555556,Fe,ensemble,footprint,0.8099130386906186,0.81339721805526,-0.18681113797143212,0.9297458320974464,3466
a20_d1,20.0,1.0,prova2,oracle,10,0.8055555555555556,Fe,ensemble,unmeasured,0.7557518187877174,,-59.870286164174544,,671
a20_d1,20.0,1.0,prova2,oracle,10,0.8055555555555556,Fe,deterministic,footprint,0.6864251589388034,0.6847340822670144,-3.2747855049228614,1.0790684690764827,3466
a20_d1,20.0,1.0,prova2,oracle,10,0.8055555555555556,Fe,deterministic,unmeasured,0.36086143413668254,,-93.00161904441539,,671
a20_d1,20.0,1.0,prova2,oracle,10,0.8055555555555556,Cu,ensemble,footprint,0.9541216455484741,0.7623592215766773,-2.945598539212402,0.9605881419540899,3466
a20_d1,20.0,1.0,prova2,oracle,10,0.8055555555555556,Cu,ensemble,unmeasured,0.7010345608536049,,-24.023284204266176,,671
a20_d1,20.0,1.0,prova2,oracle,10,0.8055555555555556,Cu,deterministic,footprint,0.8978429532775778,0.7907288926757491,-4.110793767802345,1.1184902526846536,3466
a20_d1,20.0,1.0,prova2,oracle,10,0.8055555555555556,Cu,deterministic,unmeasured,0.305897701829414,,-93.70446423995814,,671
a20_d1,20.0,1.0,prova2,oracle,10,0.8055555555555556,PbLl,ensemble,footprint,0.9178708161197793,0.7819602822063833,-3.562516371964586,0.8865853958604683,3466
a20_d1,20.0,1.0,prova2,oracle,10,0.8055555555555556,PbLl,ensemble,unmeasured,0.7375844201965058,,-5.1650836499494766,,671
a20_d1,20.0,1.0,prova2,oracle,10,0.8055555555555556,PbLl,deterministic,footprint,0.7234613544096088,0.6848434059494273,-5.520961852019535,1.2390773953454426,3466
a20_d1,20.0,1.0,prova2,oracle,10,0.8055555555555556,PbLl,deterministic,unmeasured,0.37215815104815453,,-91.48317873671779,,671
a20_d1,20.0,1.0,prova2,oracle,10,0.8055555555555556,PbLa,ensemble,footprint,0.9519609145429284,0.8954753089456127,-0.7678533547275768,0.9718411566802881,3466
a20_d1,20.0,1.0,prova2,oracle,10,0.8055555555555556,PbLa,ensemble,unmeasured,0.7463634886678628,,-9.691950747074557,,671
a20_d1,20.0,1.0,prova2,oracle,10,0.8055555555555556,PbLa,deterministic,footprint,0.6385304640910953,0.6437876232235673,-1.7383413728197405,1.707980091551158,3466
a20_d1,20.0,1.0,prova2,oracle,10,0.8055555555555556,PbLa,deterministic,unmeasured,0.3100771975122007,,-91.9978547913388,,671
a20_d1,20.0,1.0,prova2,oracle,10,0.8055555555555556,PbLb,ensemble,footprint,0.9517309191308184,0.8960137346403498,-0.730759094070077,0.9849383571311359,3466
a20_d1,20.0,1.0,prova2,oracle,10,0.8055555555555556,PbLb,ensemble,unmeasured,0.7293821815968765,,-10.691130343447119,,671
a20_d1,20.0,1.0,prova2,oracle,10,0.8055555555555556,PbLb,deterministic,footprint,0.6386591839328466,0.6361204617256103,-1.7152999879698871,1.7346268534715739,3466
a20_d1,20.0,1.0,prova2,oracle,10,0.8055555555555556,PbLb,deterministic,unmeasured,0.30868251730569607,,-92.0190124712439,,671
a20_d1,20.0,1.0,prova2,oracle,10,0.8055555555555556,PbLg,ensemble,footprint,0.9341953706027502,0.8567788099039524,-1.1812317961450658,0.9675022368194761,3466
a20_d1,20.0,1.0,prova2,oracle,10,0.8055555555555556,PbLg,ensemble,unmeasured,0.7075382275100311,,-10.07098662551077,,671
a20_d1,20.0,1.0,prova2,oracle,10,0.8055555555555556,PbLg,deterministic,footprint,0.6128582441840087,0.6121330852096845,-2.892619330465984,1.7469329834786527,3466
a20_d1,20.0,1.0,prova2,oracle,10,0.8055555555555556,PbLg,deterministic,unmeasured,0.2854783073707882,,-92.05080069772643,,671
a20_d1,20.0,1.0,prova2,oracle,11,0.8611111111111112,Ca,ensemble,footprint,0.9454979809355634,0.8877338196963215,0.32161910791637105,0.9496789881778901,3466
a20_d1,20.0,1.0,prova2,oracle,11,0.8611111111111112,Ca,ensemble,unmeasured,0.27829324104512665,,-17.619832743164302,,480
a20_d1,20.0,1.0,prova2,oracle,11,0.8611111111111112,Ca,deterministic,footprint,0.730378139630682,0.7090785646184445,-1.4784564282452228,1.3249489907664118,3466
a20_d1,20.0,1.0,prova2,oracle,11,0.8611111111111112,Ca,deterministic,unmeasured,0.18179236251761713,,-92.44823685467007,,480
a20_d1,20.0,1.0,prova2,oracle,11,0.8611111111111112,Ti,ensemble,footprint,0.9180512300512722,0.857830990081235,0.31821889046435015,0.8917313222384158,3466
a20_d1,20.0,1.0,prova2,oracle,11,0.8611111111111112,Ti,ensemble,unmeasured,0.50735707277951,,-9.59091204200074,,480
a20_d1,20.0,1.0,prova2,oracle,11,0.8611111111111112,Ti,deterministic,footprint,0.5965256659487248,0.661184638285619,-1.9150088115804431,1.4422656435636,3466
a20_d1,20.0,1.0,prova2,oracle,11,0.8611111111111112,Ti,deterministic,unmeasured,0.1399782774111297,,-92.13918582398567,,480
a20_d1,20.0,1.0,prova2,oracle,11,0.8611111111111112,Fe,ensemble,footprint,0.868644785016555,0.868863603533427,0.8438131619258327,0.9182235195483236,3466
a20_d1,20.0,1.0,prova2,oracle,11,0.8611111111111112,Fe,ensemble,unmeasured,0.807973715364404,,-55.47535102277318,,480
a20_d1,20.0,1.0,prova2,oracle,11,0.8611111111111112,Fe,deterministic,footprint,0.7735782102583632,0.7710831550620211,-1.5917536078033034,1.0137118334409445,3466
a20_d1,20.0,1.0,prova2,oracle,11,0.8611111111111112,Fe,deterministic,unmeasured,0.3774120891509654,,-91.94931200619679,,480
a20_d1,20.0,1.0,prova2,oracle,11,0.8611111111111112,Cu,ensemble,footprint,0.9697599648143631,0.818383462923365,-2.228453790920626,0.9655432182511998,3466
a20_d1,20.0,1.0,prova2,oracle,11,0.8611111111111112,Cu,ensemble,unmeasured,0.7644290019937838,,-22.493109303287223,,480
a20_d1,20.0,1.0,prova2,oracle,11,0.8611111111111112,Cu,deterministic,footprint,0.9211791838888553,0.8297274402408122,-2.9921581373174355,1.0746412134021714,3466
a20_d1,20.0,1.0,prova2,oracle,11,0.8611111111111112,Cu,deterministic,unmeasured,0.3359877984489138,,-92.84093937796979,,480
a20_d1,20.0,1.0,prova2,oracle,11,0.8611111111111112,PbLl,ensemble,footprint,0.9409296324934685,0.8172207961468012,-3.041998945476898,0.9011108006061891,3466
a20_d1,20.0,1.0,prova2,oracle,11,0.8611111111111112,PbLl,ensemble,unmeasured,0.8312971065648702,,-1.8853917023468707,,480
a20_d1,20.0,1.0,prova2,oracle,11,0.8611111111111112,PbLl,deterministic,footprint,0.7668772146525484,0.7313945977409688,-3.95587797753969,1.1412045394090673,3466
a20_d1,20.0,1.0,prova2,oracle,11,0.8611111111111112,PbLl,deterministic,unmeasured,0.37100171151213024,,-91.04143224822897,,480
a20_d1,20.0,1.0,prova2,oracle,11,0.8611111111111112,PbLa,ensemble,footprint,0.9744812795885585,0.9282399921965225,-0.3978947344760453,0.959481411148425,3466
a20_d1,20.0,1.0,prova2,oracle,11,0.8611111111111112,PbLa,ensemble,unmeasured,0.8291477833933208,,-2.9983527962634167,,480
a20_d1,20.0,1.0,prova2,oracle,11,0.8611111111111112,PbLa,deterministic,footprint,0.7022695842121469,0.7228650867047335,-1.0731736627290767,1.4948653822178772,3466
a20_d1,20.0,1.0,prova2,oracle,11,0.8611111111111112,PbLa,deterministic,unmeasured,0.3057510609854241,,-91.42879672362028,,480
a20_d1,20.0,1.0,prova2,oracle,11,0.8611111111111112,PbLb,ensemble,footprint,0.9738087952612589,0.9278196552654298,-0.3381382770121566,0.9681563596182724,3466
a20_d1,20.0,1.0,prova2,oracle,11,0.8611111111111112,PbLb,ensemble,unmeasured,0.8087454600664798,,-3.648829637654673,,480
a20_d1,20.0,1.0,prova2,oracle,11,0.8611111111111112,PbLb,deterministic,footprint,0.7056508944047952,0.7180489630136067,-1.0485268744366283,1.5153725884063731,3466
a20_d1,20.0,1.0,prova2,oracle,11,0.8611111111111112,PbLb,deterministic,unmeasured,0.3059999473501166,,-91.425933217292,,480
a20_d1,20.0,1.0,prova2,oracle,11,0.8611111111111112,PbLg,ensemble,footprint,0.9581526582770974,0.8867932092361739,-0.41678811807417393,0.9528340961406896,3466
a20_d1,20.0,1.0,prova2,oracle,11,0.8611111111111112,PbLg,ensemble,unmeasured,0.7975097902095706,,-3.636451133485969,,480
a20_d1,20.0,1.0,prova2,oracle,11,0.8611111111111112,PbLg,deterministic,footprint,0.6750247755621399,0.6880922435717104,-1.7367154430957266,1.5222399679143062,3466
a20_d1,20.0,1.0,prova2,oracle,11,0.8611111111111112,PbLg,deterministic,unmeasured,0.2774995692279671,,-91.4599420879792,,480
a20_d1,20.0,1.0,prova2,oracle,12,0.9166666666666666,Ca,ensemble,footprint,0.9761877774034406,0.9387925392374967,0.7970991211624368,0.9487977124948264,3466
a20_d1,20.0,1.0,prova2,oracle,12,0.9166666666666666,Ca,ensemble,unmeasured,0.37009932178515037,,-9.181878447772243,,285
a20_d1,20.0,1.0,prova2,oracle,12,0.9166666666666666,Ca,deterministic,footprint,0.8278077406297676,0.80670048235842,-0.7556375661337045,1.1691270533176112,3466
a20_d1,20.0,1.0,prova2,oracle,12,0.9166666666666666,Ca,deterministic,unmeasured,0.12536599927153416,,-92.72957789795107,,285
a20_d1,20.0,1.0,prova2,oracle,12,0.9166666666666666,Ti,ensemble,footprint,0.9475163539239674,0.8858227184157462,0.8685312454789207,0.8984538390216597,3466
a20_d1,20.0,1.0,prova2,oracle,12,0.9166666666666666,Ti,ensemble,unmeasured,0.6569143856464947,,0.29282143862886323,,285
a20_d1,20.0,1.0,prova2,oracle,12,0.9166666666666666,Ti,deterministic,footprint,0.7290137130836708,0.7600579513258194,-0.7928168747098674,1.233343017911843,3466
a20_d1,20.0,1.0,prova2,oracle,12,0.9166666666666666,Ti,deterministic,unmeasured,0.1754504476419895,,-92.31601130154972,,285
a20_d1,20.0,1.0,prova2,oracle,12,0.9166666666666666,Fe,ensemble,footprint,0.9489531845505396,0.9262568028938988,1.1610429262772781,0.9505654088448541,3466
a20_d1,20.0,1.0,prova2,oracle,12,0.9166666666666666,Fe,ensemble,unmeasured,0.8877710995256709,,-44.81480698956499,,285
a20_d1,20.0,1.0,prova2,oracle,12,0.9166666666666666,Fe,deterministic,footprint,0.9023426893709154,0.8640356553487836,-0.32610114046391914,0.9962840029737654,3466
a20_d1,20.0,1.0,prova2,oracle,12,0.9166666666666666,Fe,deterministic,unmeasured,0.4550653581013922,,-91.17072304663947,,285
a20_d1,20.0,1.0,prova2,oracle,12,0.9166666666666666,Cu,ensemble,footprint,0.9784434580492524,0.8787544738729796,-1.8047612640904154,0.9706478385083109,3466
a20_d1,20.0,1.0,prova2,oracle,12,0.9166666666666666,Cu,ensemble,unmeasured,0.8163261177901916,,-26.608052130550053,,285
a20_d1,20.0,1.0,prova2,oracle,12,0.9166666666666666,Cu,deterministic,footprint,0.9355791816284289,0.8619841137083302,-1.8981534825129653,1.032185235876805,3466
a20_d1,20.0,1.0,prova2,oracle,12,0.9166666666666666,Cu,deterministic,unmeasured,0.3044395154213424,,-93.45509278886614,,285
a20_d1,20.0,1.0,prova2,oracle,12,0.9166666666666666,PbLl,ensemble,footprint,0.9564969948828349,0.8443274103862989,-2.4432625536563446,0.9283495881869982,3466
a20_d1,20.0,1.0,prova2,oracle,12,0.9166666666666666,PbLl,ensemble,unmeasured,0.8716790607746123,,-3.7139298919706683,,285
a20_d1,20.0,1.0,prova2,oracle,12,0.9166666666666666,PbLl,deterministic,footprint,0.8214776527263111,0.7684431545964056,-2.320985567307754,1.0636517670516379,3466
a20_d1,20.0,1.0,prova2,oracle,12,0.9166666666666666,PbLl,deterministic,unmeasured,0.30615736528636944,,-91.71879824484878,,285
a20_d1,20.0,1.0,prova2,oracle,12,0.9166666666666666,PbLa,ensemble,footprint,0.9866692762339466,0.9524410352065242,-0.21814581573443848,0.9626048890367692,3466
a20_d1,20.0,1.0,prova2,oracle,12,0.9166666666666666,PbLa,ensemble,unmeasured,0.8601747144832003,,-0.2479915236331897,,285
a20_d1,20.0,1.0,prova2,oracle,12,0.9166666666666666,PbLa,deterministic,footprint,0.7661158907209292,0.7896935352002693,-0.44606711089567597,1.293171108309586,3466
a20_d1,20.0,1.0,prova2,oracle,12,0.9166666666666666,PbLa,deterministic,unmeasured,0.27225601733660537,,-91.87215467502229,,285
a20_d1,20.0,1.0,prova2,oracle,12,0.9166666666666666,PbLb,ensemble,footprint,0.9854901449232927,0.9495831512940857,-0.04778255045277957,0.9652905606664263,3466
a20_d1,20.0,1.0,prova2,oracle,12,0.9166666666666666,PbLb,ensemble,unmeasured,0.8268285072442172,,-0.251144702767158,,285
a20_d1,20.0,1.0,prova2,oracle,12,0.9166666666666666,PbLb,deterministic,footprint,0.7694876818785593,0.7871068368207458,-0.5590113745607361,1.3047559864563327,3466
a20_d1,20.0,1.0,prova2,oracle,12,0.9166666666666666,PbLb,deterministic,unmeasured,0.2769023214855929,,-91.83708628905966,,285
a20_d1,20.0,1.0,prova2,oracle,12,0.9166666666666666,PbLg,ensemble,footprint,0.9697543946638707,0.9050752176635876,-0.15516223735242418,0.9518237849847447,3466
a20_d1,20.0,1.0,prova2,oracle,12,0.9166666666666666,PbLg,ensemble,unmeasured,0.7973300220993583,,-0.7589598749985519,,285
a20_d1,20.0,1.0,prova2,oracle,12,0.9166666666666666,PbLg,deterministic,footprint,0.7383969240892786,0.7558018831995965,-0.8434988209249816,1.3059130910666772,3466
a20_d1,20.0,1.0,prova2,oracle,12,0.9166666666666666,PbLg,deterministic,unmeasured,0.24190555194857025,,-91.89012770944629,,285
a20_d1,20.0,1.0,prova2,oracle,13,0.9722222222222222,Ca,ensemble,footprint,0.985117808943607,0.9613666444759579,0.9233759955673326,0.9498208359043258,3466
a20_d1,20.0,1.0,prova2,oracle,13,0.9722222222222222,Ca,ensemble,unmeasured,0.4836046198537812,,-10.532296465444523,,92
a20_d1,20.0,1.0,prova2,oracle,13,0.9722222222222222,Ca,deterministic,footprint,0.9155630025479731,0.8958573264557388,-0.08789836936069495,1.0028651476195327,3466
a20_d1,20.0,1.0,prova2,oracle,13,0.9722222222222222,Ca,deterministic,unmeasured,0.26341512459686733,,-90.75431104674495,,92
a20_d1,20.0,1.0,prova2,oracle,13,0.9722222222222222,Ti,ensemble,footprint,0.9603949096910351,0.90879475540808,0.8942524280596498,0.9120335348588057,3466
a20_d1,20.0,1.0,prova2,oracle,13,0.9722222222222222,Ti,ensemble,unmeasured,0.7243405728453184,,-1.9560851720935326,,92
a20_d1,20.0,1.0,prova2,oracle,13,0.9722222222222222,Ti,deterministic,footprint,0.8505485243944106,0.8543466804776921,0.05306457492322281,1.0039759649551283,3466
a20_d1,20.0,1.0,prova2,oracle,13,0.9722222222222222,Ti,deterministic,unmeasured,0.20998343809023884,,-91.41447928355372,,92
a20_d1,20.0,1.0,prova2,oracle,13,0.9722222222222222,Fe,ensemble,footprint,0.9661071428875155,0.9428612054506488,1.0533682175818182,0.9501597193973647,3466
a20_d1,20.0,1.0,prova2,oracle,13,0.9722222222222222,Fe,ensemble,unmeasured,0.8944263503519907,,-51.23647147297934,,92
a20_d1,20.0,1.0,prova2,oracle,13,0.9722222222222222,Fe,deterministic,footprint,0.9375359356499514,0.9198307795552002,0.7079327432467641,0.9519106707872849,3466
a20_d1,20.0,1.0,prova2,oracle,13,0.9722222222222222,Fe,deterministic,unmeasured,0.4967645709189628,,-88.07972061597131,,92
a20_d1,20.0,1.0,prova2,oracle,13,0.9722222222222222,Cu,ensemble,footprint,0.9876319430230682,0.9531763004912078,-0.7644652890599568,0.9679080894634052,3466
a20_d1,20.0,1.0,prova2,oracle,13,0.9722222222222222,Cu,ensemble,unmeasured,0.9359358682172073,,-26.602919316290738,,92
a20_d1,20.0,1.0,prova2,oracle,13,0.9722222222222222,Cu,deterministic,footprint,0.9690035762756676,0.915736715663393,-0.5802712788292252,0.9696568390308059,3466
a20_d1,20.0,1.0,prova2,oracle,13,0.9722222222222222,Cu,deterministic,unmeasured,0.4060899867945191,,-90.68076883221696,,92
a20_d1,20.0,1.0,prova2,oracle,13,0.9722222222222222,PbLl,ensemble,footprint,0.9620218085196995,0.8657798008816092,-1.996337181831076,0.9365841128207758,3466
a20_d1,20.0,1.0,prova2,oracle,13,0.9722222222222222,PbLl,ensemble,unmeasured,0.9193683113573634,,2.3800173211470605,,92
a20_d1,20.0,1.0,prova2,oracle,13,0.9722222222222222,PbLl,deterministic,footprint,0.914692253434852,0.8276736101209369,-0.741457907904286,0.951344178736516,3466
a20_d1,20.0,1.0,prova2,oracle,13,0.9722222222222222,PbLl,deterministic,unmeasured,0.3183939297279877,,-91.95144659254771,,92
a20_d1,20.0,1.0,prova2,oracle,13,0.9722222222222222,PbLa,ensemble,footprint,0.9914148793465913,0.970788738502224,-0.16930053605214157,0.9630997011190211,3466
a20_d1,20.0,1.0,prova2,oracle,13,0.9722222222222222,PbLa,ensemble,unmeasured,0.9388214100059922,,5.394351370323337,,92
a20_d1,20.0,1.0,prova2,oracle,13,0.9722222222222222,PbLa,deterministic,footprint,0.907665189201527,0.8919288474801925,-0.05094251951252016,1.0538461788233346,3466
a20_d1,20.0,1.0,prova2,oracle,13,0.9722222222222222,PbLa,deterministic,unmeasured,0.19614211591148256,,-91.28133498707774,,92
a20_d1,20.0,1.0,prova2,oracle,13,0.9722222222222222,PbLb,ensemble,footprint,0.9902956672370082,0.966654873973632,0.02105904607196951,0.9638358198706947,3466
a20_d1,20.0,1.0,prova2,oracle,13,0.9722222222222222,PbLb,ensemble,unmeasured,0.9279905182672454,,5.215977878837068,,92
a20_d1,20.0,1.0,prova2,oracle,13,0.9722222222222222,PbLb,deterministic,footprint,0.9082030678634142,0.8890232020553646,-0.05482329008764664,1.0578913225414566,3466
a20_d1,20.0,1.0,prova2,oracle,13,0.9722222222222222,PbLb,deterministic,unmeasured,0.16468069977150965,,-91.15388686726214,,92
a20_d1,20.0,1.0,prova2,oracle,13,0.9722222222222222,PbLg,ensemble,footprint,0.9749158376728096,0.9198996367841216,0.04675451565940847,0.9508309198731724,3466
a20_d1,20.0,1.0,prova2,oracle,13,0.9722222222222222,PbLg,ensemble,unmeasured,0.8744158154385847,,2.9211527570880307,,92
a20_d1,20.0,1.0,prova2,oracle,13,0.9722222222222222,PbLg,deterministic,footprint,0.8833194801225672,0.8496689527482351,-0.12647570767412297,1.051158650892361,3466
a20_d1,20.0,1.0,prova2,oracle,13,0.9722222222222222,PbLg,deterministic,unmeasured,0.13607829927043777,,-91.38212660554888,,92
a20_d1,20.0,1.0,prova2,oracle,14,1.0,Ca,ensemble,footprint,0.9889729376060789,0.9719979720008657,1.115957861796013,0.9491910162503959,3466
a20_d1,20.0,1.0,prova2,oracle,14,1.0,Ca,deterministic,footprint,0.9813573933419211,0.9535779135329836,0.2904054703203762,0.921551486895102,3466
a20_d1,20.0,1.0,prova2,oracle,14,1.0,Ti,ensemble,footprint,0.9708284134509142,0.928065980592545,0.8421205043814606,0.9278947943706858,3466
a20_d1,20.0,1.0,prova2,oracle,14,1.0,Ti,deterministic,footprint,0.9628936217890628,0.9117357502375151,0.4376577689078509,0.8977437773721066,3466
a20_d1,20.0,1.0,prova2,oracle,14,1.0,Fe,ensemble,footprint,0.9940158382466374,0.9642303900971969,1.0187592657517675,0.975603582578178,3466
a20_d1,20.0,1.0,prova2,oracle,14,1.0,Fe,deterministic,footprint,0.9914447099754888,0.9575457464927041,1.3343843114056897,0.9618016723547146,3466
a20_d1,20.0,1.0,prova2,oracle,14,1.0,Cu,ensemble,footprint,0.9892237951537033,0.9626207553730909,-0.5526074650366586,0.9621533285054844,3466
a20_d1,20.0,1.0,prova2,oracle,14,1.0,Cu,deterministic,footprint,0.9829319733808553,0.9462789478825163,-0.09742901467171272,0.9391951260734114,3466
a20_d1,20.0,1.0,prova2,oracle,14,1.0,PbLl,ensemble,footprint,0.9635776137896305,0.8789893319982072,-1.9311774099048828,0.9404042928559861,3466
a20_d1,20.0,1.0,prova2,oracle,14,1.0,PbLl,deterministic,footprint,0.9571198729575958,0.8618245605851178,0.05040277520320657,0.9049892458296378,3466
a20_d1,20.0,1.0,prova2,oracle,14,1.0,PbLa,ensemble,footprint,0.9933477732387324,0.9795433363570297,-0.1802733101666787,0.9618103332355,3466
a20_d1,20.0,1.0,prova2,oracle,14,1.0,PbLa,deterministic,footprint,0.9864064679611485,0.9611442786857111,0.18343726488945222,0.9310914521590534,3466
a20_d1,20.0,1.0,prova2,oracle,14,1.0,PbLb,ensemble,footprint,0.9926560252680748,0.9766636147003096,-0.01949361636073288,0.9606171293365212,3466
a20_d1,20.0,1.0,prova2,oracle,14,1.0,PbLb,deterministic,footprint,0.9858462570569066,0.9583175902475468,0.1197389959673778,0.9290253599473648,3466
a20_d1,20.0,1.0,prova2,oracle,14,1.0,PbLg,ensemble,footprint,0.9775202628504063,0.9270515540664274,0.05670564362927344,0.9481960490998386,3466
a20_d1,20.0,1.0,prova2,oracle,14,1.0,PbLg,deterministic,footprint,0.9711977379479029,0.9099689746506672,0.20057351307314342,0.9187903429579636,3466
a14_d1,14.0,1.0,prova2,adaptive,0,0.25,Ca,ensemble,footprint,0.3872268071695455,0.28451173173815614,-37.14531046735083,1.383488763208325,3466
a14_d1,14.0,1.0,prova2,adaptive,0,0.25,Ca,ensemble,unmeasured,-0.12459677951135255,,-52.70032109900198,,2591
a14_d1,14.0,1.0,prova2,adaptive,0,0.25,Ca,deterministic,footprint,0.38818637726141597,0.1435621848081991,-100.0,3.9270278300069594,3466
a14_d1,14.0,1.0,prova2,adaptive,0,0.25,Ca,deterministic,unmeasured,0.1316073719456804,,-97.93549595028728,,2591
a14_d1,14.0,1.0,prova2,adaptive,0,0.25,Ti,ensemble,footprint,0.255285638642831,0.28516402513432326,-36.878378896684595,1.4366065649338604,3466
a14_d1,14.0,1.0,prova2,adaptive,0,0.25,Ti,ensemble,unmeasured,-0.03331182142877499,,-50.47823287016094,,2591
a14_d1,14.0,1.0,prova2,adaptive,0,0.25,Ti,deterministic,footprint,0.21063574760867487,0.08073162075589121,-100.0,4.880633489089613,3466
a14_d1,14.0,1.0,prova2,adaptive,0,0.25,Ti,deterministic,unmeasured,0.051456441856526224,,-98.05842932926923,,2591
a14_d1,14.0,1.0,prova2,adaptive,0,0.25,Fe,ensemble,footprint,0.3760005075151246,0.49266979962460883,-31.35255934430141,1.1183756866592185,3466
a14_d1,14.0,1.0,prova2,adaptive,0,0.25,Fe,ensemble,unmeasured,0.0750872998778777,,-71.97701391019795,,2591
a14_d1,14.0,1.0,prova2,adaptive,0,0.25,Fe,deterministic,footprint,0.33149495068199564,0.21704065900176722,-100.0,2.2628470370475924,3466
a14_d1,14.0,1.0,prova2,adaptive,0,0.25,Fe,deterministic,unmeasured,0.09750313014121198,,-98.36476836222988,,2591
a14_d1,14.0,1.0,prova2,adaptive,0,0.25,Cu,ensemble,footprint,0.4099757622677258,0.19348051716444625,-70.72739151400185,1.1939241121453317,3466
a14_d1,14.0,1.0,prova2,adaptive,0,0.25,Cu,ensemble,unmeasured,0.2769561583855488,,-73.00183497877688,,2591
a14_d1,14.0,1.0,prova2,adaptive,0,0.25,Cu,deterministic,footprint,0.31846650299340934,0.2883228276262525,-100.0,2.3071971278549417,3466
a14_d1,14.0,1.0,prova2,adaptive,0,0.25,Cu,deterministic,unmeasured,0.17458153553512476,,-98.12729989220819,,2591
a14_d1,14.0,1.0,prova2,adaptive,0,0.25,PbLl,ensemble,footprint,0.4757935734929814,0.28339491373875497,-47.18875388086066,1.2242728240557232,3466
a14_d1,14.0,1.0,prova2,adaptive,0,0.25,PbLl,ensemble,unmeasured,0.4153017429123838,,-57.772063311173625,,2591
a14_d1,14.0,1.0,prova2,adaptive,0,0.25,PbLl,deterministic,footprint,0.22390192730585332,0.10624851745585795,-100.0,3.284154604410469,3466
a14_d1,14.0,1.0,prova2,adaptive,0,0.25,PbLl,deterministic,unmeasured,0.1736012886815292,,-97.72277248760602,,2591
a14_d1,14.0,1.0,prova2,adaptive,0,0.25,PbLa,ensemble,footprint,0.3448804165612919,0.2023958571097344,-47.89029473100464,1.6710193271461096,3466
a14_d1,14.0,1.0,prova2,adaptive,0,0.25,PbLa,ensemble,unmeasured,0.396799718441975,,-57.678220613393854,,2591
a14_d1,14.0,1.0,prova2,adaptive,0,0.25,PbLa,deterministic,footprint,0.05391013761824259,0.020665850222426205,-100.0,5.116973812481828,3466
a14_d1,14.0,1.0,prova2,adaptive,0,0.25,PbLa,deterministic,unmeasured,0.1182695824857876,,-97.93391810969437,,2591
a14_d1,14.0,1.0,prova2,adaptive,0,0.25,PbLb,ensemble,footprint,0.32104871183353767,0.19608232493512295,-48.12353988140936,1.6956557681924433,3466
a14_d1,14.0,1.0,prova2,adaptive,0,0.25,PbLb,ensemble,unmeasured,0.371591233688581,,-57.94888720541718,,2591
a14_d1,14.0,1.0,prova2,adaptive,0,0.25,PbLb,deterministic,footprint,0.04014470257646012,0.01643884491937043,-100.0,5.197308027617665,3466
a14_d1,14.0,1.0,prova2,adaptive,0,0.25,PbLb,deterministic,unmeasured,0.11245759933559878,,-97.95061184423545,,2591
a14_d1,14.0,1.0,prova2,adaptive,0,0.25,PbLg,ensemble,footprint,0.3200825321979252,0.2082955085361839,-47.99392799065723,1.7116608306894165,3466
a14_d1,14.0,1.0,prova2,adaptive,0,0.25,PbLg,ensemble,unmeasured,0.3664226077287197,,-57.41079946570397,,2591
a14_d1,14.0,1.0,prova2,adaptive,0,0.25,PbLg,deterministic,footprint,0.04073121167466053,0.02139191354791165,-100.0,5.294360464096322,3466
a14_d1,14.0,1.0,prova2,adaptive,0,0.25,PbLg,deterministic,unmeasured,0.09991101345267375,,-97.94193401822707,,2591
a14_d1,14.0,1.0,prova2,adaptive,1,0.3055555555555556,Ca,ensemble,footprint,0.43985964091758517,0.3420885101459729,-30.696791464957585,1.3424009090441946,3466
a14_d1,14.0,1.0,prova2,adaptive,1,0.3055555555555556,Ca,ensemble,unmeasured,-0.1097743372532798,,-50.65569903056693,,2391
a14_d1,14.0,1.0,prova2,adaptive,1,0.3055555555555556,Ca,deterministic,footprint,0.3902719709941753,0.19794079898329067,-100.0,3.5459183809784314,3466
a14_d1,14.0,1.0,prova2,adaptive,1,0.3055555555555556,Ca,deterministic,unmeasured,0.10679413978884728,,-97.89791489362776,,2391
a14_d1,14.0,1.0,prova2,adaptive,1,0.3055555555555556,Ti,ensemble,footprint,0.3214168968100439,0.3629619571838946,-29.3933197700899,1.417890382556586,3466
a14_d1,14.0,1.0,prova2,adaptive,1,0.3055555555555556,Ti,ensemble,unmeasured,-0.06477965361991103,,-47.220272264302025,,2391
a14_d1,14.0,1.0,prova2,adaptive,1,0.3055555555555556,Ti,deterministic,footprint,0.2751790147421255,0.14513223146232715,-100.0,4.30444705881646,3466
a14_d1,14.0,1.0,prova2,adaptive,1,0.3055555555555556,Ti,deterministic,unmeasured,0.060387170533700664,,-97.91481188551337,,2391
a14_d1,14.0,1.0,prova2,adaptive,1,0.3055555555555556,Fe,ensemble,footprint,0.42125057577974345,0.58049187155911,-20.093553127535714,1.0905783957498236,3466
a14_d1,14.0,1.0,prova2,adaptive,1,0.3055555555555556,Fe,ensemble,unmeasured,0.03533096771237565,,-69.97978649953788,,2391
a14_d1,14.0,1.0,prova2,adaptive,1,0.3055555555555556,Fe,deterministic,footprint,0.386561869826397,0.30752173201542454,-100.0,1.9147225082073955,3466
a14_d1,14.0,1.0,prova2,adaptive,1,0.3055555555555556,Fe,deterministic,unmeasured,0.08613415224508698,,-98.32674680510118,,2391
a14_d1,14.0,1.0,prova2,adaptive,1,0.3055555555555556,Cu,ensemble,footprint,0.4410500926423227,0.25465194599063234,-67.63898716704652,1.179185385536037,3466
a14_d1,14.0,1.0,prova2,adaptive,1,0.3055555555555556,Cu,ensemble,unmeasured,0.3001568135667437,,-72.42193458291224,,2391
a14_d1,14.0,1.0,prova2,adaptive,1,0.3055555555555556,Cu,deterministic,footprint,0.3191204934890069,0.3004592933901376,-100.0,2.2543484753286727,3466
a14_d1,14.0,1.0,prova2,adaptive,1,0.3055555555555556,Cu,deterministic,unmeasured,0.1693982512055628,,-98.04364445120589,,2391
a14_d1,14.0,1.0,prova2,adaptive,1,0.3055555555555556,PbLl,ensemble,footprint,0.5732779585367214,0.3529352714756466,-39.50805916628381,1.2513829858384689,3466
a14_d1,14.0,1.0,prova2,adaptive,1,0.3055555555555556,PbLl,ensemble,unmeasured,0.4550601512088922,,-54.550114598724576,,2391
a14_d1,14.0,1.0,prova2,adaptive,1,0.3055555555555556,PbLl,deterministic,footprint,0.32429948148900234,0.16681591291927017,-100.0,2.985767954506373,3466
a14_d1,14.0,1.0,prova2,adaptive,1,0.3055555555555556,PbLl,deterministic,unmeasured,0.16784501159654727,,-97.65935818114102,,2391
a14_d1,14.0,1.0,prova2,adaptive,1,0.3055555555555556,PbLa,ensemble,footprint,0.4640394010245343,0.29331643793711176,-41.34945465165409,1.6872940373278398,3466
a14_d1,14.0,1.0,prova2,adaptive,1,0.3055555555555556,PbLa,ensemble,unmeasured,0.42248292698596557,,-54.445853690914795,,2391
a14_d1,14.0,1.0,prova2,adaptive,1,0.3055555555555556,PbLa,deterministic,footprint,0.188840765349751,0.08795747189326779,-100.0,4.574204588273037,3466
a14_d1,14.0,1.0,prova2,adaptive,1,0.3055555555555556,PbLa,deterministic,unmeasured,0.12984614136976272,,-97.7970018050925,,2391
a14_d1,14.0,1.0,prova2,adaptive,1,0.3055555555555556,PbLb,ensemble,footprint,0.4492837781114435,0.28981519349301343,-41.19512125619138,1.7233868006714652,3466
a14_d1,14.0,1.0,prova2,adaptive,1,0.3055555555555556,PbLb,ensemble,unmeasured,0.3915634240793664,,-54.7216521308929,,2391
a14_d1,14.0,1.0,prova2,adaptive,1,0.3055555555555556,PbLb,deterministic,footprint,0.18890477975235445,0.08531929788784681,-100.0,4.651248756240926,3466
a14_d1,14.0,1.0,prova2,adaptive,1,0.3055555555555556,PbLb,deterministic,unmeasured,0.12660295989448841,,-97.81159662102631,,2391
a14_d1,14.0,1.0,prova2,adaptive,1,0.3055555555555556,PbLg,ensemble,footprint,0.434188357087603,0.2971476564311803,-41.00358072741781,1.725067813769026,3466
a14_d1,14.0,1.0,prova2,adaptive,1,0.3055555555555556,PbLg,ensemble,unmeasured,0.3850924935343064,,-54.24854725664073,,2391
a14_d1,14.0,1.0,prova2,adaptive,1,0.3055555555555556,PbLg,deterministic,footprint,0.17104383549709745,0.0888305491126619,-100.0,4.726530652839648,3466
a14_d1,14.0,1.0,prova2,adaptive,1,0.3055555555555556,PbLg,deterministic,unmeasured,0.10877018050939143,,-97.8050481241206,,2391
a14_d1,14.0,1.0,prova2,adaptive,2,0.3611111111111111,Ca,ensemble,footprint,0.48317652818139084,0.4133954278846854,-23.22125427884989,1.2979094889972904,3466
a14_d1,14.0,1.0,prova2,adaptive,2,0.3611111111111111,Ca,ensemble,unmeasured,-0.11522165367080575,,-48.96043650934511,,2192
a14_d1,14.0,1.0,prova2,adaptive,2,0.3611111111111111,Ca,deterministic,footprint,0.39443705512763944,0.2438533808274306,-100.0,3.1996350636948385,3466
a14_d1,14.0,1.0,prova2,adaptive,2,0.3611111111111111,Ca,deterministic,unmeasured,0.08496405072861905,,-97.78207530604666,,2192
a14_d1,14.0,1.0,prova2,adaptive,2,0.3611111111111111,Ti,ensemble,footprint,0.3720102566363855,0.43950143799252683,-20.707717015789605,1.3749954142672924,3466
a14_d1,14.0,1.0,prova2,adaptive,2,0.3611111111111111,Ti,ensemble,unmeasured,-0.11757704025831116,,-44.22889622112271,,2192
a14_d1,14.0,1.0,prova2,adaptive,2,0.3611111111111111,Ti,deterministic,footprint,0.3276336029436864,0.20709137896840196,-100.0,3.831218672626131,3466
a14_d1,14.0,1.0,prova2,adaptive,2,0.3611111111111111,Ti,deterministic,unmeasured,0.06848153444149369,,-97.67009254240284,,2192
a14_d1,14.0,1.0,prova2,adaptive,2,0.3611111111111111,Fe,ensemble,footprint,0.46234512729388266,0.6346392112251238,-12.747827261144195,1.059650073416273,3466
a14_d1,14.0,1.0,prova2,adaptive,2,0.3611111111111111,Fe,ensemble,unmeasured,-0.021773049001188132,,-68.68342098745617,,2192
a14_d1,14.0,1.0,prova2,adaptive,2,0.3611111111111111,Fe,deterministic,footprint,0.4348038495911028,0.3671482326236139,-100.0,1.7008756639748348,3466
a14_d1,14.0,1.0,prova2,adaptive,2,0.3611111111111111,Fe,deterministic,unmeasured,0.08282484887651688,,-98.14922942875522,,2192
a14_d1,14.0,1.0,prova2,adaptive,2,0.3611111111111111,Cu,ensemble,footprint,0.46181336657783156,0.3082443116364258,-64.39061762489195,1.1596427753252465,3466
a14_d1,14.0,1.0,prova2,adaptive,2,0.3611111111111111,Cu,ensemble,unmeasured,0.27820065757453005,,-71.68311175138805,,2192
a14_d1,14.0,1.0,prova2,adaptive,2,0.3611111111111111,Cu,deterministic,footprint,0.3280852017347617,0.33865374855082064,-100.0,2.1252605198671453,3466
a14_d1,14.0,1.0,prova2,adaptive,2,0.3611111111111111,Cu,deterministic,unmeasured,0.16433658922078875,,-98.00040602515475,,2192
a14_d1,14.0,1.0,prova2,adaptive,2,0.3611111111111111,PbLl,ensemble,footprint,0.6472779840956968,0.4290439270057207,-31.561571879385,1.238585383149988,3466
a14_d1,14.0,1.0,prova2,adaptive,2,0.3611111111111111,PbLl,ensemble,unmeasured,0.4745591490181919,,-50.58055605596682,,2192
a14_d1,14.0,1.0,prova2,adaptive,2,0.3611111111111111,PbLl,deterministic,footprint,0.40636384170816964,0.2359071762437923,-100.0,2.6852918439454565,3466
a14_d1,14.0,1.0,prova2,adaptive,2,0.3611111111111111,PbLl,deterministic,unmeasured,0.20373737415763413,,-97.26644191183998,,2192
a14_d1,14.0,1.0,prova2,adaptive,2,0.3611111111111111,PbLa,ensemble,footprint,0.5427351007535844,0.3765064455429161,-33.33594605829975,1.6475133018308075,3466
a14_d1,14.0,1.0,prova2,adaptive,2,0.3611111111111111,PbLa,ensemble,unmeasured,0.4236489209972217,,-50.984376864818515,,2192
a14_d1,14.0,1.0,prova2,adaptive,2,0.3611111111111111,PbLa,deterministic,footprint,0.2778853933997825,0.15061778544055462,-100.0,4.07529517976542,3466
a14_d1,14.0,1.0,prova2,adaptive,2,0.3611111111111111,PbLa,deterministic,unmeasured,0.14357547163264803,,-97.45836635633538,,2192
a14_d1,14.0,1.0,prova2,adaptive,2,0.3611111111111111,PbLb,ensemble,footprint,0.5333274483054125,0.3769046437470346,-33.1953673235662,1.6863267506316157,3466
a14_d1,14.0,1.0,prova2,adaptive,2,0.3611111111111111,PbLb,ensemble,unmeasured,0.38843410561664954,,-51.25435115589678,,2192
a14_d1,14.0,1.0,prova2,adaptive,2,0.3611111111111111,PbLb,deterministic,footprint,0.2851590694402651,0.14954318529028188,-100.0,4.145786627549022,3466
a14_d1,14.0,1.0,prova2,adaptive,2,0.3611111111111111,PbLb,deterministic,unmeasured,0.1402777713767773,,-97.46405266908238,,2192
a14_d1,14.0,1.0,prova2,adaptive,2,0.3611111111111111,PbLg,ensemble,footprint,0.5075852597660068,0.3773468908420688,-32.78919431278251,1.6753060755595277,3466
a14_d1,14.0,1.0,prova2,adaptive,2,0.3611111111111111,PbLg,ensemble,unmeasured,0.3851561380359632,,-50.895869952250024,,2192
a14_d1,14.0,1.0,prova2,adaptive,2,0.3611111111111111,PbLg,deterministic,footprint,0.25128144922307327,0.14975176956830225,-100.0,4.201653358822493,3466
a14_d1,14.0,1.0,prova2,adaptive,2,0.3611111111111111,PbLg,deterministic,unmeasured,0.12060581181855018,,-97.47785413839524,,2192
a14_d1,14.0,1.0,prova2,adaptive,3,0.4166666666666667,Ca,ensemble,footprint,0.5261403002977751,0.470589088433984,-15.552701486862697,1.2274678568426547,3466
a14_d1,14.0,1.0,prova2,adaptive,3,0.4166666666666667,Ca,ensemble,unmeasured,-0.12520322883337184,,-46.66699015430639,,1993
a14_d1,14.0,1.0,prova2,adaptive,3,0.4166666666666667,Ca,deterministic,footprint,0.39027013816975065,0.31062830052836704,-100.0,2.895163082815475,3466
a14_d1,14.0,1.0,prova2,adaptive,3,0.4166666666666667,Ca,deterministic,unmeasured,0.07392508461485826,,-97.60080746563523,,1993
a14_d1,14.0,1.0,prova2,adaptive,3,0.4166666666666667,Ti,ensemble,footprint,0.4336341225290699,0.5027782467219156,-12.739358824578462,1.2795960593589741,3466
a14_d1,14.0,1.0,prova2,adaptive,3,0.4166666666666667,Ti,ensemble,unmeasured,-0.12634186826744695,,-40.57510134177368,,1993
a14_d1,14.0,1.0,prova2,adaptive,3,0.4166666666666667,Ti,deterministic,footprint,0.35478947992638377,0.2716948073378505,-100.0,3.4263509441041973,3466
a14_d1,14.0,1.0,prova2,adaptive,3,0.4166666666666667,Ti,deterministic,unmeasured,0.037995259841471216,,-97.48473271032263,,1993
a14_d1,14.0,1.0,prova2,adaptive,3,0.4166666666666667,Fe,ensemble,footprint,0.4952609533548057,0.6891656785816752,-7.088671077495102,0.9999431382901862,3466
a14_d1,14.0,1.0,prova2,adaptive,3,0.4166666666666667,Fe,ensemble,unmeasured,0.03552421390067666,,-67.04773952749791,,1993
a14_d1,14.0,1.0,prova2,adaptive,3,0.4166666666666667,Fe,deterministic,footprint,0.4530622627577845,0.446258336320962,-100.0,1.5204053713612868,3466
a14_d1,14.0,1.0,prova2,adaptive,3,0.4166666666666667,Fe,deterministic,unmeasured,0.07278300174231579,,-98.16339913494855,,1993
a14_d1,14.0,1.0,prova2,adaptive,3,0.4166666666666667,Cu,ensemble,footprint,0.5080638807955857,0.37087847170905497,-59.25719162439802,1.1506276172533993,3466
a14_d1,14.0,1.0,prova2,adaptive,3,0.4166666666666667,Cu,ensemble,unmeasured,0.3149231698718685,,-70.66416217886136,,1993
a14_d1,14.0,1.0,prova2,adaptive,3,0.4166666666666667,Cu,deterministic,footprint,0.3500746328410164,0.3785469644310852,-100.0,2.007247300572856,3466
a14_d1,14.0,1.0,prova2,adaptive,3,0.4166666666666667,Cu,deterministic,unmeasured,0.16198915760836796,,-97.74814372114045,,1993
a14_d1,14.0,1.0,prova2,adaptive,3,0.4166666666666667,PbLl,ensemble,footprint,0.6982565762583659,0.5063605159337865,-22.88770201606787,1.1869936004248731,3466
a14_d1,14.0,1.0,prova2,adaptive,3,0.4166666666666667,PbLl,ensemble,unmeasured,0.4848956668900298,,-46.58513751105435,,1993
a14_d1,14.0,1.0,prova2,adaptive,3,0.4166666666666667,PbLl,deterministic,footprint,0.4605139927109285,0.3121462854594541,-100.0,2.4211181257331953,3466
a14_d1,14.0,1.0,prova2,adaptive,3,0.4166666666666667,PbLl,deterministic,unmeasured,0.20789868154131058,,-96.98267138844095,,1993
a14_d1,14.0,1.0,prova2,adaptive,3,0.4166666666666667,PbLa,ensemble,footprint,0.6061854464436288,0.4737525572581542,-24.982241063405453,1.5429034682898597,3466
a14_d1,14.0,1.0,prova2,adaptive,3,0.4166666666666667,PbLa,ensemble,unmeasured,0.43916283924546207,,-47.19304896805385,,1993
a14_d1,14.0,1.0,prova2,adaptive,3,0.4166666666666667,PbLa,deterministic,footprint,0.3409252758670555,0.22344201888347506,-100.0,3.6452515158161374,3466
a14_d1,14.0,1.0,prova2,adaptive,3,0.4166666666666667,PbLa,deterministic,unmeasured,0.15674531524291768,,-97.1965189558761,,1993
a14_d1,14.0,1.0,prova2,adaptive,3,0.4166666666666667,PbLb,ensemble,footprint,0.598380687108131,0.47353847872232047,-24.973457579745407,1.578475264638285,3466
a14_d1,14.0,1.0,prova2,adaptive,3,0.4166666666666667,PbLb,ensemble,unmeasured,0.4019932089402431,,-47.4584739531037,,1993
a14_d1,14.0,1.0,prova2,adaptive,3,0.4166666666666667,PbLb,deterministic,footprint,0.3506527976879686,0.22201029976644415,-100.0,3.706244598859207,3466
a14_d1,14.0,1.0,prova2,adaptive,3,0.4166666666666667,PbLb,deterministic,unmeasured,0.15442803297536004,,-97.20273054137938,,1993
a14_d1,14.0,1.0,prova2,adaptive,3,0.4166666666666667,PbLg,ensemble,footprint,0.5701609785521129,0.4694930409865403,-24.881664349951095,1.5658717455751163,3466
a14_d1,14.0,1.0,prova2,adaptive,3,0.4166666666666667,PbLg,ensemble,unmeasured,0.39342350597558523,,-47.138164241972994,,1993
a14_d1,14.0,1.0,prova2,adaptive,3,0.4166666666666667,PbLg,deterministic,footprint,0.31560822610273975,0.2229479648070841,-100.0,3.756739811276852,3466
a14_d1,14.0,1.0,prova2,adaptive,3,0.4166666666666667,PbLg,deterministic,unmeasured,0.1337672599260302,,-97.20815888515922,,1993
a14_d1,14.0,1.0,prova2,adaptive,4,0.4722222222222222,Ca,ensemble,footprint,0.6000209731333073,0.5351411062341069,-8.733283142414173,1.1723178905070901,3466
a14_d1,14.0,1.0,prova2,adaptive,4,0.4722222222222222,Ca,ensemble,unmeasured,-0.1186217524824326,,-43.04630671539368,,1795
a14_d1,14.0,1.0,prova2,adaptive,4,0.4722222222222222,Ca,deterministic,footprint,0.4266248346583675,0.38260007501479637,-64.20431502921386,2.628434385345317,3466
a14_d1,14.0,1.0,prova2,adaptive,4,0.4722222222222222,Ca,deterministic,unmeasured,0.04235967966450869,,-97.3789270692243,,1795
a14_d1,14.0,1.0,prova2,adaptive,4,0.4722222222222222,Ti,ensemble,footprint,0.5424394770245502,0.5720515206444573,-7.978819527223768,1.184516196613763,3466
a14_d1,14.0,1.0,prova2,adaptive,4,0.4722222222222222,Ti,ensemble,unmeasured,-0.06482586603782653,,-35.188599738194355,,1795
a14_d1,14.0,1.0,prova2,adaptive,4,0.4722222222222222,Ti,deterministic,footprint,0.4258422907863109,0.3572577425978194,-61.91788234223493,3.073830039197466,3466
a14_d1,14.0,1.0,prova2,adaptive,4,0.4722222222222222,Ti,deterministic,unmeasured,0.0684384512552922,,-97.10616147680136,,1795
a14_d1,14.0,1.0,prova2,adaptive,4,0.4722222222222222,Fe,ensemble,footprint,0.6469968665662116,0.7429487940607045,-4.366879936811719,0.986514209600359,3466
a14_d1,14.0,1.0,prova2,adaptive,4,0.4722222222222222,Fe,ensemble,unmeasured,0.31523575555295874,,-60.97610185635027,,1795
a14_d1,14.0,1.0,prova2,adaptive,4,0.4722222222222222,Fe,deterministic,footprint,0.5806338912348031,0.5112017719377043,-62.63984146265437,1.4020251641620134,3466
a14_d1,14.0,1.0,prova2,adaptive,4,0.4722222222222222,Fe,deterministic,unmeasured,0.11269311073716157,,-97.46078680825374,,1795
a14_d1,14.0,1.0,prova2,adaptive,4,0.4722222222222222,Cu,ensemble,footprint,0.5529309543638394,0.45172953229049323,-53.907723240030016,1.1428722973798677,3466
a14_d1,14.0,1.0,prova2,adaptive,4,0.4722222222222222,Cu,ensemble,unmeasured,0.36234171504310014,,-69.99507884436164,,1795
a14_d1,14.0,1.0,prova2,adaptive,4,0.4722222222222222,Cu,deterministic,footprint,0.37009575155518765,0.420023713492885,-100.0,1.904250945470455,3466
a14_d1,14.0,1.0,prova2,adaptive,4,0.4722222222222222,Cu,deterministic,unmeasured,0.1820336411504665,,-97.4837396434303,,1795
a14_d1,14.0,1.0,prova2,adaptive,4,0.4722222222222222,PbLl,ensemble,footprint,0.7316333788271856,0.5473727619549767,-18.108227822204448,1.1375563774959887,3466
a14_d1,14.0,1.0,prova2,adaptive,4,0.4722222222222222,PbLl,ensemble,unmeasured,0.49260882903758196,,-44.103027921756045,,1795
a14_d1,14.0,1.0,prova2,adaptive,4,0.4722222222222222,PbLl,deterministic,footprint,0.47025560403178573,0.3493398665992874,-66.93699566229843,2.2356101701544215,3466
a14_d1,14.0,1.0,prova2,adaptive,4,0.4722222222222222,PbLl,deterministic,unmeasured,0.18776275517322874,,-96.94961059681201,,1795
a14_d1,14.0,1.0,prova2,adaptive,4,0.4722222222222222,PbLa,ensemble,footprint,0.6508421002510997,0.5259378350853491,-18.09362278440867,1.4205842776934265,3466
a14_d1,14.0,1.0,prova2,adaptive,4,0.4722222222222222,PbLa,ensemble,unmeasured,0.4720200549698303,,-43.74598492196711,,1795
a14_d1,14.0,1.0,prova2,adaptive,4,0.4722222222222222,PbLa,deterministic,footprint,0.354187560669314,0.2720092094528653,-64.25518438788455,3.2862368502634873,3466
a14_d1,14.0,1.0,prova2,adaptive,4,0.4722222222222222,PbLa,deterministic,unmeasured,0.15915548641114613,,-96.97502726618977,,1795
a14_d1,14.0,1.0,prova2,adaptive,4,0.4722222222222222,PbLb,ensemble,footprint,0.6472094604622755,0.5277272563679442,-17.766402246451207,1.4503348041506685,3466
a14_d1,14.0,1.0,prova2,adaptive,4,0.4722222222222222,PbLb,ensemble,unmeasured,0.43912845207433576,,-43.85949347151424,,1795
a14_d1,14.0,1.0,prova2,adaptive,4,0.4722222222222222,PbLb,deterministic,footprint,0.37006496318969834,0.2719467214030832,-64.40931390981606,3.33689453605726,3466
a14_d1,14.0,1.0,prova2,adaptive,4,0.4722222222222222,PbLb,deterministic,unmeasured,0.16237869006308647,,-96.97193358924301,,1795
a14_d1,14.0,1.0,prova2,adaptive,4,0.4722222222222222,PbLg,ensemble,footprint,0.6177506034047641,0.519479814100136,-17.447754981188226,1.4391381291074496,3466
a14_d1,14.0,1.0,prova2,adaptive,4,0.4722222222222222,PbLg,ensemble,unmeasured,0.42556322425379073,,-43.69151212721315,,1795
a14_d1,14.0,1.0,prova2,adaptive,4,0.4722222222222222,PbLg,deterministic,footprint,0.3302399156938262,0.2710451999724758,-63.54137380376025,3.3859658826045735,3466
a14_d1,14.0,1.0,prova2,adaptive,4,0.4722222222222222,PbLg,deterministic,unmeasured,0.1319133278353634,,-96.98490408949935,,1795
a14_d1,14.0,1.0,prova2,adaptive,5,0.5277777777777778,Ca,ensemble,footprint,0.6875216431548375,0.5925000197452361,-6.4124764109420695,1.1246076640304028,3466
a14_d1,14.0,1.0,prova2,adaptive,5,0.5277777777777778,Ca,ensemble,unmeasured,0.04046701162552604,,-40.51675375245525,,1592
a14_d1,14.0,1.0,prova2,adaptive,5,0.5277777777777778,Ca,deterministic,footprint,0.4506999645526153,0.42380416409563637,-21.682650635794477,2.397188682629614,3466
a14_d1,14.0,1.0,prova2,adaptive,5,0.5277777777777778,Ca,deterministic,unmeasured,0.07417431997208423,,-96.96620293453923,,1592
a14_d1,14.0,1.0,prova2,adaptive,5,0.5277777777777778,Ti,ensemble,footprint,0.6624564448384208,0.617501275069561,-6.238165963468301,1.1089709354392752,3466
a14_d1,14.0,1.0,prova2,adaptive,5,0.5277777777777778,Ti,ensemble,unmeasured,0.1507116557531942,,-31.309759720196432,,1592
a14_d1,14.0,1.0,prova2,adaptive,5,0.5277777777777778,Ti,deterministic,footprint,0.4635207455443696,0.3953870604734011,-23.420334475900482,2.7785190088118625,3466
a14_d1,14.0,1.0,prova2,adaptive,5,0.5277777777777778,Ti,deterministic,unmeasured,0.08199693403806556,,-96.87376852683283,,1592
a14_d1,14.0,1.0,prova2,adaptive,5,0.5277777777777778,Fe,ensemble,footprint,0.809374674717085,0.7962654280338303,-2.834801544319099,1.0142772646433167,3466
a14_d1,14.0,1.0,prova2,adaptive,5,0.5277777777777778,Fe,ensemble,unmeasured,0.6190037136117567,,-52.75997639924857,,1592
a14_d1,14.0,1.0,prova2,adaptive,5,0.5277777777777778,Fe,deterministic,footprint,0.7390508244071207,0.5732732336157034,-23.052819597882777,1.3491350174237522,3466
a14_d1,14.0,1.0,prova2,adaptive,5,0.5277777777777778,Fe,deterministic,unmeasured,0.21553824128595486,,-96.68019237727326,,1592
a14_d1,14.0,1.0,prova2,adaptive,5,0.5277777777777778,Cu,ensemble,footprint,0.6114923569013906,0.5337159645720414,-45.28858326515808,1.1475336919112018,3466
a14_d1,14.0,1.0,prova2,adaptive,5,0.5277777777777778,Cu,ensemble,unmeasured,0.3562134195148904,,-68.54638224846909,,1592
a14_d1,14.0,1.0,prova2,adaptive,5,0.5277777777777778,Cu,deterministic,footprint,0.4304481365238218,0.48024654019108337,-100.0,1.7965892062643836,3466
a14_d1,14.0,1.0,prova2,adaptive,5,0.5277777777777778,Cu,deterministic,unmeasured,0.18117046692670102,,-97.09211952001988,,1592
a14_d1,14.0,1.0,prova2,adaptive,5,0.5277777777777778,PbLl,ensemble,footprint,0.778041445339504,0.6004197162427046,-14.43939994649961,1.1147653064083458,3466
a14_d1,14.0,1.0,prova2,adaptive,5,0.5277777777777778,PbLl,ensemble,unmeasured,0.42288215764572595,,-40.33493498340957,,1592
a14_d1,14.0,1.0,prova2,adaptive,5,0.5277777777777778,PbLl,deterministic,footprint,0.5351204100057937,0.3996190563229016,-31.625184393744643,2.070959382025406,3466
a14_d1,14.0,1.0,prova2,adaptive,5,0.5277777777777778,PbLl,deterministic,unmeasured,0.1086643218829437,,-96.96667391063555,,1592
a14_d1,14.0,1.0,prova2,adaptive,5,0.5277777777777778,PbLa,ensemble,footprint,0.7107115291360101,0.5848516245268408,-7.025544858622279,1.3468008745676354,3466
a14_d1,14.0,1.0,prova2,adaptive,5,0.5277777777777778,PbLa,ensemble,unmeasured,0.375104207256678,,-39.96848267021239,,1592
a14_d1,14.0,1.0,prova2,adaptive,5,0.5277777777777778,PbLa,deterministic,footprint,0.4268516453214778,0.32912948796344377,-23.40841267038638,2.9911992110149477,3466
a14_d1,14.0,1.0,prova2,adaptive,5,0.5277777777777778,PbLa,deterministic,unmeasured,0.06621322956803666,,-96.91040133446903,,1592
a14_d1,14.0,1.0,prova2,adaptive,5,0.5277777777777778,PbLb,ensemble,footprint,0.7107261557556146,0.5859784536533373,-7.443540471930188,1.3688309830674823,3466
a14_d1,14.0,1.0,prova2,adaptive,5,0.5277777777777778,PbLb,ensemble,unmeasured,0.3400237506807947,,-39.88074415711817,,1592
a14_d1,14.0,1.0,prova2,adaptive,5,0.5277777777777778,PbLb,deterministic,footprint,0.44566431496083747,0.3300850032968771,-23.35836006248315,3.0314900437398613,3466
a14_d1,14.0,1.0,prova2,adaptive,5,0.5277777777777778,PbLb,deterministic,unmeasured,0.06424997199975943,,-96.90019124819298,,1592
a14_d1,14.0,1.0,prova2,adaptive,5,0.5277777777777778,PbLg,ensemble,footprint,0.6764573969215942,0.5735165666774219,-9.91209239917621,1.3557696524914686,3466
a14_d1,14.0,1.0,prova2,adaptive,5,0.5277777777777778,PbLg,ensemble,unmeasured,0.3291290798239493,,-39.95284613175757,,1592
a14_d1,14.0,1.0,prova2,adaptive,5,0.5277777777777778,PbLg,deterministic,footprint,0.39922028018625155,0.3250242247389002,-23.307862433386074,3.0752487880693105,3466
a14_d1,14.0,1.0,prova2,adaptive,5,0.5277777777777778,PbLg,deterministic,unmeasured,0.056691724628429384,,-96.90911473719328,,1592
a14_d1,14.0,1.0,prova2,adaptive,6,0.5833333333333334,Ca,ensemble,footprint,0.754247271510593,0.6403760576426711,-4.285562420706901,1.080082802672769,3466
a14_d1,14.0,1.0,prova2,adaptive,6,0.5833333333333334,Ca,ensemble,unmeasured,0.14718977832181088,,-36.790739833012225,,1402
a14_d1,14.0,1.0,prova2,adaptive,6,0.5833333333333334,Ca,deterministic,footprint,0.497922358846113,0.4635200966681124,-9.55842421028359,2.180062014463133,3466
a14_d1,14.0,1.0,prova2,adaptive,6,0.5833333333333334,Ca,deterministic,unmeasured,0.1023594441216718,,-96.76842229743508,,1402
a14_d1,14.0,1.0,prova2,adaptive,6,0.5833333333333334,Ti,ensemble,footprint,0.7602908459222637,0.6813118596899335,-4.1757053083487765,1.0684906293847711,3466
a14_d1,14.0,1.0,prova2,adaptive,6,0.5833333333333334,Ti,ensemble,unmeasured,0.21477420675956627,,-25.793426576672882,,1402
a14_d1,14.0,1.0,prova2,adaptive,6,0.5833333333333334,Ti,deterministic,footprint,0.5495545249788587,0.45405770372602283,-10.834574289369868,2.527810505829622,3466
a14_d1,14.0,1.0,prova2,adaptive,6,0.5833333333333334,Ti,deterministic,unmeasured,0.09604423028339233,,-96.71938587234001,,1402
a14_d1,14.0,1.0,prova2,adaptive,6,0.5833333333333334,Fe,ensemble,footprint,0.9470117995735394,0.8547877041709006,-0.6882132428907894,1.0310918292953544,3466
a14_d1,14.0,1.0,prova2,adaptive,6,0.5833333333333334,Fe,ensemble,unmeasured,0.6367583898043799,,-34.316624113941856,,1402
a14_d1,14.0,1.0,prova2,adaptive,6,0.5833333333333334,Fe,deterministic,footprint,0.9146107245395168,0.644122373225698,-13.155635408868438,1.2864829301485827,3466
a14_d1,14.0,1.0,prova2,adaptive,6,0.5833333333333334,Fe,deterministic,unmeasured,0.3122551873325819,,-95.86077854853318,,1402
a14_d1,14.0,1.0,prova2,adaptive,6,0.5833333333333334,Cu,ensemble,footprint,0.6370447650164934,0.5720263519972291,-38.89438003592909,1.1278937334666914,3466
a14_d1,14.0,1.0,prova2,adaptive,6,0.5833333333333334,Cu,ensemble,unmeasured,0.2864503297912841,,-67.85011209474843,,1402
a14_d1,14.0,1.0,prova2,adaptive,6,0.5833333333333334,Cu,deterministic,footprint,0.45046132363106883,0.500038511019637,-86.33498219696885,1.7051655690638186,3466
a14_d1,14.0,1.0,prova2,adaptive,6,0.5833333333333334,Cu,deterministic,unmeasured,0.1629801260066204,,-97.04199397446993,,1402
a14_d1,14.0,1.0,prova2,adaptive,6,0.5833333333333334,PbLl,ensemble,footprint,0.8190821911278151,0.654630329575895,-12.036615331973765,1.0978874741055213,3466
a14_d1,14.0,1.0,prova2,adaptive,6,0.5833333333333334,PbLl,ensemble,unmeasured,0.3432776517498421,,-37.579153790389846,,1402
a14_d1,14.0,1.0,prova2,adaptive,6,0.5833333333333334,PbLl,deterministic,footprint,0.5683875985836476,0.45138493816562764,-20.833661142405813,1.9503945447742814,3466
a14_d1,14.0,1.0,prova2,adaptive,6,0.5833333333333334,PbLl,deterministic,unmeasured,0.09092150535412787,,-96.86775890786018,,1402
a14_d1,14.0,1.0,prova2,adaptive,6,0.5833333333333334,PbLa,ensemble,footprint,0.7484967372687823,0.6458834686588834,-4.332427835893826,1.2659663752493222,3466
a14_d1,14.0,1.0,prova2,adaptive,6,0.5833333333333334,PbLa,ensemble,unmeasured,0.2970683003540571,,-36.914154939171866,,1402
a14_d1,14.0,1.0,prova2,adaptive,6,0.5833333333333334,PbLa,deterministic,footprint,0.4344255373965533,0.3850882943423303,-7.004939133928967,2.73485823911578,3466
a14_d1,14.0,1.0,prova2,adaptive,6,0.5833333333333334,PbLa,deterministic,unmeasured,0.03506039597712249,,-96.88876819223847,,1402
a14_d1,14.0,1.0,prova2,adaptive,6,0.5833333333333334,PbLb,ensemble,footprint,0.7469216274906036,0.6468113906576536,-4.102579134571527,1.2783706557119607,3466
a14_d1,14.0,1.0,prova2,adaptive,6,0.5833333333333334,PbLb,ensemble,unmeasured,0.26642699815229565,,-36.56861741433415,,1402
a14_d1,14.0,1.0,prova2,adaptive,6,0.5833333333333334,PbLb,deterministic,footprint,0.4538023598773139,0.38612028627168865,-6.652812610493342,2.7635610835187534,3466
a14_d1,14.0,1.0,prova2,adaptive,6,0.5833333333333334,PbLb,deterministic,unmeasured,0.030048271748557127,,-96.88485915362031,,1402
a14_d1,14.0,1.0,prova2,adaptive,6,0.5833333333333334,PbLg,ensemble,footprint,0.7120688999832908,0.6294519497837617,-6.816476351606937,1.2659959639496463,3466
a14_d1,14.0,1.0,prova2,adaptive,6,0.5833333333333334,PbLg,ensemble,unmeasured,0.24316860734175066,,-36.86078872927992,,1402
a14_d1,14.0,1.0,prova2,adaptive,6,0.5833333333333334,PbLg,deterministic,footprint,0.4032731932483016,0.37748531399258667,-9.509652849078854,2.804374402268446,3466
a14_d1,14.0,1.0,prova2,adaptive,6,0.5833333333333334,PbLg,deterministic,unmeasured,0.03016264177493081,,-96.87802876412175,,1402
a14_d1,14.0,1.0,prova2,adaptive,7,0.6388888888888888,Ca,ensemble,footprint,0.8101018768796645,0.6908646863063919,-2.8755070011253547,1.0361481229013476,3466
a14_d1,14.0,1.0,prova2,adaptive,7,0.6388888888888888,Ca,ensemble,unmeasured,0.2059916055964989,,-32.182574583493476,,1211
a14_d1,14.0,1.0,prova2,adaptive,7,0.6388888888888888,Ca,deterministic,footprint,0.5515800128365739,0.5122868557807431,-6.393463213415085,1.9762787428818709,3466
a14_d1,14.0,1.0,prova2,adaptive,7,0.6388888888888888,Ca,deterministic,unmeasured,0.11966503498583014,,-96.44653594848285,,1211
a14_d1,14.0,1.0,prova2,adaptive,7,0.6388888888888888,Ti,ensemble,footprint,0.806401300297146,0.7171066855575834,-2.66294317943363,1.0116768128166065,3466
a14_d1,14.0,1.0,prova2,adaptive,7,0.6388888888888888,Ti,ensemble,unmeasured,0.2182765070982854,,-21.217003522427696,,1211
a14_d1,14.0,1.0,prova2,adaptive,7,0.6388888888888888,Ti,deterministic,footprint,0.580863723115693,0.4919153636679692,-7.465727302643432,2.28910343267572,3466
a14_d1,14.0,1.0,prova2,adaptive,7,0.6388888888888888,Ti,deterministic,unmeasured,0.08841693115430146,,-96.49196624129355,,1211
a14_d1,14.0,1.0,prova2,adaptive,7,0.6388888888888888,Fe,ensemble,footprint,0.9675324403522497,0.8823721169914263,0.38364103099870484,1.0185689229217414,3466
a14_d1,14.0,1.0,prova2,adaptive,7,0.6388888888888888,Fe,ensemble,unmeasured,0.5480356803456304,,-27.745330543645526,,1211
a14_d1,14.0,1.0,prova2,adaptive,7,0.6388888888888888,Fe,deterministic,footprint,0.9450284976365421,0.6892904623300947,-8.626010160599728,1.2271777774210504,3466
a14_d1,14.0,1.0,prova2,adaptive,7,0.6388888888888888,Fe,deterministic,unmeasured,0.26500567542814774,,-95.67301929722774,,1211
a14_d1,14.0,1.0,prova2,adaptive,7,0.6388888888888888,Cu,ensemble,footprint,0.7271768349360903,0.6346539373303777,-22.339303112281506,1.0974052805720853,3466
a14_d1,14.0,1.0,prova2,adaptive,7,0.6388888888888888,Cu,ensemble,unmeasured,0.3887320757645631,,-63.42714747272529,,1211
a14_d1,14.0,1.0,prova2,adaptive,7,0.6388888888888888,Cu,deterministic,footprint,0.5566674809151886,0.5620647446879312,-36.32330291856329,1.5460241850826477,3466
a14_d1,14.0,1.0,prova2,adaptive,7,0.6388888888888888,Cu,deterministic,unmeasured,0.19901774542352582,,-96.57813788758092,,1211
a14_d1,14.0,1.0,prova2,adaptive,7,0.6388888888888888,PbLl,ensemble,footprint,0.8425621034420705,0.693509172493501,-9.328477575538873,1.045167417740398,3466
a14_d1,14.0,1.0,prova2,adaptive,7,0.6388888888888888,PbLl,ensemble,unmeasured,0.2794965143878003,,-33.89542905479838,,1211
a14_d1,14.0,1.0,prova2,adaptive,7,0.6388888888888888,PbLl,deterministic,footprint,0.5780827214491016,0.49043480241438336,-15.190451696843166,1.791107432174916,3466
a14_d1,14.0,1.0,prova2,adaptive,7,0.6388888888888888,PbLl,deterministic,unmeasured,0.0801943067953787,,-96.59685533916587,,1211
a14_d1,14.0,1.0,prova2,adaptive,7,0.6388888888888888,PbLa,ensemble,footprint,0.7841116019376306,0.695216766223926,-3.1609697896256894,1.1637107411172412,3466
a14_d1,14.0,1.0,prova2,adaptive,7,0.6388888888888888,PbLa,ensemble,unmeasured,0.2520088764934987,,-33.090716509823416,,1211
a14_d1,14.0,1.0,prova2,adaptive,7,0.6388888888888888,PbLa,deterministic,footprint,0.43361994524756664,0.427472177494727,-4.704989988609465,2.4698857700379944,3466
a14_d1,14.0,1.0,prova2,adaptive,7,0.6388888888888888,PbLa,deterministic,unmeasured,0.018874277104310402,,-96.63658804777265,,1211
a14_d1,14.0,1.0,prova2,adaptive,7,0.6388888888888888,PbLb,ensemble,footprint,0.7800253977300597,0.6961809268580604,-2.883409651878588,1.171232094390731,3466
a14_d1,14.0,1.0,prova2,adaptive,7,0.6388888888888888,PbLb,ensemble,unmeasured,0.22144790845228468,,-32.673289293018385,,1211
a14_d1,14.0,1.0,prova2,adaptive,7,0.6388888888888888,PbLb,deterministic,footprint,0.45100395905608226,0.42690107579073316,-4.426083758349019,2.4942693086411776,3466
a14_d1,14.0,1.0,prova2,adaptive,7,0.6388888888888888,PbLb,deterministic,unmeasured,0.008533650782753227,,-96.6429892339692,,1211
a14_d1,14.0,1.0,prova2,adaptive,7,0.6388888888888888,PbLg,ensemble,footprint,0.7503697791840244,0.6784203409880302,-4.878711723519635,1.1572716564038814,3466
a14_d1,14.0,1.0,prova2,adaptive,7,0.6388888888888888,PbLg,ensemble,unmeasured,0.1917811775954553,,-32.8844368024925,,1211
a14_d1,14.0,1.0,prova2,adaptive,7,0.6388888888888888,PbLg,deterministic,footprint,0.40443257272155414,0.42165269894109625,-6.526535006990297,2.5284784270197074,3466
a14_d1,14.0,1.0,prova2,adaptive,7,0.6388888888888888,PbLg,deterministic,unmeasured,0.005738074461384408,,-96.63708376161587,,1211
a14_d1,14.0,1.0,prova2,adaptive,8,0.6944444444444444,Ca,ensemble,footprint,0.8549427890900179,0.7451619745201933,-1.812036099037928,1.01111575288884,3466
a14_d1,14.0,1.0,prova2,adaptive,8,0.6944444444444444,Ca,ensemble,unmeasured,0.2721834263485678,,-28.971481799568945,,1017
a14_d1,14.0,1.0,prova2,adaptive,8,0.6944444444444444,Ca,deterministic,footprint,0.5925904923065306,0.5680996735777115,-4.298123227663697,1.8021769906435634,3466
a14_d1,14.0,1.0,prova2,adaptive,8,0.6944444444444444,Ca,deterministic,unmeasured,0.08599884137395211,,-96.84344672735362,,1017
a14_d1,14.0,1.0,prova2,adaptive,8,0.6944444444444444,Ti,ensemble,footprint,0.8864843721523054,0.7752373888125833,-1.5661791319157015,0.985098349634649,3466
a14_d1,14.0,1.0,prova2,adaptive,8,0.6944444444444444,Ti,ensemble,unmeasured,0.3838955603732409,,-15.272506178110039,,1017
a14_d1,14.0,1.0,prova2,adaptive,8,0.6944444444444444,Ti,deterministic,footprint,0.6542293365863434,0.5653063597360557,-5.3107476885758125,2.074202136784773,3466
a14_d1,14.0,1.0,prova2,adaptive,8,0.6944444444444444,Ti,deterministic,unmeasured,0.062210151847920815,,-96.91005671394718,,1017
a14_d1,14.0,1.0,prova2,adaptive,8,0.6944444444444444,Fe,ensemble,footprint,0.976497888797073,0.9067684709924192,1.438999806079111,0.9961009147396169,3466
a14_d1,14.0,1.0,prova2,adaptive,8,0.6944444444444444,Fe,ensemble,unmeasured,0.6097190099883663,,-21.47913922460944,,1017
a14_d1,14.0,1.0,prova2,adaptive,8,0.6944444444444444,Fe,deterministic,footprint,0.9574065646553287,0.7383518892743343,-6.085331206386035,1.1604307016372182,3466
a14_d1,14.0,1.0,prova2,adaptive,8,0.6944444444444444,Fe,deterministic,unmeasured,0.15583278603725817,,-96.81887184610807,,1017
a14_d1,14.0,1.0,prova2,adaptive,8,0.6944444444444444,Cu,ensemble,footprint,0.7865597981279023,0.7006223293739638,-14.03878716583311,1.0760503877987762,3466
a14_d1,14.0,1.0,prova2,adaptive,8,0.6944444444444444,Cu,ensemble,unmeasured,0.4475681857744969,,-60.79288706636415,,1017
a14_d1,14.0,1.0,prova2,adaptive,8,0.6944444444444444,Cu,deterministic,footprint,0.6215928760927412,0.6222945344135085,-18.467434263152892,1.4369981356935608,3466
a14_d1,14.0,1.0,prova2,adaptive,8,0.6944444444444444,Cu,deterministic,unmeasured,0.24235917600906817,,-96.58267384988366,,1017
a14_d1,14.0,1.0,prova2,adaptive,8,0.6944444444444444,PbLl,ensemble,footprint,0.8755949604935899,0.7529226295817896,-7.402794494294874,1.0107063038260522,3466
a14_d1,14.0,1.0,prova2,adaptive,8,0.6944444444444444,PbLl,ensemble,unmeasured,0.25076663966100193,,-29.09149053210084,,1017
a14_d1,14.0,1.0,prova2,adaptive,8,0.6944444444444444,PbLl,deterministic,footprint,0.6092494316527028,0.5570059471295317,-11.487600942775932,1.63673203820873,3466
a14_d1,14.0,1.0,prova2,adaptive,8,0.6944444444444444,PbLl,deterministic,unmeasured,0.09902824552619602,,-96.66157706962805,,1017
a14_d1,14.0,1.0,prova2,adaptive,8,0.6944444444444444,PbLa,ensemble,footprint,0.8328329354857269,0.7797358057460816,-2.1411630002336812,1.0963401002676956,3466
a14_d1,14.0,1.0,prova2,adaptive,8,0.6944444444444444,PbLa,ensemble,unmeasured,0.2089098857608824,,-28.197913534570553,,1017
a14_d1,14.0,1.0,prova2,adaptive,8,0.6944444444444444,PbLa,deterministic,footprint,0.47197486097156194,0.5274630292408297,-3.2842599005798556,2.2189080403461663,3466
a14_d1,14.0,1.0,prova2,adaptive,8,0.6944444444444444,PbLa,deterministic,unmeasured,0.05230129687326074,,-96.8090030896273,,1017
a14_d1,14.0,1.0,prova2,adaptive,8,0.6944444444444444,PbLb,ensemble,footprint,0.8312045002193994,0.7867453836541298,-1.973043232112226,1.1015312620065318,3466
a14_d1,14.0,1.0,prova2,adaptive,8,0.6944444444444444,PbLb,ensemble,unmeasured,0.17623177227912512,,-27.5116278081264,,1017
a14_d1,14.0,1.0,prova2,adaptive,8,0.6944444444444444,PbLb,deterministic,footprint,0.4935937623404095,0.5327455353574206,-3.2401341468123124,2.2407296340638947,3466
a14_d1,14.0,1.0,prova2,adaptive,8,0.6944444444444444,PbLb,deterministic,unmeasured,0.03754204063276409,,-96.8277164860651,,1017
a14_d1,14.0,1.0,prova2,adaptive,8,0.6944444444444444,PbLg,ensemble,footprint,0.7994249065878096,0.7561578382591642,-3.1695694378477857,1.085369586169079,3466
a14_d1,14.0,1.0,prova2,adaptive,8,0.6944444444444444,PbLg,ensemble,unmeasured,0.1451580740768743,,-28.11362732465585,,1017
a14_d1,14.0,1.0,prova2,adaptive,8,0.6944444444444444,PbLg,deterministic,footprint,0.4390217688758603,0.5180820873753834,-4.70494175765197,2.2678325302837345,3466
a14_d1,14.0,1.0,prova2,adaptive,8,0.6944444444444444,PbLg,deterministic,unmeasured,0.03580337030013973,,-96.82616135422717,,1017
a14_d1,14.0,1.0,prova2,adaptive,9,0.75,Ca,ensemble,footprint,0.8854745576461541,0.790876886480295,-1.133440734881741,0.9818674868897082,3466
a14_d1,14.0,1.0,prova2,adaptive,9,0.75,Ca,ensemble,unmeasured,0.34022100545315065,,-26.31390130000737,,836
a14_d1,14.0,1.0,prova2,adaptive,9,0.75,Ca,deterministic,footprint,0.6175767685209641,0.6145470660253884,-3.2114025950906733,1.6351677942688947,3466
a14_d1,14.0,1.0,prova2,adaptive,9,0.75,Ca,deterministic,unmeasured,0.05867835346530671,,-96.53826327847912,,836
a14_d1,14.0,1.0,prova2,adaptive,9,0.75,Ti,ensemble,footprint,0.9181085122743552,0.8123232641541224,-0.7868396490038787,0.9564864530462777,3466
a14_d1,14.0,1.0,prova2,adaptive,9,0.75,Ti,ensemble,unmeasured,0.43340349977105247,,-10.900419447660632,,836
a14_d1,14.0,1.0,prova2,adaptive,9,0.75,Ti,deterministic,footprint,0.6802452137373161,0.6077629838879939,-3.8878934185812897,1.8708073997375745,3466
a14_d1,14.0,1.0,prova2,adaptive,9,0.75,Ti,deterministic,unmeasured,0.08776503754543684,,-96.44493898324633,,836
a14_d1,14.0,1.0,prova2,adaptive,9,0.75,Fe,ensemble,footprint,0.9785341124051545,0.9125697826198468,1.823704046651864,0.9866687864779397,3466
a14_d1,14.0,1.0,prova2,adaptive,9,0.75,Fe,ensemble,unmeasured,0.6250959539776558,,-19.419675873644117,,836
a14_d1,14.0,1.0,prova2,adaptive,9,0.75,Fe,deterministic,footprint,0.9612136077985655,0.765337806568661,-4.157691133016517,1.1190924519456884,3466
a14_d1,14.0,1.0,prova2,adaptive,9,0.75,Fe,deterministic,unmeasured,0.17900935247569175,,-96.29960013084403,,836
a14_d1,14.0,1.0,prova2,adaptive,9,0.75,Cu,ensemble,footprint,0.8363125344141805,0.7427042515140237,-9.38764853973738,1.0478769105561025,3466
a14_d1,14.0,1.0,prova2,adaptive,9,0.75,Cu,ensemble,unmeasured,0.4761289319581996,,-57.44496864232806,,836
a14_d1,14.0,1.0,prova2,adaptive,9,0.75,Cu,deterministic,footprint,0.6933976498828139,0.6618557124919718,-11.613369059527168,1.325795127477633,3466
a14_d1,14.0,1.0,prova2,adaptive,9,0.75,Cu,deterministic,unmeasured,0.2575988123441194,,-96.31584255885498,,836
a14_d1,14.0,1.0,prova2,adaptive,9,0.75,PbLl,ensemble,footprint,0.9025993957190247,0.790094456191761,-5.80622910034112,0.977354921050595,3466
a14_d1,14.0,1.0,prova2,adaptive,9,0.75,PbLl,ensemble,unmeasured,0.24227501442312158,,-24.340269161584505,,836
a14_d1,14.0,1.0,prova2,adaptive,9,0.75,PbLl,deterministic,footprint,0.648778446458732,0.5980887101741,-8.239573970216874,1.4891778878814055,3466
a14_d1,14.0,1.0,prova2,adaptive,9,0.75,PbLl,deterministic,unmeasured,0.11624242746727421,,-96.28271451979728,,836
a14_d1,14.0,1.0,prova2,adaptive,9,0.75,PbLa,ensemble,footprint,0.8834853428369762,0.8301990391968002,-1.4009006612077712,1.0324975127860239,3466
a14_d1,14.0,1.0,prova2,adaptive,9,0.75,PbLa,ensemble,unmeasured,0.2438045080881575,,-22.935368568446417,,836
a14_d1,14.0,1.0,prova2,adaptive,9,0.75,PbLa,deterministic,footprint,0.5204979179218239,0.5713328611105412,-2.3369468291236983,1.9812249624297367,3466
a14_d1,14.0,1.0,prova2,adaptive,9,0.75,PbLa,deterministic,unmeasured,0.076541017395583,,-96.36871972926411,,836
a14_d1,14.0,1.0,prova2,adaptive,9,0.75,PbLb,ensemble,footprint,0.8819388177874157,0.8361275736228985,-1.2584222845222204,1.0345237350709118,3466
a14_d1,14.0,1.0,prova2,adaptive,9,0.75,PbLb,ensemble,unmeasured,0.21699123218576075,,-22.07398466911905,,836
a14_d1,14.0,1.0,prova2,adaptive,9,0.75,PbLb,deterministic,footprint,0.540107297544096,0.5775953423477908,-2.3173111171853833,1.9997892231503758,3466
a14_d1,14.0,1.0,prova2,adaptive,9,0.75,PbLb,deterministic,unmeasured,0.06160334107287712,,-96.38815581618805,,836
a14_d1,14.0,1.0,prova2,adaptive,9,0.75,PbLg,ensemble,footprint,0.8566247872276241,0.8032759203741262,-2.034839106101205,1.0187805535415015,3466
a14_d1,14.0,1.0,prova2,adaptive,9,0.75,PbLg,ensemble,unmeasured,0.16666205344591645,,-22.572598329989702,,836
a14_d1,14.0,1.0,prova2,adaptive,9,0.75,PbLg,deterministic,footprint,0.4942143164464338,0.5656510880907661,-3.444069068084632,2.021555498524277,3466
a14_d1,14.0,1.0,prova2,adaptive,9,0.75,PbLg,deterministic,unmeasured,0.06128657033008013,,-96.39500285877395,,836
a14_d1,14.0,1.0,prova2,adaptive,10,0.8055555555555556,Ca,ensemble,footprint,0.9231847991156275,0.8291045325957884,-0.40510828096738116,0.9611738009363167,3466
a14_d1,14.0,1.0,prova2,adaptive,10,0.8055555555555556,Ca,ensemble,unmeasured,0.3875924287433956,,-21.297638331257108,,650
a14_d1,14.0,1.0,prova2,adaptive,10,0.8055555555555556,Ca,deterministic,footprint,0.6760410079246512,0.6869264328808339,-2.0726279363721734,1.4806734300803204,3466
a14_d1,14.0,1.0,prova2,adaptive,10,0.8055555555555556,Ca,deterministic,unmeasured,0.11207516274255921,,-96.7636674361019,,650
a14_d1,14.0,1.0,prova2,adaptive,10,0.8055555555555556,Ti,ensemble,footprint,0.9350437130614733,0.8353641160351704,0.10803669888681533,0.9262442974394893,3466
a14_d1,14.0,1.0,prova2,adaptive,10,0.8055555555555556,Ti,ensemble,unmeasured,0.3104384034763605,,-5.359274175272765,,650
a14_d1,14.0,1.0,prova2,adaptive,10,0.8055555555555556,Ti,deterministic,footprint,0.7054768490361711,0.6822992517674099,-2.6482771674931516,1.6727434164676822,3466
a14_d1,14.0,1.0,prova2,adaptive,10,0.8055555555555556,Ti,deterministic,unmeasured,0.0569103942607185,,-96.78853793966387,,650
a14_d1,14.0,1.0,prova2,adaptive,10,0.8055555555555556,Fe,ensemble,footprint,0.9902120194092608,0.9386853110734761,2.2619837510353458,0.9691669494658055,3466
a14_d1,14.0,1.0,prova2,adaptive,10,0.8055555555555556,Fe,ensemble,unmeasured,0.5225106243520419,,1.0928607014047511,,650
a14_d1,14.0,1.0,prova2,adaptive,10,0.8055555555555556,Fe,deterministic,footprint,0.9792330793277024,0.8168329207585787,-2.4825547394653813,1.072204739922861,3466
a14_d1,14.0,1.0,prova2,adaptive,10,0.8055555555555556,Fe,deterministic,unmeasured,-0.0035068465164016156,,-96.83993274953897,,650
a14_d1,14.0,1.0,prova2,adaptive,10,0.8055555555555556,Cu,ensemble,footprint,0.8883871611378178,0.7970538115707984,-6.2859248203847145,1.029130716002624,3466
a14_d1,14.0,1.0,prova2,adaptive,10,0.8055555555555556,Cu,ensemble,unmeasured,0.5179481090829173,,-53.577889721828114,,650
a14_d1,14.0,1.0,prova2,adaptive,10,0.8055555555555556,Cu,deterministic,footprint,0.7737422049753897,0.7213764329682952,-7.147328724970736,1.232065036538254,3466
a14_d1,14.0,1.0,prova2,adaptive,10,0.8055555555555556,Cu,deterministic,unmeasured,0.320743570016896,,-96.18551842080467,,650
a14_d1,14.0,1.0,prova2,adaptive,10,0.8055555555555556,PbLl,ensemble,footprint,0.919171909802376,0.8169082977793246,-4.695722654198365,0.9594166291021176,3466
a14_d1,14.0,1.0,prova2,adaptive,10,0.8055555555555556,PbLl,ensemble,unmeasured,0.18893993888690633,,-22.07973465560912,,650
a14_d1,14.0,1.0,prova2,adaptive,10,0.8055555555555556,PbLl,deterministic,footprint,0.6774621388380058,0.6633484637533972,-5.797299343760942,1.3581558680557049,3466
a14_d1,14.0,1.0,prova2,adaptive,10,0.8055555555555556,PbLl,deterministic,unmeasured,0.08860059510107002,,-96.76867144745509,,650
a14_d1,14.0,1.0,prova2,adaptive,10,0.8055555555555556,PbLa,ensemble,footprint,0.919824668043684,0.8877054048154984,-0.8770078202983811,0.9928510730403652,3466
a14_d1,14.0,1.0,prova2,adaptive,10,0.8055555555555556,PbLa,ensemble,unmeasured,0.24840934174494922,,-19.221044333579695,,650
a14_d1,14.0,1.0,prova2,adaptive,10,0.8055555555555556,PbLa,deterministic,footprint,0.55433547934857,0.6690859617032737,-1.5003950422638246,1.7640293733728882,3466
a14_d1,14.0,1.0,prova2,adaptive,10,0.8055555555555556,PbLa,deterministic,unmeasured,0.06731881189140067,,-96.73449291287267,,650
a14_d1,14.0,1.0,prova2,adaptive,10,0.8055555555555556,PbLb,ensemble,footprint,0.9166229941874919,0.8896947868900542,-0.7835023524970675,0.9914089502082398,3466
a14_d1,14.0,1.0,prova2,adaptive,10,0.8055555555555556,PbLb,ensemble,unmeasured,0.21801306450145622,,-18.263405874037268,,650
a14_d1,14.0,1.0,prova2,adaptive,10,0.8055555555555556,PbLb,deterministic,footprint,0.5691234805688663,0.6735910220136623,-1.5644908108815914,1.7785669850246815,3466
a14_d1,14.0,1.0,prova2,adaptive,10,0.8055555555555556,PbLb,deterministic,unmeasured,0.0522170295931681,,-96.76215437603237,,650
a14_d1,14.0,1.0,prova2,adaptive,10,0.8055555555555556,PbLg,ensemble,footprint,0.8947327073350168,0.8500544576106811,-1.2127669375605499,0.9770096345952494,3466
a14_d1,14.0,1.0,prova2,adaptive,10,0.8055555555555556,PbLg,ensemble,unmeasured,0.15605238193957247,,-18.76142700686093,,650
a14_d1,14.0,1.0,prova2,adaptive,10,0.8055555555555556,PbLg,deterministic,footprint,0.5262681364609543,0.6550588809369211,-2.3465191412939013,1.7959949689808425,3466
a14_d1,14.0,1.0,prova2,adaptive,10,0.8055555555555556,PbLg,deterministic,unmeasured,0.03301095539121885,,-96.78786746223385,,650
a14_d1,14.0,1.0,prova2,adaptive,11,0.8611111111111112,Ca,ensemble,footprint,0.9546826686215086,0.8735152624857319,-0.006363129718289784,0.9525848702022992,3466
a14_d1,14.0,1.0,prova2,adaptive,11,0.8611111111111112,Ca,ensemble,unmeasured,0.5475492890802233,,-16.83005652686357,,455
a14_d1,14.0,1.0,prova2,adaptive,11,0.8611111111111112,Ca,deterministic,footprint,0.7436671102095309,0.7416812498885118,-1.3642474078032762,1.3144376447635782,3466
a14_d1,14.0,1.0,prova2,adaptive,11,0.8611111111111112,Ca,deterministic,unmeasured,0.14949689149435463,,-95.73520437853077,,455
a14_d1,14.0,1.0,prova2,adaptive,11,0.8611111111111112,Ti,ensemble,footprint,0.9492186452326259,0.8665478653487163,0.4550476324274966,0.9095156309448489,3466
a14_d1,14.0,1.0,prova2,adaptive,11,0.8611111111111112,Ti,ensemble,unmeasured,0.48668179896523783,,0.6331939687967093,,455
a14_d1,14.0,1.0,prova2,adaptive,11,0.8611111111111112,Ti,deterministic,footprint,0.7421535490512993,0.7293139314904193,-1.6528480382292488,1.447303717292318,3466
a14_d1,14.0,1.0,prova2,adaptive,11,0.8611111111111112,Ti,deterministic,unmeasured,0.12532608314928148,,-95.71479205463302,,455
a14_d1,14.0,1.0,prova2,adaptive,11,0.8611111111111112,Fe,ensemble,footprint,0.9923928208739448,0.9441838351193932,2.1520242270276713,0.9625132786137383,3466
a14_d1,14.0,1.0,prova2,adaptive,11,0.8611111111111112,Fe,ensemble,unmeasured,0.3456307925135813,,16.45758286073218,,455
a14_d1,14.0,1.0,prova2,adaptive,11,0.8611111111111112,Fe,deterministic,footprint,0.9848881329710544,0.8595623515695046,-1.109866448552499,1.0320105424755712,3466
a14_d1,14.0,1.0,prova2,adaptive,11,0.8611111111111112,Fe,deterministic,unmeasured,-0.046096126601793616,,-96.21044579135152,,455
a14_d1,14.0,1.0,prova2,adaptive,11,0.8611111111111112,Cu,ensemble,footprint,0.9256249307510044,0.8612778551790347,-3.9073742665015176,1.009227385816052,3466
a14_d1,14.0,1.0,prova2,adaptive,11,0.8611111111111112,Cu,ensemble,unmeasured,0.31108930851598937,,-49.26976979322511,,455
a14_d1,14.0,1.0,prova2,adaptive,11,0.8611111111111112,Cu,deterministic,footprint,0.8418346798990712,0.7825651470846336,-4.817169517488362,1.1420600136495087,3466
a14_d1,14.0,1.0,prova2,adaptive,11,0.8611111111111112,Cu,deterministic,unmeasured,0.24688932424898521,,-95.40031815810332,,455
a14_d1,14.0,1.0,prova2,adaptive,11,0.8611111111111112,PbLl,ensemble,footprint,0.938769392352992,0.8417804119107939,-3.6557238197688413,0.9478304360401264,3466
a14_d1,14.0,1.0,prova2,adaptive,11,0.8611111111111112,PbLl,ensemble,unmeasured,0.1853165052256483,,-16.561153175452592,,455
a14_d1,14.0,1.0,prova2,adaptive,11,0.8611111111111112,PbLl,deterministic,footprint,0.7421237371414604,0.7036164917377259,-4.295990109952075,1.2189093103937565,3466
a14_d1,14.0,1.0,prova2,adaptive,11,0.8611111111111112,PbLl,deterministic,unmeasured,0.0705024779870446,,-96.1083843897971,,455
a14_d1,14.0,1.0,prova2,adaptive,11,0.8611111111111112,PbLa,ensemble,footprint,0.952482539290906,0.9192715633224772,-0.45521201726637095,0.9707804396754041,3466
a14_d1,14.0,1.0,prova2,adaptive,11,0.8611111111111112,PbLa,ensemble,unmeasured,0.18549984037029615,,-12.908623710586347,,455
a14_d1,14.0,1.0,prova2,adaptive,11,0.8611111111111112,PbLa,deterministic,footprint,0.6371628021158272,0.7243545713142828,-0.8907965896820969,1.5274233861474762,3466
a14_d1,14.0,1.0,prova2,adaptive,11,0.8611111111111112,PbLa,deterministic,unmeasured,-0.005839049863748759,,-96.15733753263036,,455
a14_d1,14.0,1.0,prova2,adaptive,11,0.8611111111111112,PbLb,ensemble,footprint,0.9500241839716579,0.916712934510447,-0.3066906438391914,0.9679814200604159,3466
a14_d1,14.0,1.0,prova2,adaptive,11,0.8611111111111112,PbLb,ensemble,unmeasured,0.15679605322159684,,-11.905118335201387,,455
a14_d1,14.0,1.0,prova2,adaptive,11,0.8611111111111112,PbLb,deterministic,footprint,0.6473029592700561,0.7283176748812391,-0.9798235777566333,1.5387974348431788,3466
a14_d1,14.0,1.0,prova2,adaptive,11,0.8611111111111112,PbLb,deterministic,unmeasured,-0.031024171226677,,-96.21730778678217,,455
a14_d1,14.0,1.0,prova2,adaptive,11,0.8611111111111112,PbLg,ensemble,footprint,0.9288265844970288,0.8690984282149948,-0.4158262884164987,0.9532690013183974,3466
a14_d1,14.0,1.0,prova2,adaptive,11,0.8611111111111112,PbLg,ensemble,unmeasured,0.08354489371236302,,-12.87176593485612,,455
a14_d1,14.0,1.0,prova2,adaptive,11,0.8611111111111112,PbLg,deterministic,footprint,0.6039979582508164,0.7068096924047752,-1.4970729881977451,1.5487823940558014,3466
a14_d1,14.0,1.0,prova2,adaptive,11,0.8611111111111112,PbLg,deterministic,unmeasured,-0.025327576717626823,,-96.27284612691403,,455
a14_d1,14.0,1.0,prova2,adaptive,12,0.9166666666666666,Ca,ensemble,footprint,0.9678938413573063,0.9039319582073837,0.3505345365017565,0.948813039226777,3466
a14_d1,14.0,1.0,prova2,adaptive,12,0.9166666666666666,Ca,ensemble,unmeasured,0.2790548388523341,,-14.818169788809334,,270
a14_d1,14.0,1.0,prova2,adaptive,12,0.9166666666666666,Ca,deterministic,footprint,0.8151234428211996,0.8185327691035319,-0.5554374241743876,1.1572120348234247,3466
a14_d1,14.0,1.0,prova2,adaptive,12,0.9166666666666666,Ca,deterministic,unmeasured,0.14945893148430306,,-95.47077092943793,,270
a14_d1,14.0,1.0,prova2,adaptive,12,0.9166666666666666,Ti,ensemble,footprint,0.9571798678453385,0.8845093073499601,0.6713418600755361,0.915852850371282,3466
a14_d1,14.0,1.0,prova2,adaptive,12,0.9166666666666666,Ti,ensemble,unmeasured,0.17269790698000473,,2.8083378096993092,,270
a14_d1,14.0,1.0,prova2,adaptive,12,0.9166666666666666,Ti,deterministic,footprint,0.7935162050856661,0.7946955794086956,-0.7031099519704931,1.2388919806957055,3466
a14_d1,14.0,1.0,prova2,adaptive,12,0.9166666666666666,Ti,deterministic,unmeasured,0.10422985231272305,,-95.45487088703001,,270
a14_d1,14.0,1.0,prova2,adaptive,12,0.9166666666666666,Fe,ensemble,footprint,0.993533693150143,0.9523175099723052,1.8103704678495536,0.9629534577510322,3466
a14_d1,14.0,1.0,prova2,adaptive,12,0.9166666666666666,Fe,ensemble,unmeasured,0.11694088028341627,,33.64665304144564,,270
a14_d1,14.0,1.0,prova2,adaptive,12,0.9166666666666666,Fe,deterministic,footprint,0.9886437831018645,0.9054475699548216,-0.11969485573907201,0.9993672913087777,3466
a14_d1,14.0,1.0,prova2,adaptive,12,0.9166666666666666,Fe,deterministic,unmeasured,0.0900882190786136,,-94.91449525910326,,270
a14_d1,14.0,1.0,prova2,adaptive,12,0.9166666666666666,Cu,ensemble,footprint,0.9737976622979008,0.9227752585714842,-2.3937169399388947,0.9946475075381239,3466
a14_d1,14.0,1.0,prova2,adaptive,12,0.9166666666666666,Cu,ensemble,unmeasured,0.40267856308042677,,-40.60244299721154,,270
a14_d1,14.0,1.0,prova2,adaptive,12,0.9166666666666666,Cu,deterministic,footprint,0.9270698144446344,0.866414083095479,-2.6187526414367057,1.061310545670327,3466
a14_d1,14.0,1.0,prova2,adaptive,12,0.9166666666666666,Cu,deterministic,unmeasured,0.19102992491265924,,-95.02435631835809,,270
a14_d1,14.0,1.0,prova2,adaptive,12,0.9166666666666666,PbLl,ensemble,footprint,0.9530187280081226,0.8581568763871544,-3.0401366564758447,0.9463899213524218,3466
a14_d1,14.0,1.0,prova2,adaptive,12,0.9166666666666666,PbLl,ensemble,unmeasured,0.31588144894597425,,-16.353703711607363,,270
a14_d1,14.0,1.0,prova2,adaptive,12,0.9166666666666666,PbLl,deterministic,footprint,0.8068793252192502,0.7800600018597218,-2.490548308437368,1.0924560619556174,3466
a14_d1,14.0,1.0,prova2,adaptive,12,0.9166666666666666,PbLl,deterministic,unmeasured,0.030275599202164303,,-95.61553897935303,,270
a14_d1,14.0,1.0,prova2,adaptive,12,0.9166666666666666,PbLa,ensemble,footprint,0.9813297959942555,0.9547579151863116,-0.30646744595032027,0.9646490388453077,3466
a14_d1,14.0,1.0,prova2,adaptive,12,0.9166666666666666,PbLa,ensemble,unmeasured,0.5794250273632741,,-7.747888341796726,,270
a14_d1,14.0,1.0,prova2,adaptive,12,0.9166666666666666,PbLa,deterministic,footprint,0.7439994446474238,0.8367645043840763,-0.3761272958778372,1.2961890188517422,3466
a14_d1,14.0,1.0,prova2,adaptive,12,0.9166666666666666,PbLa,deterministic,unmeasured,0.053930255657710424,,-95.48248601360766,,270
a14_d1,14.0,1.0,prova2,adaptive,12,0.9166666666666666,PbLb,ensemble,footprint,0.9798594984698735,0.9518727020915856,-0.14332085221380186,0.9619067441277597,3466
a14_d1,14.0,1.0,prova2,adaptive,12,0.9166666666666666,PbLb,ensemble,unmeasured,0.5609551502017355,,-6.688259936270962,,270
a14_d1,14.0,1.0,prova2,adaptive,12,0.9166666666666666,PbLb,deterministic,footprint,0.7486238619085683,0.8370051378334372,-0.5082207577620901,1.3026771438980647,3466
a14_d1,14.0,1.0,prova2,adaptive,12,0.9166666666666666,PbLb,deterministic,unmeasured,0.03877237588235855,,-95.50430514655267,,270
a14_d1,14.0,1.0,prova2,adaptive,12,0.9166666666666666,PbLg,ensemble,footprint,0.9608199215163761,0.8991086770144386,-0.08880048569962495,0.9491965425459562,3466
a14_d1,14.0,1.0,prova2,adaptive,12,0.9166666666666666,PbLg,ensemble,unmeasured,0.4727613171305979,,-8.833209751459258,,270
a14_d1,14.0,1.0,prova2,adaptive,12,0.9166666666666666,PbLg,deterministic,footprint,0.7049490457947907,0.8009283977521683,-0.6639741447467928,1.3067690927355269,3466
a14_d1,14.0,1.0,prova2,adaptive,12,0.9166666666666666,PbLg,deterministic,unmeasured,0.035718206240999216,,-95.60832750957918,,270
a14_d1,14.0,1.0,prova2,adaptive,13,0.9722222222222222,Ca,ensemble,footprint,0.9866992268054549,0.9659732674471146,0.6507019692956639,0.9543940933065053,3466
a14_d1,14.0,1.0,prova2,adaptive,13,0.9722222222222222,Ca,ensemble,unmeasured,0.3925232198235427,,-11.301520340432036,,85
a14_d1,14.0,1.0,prova2,adaptive,13,0.9722222222222222,Ca,deterministic,footprint,0.9270634426590907,0.922443854269117,0.03282666673687373,1.0008191756709384,3466
a14_d1,14.0,1.0,prova2,adaptive,13,0.9722222222222222,Ca,deterministic,unmeasured,0.3674460623478952,,-94.77938622585536,,85
a14_d1,14.0,1.0,prova2,adaptive,13,0.9722222222222222,Ti,ensemble,footprint,0.9684028158081707,0.9232323497877754,0.7500884312574119,0.9253008595294504,3466
a14_d1,14.0,1.0,prova2,adaptive,13,0.9722222222222222,Ti,ensemble,unmeasured,0.21857980377815567,,9.323664669461659,,85
a14_d1,14.0,1.0,prova2,adaptive,13,0.9722222222222222,Ti,deterministic,footprint,0.9020192017719689,0.886159086044492,0.03231252330964107,1.0117506155130316,3466
a14_d1,14.0,1.0,prova2,adaptive,13,0.9722222222222222,Ti,deterministic,unmeasured,0.3475262044018225,,-94.81602739118567,,85
a14_d1,14.0,1.0,prova2,adaptive,13,0.9722222222222222,Fe,ensemble,footprint,0.9939422374390093,0.9613074896817051,1.271443257682514,0.9707460046527139,3466
a14_d1,14.0,1.0,prova2,adaptive,13,0.9722222222222222,Fe,ensemble,unmeasured,0.04393845308185088,,42.85077253115074,,85
a14_d1,14.0,1.0,prova2,adaptive,13,0.9722222222222222,Fe,deterministic,footprint,0.9907361590905787,0.9462576053240491,0.7493453050231746,0.9724060231237458,3466
a14_d1,14.0,1.0,prova2,adaptive,13,0.9722222222222222,Fe,deterministic,unmeasured,0.11766221408255292,,-95.2112200676486,,85
a14_d1,14.0,1.0,prova2,adaptive,13,0.9722222222222222,Cu,ensemble,footprint,0.9842951643399835,0.9529222505344752,-0.8984301865827216,0.9730872949338077,3466
a14_d1,14.0,1.0,prova2,adaptive,13,0.9722222222222222,Cu,ensemble,unmeasured,0.13636664375553956,,-41.14224322984229,,85
a14_d1,14.0,1.0,prova2,adaptive,13,0.9722222222222222,Cu,deterministic,footprint,0.9638184509241288,0.921209416919962,-0.718046243357684,0.9779837102475606,3466
a14_d1,14.0,1.0,prova2,adaptive,13,0.9722222222222222,Cu,deterministic,unmeasured,-0.021709621086759584,,-95.69362115456266,,85
a14_d1,14.0,1.0,prova2,adaptive,13,0.9722222222222222,PbLl,ensemble,footprint,0.9603719333793682,0.8728548232401637,-2.0483507654316613,0.942586876821078,3466
a14_d1,14.0,1.0,prova2,adaptive,13,0.9722222222222222,PbLl,ensemble,unmeasured,0.08045749270782103,,-17.73358677095424,,85
a14_d1,14.0,1.0,prova2,adaptive,13,0.9722222222222222,PbLl,deterministic,footprint,0.9062325310029163,0.8411662688425698,-0.7489975756732159,0.9643444130790196,3466
a14_d1,14.0,1.0,prova2,adaptive,13,0.9722222222222222,PbLl,deterministic,unmeasured,0.02016382260525653,,-95.32816673926041,,85
a14_d1,14.0,1.0,prova2,adaptive,13,0.9722222222222222,PbLa,ensemble,footprint,0.9905002938125498,0.9703375837760768,-0.17128892585955846,0.9664662056910677,3466
a14_d1,14.0,1.0,prova2,adaptive,13,0.9722222222222222,PbLa,ensemble,unmeasured,0.08959838138819179,,-7.9219489623587815,,85
a14_d1,14.0,1.0,prova2,adaptive,13,0.9722222222222222,PbLa,deterministic,footprint,0.8940972651782576,0.9192057904130345,0.012396391923785721,1.057848730240327,3466
a14_d1,14.0,1.0,prova2,adaptive,13,0.9722222222222222,PbLa,deterministic,unmeasured,-0.24092317650964704,,-95.65639414584331,,85
a14_d1,14.0,1.0,prova2,adaptive,13,0.9722222222222222,PbLb,ensemble,footprint,0.9898708435142632,0.9674819035742663,-0.0917367699525995,0.9650816870019663,3466
a14_d1,14.0,1.0,prova2,adaptive,13,0.9722222222222222,PbLb,ensemble,unmeasured,0.1122193120860569,,-7.317643156239607,,85
a14_d1,14.0,1.0,prova2,adaptive,13,0.9722222222222222,PbLb,deterministic,footprint,0.8942851361059567,0.915647976043154,-0.03860403895166176,1.059334112335842,3466
a14_d1,14.0,1.0,prova2,adaptive,13,0.9722222222222222,PbLb,deterministic,unmeasured,-0.25465341054732826,,-95.64834521171625,,85
a14_d1,14.0,1.0,prova2,adaptive,13,0.9722222222222222,PbLg,ensemble,footprint,0.9729033845985607,0.9181900845944381,0.022762873603587863,0.9536059750917271,3466
a14_d1,14.0,1.0,prova2,adaptive,13,0.9722222222222222,PbLg,ensemble,unmeasured,0.0053225738607622875,,-11.392836368422342,,85
a14_d1,14.0,1.0,prova2,adaptive,13,0.9722222222222222,PbLg,deterministic,footprint,0.862939376187285,0.8716092831448811,-0.057713510436963045,1.055210595602222,3466
a14_d1,14.0,1.0,prova2,adaptive,13,0.9722222222222222,PbLg,deterministic,unmeasured,-0.21194847187291915,,-95.74416095353752,,85
a14_d1,14.0,1.0,prova2,adaptive,14,1.0,Ca,ensemble,footprint,0.9890340772371967,0.9719990928087254,0.8401279208646528,0.9507761061151802,3466
a14_d1,14.0,1.0,prova2,adaptive,14,1.0,Ca,deterministic,footprint,0.9812932185968342,0.953387915334076,0.2983599322639474,0.921587857390357,3466
a14_d1,14.0,1.0,prova2,adaptive,14,1.0,Ti,ensemble,footprint,0.9705016470310532,0.9273273566881045,0.7451612536808483,0.9286316482087495,3466
a14_d1,14.0,1.0,prova2,adaptive,14,1.0,Ti,deterministic,footprint,0.9624934800111702,0.9109544500525403,0.40031693863915585,0.8980912161243495,3466
a14_d1,14.0,1.0,prova2,adaptive,14,1.0,Fe,ensemble,footprint,0.9940425967050117,0.9642382283923314,1.0192621862462836,0.9750707375350988,3466
a14_d1,14.0,1.0,prova2,adaptive,14,1.0,Fe,deterministic,footprint,0.9914456908329067,0.9575545594032353,1.3343599453095267,0.9618001972000549,3466
a14_d1,14.0,1.0,prova2,adaptive,14,1.0,Cu,ensemble,footprint,0.9892440673169993,0.9626223736640168,-0.48518170558411455,0.9613905454930893,3466
a14_d1,14.0,1.0,prova2,adaptive,14,1.0,Cu,deterministic,footprint,0.9829564013127606,0.9463451033941777,-0.10796741947013411,0.9391632957714523,3466
a14_d1,14.0,1.0,prova2,adaptive,14,1.0,PbLl,ensemble,footprint,0.9634829704781916,0.8790513978696004,-1.5824846022457262,0.9392521612750806,3466
a14_d1,14.0,1.0,prova2,adaptive,14,1.0,PbLl,deterministic,footprint,0.9570705309969001,0.8616916902576667,0.039022945828959266,0.905036088367593,3466
a14_d1,14.0,1.0,prova2,adaptive,14,1.0,PbLa,ensemble,footprint,0.9933805870808828,0.9797554968243822,-0.08549573328551219,0.9622200039275115,3466
a14_d1,14.0,1.0,prova2,adaptive,14,1.0,PbLa,deterministic,footprint,0.98641836189411,0.9611859135700244,0.1870920560400835,0.931069352499718,3466
a14_d1,14.0,1.0,prova2,adaptive,14,1.0,PbLb,ensemble,footprint,0.9926937020012863,0.976787927734555,-0.03346914314789062,0.9607374026646107,3466
a14_d1,14.0,1.0,prova2,adaptive,14,1.0,PbLb,deterministic,footprint,0.9858654324418813,0.9583906357595943,0.1173387373408108,0.9290179774922419,3466
a14_d1,14.0,1.0,prova2,adaptive,14,1.0,PbLg,ensemble,footprint,0.9776450621855893,0.9275021606639786,0.13839885238491334,0.9485694483223878,3466
a14_d1,14.0,1.0,prova2,adaptive,14,1.0,PbLg,deterministic,footprint,0.9713168886788112,0.9102961280022345,0.20647446699346705,0.9186955012649729,3466
a14_d1,14.0,1.0,prova2,random,0,0.25,Ca,ensemble,footprint,0.3872268071695455,0.28451173173815614,-37.14531046735083,1.383488763208325,3466
a14_d1,14.0,1.0,prova2,random,0,0.25,Ca,ensemble,unmeasured,-0.12459677951135255,,-52.70032109900198,,2591
a14_d1,14.0,1.0,prova2,random,0,0.25,Ca,deterministic,footprint,0.38818637726141597,0.1435621848081991,-100.0,3.9270278300069594,3466
a14_d1,14.0,1.0,prova2,random,0,0.25,Ca,deterministic,unmeasured,0.1316073719456804,,-97.93549595028728,,2591
a14_d1,14.0,1.0,prova2,random,0,0.25,Ti,ensemble,footprint,0.255285638642831,0.28516402513432326,-36.878378896684595,1.4366065649338604,3466
a14_d1,14.0,1.0,prova2,random,0,0.25,Ti,ensemble,unmeasured,-0.03331182142877499,,-50.47823287016094,,2591
a14_d1,14.0,1.0,prova2,random,0,0.25,Ti,deterministic,footprint,0.21063574760867487,0.08073162075589121,-100.0,4.880633489089613,3466
a14_d1,14.0,1.0,prova2,random,0,0.25,Ti,deterministic,unmeasured,0.051456441856526224,,-98.05842932926923,,2591
a14_d1,14.0,1.0,prova2,random,0,0.25,Fe,ensemble,footprint,0.3760005075151246,0.49266979962460883,-31.35255934430141,1.1183756866592185,3466
a14_d1,14.0,1.0,prova2,random,0,0.25,Fe,ensemble,unmeasured,0.0750872998778777,,-71.97701391019795,,2591
a14_d1,14.0,1.0,prova2,random,0,0.25,Fe,deterministic,footprint,0.33149495068199564,0.21704065900176722,-100.0,2.2628470370475924,3466
a14_d1,14.0,1.0,prova2,random,0,0.25,Fe,deterministic,unmeasured,0.09750313014121198,,-98.36476836222988,,2591
a14_d1,14.0,1.0,prova2,random,0,0.25,Cu,ensemble,footprint,0.4099757622677258,0.19348051716444625,-70.72739151400185,1.1939241121453317,3466
a14_d1,14.0,1.0,prova2,random,0,0.25,Cu,ensemble,unmeasured,0.2769561583855488,,-73.00183497877688,,2591
a14_d1,14.0,1.0,prova2,random,0,0.25,Cu,deterministic,footprint,0.31846650299340934,0.2883228276262525,-100.0,2.3071971278549417,3466
a14_d1,14.0,1.0,prova2,random,0,0.25,Cu,deterministic,unmeasured,0.17458153553512476,,-98.12729989220819,,2591
a14_d1,14.0,1.0,prova2,random,0,0.25,PbLl,ensemble,footprint,0.4757935734929814,0.28339491373875497,-47.18875388086066,1.2242728240557232,3466
a14_d1,14.0,1.0,prova2,random,0,0.25,PbLl,ensemble,unmeasured,0.4153017429123838,,-57.772063311173625,,2591
a14_d1,14.0,1.0,prova2,random,0,0.25,PbLl,deterministic,footprint,0.22390192730585332,0.10624851745585795,-100.0,3.284154604410469,3466
a14_d1,14.0,1.0,prova2,random,0,0.25,PbLl,deterministic,unmeasured,0.1736012886815292,,-97.72277248760602,,2591
a14_d1,14.0,1.0,prova2,random,0,0.25,PbLa,ensemble,footprint,0.3448804165612919,0.2023958571097344,-47.89029473100464,1.6710193271461096,3466
a14_d1,14.0,1.0,prova2,random,0,0.25,PbLa,ensemble,unmeasured,0.396799718441975,,-57.678220613393854,,2591
a14_d1,14.0,1.0,prova2,random,0,0.25,PbLa,deterministic,footprint,0.05391013761824259,0.020665850222426205,-100.0,5.116973812481828,3466
a14_d1,14.0,1.0,prova2,random,0,0.25,PbLa,deterministic,unmeasured,0.1182695824857876,,-97.93391810969437,,2591
a14_d1,14.0,1.0,prova2,random,0,0.25,PbLb,ensemble,footprint,0.32104871183353767,0.19608232493512295,-48.12353988140936,1.6956557681924433,3466
a14_d1,14.0,1.0,prova2,random,0,0.25,PbLb,ensemble,unmeasured,0.371591233688581,,-57.94888720541718,,2591
a14_d1,14.0,1.0,prova2,random,0,0.25,PbLb,deterministic,footprint,0.04014470257646012,0.01643884491937043,-100.0,5.197308027617665,3466
a14_d1,14.0,1.0,prova2,random,0,0.25,PbLb,deterministic,unmeasured,0.11245759933559878,,-97.95061184423545,,2591
a14_d1,14.0,1.0,prova2,random,0,0.25,PbLg,ensemble,footprint,0.3200825321979252,0.2082955085361839,-47.99392799065723,1.7116608306894165,3466
a14_d1,14.0,1.0,prova2,random,0,0.25,PbLg,ensemble,unmeasured,0.3664226077287197,,-57.41079946570397,,2591
a14_d1,14.0,1.0,prova2,random,0,0.25,PbLg,deterministic,footprint,0.04073121167466053,0.02139191354791165,-100.0,5.294360464096322,3466
a14_d1,14.0,1.0,prova2,random,0,0.25,PbLg,deterministic,unmeasured,0.09991101345267375,,-97.94193401822707,,2591
a14_d1,14.0,1.0,prova2,random,1,0.3055555555555556,Ca,ensemble,footprint,0.4223005925306574,0.34289359285714177,-31.02975631782574,1.3432748264824568,3466
a14_d1,14.0,1.0,prova2,random,1,0.3055555555555556,Ca,ensemble,unmeasured,-0.13249177472954057,,-50.826638429222506,,2395
a14_d1,14.0,1.0,prova2,random,1,0.3055555555555556,Ca,deterministic,footprint,0.4016247065180457,0.17565314423887737,-100.0,3.484514559366738,3466
a14_d1,14.0,1.0,prova2,random,1,0.3055555555555556,Ca,deterministic,unmeasured,0.1496373026176486,,-97.62419021644133,,2395
a14_d1,14.0,1.0,prova2,random,1,0.3055555555555556,Ti,ensemble,footprint,0.2825988248082063,0.34376326294194237,-30.314893751694626,1.400717769002392,3466
a14_d1,14.0,1.0,prova2,random,1,0.3055555555555556,Ti,ensemble,unmeasured,-0.042538913952335056,,-48.2787737059676,,2395
a14_d1,14.0,1.0,prova2,random,1,0.3055555555555556,Ti,deterministic,footprint,0.22638635701302395,0.10408271945050566,-100.0,4.271982278794386,3466
a14_d1,14.0,1.0,prova2,random,1,0.3055555555555556,Ti,deterministic,unmeasured,0.0663668150161426,,-97.68526684716383,,2395
a14_d1,14.0,1.0,prova2,random,1,0.3055555555555556,Fe,ensemble,footprint,0.3841819204609732,0.5298045070915789,-24.186067372219846,1.0856978133712976,3466
a14_d1,14.0,1.0,prova2,random,1,0.3055555555555556,Fe,ensemble,unmeasured,0.05879404692821894,,-71.84532726245283,,2395
a14_d1,14.0,1.0,prova2,random,1,0.3055555555555556,Fe,deterministic,footprint,0.3339881926623532,0.2652262833653181,-100.0,2.0052663943137867,3466
a14_d1,14.0,1.0,prova2,random,1,0.3055555555555556,Fe,deterministic,unmeasured,0.08924891291455085,,-98.2116073563291,,2395
a14_d1,14.0,1.0,prova2,random,1,0.3055555555555556,Cu,ensemble,footprint,0.44304422702651836,0.22697944669716466,-66.40366942120866,1.164981294758827,3466
a14_d1,14.0,1.0,prova2,random,1,0.3055555555555556,Cu,ensemble,unmeasured,0.26926485651732085,,-71.5087649135414,,2395
a14_d1,14.0,1.0,prova2,random,1,0.3055555555555556,Cu,deterministic,footprint,0.3475736762282236,0.32081063772974394,-100.0,2.106245640990134,3466
a14_d1,14.0,1.0,prova2,random,1,0.3055555555555556,Cu,deterministic,unmeasured,0.19259890512884706,,-97.90781802219743,,2395
a14_d1,14.0,1.0,prova2,random,1,0.3055555555555556,PbLl,ensemble,footprint,0.5638374733922112,0.3495712608499381,-39.11513229817278,1.2312425358321306,3466
a14_d1,14.0,1.0,prova2,random,1,0.3055555555555556,PbLl,ensemble,unmeasured,0.45026024541619647,,-53.57859738261349,,2395
a14_d1,14.0,1.0,prova2,random,1,0.3055555555555556,PbLl,deterministic,footprint,0.3232773032687653,0.1552989285468156,-100.0,2.8812728711390303,3466
a14_d1,14.0,1.0,prova2,random,1,0.3055555555555556,PbLl,deterministic,unmeasured,0.20713029997834428,,-97.14201949934215,,2395
a14_d1,14.0,1.0,prova2,random,1,0.3055555555555556,PbLa,ensemble,footprint,0.448820353392132,0.27150922699953534,-41.10848708856252,1.6824895638434436,3466
a14_d1,14.0,1.0,prova2,random,1,0.3055555555555556,PbLa,ensemble,unmeasured,0.4418919209466896,,-54.45336189288171,,2395
a14_d1,14.0,1.0,prova2,random,1,0.3055555555555556,PbLa,deterministic,footprint,0.15724775330977958,0.050970239352866833,-100.0,4.5027593254809775,3466
a14_d1,14.0,1.0,prova2,random,1,0.3055555555555556,PbLa,deterministic,unmeasured,0.16593218404074542,,-97.44424529628553,,2395
a14_d1,14.0,1.0,prova2,random,1,0.3055555555555556,PbLb,ensemble,footprint,0.4326016698506367,0.26873744403998057,-41.35301824677728,1.714401569910324,3466
a14_d1,14.0,1.0,prova2,random,1,0.3055555555555556,PbLb,ensemble,unmeasured,0.4219275216083629,,-54.80379705042113,,2395
a14_d1,14.0,1.0,prova2,random,1,0.3055555555555556,PbLb,deterministic,footprint,0.14845962113972933,0.04609661619200908,-100.0,4.581655129470524,3466
a14_d1,14.0,1.0,prova2,random,1,0.3055555555555556,PbLb,deterministic,unmeasured,0.16620495302607236,,-97.45397766687408,,2395
a14_d1,14.0,1.0,prova2,random,1,0.3055555555555556,PbLg,ensemble,footprint,0.41894236398818463,0.27659534828665133,-40.57315049354278,1.7114417751100641,3466
a14_d1,14.0,1.0,prova2,random,1,0.3055555555555556,PbLg,ensemble,unmeasured,0.41179511979541755,,-54.2610500430726,,2395
a14_d1,14.0,1.0,prova2,random,1,0.3055555555555556,PbLg,deterministic,footprint,0.13428984305474012,0.04950893466008371,-100.0,4.646198993982021,3466
a14_d1,14.0,1.0,prova2,random,1,0.3055555555555556,PbLg,deterministic,unmeasured,0.1447491398060578,,-97.46725660034515,,2395
a14_d1,14.0,1.0,prova2,random,2,0.3611111111111111,Ca,ensemble,footprint,0.44606564736361787,0.37302697651753,-22.3298404816215,1.2618255274898842,3466
a14_d1,14.0,1.0,prova2,random,2,0.3611111111111111,Ca,ensemble,unmeasured,-0.13542508963966618,,-48.20052781679369,,2200
a14_d1,14.0,1.0,prova2,random,2,0.3611111111111111,Ca,deterministic,footprint,0.4019587719799864,0.1991414898355881,-100.0,3.0860167524103446,3466
a14_d1,14.0,1.0,prova2,random,2,0.3611111111111111,Ca,deterministic,unmeasured,0.16123460958116848,,-96.90018017849357,,2200
a14_d1,14.0,1.0,prova2,random,2,0.3611111111111111,Ti,ensemble,footprint,0.3409475394432198,0.3961299984629472,-23.090814479184562,1.3348000651138359,3466
a14_d1,14.0,1.0,prova2,random,2,0.3611111111111111,Ti,ensemble,unmeasured,-0.041546658534251074,,-44.98713682262237,,2200
a14_d1,14.0,1.0,prova2,random,2,0.3611111111111111,Ti,deterministic,footprint,0.26949495975581206,0.1341924190160829,-100.0,3.772365877120496,3466
a14_d1,14.0,1.0,prova2,random,2,0.3611111111111111,Ti,deterministic,unmeasured,0.10178239939805307,,-96.89282309363902,,2200
a14_d1,14.0,1.0,prova2,random,2,0.3611111111111111,Fe,ensemble,footprint,0.43033596002733765,0.5783101873419747,-18.55062782510457,1.0562737717205677,3466
a14_d1,14.0,1.0,prova2,random,2,0.3611111111111111,Fe,ensemble,unmeasured,0.0713316957491394,,-70.40736359555319,,2200
a14_d1,14.0,1.0,prova2,random,2,0.3611111111111111,Fe,deterministic,footprint,0.3769595523239138,0.3253707975831237,-100.0,1.7709223772973657,3466
a14_d1,14.0,1.0,prova2,random,2,0.3611111111111111,Fe,deterministic,unmeasured,0.09450602935469586,,-97.6765088047654,,2200
a14_d1,14.0,1.0,prova2,random,2,0.3611111111111111,Cu,ensemble,footprint,0.5004656642492423,0.3040138967552771,-57.22076005810484,1.1154353495707048,3466
a14_d1,14.0,1.0,prova2,random,2,0.3611111111111111,Cu,ensemble,unmeasured,0.30104459034982173,,-68.78594165472317,,2200
a14_d1,14.0,1.0,prova2,random,2,0.3611111111111111,Cu,deterministic,footprint,0.3961228453762378,0.3826357693714748,-100.0,1.899726294311714,3466
a14_d1,14.0,1.0,prova2,random,2,0.3611111111111111,Cu,deterministic,unmeasured,0.2053277667940572,,-97.21912809997671,,2200
a14_d1,14.0,1.0,prova2,random,2,0.3611111111111111,PbLl,ensemble,footprint,0.6071173756826213,0.4013790190835377,-30.73014994693837,1.1503196431874274,3466
a14_d1,14.0,1.0,prova2,random,2,0.3611111111111111,PbLl,ensemble,unmeasured,0.4886786341636553,,-49.65221815483189,,2200
a14_d1,14.0,1.0,prova2,random,2,0.3611111111111111,PbLl,deterministic,footprint,0.3409191866489819,0.19137704371745323,-100.0,2.544398583499784,3466
a14_d1,14.0,1.0,prova2,random,2,0.3611111111111111,PbLl,deterministic,unmeasured,0.2044384584250994,,-96.37800256624692,,2200
a14_d1,14.0,1.0,prova2,random,2,0.3611111111111111,PbLa,ensemble,footprint,0.48280333233022543,0.3342175186400176,-34.17725551790184,1.5490491194397578,3466
a14_d1,14.0,1.0,prova2,random,2,0.3611111111111111,PbLa,ensemble,unmeasured,0.4623364151421306,,-50.9506937820042,,2200
a14_d1,14.0,1.0,prova2,random,2,0.3611111111111111,PbLa,deterministic,footprint,0.17208654552812738,0.0827146761988296,-100.0,3.942935476781029,3466
a14_d1,14.0,1.0,prova2,random,2,0.3611111111111111,PbLa,deterministic,unmeasured,0.149211731339973,,-96.73071660741124,,2200
a14_d1,14.0,1.0,prova2,random,2,0.3611111111111111,PbLb,ensemble,footprint,0.46543484397993434,0.3327572967116173,-33.80637514762006,1.5786186992934994,3466
a14_d1,14.0,1.0,prova2,random,2,0.3611111111111111,PbLb,ensemble,unmeasured,0.44013136613571435,,-51.37244732062435,,2200
a14_d1,14.0,1.0,prova2,random,2,0.3611111111111111,PbLb,deterministic,footprint,0.163478577949379,0.07755295819033411,-100.0,4.011083497826402,3466
a14_d1,14.0,1.0,prova2,random,2,0.3611111111111111,PbLb,deterministic,unmeasured,0.1485531026555896,,-96.74684909166368,,2200
a14_d1,14.0,1.0,prova2,random,2,0.3611111111111111,PbLg,ensemble,footprint,0.44883841353945186,0.33287189926337307,-33.515533168604186,1.5737226039052095,3466
a14_d1,14.0,1.0,prova2,random,2,0.3611111111111111,PbLg,ensemble,unmeasured,0.4288317240723271,,-50.78841054808908,,2200
a14_d1,14.0,1.0,prova2,random,2,0.3611111111111111,PbLg,deterministic,footprint,0.14588791870830445,0.07708391371688254,-100.0,4.0701396469811915,3466
a14_d1,14.0,1.0,prova2,random,2,0.3611111111111111,PbLg,deterministic,unmeasured,0.12620201376298726,,-96.76261177137111,,2200
a14_d1,14.0,1.0,prova2,random,3,0.4166666666666667,Ca,ensemble,footprint,0.47226871239492946,0.3965193559370652,-12.518172249836379,1.162923548947063,3466
a14_d1,14.0,1.0,prova2,random,3,0.4166666666666667,Ca,ensemble,unmeasured,-0.1379340019339652,,-45.43020306854846,,2022
a14_d1,14.0,1.0,prova2,random,3,0.4166666666666667,Ca,deterministic,footprint,0.3967507000004532,0.22085966611136842,-97.5410387753195,2.7836797778630418,3466
a14_d1,14.0,1.0,prova2,random,3,0.4166666666666667,Ca,deterministic,unmeasured,0.17851562988917047,,-96.41887999896616,,2022
a14_d1,14.0,1.0,prova2,random,3,0.4166666666666667,Ti,ensemble,footprint,0.3467300503151524,0.41918944450880724,-16.52575441623243,1.2095088079707554,3466
a14_d1,14.0,1.0,prova2,random,3,0.4166666666666667,Ti,ensemble,unmeasured,-0.10035456369117489,,-42.42592314437852,,2022
a14_d1,14.0,1.0,prova2,random,3,0.4166666666666667,Ti,deterministic,footprint,0.24721768674598346,0.15103486823785892,-97.84829979199752,3.406101393443971,3466
a14_d1,14.0,1.0,prova2,random,3,0.4166666666666667,Ti,deterministic,unmeasured,0.10356239188906419,,-96.48516935179455,,2022
a14_d1,14.0,1.0,prova2,random,3,0.4166666666666667,Fe,ensemble,footprint,0.43403756100026647,0.5975263237124446,-14.262113258975662,1.0176692225485378,3466
a14_d1,14.0,1.0,prova2,random,3,0.4166666666666667,Fe,ensemble,unmeasured,0.0527322556428935,,-70.01909624736888,,2022
a14_d1,14.0,1.0,prova2,random,3,0.4166666666666667,Fe,deterministic,footprint,0.37129343283212496,0.358518316624561,-97.68855046224249,1.657457426106771,3466
a14_d1,14.0,1.0,prova2,random,3,0.4166666666666667,Fe,deterministic,unmeasured,0.0919346684564603,,-97.50770739554697,,2022
a14_d1,14.0,1.0,prova2,random,3,0.4166666666666667,Cu,ensemble,footprint,0.5634801772189021,0.35267495777064495,-42.75457812394781,1.0643731823357245,3466
a14_d1,14.0,1.0,prova2,random,3,0.4166666666666667,Cu,ensemble,unmeasured,0.35681135200388225,,-65.14769254543614,,2022
a14_d1,14.0,1.0,prova2,random,3,0.4166666666666667,Cu,deterministic,footprint,0.4611941921012666,0.43275865838225946,-86.36088473194654,1.68920180860086,3466
a14_d1,14.0,1.0,prova2,random,3,0.4166666666666667,Cu,deterministic,unmeasured,0.23004449446716735,,-96.44185445783448,,2022
a14_d1,14.0,1.0,prova2,random,3,0.4166666666666667,PbLl,ensemble,footprint,0.6431193898905875,0.4437486763889407,-23.37673861003722,1.0684264992123043,3466
a14_d1,14.0,1.0,prova2,random,3,0.4166666666666667,PbLl,ensemble,unmeasured,0.5259719020828864,,-45.5236945524712,,2022
a14_d1,14.0,1.0,prova2,random,3,0.4166666666666667,PbLl,deterministic,footprint,0.3703707660905303,0.22956172807613726,-91.81132525410686,2.2710394405097674,3466
a14_d1,14.0,1.0,prova2,random,3,0.4166666666666667,PbLl,deterministic,unmeasured,0.21372221334325447,,-95.8175812659,,2022
a14_d1,14.0,1.0,prova2,random,3,0.4166666666666667,PbLa,ensemble,footprint,0.5196968209393048,0.3773468770978947,-28.466123611920512,1.4161374320276412,3466
a14_d1,14.0,1.0,prova2,random,3,0.4166666666666667,PbLa,ensemble,unmeasured,0.49671246943639025,,-47.63107497538722,,2022
a14_d1,14.0,1.0,prova2,random,3,0.4166666666666667,PbLa,deterministic,footprint,0.19619742513357158,0.1136900818275577,-97.64240973054949,3.537591381434495,3466
a14_d1,14.0,1.0,prova2,random,3,0.4166666666666667,PbLa,deterministic,unmeasured,0.147386785437573,,-96.25192723939689,,2022
a14_d1,14.0,1.0,prova2,random,3,0.4166666666666667,PbLb,ensemble,footprint,0.49945655010875967,0.3762217803252085,-28.037764698707335,1.4419064475018644,3466
a14_d1,14.0,1.0,prova2,random,3,0.4166666666666667,PbLb,ensemble,unmeasured,0.46947912177800827,,-48.16517330671946,,2022
a14_d1,14.0,1.0,prova2,random,3,0.4166666666666667,PbLb,deterministic,footprint,0.18458599350917154,0.10776618151988271,-97.65686344138628,3.5989279567274397,3466
a14_d1,14.0,1.0,prova2,random,3,0.4166666666666667,PbLb,deterministic,unmeasured,0.1447170854363961,,-96.27710899273283,,2022
a14_d1,14.0,1.0,prova2,random,3,0.4166666666666667,PbLg,ensemble,footprint,0.49117582217115974,0.3773038417691571,-27.49430515216713,1.4410700183570728,3466
a14_d1,14.0,1.0,prova2,random,3,0.4166666666666667,PbLg,ensemble,unmeasured,0.4644919596306397,,-47.389415621505606,,2022
a14_d1,14.0,1.0,prova2,random,3,0.4166666666666667,PbLg,deterministic,footprint,0.1776773852578719,0.10966237245324036,-97.68157860592169,3.656188751951847,3466
a14_d1,14.0,1.0,prova2,random,3,0.4166666666666667,PbLg,deterministic,unmeasured,0.12574086231344775,,-96.27323066102454,,2022
a14_d1,14.0,1.0,prova2,random,4,0.4722222222222222,Ca,ensemble,footprint,0.5221592335980758,0.43782058498549475,-7.314140386445745,1.1328049984684665,3466
a14_d1,14.0,1.0,prova2,random,4,0.4722222222222222,Ca,ensemble,unmeasured,-0.17855261693170335,,-43.01141790069207,,1833
a14_d1,14.0,1.0,prova2,random,4,0.4722222222222222,Ca,deterministic,footprint,0.42813017331395803,0.2502908365335407,-68.92762854822915,2.5537975249543576,3466
a14_d1,14.0,1.0,prova2,random,4,0.4722222222222222,Ca,deterministic,unmeasured,0.16733345814320055,,-96.34340474054135,,1833
a14_d1,14.0,1.0,prova2,random,4,0.4722222222222222,Ti,ensemble,footprint,0.34434156945385264,0.4558599685393277,-10.624346502534,1.1387843677991658,3466
a14_d1,14.0,1.0,prova2,random,4,0.4722222222222222,Ti,ensemble,unmeasured,-0.15993273216127762,,-40.23477648022381,,1833
a14_d1,14.0,1.0,prova2,random,4,0.4722222222222222,Ti,deterministic,footprint,0.23238402950417775,0.18331319932326656,-69.27533165003564,3.0775507504368336,3466
a14_d1,14.0,1.0,prova2,random,4,0.4722222222222222,Ti,deterministic,unmeasured,0.08112829510025164,,-96.35410748830229,,1833
a14_d1,14.0,1.0,prova2,random,4,0.4722222222222222,Fe,ensemble,footprint,0.44471392246397395,0.6197752092134913,-10.214852077562785,0.9860976118014323,3466
a14_d1,14.0,1.0,prova2,random,4,0.4722222222222222,Fe,ensemble,unmeasured,0.021192831194994894,,-69.36759086301427,,1833
a14_d1,14.0,1.0,prova2,random,4,0.4722222222222222,Fe,deterministic,footprint,0.3777671002965677,0.3928916482140057,-68.2208442802872,1.535728775566872,3466
a14_d1,14.0,1.0,prova2,random,4,0.4722222222222222,Fe,deterministic,unmeasured,0.0833787456952024,,-97.30989446613876,,1833
a14_d1,14.0,1.0,prova2,random,4,0.4722222222222222,Cu,ensemble,footprint,0.5930252821674808,0.38204959667815314,-28.39361673713794,1.036079222588433,3466
a14_d1,14.0,1.0,prova2,random,4,0.4722222222222222,Cu,ensemble,unmeasured,0.3815120924480393,,-64.06816550626046,,1833
a14_d1,14.0,1.0,prova2,random,4,0.4722222222222222,Cu,deterministic,footprint,0.48397677139156553,0.4592122060697006,-55.65750870710625,1.5716610379443057,3466
a14_d1,14.0,1.0,prova2,random,4,0.4722222222222222,Cu,deterministic,unmeasured,0.2309018459253853,,-96.5196757289926,,1833
a14_d1,14.0,1.0,prova2,random,4,0.4722222222222222,PbLl,ensemble,footprint,0.6866592899865648,0.48122718065757103,-17.279226325888963,1.0261864927061275,3466
a14_d1,14.0,1.0,prova2,random,4,0.4722222222222222,PbLl,ensemble,unmeasured,0.550930917857425,,-41.71912808256502,,1833
a14_d1,14.0,1.0,prova2,random,4,0.4722222222222222,PbLl,deterministic,footprint,0.4166144579359251,0.26285850936767574,-55.81597476083877,2.0611804260295012,3466
a14_d1,14.0,1.0,prova2,random,4,0.4722222222222222,PbLl,deterministic,unmeasured,0.23302792980811018,,-95.36950546388029,,1833
a14_d1,14.0,1.0,prova2,random,4,0.4722222222222222,PbLa,ensemble,footprint,0.5894546280535666,0.42420099157832886,-21.62352608110465,1.3610055277224309,3466
a14_d1,14.0,1.0,prova2,random,4,0.4722222222222222,PbLa,ensemble,unmeasured,0.5372169758384152,,-44.60587490792768,,1833
a14_d1,14.0,1.0,prova2,random,4,0.4722222222222222,PbLa,deterministic,footprint,0.25306240792152745,0.13831292066496437,-66.63813606757134,3.2162226813422548,3466
a14_d1,14.0,1.0,prova2,random,4,0.4722222222222222,PbLa,deterministic,unmeasured,0.175991384602833,,-95.89610188607442,,1833
a14_d1,14.0,1.0,prova2,random,4,0.4722222222222222,PbLb,ensemble,footprint,0.5712863121326637,0.4232793058094295,-21.654425234269382,1.388035028411163,3466
a14_d1,14.0,1.0,prova2,random,4,0.4722222222222222,PbLb,ensemble,unmeasured,0.5080910105278164,,-45.25072676309642,,1833
a14_d1,14.0,1.0,prova2,random,4,0.4722222222222222,PbLb,deterministic,footprint,0.24192079604841693,0.13228368713799588,-67.02831570716305,3.2742873669079584,3466
a14_d1,14.0,1.0,prova2,random,4,0.4722222222222222,PbLb,deterministic,unmeasured,0.1747831311048628,,-95.92153115566222,,1833
a14_d1,14.0,1.0,prova2,random,4,0.4722222222222222,PbLg,ensemble,footprint,0.5639384139008312,0.41758806167247836,-20.064990938785243,1.382301342550336,3466
a14_d1,14.0,1.0,prova2,random,4,0.4722222222222222,PbLg,ensemble,unmeasured,0.5088902356819136,,-44.34459274678081,,1833
a14_d1,14.0,1.0,prova2,random,4,0.4722222222222222,PbLg,deterministic,footprint,0.23514264163551085,0.13219138331563704,-67.06769096546519,3.3202667485312585,3466
a14_d1,14.0,1.0,prova2,random,4,0.4722222222222222,PbLg,deterministic,unmeasured,0.15836593704863938,,-95.90250629192187,,1833
a14_d1,14.0,1.0,prova2,random,5,0.5277777777777778,Ca,ensemble,footprint,0.5868673016736362,0.48848831196924786,-4.674555715615347,1.0426787997430838,3466
a14_d1,14.0,1.0,prova2,random,5,0.5277777777777778,Ca,ensemble,unmeasured,-0.10962976514427437,,-38.5277401946035,,1638
a14_d1,14.0,1.0,prova2,random,5,0.5277777777777778,Ca,deterministic,footprint,0.4507570047608137,0.27955436263390154,-33.8962908156945,2.2966704836863565,3466
a14_d1,14.0,1.0,prova2,random,5,0.5277777777777778,Ca,deterministic,unmeasured,0.18612359333859174,,-95.53403667349005,,1638
a14_d1,14.0,1.0,prova2,random,5,0.5277777777777778,Ti,ensemble,footprint,0.4659874931377609,0.5038466945352684,-7.551704281205895,1.0240869055209385,3466
a14_d1,14.0,1.0,prova2,random,5,0.5277777777777778,Ti,ensemble,unmeasured,0.003494337862508753,,-35.71811467759942,,1638
a14_d1,14.0,1.0,prova2,random,5,0.5277777777777778,Ti,deterministic,footprint,0.2569878086980596,0.20901509327107148,-34.368491321645436,2.761037655924475,3466
a14_d1,14.0,1.0,prova2,random,5,0.5277777777777778,Ti,deterministic,unmeasured,0.1299612686153452,,-95.54249942084753,,1638
a14_d1,14.0,1.0,prova2,random,5,0.5277777777777778,Fe,ensemble,footprint,0.605245146334433,0.641575423377883,-8.336201992837399,0.9988142695637502,3466
a14_d1,14.0,1.0,prova2,random,5,0.5277777777777778,Fe,ensemble,unmeasured,0.4372473037248343,,-65.46317592566157,,1638
a14_d1,14.0,1.0,prova2,random,5,0.5277777777777778,Fe,deterministic,footprint,0.48606980664638166,0.4272438729388246,-33.67751392442748,1.479915295341972,3466
a14_d1,14.0,1.0,prova2,random,5,0.5277777777777778,Fe,deterministic,unmeasured,0.23874276005133127,,-96.16238552733503,,1638
a14_d1,14.0,1.0,prova2,random,5,0.5277777777777778,Cu,ensemble,footprint,0.6331596154353255,0.4285795301695139,-15.291080746275531,0.999496225924653,3466
a14_d1,14.0,1.0,prova2,random,5,0.5277777777777778,Cu,ensemble,unmeasured,0.40105208792788205,,-61.68898227163013,,1638
a14_d1,14.0,1.0,prova2,random,5,0.5277777777777778,Cu,deterministic,footprint,0.5219063085185673,0.4918651802783305,-25.19543847161907,1.4417468938800087,3466
a14_d1,14.0,1.0,prova2,random,5,0.5277777777777778,Cu,deterministic,unmeasured,0.2298959480187261,,-95.99800360856098,,1638
a14_d1,14.0,1.0,prova2,random,5,0.5277777777777778,PbLl,ensemble,footprint,0.7244027928054148,0.5081329850762563,-13.780268590970978,0.9852845617261188,3466
a14_d1,14.0,1.0,prova2,random,5,0.5277777777777778,PbLl,ensemble,unmeasured,0.5893405230132167,,-38.43544886882,,1638
a14_d1,14.0,1.0,prova2,random,5,0.5277777777777778,PbLl,deterministic,footprint,0.4382790864841663,0.279091934792019,-30.609197156274924,1.8761342130902583,3466
a14_d1,14.0,1.0,prova2,random,5,0.5277777777777778,PbLl,deterministic,unmeasured,0.2477878287439699,,-94.76395345081107,,1638
a14_d1,14.0,1.0,prova2,random,5,0.5277777777777778,PbLa,ensemble,footprint,0.6207257090406522,0.45457517373438433,-10.083064754277915,1.2625151792002909,3466
a14_d1,14.0,1.0,prova2,random,5,0.5277777777777778,PbLa,ensemble,unmeasured,0.5276956424857704,,-41.180752456716135,,1638
a14_d1,14.0,1.0,prova2,random,5,0.5277777777777778,PbLa,deterministic,footprint,0.27029719341774366,0.15762015638342783,-34.59937112219475,2.899187136515314,3466
a14_d1,14.0,1.0,prova2,random,5,0.5277777777777778,PbLa,deterministic,unmeasured,0.17109771060876414,,-95.28421332510514,,1638
a14_d1,14.0,1.0,prova2,random,5,0.5277777777777778,PbLb,ensemble,footprint,0.6013453755129149,0.4533539711939806,-11.85868677628501,1.2830731259907808,3466
a14_d1,14.0,1.0,prova2,random,5,0.5277777777777778,PbLb,ensemble,unmeasured,0.4983965421519842,,-41.908224376512734,,1638
a14_d1,14.0,1.0,prova2,random,5,0.5277777777777778,PbLb,deterministic,footprint,0.2549318816724126,0.1508140907996628,-34.81624381417674,2.94925898657923,3466
a14_d1,14.0,1.0,prova2,random,5,0.5277777777777778,PbLb,deterministic,unmeasured,0.16689594946992817,,-95.30761401181255,,1638
a14_d1,14.0,1.0,prova2,random,5,0.5277777777777778,PbLg,ensemble,footprint,0.5945801843359972,0.4463793699006986,-12.42024282947991,1.2791071680155683,3466
a14_d1,14.0,1.0,prova2,random,5,0.5277777777777778,PbLg,ensemble,unmeasured,0.49905822625677254,,-40.94932446507048,,1638
a14_d1,14.0,1.0,prova2,random,5,0.5277777777777778,PbLg,deterministic,footprint,0.24977224850014446,0.148428325949444,-35.83830483948811,2.9923893482053,3466
a14_d1,14.0,1.0,prova2,random,5,0.5277777777777778,PbLg,deterministic,unmeasured,0.1498348492542601,,-95.28862795733734,,1638
a14_d1,14.0,1.0,prova2,random,6,0.5833333333333334,Ca,ensemble,footprint,0.6475611585941529,0.5616394639439123,-3.264307703242386,1.0058993843214528,3466
a14_d1,14.0,1.0,prova2,random,6,0.5833333333333334,Ca,ensemble,unmeasured,-0.10007368353914917,,-35.08803194845875,,1437
a14_d1,14.0,1.0,prova2,random,6,0.5833333333333334,Ca,deterministic,footprint,0.4826026103493185,0.3404841601458051,-13.016421614209362,2.095530501198901,3466
a14_d1,14.0,1.0,prova2,random,6,0.5833333333333334,Ca,deterministic,unmeasured,0.18016872577894605,,-95.00459337435129,,1437
a14_d1,14.0,1.0,prova2,random,6,0.5833333333333334,Ti,ensemble,footprint,0.5404992104844504,0.5685268611824782,-5.171031082902555,0.9700986104818337,3466
a14_d1,14.0,1.0,prova2,random,6,0.5833333333333334,Ti,ensemble,unmeasured,0.0780183516285493,,-32.350433781219756,,1437
a14_d1,14.0,1.0,prova2,random,6,0.5833333333333334,Ti,deterministic,footprint,0.27923980878938415,0.25473507312393073,-13.572729605050316,2.485664390725739,3466
a14_d1,14.0,1.0,prova2,random,6,0.5833333333333334,Ti,deterministic,unmeasured,0.14874047253610606,,-95.00169181365797,,1437
a14_d1,14.0,1.0,prova2,random,6,0.5833333333333334,Fe,ensemble,footprint,0.6821154329030295,0.6912925235071563,-5.7018762634967635,1.008587732274205,3466
a14_d1,14.0,1.0,prova2,random,6,0.5833333333333334,Fe,ensemble,unmeasured,0.44541726325497705,,-62.57010711738904,,1437
a14_d1,14.0,1.0,prova2,random,6,0.5833333333333334,Fe,deterministic,footprint,0.5752388139995716,0.48941953109947395,-16.848001769822808,1.395027376585091,3466
a14_d1,14.0,1.0,prova2,random,6,0.5833333333333334,Fe,deterministic,unmeasured,0.1994760933039044,,-95.71821335140466,,1437
a14_d1,14.0,1.0,prova2,random,6,0.5833333333333334,Cu,ensemble,footprint,0.6919281280914144,0.48290414318924185,-12.225962957244274,0.999213384737989,3466
a14_d1,14.0,1.0,prova2,random,6,0.5833333333333334,Cu,ensemble,unmeasured,0.42516899468840863,,-58.903304690812384,,1437
a14_d1,14.0,1.0,prova2,random,6,0.5833333333333334,Cu,deterministic,footprint,0.5815494465803909,0.5309554812501136,-16.645871743558516,1.3880713749368387,3466
a14_d1,14.0,1.0,prova2,random,6,0.5833333333333334,Cu,deterministic,unmeasured,0.2680560171316654,,-95.33064696798375,,1437
a14_d1,14.0,1.0,prova2,random,6,0.5833333333333334,PbLl,ensemble,footprint,0.7629993620442487,0.5581396048301213,-10.606353493276233,0.9571442950621762,3466
a14_d1,14.0,1.0,prova2,random,6,0.5833333333333334,PbLl,ensemble,unmeasured,0.572456295648234,,-33.322125138108674,,1437
a14_d1,14.0,1.0,prova2,random,6,0.5833333333333334,PbLl,deterministic,footprint,0.49031049429128337,0.3226746400594354,-19.193936047676097,1.7338920744942976,3466
a14_d1,14.0,1.0,prova2,random,6,0.5833333333333334,PbLl,deterministic,unmeasured,0.2500152521469264,,-94.39899106097614,,1437
a14_d1,14.0,1.0,prova2,random,6,0.5833333333333334,PbLa,ensemble,footprint,0.6732866656958382,0.5241607938238039,-4.469058646032442,1.179736510625577,3466
a14_d1,14.0,1.0,prova2,random,6,0.5833333333333334,PbLa,ensemble,unmeasured,0.5098937924225774,,-36.68485188483042,,1437
a14_d1,14.0,1.0,prova2,random,6,0.5833333333333334,PbLa,deterministic,footprint,0.31667297805445266,0.18855164298806482,-9.895858082771314,2.616312457305011,3466
a14_d1,14.0,1.0,prova2,random,6,0.5833333333333334,PbLa,deterministic,unmeasured,0.16416833932011987,,-94.85577218291411,,1437
a14_d1,14.0,1.0,prova2,random,6,0.5833333333333334,PbLb,ensemble,footprint,0.6559335500768283,0.5248689121664445,-4.6561563474667,1.1968778129323676,3466
a14_d1,14.0,1.0,prova2,random,6,0.5833333333333334,PbLb,ensemble,unmeasured,0.4811258610757421,,-37.44789846108825,,1437
a14_d1,14.0,1.0,prova2,random,6,0.5833333333333334,PbLb,deterministic,footprint,0.30252003085724416,0.18217951024774579,-9.457988663754158,2.658657269506241,3466
a14_d1,14.0,1.0,prova2,random,6,0.5833333333333334,PbLb,deterministic,unmeasured,0.15871132464713708,,-94.88242959427016,,1437
a14_d1,14.0,1.0,prova2,random,6,0.5833333333333334,PbLg,ensemble,footprint,0.6475412591476695,0.5177064547699947,-7.577044066034045,1.192146735614993,3466
a14_d1,14.0,1.0,prova2,random,6,0.5833333333333334,PbLg,ensemble,unmeasured,0.480515383132087,,-36.41219079792598,,1437
a14_d1,14.0,1.0,prova2,random,6,0.5833333333333334,PbLg,deterministic,footprint,0.29665671103702157,0.17935390712859914,-12.517005172359163,2.697316411978335,3466
a14_d1,14.0,1.0,prova2,random,6,0.5833333333333334,PbLg,deterministic,unmeasured,0.14101944975991182,,-94.84927402878132,,1437
a14_d1,14.0,1.0,prova2,random,7,0.6388888888888888,Ca,ensemble,footprint,0.6868902307493533,0.6297301772783649,-2.0054221483174928,0.9640505399861982,3466
a14_d1,14.0,1.0,prova2,random,7,0.6388888888888888,Ca,ensemble,unmeasured,-0.08266894142619342,,-31.647934935486603,,1240
a14_d1,14.0,1.0,prova2,random,7,0.6388888888888888,Ca,deterministic,footprint,0.5066544762669806,0.4199052693335987,-7.182679512762958,1.895861872342651,3466
a14_d1,14.0,1.0,prova2,random,7,0.6388888888888888,Ca,deterministic,unmeasured,0.16961692007214044,,-94.74198875032089,,1240
a14_d1,14.0,1.0,prova2,random,7,0.6388888888888888,Ti,ensemble,footprint,0.6276000930522273,0.6431071374639299,-3.373492572800474,0.947764040075179,3466
a14_d1,14.0,1.0,prova2,random,7,0.6388888888888888,Ti,ensemble,unmeasured,0.06157160907244489,,-27.593615832917205,,1240
a14_d1,14.0,1.0,prova2,random,7,0.6388888888888888,Ti,deterministic,footprint,0.3593286692788062,0.3289779397841572,-9.125291816327596,2.248075425121859,3466
a14_d1,14.0,1.0,prova2,random,7,0.6388888888888888,Ti,deterministic,unmeasured,0.1464816048682841,,-94.58780825115758,,1240
a14_d1,14.0,1.0,prova2,random,7,0.6388888888888888,Fe,ensemble,footprint,0.7546415796927858,0.743700464149137,-3.7347149118409306,1.004875881940136,3466
a14_d1,14.0,1.0,prova2,random,7,0.6388888888888888,Fe,ensemble,unmeasured,0.48604264038506945,,-59.14998046839059,,1240
a14_d1,14.0,1.0,prova2,random,7,0.6388888888888888,Fe,deterministic,footprint,0.6580762011450833,0.5553454025294503,-11.683657603810161,1.3162097392565033,3466
a14_d1,14.0,1.0,prova2,random,7,0.6388888888888888,Fe,deterministic,unmeasured,0.15584485650858818,,-95.62684775516888,,1240
a14_d1,14.0,1.0,prova2,random,7,0.6388888888888888,Cu,ensemble,footprint,0.7123621324112777,0.531986856414295,-9.355733692011569,0.9807191037369106,3466
a14_d1,14.0,1.0,prova2,random,7,0.6388888888888888,Cu,ensemble,unmeasured,0.436971098618456,,-58.75778526742945,,1240
a14_d1,14.0,1.0,prova2,random,7,0.6388888888888888,Cu,deterministic,footprint,0.5951364782558803,0.5854365191719083,-11.449721438681982,1.3043573260912231,3466
a14_d1,14.0,1.0,prova2,random,7,0.6388888888888888,Cu,deterministic,unmeasured,0.2571281270973082,,-95.16631551372276,,1240
a14_d1,14.0,1.0,prova2,random,7,0.6388888888888888,PbLl,ensemble,footprint,0.7921955976331071,0.6058535725081199,-7.813079305330161,0.947364240271927,3466
a14_d1,14.0,1.0,prova2,random,7,0.6388888888888888,PbLl,ensemble,unmeasured,0.5520457592409311,,-29.974143061803307,,1240
a14_d1,14.0,1.0,prova2,random,7,0.6388888888888888,PbLl,deterministic,footprint,0.5326210048421088,0.37073417832599337,-13.772949380295895,1.605774100986939,3466
a14_d1,14.0,1.0,prova2,random,7,0.6388888888888888,PbLl,deterministic,unmeasured,0.25908047950728763,,-93.88178765510254,,1240
a14_d1,14.0,1.0,prova2,random,7,0.6388888888888888,PbLa,ensemble,footprint,0.7063399247784932,0.5918455152454343,-2.85329160159582,1.1195922437700638,3466
a14_d1,14.0,1.0,prova2,random,7,0.6388888888888888,PbLa,ensemble,unmeasured,0.4963165864498245,,-33.83430452743841,,1240
a14_d1,14.0,1.0,prova2,random,7,0.6388888888888888,PbLa,deterministic,footprint,0.33190114906058255,0.24148842781275204,-4.995459943142921,2.3576154381864143,3466
a14_d1,14.0,1.0,prova2,random,7,0.6388888888888888,PbLa,deterministic,unmeasured,0.18533463397854197,,-94.34760732665322,,1240
a14_d1,14.0,1.0,prova2,random,7,0.6388888888888888,PbLb,ensemble,footprint,0.6871523371433842,0.5907348724825585,-2.990623060365838,1.131058213489132,3466
a14_d1,14.0,1.0,prova2,random,7,0.6388888888888888,PbLb,ensemble,unmeasured,0.468167942944975,,-34.63193856376506,,1240
a14_d1,14.0,1.0,prova2,random,7,0.6388888888888888,PbLb,deterministic,footprint,0.31481577181283177,0.2331956790321279,-4.897226125515752,2.391315103445759,3466
a14_d1,14.0,1.0,prova2,random,7,0.6388888888888888,PbLb,deterministic,unmeasured,0.18302842001407635,,-94.38070112546964,,1240
a14_d1,14.0,1.0,prova2,random,7,0.6388888888888888,PbLg,ensemble,footprint,0.6795106184613572,0.577040151012953,-5.012603462723786,1.1272966078643751,3466
a14_d1,14.0,1.0,prova2,random,7,0.6388888888888888,PbLg,ensemble,unmeasured,0.46402758098562197,,-33.49226388620059,,1240
a14_d1,14.0,1.0,prova2,random,7,0.6388888888888888,PbLg,deterministic,footprint,0.3100396507395738,0.22965057560766364,-7.484524109318813,2.426642671837221,3466
a14_d1,14.0,1.0,prova2,random,7,0.6388888888888888,PbLg,deterministic,unmeasured,0.1583763646751953,,-94.3427249145041,,1240
a14_d1,14.0,1.0,prova2,random,8,0.6944444444444444,Ca,ensemble,footprint,0.7610692253341671,0.6914118128886071,-1.042393032844502,0.9361995020858503,3466
a14_d1,14.0,1.0,prova2,random,8,0.6944444444444444,Ca,ensemble,unmeasured,-0.06560513549124085,,-25.481494820938824,,1049
a14_d1,14.0,1.0,prova2,random,8,0.6944444444444444,Ca,deterministic,footprint,0.5739194677017766,0.49809399571546464,-4.769311468014559,1.7346956173753556,3466
a14_d1,14.0,1.0,prova2,random,8,0.6944444444444444,Ca,deterministic,unmeasured,0.1396544834673822,,-94.68991076633493,,1049
a14_d1,14.0,1.0,prova2,random,8,0.6944444444444444,Ti,ensemble,footprint,0.7122216079855682,0.6977751215525981,-1.9774981101200684,0.9288985805775855,3466
a14_d1,14.0,1.0,prova2,random,8,0.6944444444444444,Ti,ensemble,unmeasured,0.06324896973235512,,-22.544542479986877,,1049
a14_d1,14.0,1.0,prova2,random,8,0.6944444444444444,Ti,deterministic,footprint,0.42411269949885694,0.3986572627831792,-6.247138194311486,2.0549411780754467,3466
a14_d1,14.0,1.0,prova2,random,8,0.6944444444444444,Ti,deterministic,unmeasured,0.16239049442197326,,-94.48174134589856,,1049
a14_d1,14.0,1.0,prova2,random,8,0.6944444444444444,Fe,ensemble,footprint,0.8206737401526358,0.7803348324668005,-2.014341760156535,1.011707734233989,3466
a14_d1,14.0,1.0,prova2,random,8,0.6944444444444444,Fe,ensemble,unmeasured,0.47992330296878805,,-55.04305376219006,,1049
a14_d1,14.0,1.0,prova2,random,8,0.6944444444444444,Fe,deterministic,footprint,0.7387151173964983,0.6029584951849468,-7.876500503091566,1.2714689184942753,3466
a14_d1,14.0,1.0,prova2,random,8,0.6944444444444444,Fe,deterministic,unmeasured,0.12647581979326653,,-95.37502265543496,,1049
a14_d1,14.0,1.0,prova2,random,8,0.6944444444444444,Cu,ensemble,footprint,0.7662513622877783,0.574312848406246,-6.269834761549076,0.9631606776103273,3466
a14_d1,14.0,1.0,prova2,random,8,0.6944444444444444,Cu,ensemble,unmeasured,0.45437432067493605,,-55.02327033325511,,1049
a14_d1,14.0,1.0,prova2,random,8,0.6944444444444444,Cu,deterministic,footprint,0.663200343578877,0.6375775770082744,-7.552203606382979,1.226696358480723,3466
a14_d1,14.0,1.0,prova2,random,8,0.6944444444444444,Cu,deterministic,unmeasured,0.2938087826022446,,-94.92121976170937,,1049
a14_d1,14.0,1.0,prova2,random,8,0.6944444444444444,PbLl,ensemble,footprint,0.8109320760030039,0.6426106026598019,-5.516249533999296,0.9243950745885767,3466
a14_d1,14.0,1.0,prova2,random,8,0.6944444444444444,PbLl,ensemble,unmeasured,0.513855398569998,,-26.22863813961491,,1049
a14_d1,14.0,1.0,prova2,random,8,0.6944444444444444,PbLl,deterministic,footprint,0.5618269864216165,0.41686091832254274,-10.109446290736335,1.4859189767187333,3466
a14_d1,14.0,1.0,prova2,random,8,0.6944444444444444,PbLl,deterministic,unmeasured,0.25338938425866664,,-93.91942014928632,,1049
a14_d1,14.0,1.0,prova2,random,8,0.6944444444444444,PbLa,ensemble,footprint,0.7369656720261368,0.647095940793474,-1.8727804543615334,1.053284169140273,3466
a14_d1,14.0,1.0,prova2,random,8,0.6944444444444444,PbLa,ensemble,unmeasured,0.45772254048540695,,-30.551598243717656,,1049
a14_d1,14.0,1.0,prova2,random,8,0.6944444444444444,PbLa,deterministic,footprint,0.3440210442140047,0.2968821977072957,-3.1890463930086765,2.1325603577233725,3466
a14_d1,14.0,1.0,prova2,random,8,0.6944444444444444,PbLa,deterministic,unmeasured,0.18905657724581318,,-94.31581866949115,,1049
a14_d1,14.0,1.0,prova2,random,8,0.6944444444444444,PbLb,ensemble,footprint,0.7170943218294618,0.6448875859488225,-1.9394582830852936,1.0583480475586131,3466
a14_d1,14.0,1.0,prova2,random,8,0.6944444444444444,PbLb,ensemble,unmeasured,0.4317410156114138,,-31.436544647299502,,1049
a14_d1,14.0,1.0,prova2,random,8,0.6944444444444444,PbLb,deterministic,footprint,0.32244747622627473,0.2882748655771791,-3.320641543303049,2.158159037701085,3466
a14_d1,14.0,1.0,prova2,random,8,0.6944444444444444,PbLb,deterministic,unmeasured,0.18824940534417556,,-94.33020598190016,,1049
a14_d1,14.0,1.0,prova2,random,8,0.6944444444444444,PbLg,ensemble,footprint,0.7130640256260165,0.623525687627009,-3.352943577103995,1.0566956516579118,3466
a14_d1,14.0,1.0,prova2,random,8,0.6944444444444444,PbLg,ensemble,unmeasured,0.4306455003854339,,-30.14321859980619,,1049
a14_d1,14.0,1.0,prova2,random,8,0.6944444444444444,PbLg,deterministic,footprint,0.3218730817347617,0.28117421676340804,-5.221045492440702,2.1917782116482916,3466
a14_d1,14.0,1.0,prova2,random,8,0.6944444444444444,PbLg,deterministic,unmeasured,0.16553058711466398,,-94.3047883646113,,1049
a14_d1,14.0,1.0,prova2,random,9,0.75,Ca,ensemble,footprint,0.8256544568946524,0.7365289378343688,-0.6867607486364502,0.9318259531638751,3466
a14_d1,14.0,1.0,prova2,random,9,0.75,Ca,ensemble,unmeasured,-0.011981919605111987,,-23.532529510278163,,860
a14_d1,14.0,1.0,prova2,random,9,0.75,Ca,deterministic,footprint,0.6029071721181744,0.5314056159789965,-3.4675951268110294,1.594898130162219,3466
a14_d1,14.0,1.0,prova2,random,9,0.75,Ca,deterministic,unmeasured,0.1647133220535158,,-93.54368338743936,,860
a14_d1,14.0,1.0,prova2,random,9,0.75,Ti,ensemble,footprint,0.7901341411957751,0.7401702971900522,-0.9831609892569482,0.8948505377211542,3466
a14_d1,14.0,1.0,prova2,random,9,0.75,Ti,ensemble,unmeasured,0.13274178744631238,,-16.58737111433309,,860
a14_d1,14.0,1.0,prova2,random,9,0.75,Ti,deterministic,footprint,0.4930163843290584,0.45369502841011233,-4.47948561812177,1.8351780176347108,3466
a14_d1,14.0,1.0,prova2,random,9,0.75,Ti,deterministic,unmeasured,0.21215315934759024,,-93.09893288879755,,860
a14_d1,14.0,1.0,prova2,random,9,0.75,Fe,ensemble,footprint,0.9104111801567405,0.8272101732876309,-0.43514771452762835,0.9987723224987398,3466
a14_d1,14.0,1.0,prova2,random,9,0.75,Fe,ensemble,unmeasured,0.6599837784711733,,-43.02993513598961,,860
a14_d1,14.0,1.0,prova2,random,9,0.75,Fe,deterministic,footprint,0.8537717334764144,0.6626952648739289,-5.355657014948445,1.1899214298119172,3466
a14_d1,14.0,1.0,prova2,random,9,0.75,Fe,deterministic,unmeasured,0.3963763547503971,,-91.61810818833963,,860
a14_d1,14.0,1.0,prova2,random,9,0.75,Cu,ensemble,footprint,0.7855448734261403,0.6251180146151383,-5.846142030671231,0.9772776233896947,3466
a14_d1,14.0,1.0,prova2,random,9,0.75,Cu,ensemble,unmeasured,0.4284676956680789,,-57.17417912397921,,860
a14_d1,14.0,1.0,prova2,random,9,0.75,Cu,deterministic,footprint,0.6738391911553627,0.6640408752145326,-7.069143409654288,1.2055465151752682,3466
a14_d1,14.0,1.0,prova2,random,9,0.75,Cu,deterministic,unmeasured,0.27031536582443416,,-94.75448108457842,,860
a14_d1,14.0,1.0,prova2,random,9,0.75,PbLl,ensemble,footprint,0.8695836766983875,0.6921779103135777,-4.376345638602119,0.9299843581162451,3466
a14_d1,14.0,1.0,prova2,random,9,0.75,PbLl,ensemble,unmeasured,0.5292169819436882,,-20.015537676043543,,860
a14_d1,14.0,1.0,prova2,random,9,0.75,PbLl,deterministic,footprint,0.6529695935379657,0.469687075594185,-8.055262521260376,1.399249424206664,3466
a14_d1,14.0,1.0,prova2,random,9,0.75,PbLl,deterministic,unmeasured,0.273746908661329,,-93.11422190974542,,860
a14_d1,14.0,1.0,prova2,random,9,0.75,PbLa,ensemble,footprint,0.8525284461652255,0.7207252834965979,-1.40642401211446,1.019684395910604,3466
a14_d1,14.0,1.0,prova2,random,9,0.75,PbLa,ensemble,unmeasured,0.5429340134800849,,-24.239621522925926,,860
a14_d1,14.0,1.0,prova2,random,9,0.75,PbLa,deterministic,footprint,0.46787211627262726,0.35942988767257134,-2.317291619473383,1.9328455116998076,3466
a14_d1,14.0,1.0,prova2,random,9,0.75,PbLa,deterministic,unmeasured,0.19255154530399587,,-93.23223835049987,,860
a14_d1,14.0,1.0,prova2,random,9,0.75,PbLb,ensemble,footprint,0.8442775780232332,0.7183397183702659,-1.4010258983606083,1.0228723632368513,3466
a14_d1,14.0,1.0,prova2,random,9,0.75,PbLb,ensemble,unmeasured,0.5314813610540997,,-24.769930943579677,,860
a14_d1,14.0,1.0,prova2,random,9,0.75,PbLb,deterministic,footprint,0.4578522367118205,0.3520225361283985,-2.5017566748838593,1.9530304415415534,3466
a14_d1,14.0,1.0,prova2,random,9,0.75,PbLb,deterministic,unmeasured,0.19723298294056976,,-93.17366025422054,,860
a14_d1,14.0,1.0,prova2,random,9,0.75,PbLg,ensemble,footprint,0.8326932151035947,0.6900115223668774,-2.4881759779509904,1.0170267226170449,3466
a14_d1,14.0,1.0,prova2,random,9,0.75,PbLg,ensemble,unmeasured,0.5196011581522031,,-23.885180390189255,,860
a14_d1,14.0,1.0,prova2,random,9,0.75,PbLg,deterministic,footprint,0.4435190079668136,0.3390800293006569,-4.042073114349498,1.98055849031253,3466
a14_d1,14.0,1.0,prova2,random,9,0.75,PbLg,deterministic,unmeasured,0.17216381969981234,,-93.23388532022783,,860
a14_d1,14.0,1.0,prova2,random,10,0.8055555555555556,Ca,ensemble,footprint,0.8741658364575815,0.8092218693884484,-0.0200167177308197,0.9180311833632793,3466
a14_d1,14.0,1.0,prova2,random,10,0.8055555555555556,Ca,ensemble,unmeasured,-0.008767478017919562,,-17.108474497433562,,660
a14_d1,14.0,1.0,prova2,random,10,0.8055555555555556,Ca,deterministic,footprint,0.6760497394059481,0.6205479750939947,-2.2619953704126727,1.4348318197369456,3466
a14_d1,14.0,1.0,prova2,random,10,0.8055555555555556,Ca,deterministic,unmeasured,0.17335386884448512,,-92.99339687833226,,660
a14_d1,14.0,1.0,prova2,random,10,0.8055555555555556,Ti,ensemble,footprint,0.8340936722295462,0.7995758832183886,-0.159672175985337,0.8788331662168266,3466
a14_d1,14.0,1.0,prova2,random,10,0.8055555555555556,Ti,ensemble,unmeasured,0.09737123606206527,,-11.212393799449732,,660
a14_d1,14.0,1.0,prova2,random,10,0.8055555555555556,Ti,deterministic,footprint,0.5413830501555662,0.5385171129685407,-3.0980522847559033,1.6240748334087034,3466
a14_d1,14.0,1.0,prova2,random,10,0.8055555555555556,Ti,deterministic,unmeasured,0.17985422830604955,,-92.52037441348918,,660
a14_d1,14.0,1.0,prova2,random,10,0.8055555555555556,Fe,ensemble,footprint,0.9142094873217099,0.8420981261061603,-0.11779805262881471,0.9872482672642804,3466
a14_d1,14.0,1.0,prova2,random,10,0.8055555555555556,Fe,ensemble,unmeasured,0.6511837315630356,,-44.30183685051205,,660
a14_d1,14.0,1.0,prova2,random,10,0.8055555555555556,Fe,deterministic,footprint,0.8558156282310291,0.7148357878058601,-3.641365433449606,1.1404925717732883,3466
a14_d1,14.0,1.0,prova2,random,10,0.8055555555555556,Fe,deterministic,unmeasured,0.3757563911864651,,-91.1897992867293,,660
a14_d1,14.0,1.0,prova2,random,10,0.8055555555555556,Cu,ensemble,footprint,0.8290672618601316,0.6755584901495124,-4.129742690121018,0.953798218985568,3466
a14_d1,14.0,1.0,prova2,random,10,0.8055555555555556,Cu,ensemble,unmeasured,0.4236449552769344,,-54.19332692165191,,660
a14_d1,14.0,1.0,prova2,random,10,0.8055555555555556,Cu,deterministic,footprint,0.7411088351419373,0.7342392341770314,-4.415949793895535,1.1152263440586687,3466
a14_d1,14.0,1.0,prova2,random,10,0.8055555555555556,Cu,deterministic,unmeasured,0.285278403231338,,-94.65922806936697,,660
a14_d1,14.0,1.0,prova2,random,10,0.8055555555555556,PbLl,ensemble,footprint,0.8903276762429939,0.7380784842594056,-2.668363250580219,0.910832188457842,3466
a14_d1,14.0,1.0,prova2,random,10,0.8055555555555556,PbLl,ensemble,unmeasured,0.5363555222688521,,-11.897876063932719,,660
a14_d1,14.0,1.0,prova2,random,10,0.8055555555555556,PbLl,deterministic,footprint,0.7102997102223868,0.5551717775914404,-5.512710504205742,1.2602700073921345,3466
a14_d1,14.0,1.0,prova2,random,10,0.8055555555555556,PbLl,deterministic,unmeasured,0.3264816953361373,,-92.00843667166032,,660
a14_d1,14.0,1.0,prova2,random,10,0.8055555555555556,PbLa,ensemble,footprint,0.8918282919524259,0.8044877170997891,-0.6888726777468657,0.9866997626688198,3466
a14_d1,14.0,1.0,prova2,random,10,0.8055555555555556,PbLa,ensemble,unmeasured,0.549191637637995,,-18.751847804163678,,660
a14_d1,14.0,1.0,prova2,random,10,0.8055555555555556,PbLa,deterministic,footprint,0.527622892302147,0.47502371635008567,-1.4461734308346186,1.6980053054550626,3466
a14_d1,14.0,1.0,prova2,random,10,0.8055555555555556,PbLa,deterministic,unmeasured,0.24687247508302154,,-92.33519618683778,,660
a14_d1,14.0,1.0,prova2,random,10,0.8055555555555556,PbLb,ensemble,footprint,0.8860958425477315,0.7995990006947731,-0.8265020937112677,0.9890318361105741,3466
a14_d1,14.0,1.0,prova2,random,10,0.8055555555555556,PbLb,ensemble,unmeasured,0.5423081823872765,,-19.545462650538514,,660
a14_d1,14.0,1.0,prova2,random,10,0.8055555555555556,PbLb,deterministic,footprint,0.5141234081219125,0.46805664498660055,-1.647052094688084,1.7144693529396136,3466
a14_d1,14.0,1.0,prova2,random,10,0.8055555555555556,PbLb,deterministic,unmeasured,0.2522776207194134,,-92.2673372754233,,660
a14_d1,14.0,1.0,prova2,random,10,0.8055555555555556,PbLg,ensemble,footprint,0.8746153918901212,0.7625987361981857,-1.3432590372939535,0.9815411939139488,3466
a14_d1,14.0,1.0,prova2,random,10,0.8055555555555556,PbLg,ensemble,unmeasured,0.5346218879408126,,-18.27797927814671,,660
a14_d1,14.0,1.0,prova2,random,10,0.8055555555555556,PbLg,deterministic,footprint,0.502948495454594,0.44227753629753824,-2.916685515009154,1.7348722279311248,3466
a14_d1,14.0,1.0,prova2,random,10,0.8055555555555556,PbLg,deterministic,unmeasured,0.22311078694955286,,-92.34068474156389,,660
a14_d1,14.0,1.0,prova2,random,11,0.8611111111111112,Ca,ensemble,footprint,0.908576207518604,0.8521919544409566,0.247383893663633,0.9263846541827413,3466
a14_d1,14.0,1.0,prova2,random,11,0.8611111111111112,Ca,ensemble,unmeasured,0.02815868935849137,,-18.103530315289905,,467
a14_d1,14.0,1.0,prova2,random,11,0.8611111111111112,Ca,deterministic,footprint,0.7097573004563549,0.699031247124096,-1.418049223061546,1.296647413769803,3466
a14_d1,14.0,1.0,prova2,random,11,0.8611111111111112,Ca,deterministic,unmeasured,0.19380459020278742,,-93.8898438732655,,467
a14_d1,14.0,1.0,prova2,random,11,0.8611111111111112,Ti,ensemble,footprint,0.8705929393615524,0.8404383078698826,0.5746349385381766,0.8759803263404852,3466
a14_d1,14.0,1.0,prova2,random,11,0.8611111111111112,Ti,ensemble,unmeasured,0.07394608239583153,,-8.53778702754127,,467
a14_d1,14.0,1.0,prova2,random,11,0.8611111111111112,Ti,deterministic,footprint,0.6016143966705905,0.6489733232405033,-1.9479234345912255,1.4246329779755122,3466
a14_d1,14.0,1.0,prova2,random,11,0.8611111111111112,Ti,deterministic,unmeasured,0.23568066051351366,,-93.388494164554,,467
a14_d1,14.0,1.0,prova2,random,11,0.8611111111111112,Fe,ensemble,footprint,0.9301889048485243,0.8838308601745971,0.6890556552518134,0.9631125778024185,3466
a14_d1,14.0,1.0,prova2,random,11,0.8611111111111112,Fe,ensemble,unmeasured,0.6617437925010335,,-41.76426726861673,,467
a14_d1,14.0,1.0,prova2,random,11,0.8611111111111112,Fe,deterministic,footprint,0.8800652609334662,0.7940949995564397,-1.765917516509985,1.0651706417327917,3466
a14_d1,14.0,1.0,prova2,random,11,0.8611111111111112,Fe,deterministic,unmeasured,0.34722055559770343,,-92.11785272963192,,467
a14_d1,14.0,1.0,prova2,random,11,0.8611111111111112,Cu,ensemble,footprint,0.8865079290086469,0.754501637261933,-3.2436401274822946,0.9794932191457425,3466
a14_d1,14.0,1.0,prova2,random,11,0.8611111111111112,Cu,ensemble,unmeasured,0.487876167049401,,-55.17092048289983,,467
a14_d1,14.0,1.0,prova2,random,11,0.8611111111111112,Cu,deterministic,footprint,0.8088005697903091,0.7860801138209347,-3.3780558086308865,1.0853396180810368,3466
a14_d1,14.0,1.0,prova2,random,11,0.8611111111111112,Cu,deterministic,unmeasured,0.29546040216567127,,-95.07417154263125,,467
a14_d1,14.0,1.0,prova2,random,11,0.8611111111111112,PbLl,ensemble,footprint,0.912866691391384,0.7748555982310634,-1.8226116856525088,0.918511405766461,3466
a14_d1,14.0,1.0,prova2,random,11,0.8611111111111112,PbLl,ensemble,unmeasured,0.5234835732761609,,-6.609929052664301,,467
a14_d1,14.0,1.0,prova2,random,11,0.8611111111111112,PbLl,deterministic,footprint,0.7763505110126454,0.635879092669221,-3.6985534957191035,1.1580435267873654,3466
a14_d1,14.0,1.0,prova2,random,11,0.8611111111111112,PbLl,deterministic,unmeasured,0.32599414244047065,,-93.09485660498717,,467
a14_d1,14.0,1.0,prova2,random,11,0.8611111111111112,PbLa,ensemble,footprint,0.9310390665231391,0.8601329847068436,-0.3929682900649212,0.9797622128920984,3466
a14_d1,14.0,1.0,prova2,random,11,0.8611111111111112,PbLa,ensemble,unmeasured,0.5448317459112783,,-13.957895075520355,,467
a14_d1,14.0,1.0,prova2,random,11,0.8611111111111112,PbLa,deterministic,footprint,0.6367562442692694,0.5997875301855754,-0.9153906363294828,1.5009066053686504,3466
a14_d1,14.0,1.0,prova2,random,11,0.8611111111111112,PbLa,deterministic,unmeasured,0.24686800287691826,,-93.42525837610637,,467
a14_d1,14.0,1.0,prova2,random,11,0.8611111111111112,PbLb,ensemble,footprint,0.9286420869612395,0.8551809342307546,-0.46519884037015125,0.9816058939858718,3466
a14_d1,14.0,1.0,prova2,random,11,0.8611111111111112,PbLb,ensemble,unmeasured,0.5367432842682146,,-14.587717085943051,,467
a14_d1,14.0,1.0,prova2,random,11,0.8611111111111112,PbLb,deterministic,footprint,0.6295247365007438,0.5943471507542061,-1.0229341194568198,1.5143196870912417,3466
a14_d1,14.0,1.0,prova2,random,11,0.8611111111111112,PbLb,deterministic,unmeasured,0.25659789549888457,,-93.36637848907013,,467
a14_d1,14.0,1.0,prova2,random,11,0.8611111111111112,PbLg,ensemble,footprint,0.9157293121298923,0.8160220173182529,-0.6383280488827636,0.9730144782063008,3466
a14_d1,14.0,1.0,prova2,random,11,0.8611111111111112,PbLg,ensemble,unmeasured,0.5367059731433877,,-13.29445638754882,,467
a14_d1,14.0,1.0,prova2,random,11,0.8611111111111112,PbLg,deterministic,footprint,0.6144251210753526,0.566912754547456,-1.6882431691225608,1.5270576513518523,3466
a14_d1,14.0,1.0,prova2,random,11,0.8611111111111112,PbLg,deterministic,unmeasured,0.2248293091399301,,-93.34490850187683,,467
a14_d1,14.0,1.0,prova2,random,12,0.9166666666666666,Ca,ensemble,footprint,0.9561086652900258,0.909681981989348,0.564177175037095,0.9332509112923065,3466
a14_d1,14.0,1.0,prova2,random,12,0.9166666666666666,Ca,ensemble,unmeasured,0.26207980525281727,,-9.460530172126665,,278
a14_d1,14.0,1.0,prova2,random,12,0.9166666666666666,Ca,deterministic,footprint,0.8179504383887782,0.800564235573807,-0.6277536475348899,1.1497890878996286,3466
a14_d1,14.0,1.0,prova2,random,12,0.9166666666666666,Ca,deterministic,unmeasured,0.3368549711418048,,-93.85315206274201,,278
a14_d1,14.0,1.0,prova2,random,12,0.9166666666666666,Ti,ensemble,footprint,0.9124350021501745,0.8774929737319339,0.7848724271231733,0.8865472822144812,3466
a14_d1,14.0,1.0,prova2,random,12,0.9166666666666666,Ti,ensemble,unmeasured,0.03996963314476042,,2.880757965273821,,278
a14_d1,14.0,1.0,prova2,random,12,0.9166666666666666,Ti,deterministic,footprint,0.7412017062926328,0.7631258660686628,-0.8821009340744368,1.2209377930067051,3466
a14_d1,14.0,1.0,prova2,random,12,0.9166666666666666,Ti,deterministic,unmeasured,0.2956964373003552,,-93.33923931955889,,278
a14_d1,14.0,1.0,prova2,random,12,0.9166666666666666,Fe,ensemble,footprint,0.9883872034178509,0.9350458373668287,1.1741779938136077,0.9734288969707903,3466
a14_d1,14.0,1.0,prova2,random,12,0.9166666666666666,Fe,ensemble,unmeasured,0.588820680339479,,-7.398308635694343,,278
a14_d1,14.0,1.0,prova2,random,12,0.9166666666666666,Fe,deterministic,footprint,0.9768106609460087,0.8803945287238294,-0.4078019711390768,1.023871485869039,3466
a14_d1,14.0,1.0,prova2,random,12,0.9166666666666666,Fe,deterministic,unmeasured,0.3878113132564782,,-92.3112394509485,,278
a14_d1,14.0,1.0,prova2,random,12,0.9166666666666666,Cu,ensemble,footprint,0.9184182326888424,0.819385962513782,-2.21110442986886,0.9696783122791066,3466
a14_d1,14.0,1.0,prova2,random,12,0.9166666666666666,Cu,ensemble,unmeasured,0.4696179732733025,,-55.332327160970586,,278
a14_d1,14.0,1.0,prova2,random,12,0.9166666666666666,Cu,deterministic,footprint,0.8526251224150634,0.8299472184525378,-1.9644752767058682,1.0316552938480326,3466
a14_d1,14.0,1.0,prova2,random,12,0.9166666666666666,Cu,deterministic,unmeasured,0.2559496189006156,,-95.74170914686141,,278
a14_d1,14.0,1.0,prova2,random,12,0.9166666666666666,PbLl,ensemble,footprint,0.9329970062150111,0.8159029796842228,-1.6885692321528922,0.9284181616872401,3466
a14_d1,14.0,1.0,prova2,random,12,0.9166666666666666,PbLl,ensemble,unmeasured,0.2973095337192174,,-4.044056969929213,,278
a14_d1,14.0,1.0,prova2,random,12,0.9166666666666666,PbLl,deterministic,footprint,0.8296119340309799,0.7163074179128078,-2.254090382813645,1.0718676893378136,3466
a14_d1,14.0,1.0,prova2,random,12,0.9166666666666666,PbLl,deterministic,unmeasured,0.2768272507403512,,-93.87245014243169,,278
a14_d1,14.0,1.0,prova2,random,12,0.9166666666666666,PbLa,ensemble,footprint,0.9627247292513567,0.9149479202130167,-0.1665622745689488,0.9652801792083874,3466
a14_d1,14.0,1.0,prova2,random,12,0.9166666666666666,PbLa,ensemble,unmeasured,0.47687762208683504,,-10.308418219247892,,278
a14_d1,14.0,1.0,prova2,random,12,0.9166666666666666,PbLa,deterministic,footprint,0.7137568850580905,0.7368963759471777,-0.37360006402442636,1.2942013974834363,3466
a14_d1,14.0,1.0,prova2,random,12,0.9166666666666666,PbLa,deterministic,unmeasured,0.24170546863844525,,-94.13632703041938,,278
a14_d1,14.0,1.0,prova2,random,12,0.9166666666666666,PbLb,ensemble,footprint,0.9611958342606002,0.9114035708731975,-0.20475131383590472,0.9628738120303959,3466
a14_d1,14.0,1.0,prova2,random,12,0.9166666666666666,PbLb,ensemble,unmeasured,0.49968717394525103,,-10.427749782069416,,278
a14_d1,14.0,1.0,prova2,random,12,0.9166666666666666,PbLb,deterministic,footprint,0.7085277745152656,0.7323805887883473,-0.5789346069191792,1.29996815552463,3466
a14_d1,14.0,1.0,prova2,random,12,0.9166666666666666,PbLb,deterministic,unmeasured,0.26236671045396354,,-94.06034526363075,,278
a14_d1,14.0,1.0,prova2,random,12,0.9166666666666666,PbLg,ensemble,footprint,0.946813672655545,0.867498483070786,-0.03921442533991737,0.9531081507246167,3466
a14_d1,14.0,1.0,prova2,random,12,0.9166666666666666,PbLg,ensemble,unmeasured,0.46630803363577467,,-9.420206279662263,,278
a14_d1,14.0,1.0,prova2,random,12,0.9166666666666666,PbLg,deterministic,footprint,0.6889371431133392,0.6981808222282274,-0.7395752201093009,1.3067504641131875,3466
a14_d1,14.0,1.0,prova2,random,12,0.9166666666666666,PbLg,deterministic,unmeasured,0.21056909400722731,,-94.1166933940118,,278
a14_d1,14.0,1.0,prova2,random,13,0.9722222222222222,Ca,ensemble,footprint,0.9764272634483744,0.9440754259379387,0.6636508505732941,0.944894866741866,3466
a14_d1,14.0,1.0,prova2,random,13,0.9722222222222222,Ca,ensemble,unmeasured,0.5113954355253764,,-16.496308305413514,,99
a14_d1,14.0,1.0,prova2,random,13,0.9722222222222222,Ca,deterministic,footprint,0.8955892731407491,0.8683747429832014,-0.001817311887619688,1.0006330011873938,3466
a14_d1,14.0,1.0,prova2,random,13,0.9722222222222222,Ca,deterministic,unmeasured,0.4482044233578028,,-90.27511491217443,,99
a14_d1,14.0,1.0,prova2,random,13,0.9722222222222222,Ti,ensemble,footprint,0.9618674965368345,0.9115060083906882,0.7324729439586175,0.9211959829901596,3466
a14_d1,14.0,1.0,prova2,random,13,0.9722222222222222,Ti,ensemble,unmeasured,0.40622270760865187,,1.3635081437792647,,99
a14_d1,14.0,1.0,prova2,random,13,0.9722222222222222,Ti,deterministic,footprint,0.8631655397863455,0.8390856559042154,-0.029384308673297,1.0206803100391677,3466
a14_d1,14.0,1.0,prova2,random,13,0.9722222222222222,Ti,deterministic,unmeasured,0.5687831113390125,,-90.04213068330343,,99
a14_d1,14.0,1.0,prova2,random,13,0.9722222222222222,Fe,ensemble,footprint,0.9930717368703019,0.9557744373122978,1.1021648042075949,0.9720805857103891,3466
a14_d1,14.0,1.0,prova2,random,13,0.9722222222222222,Fe,ensemble,unmeasured,0.6990162008120853,,7.621347651433288,,99
a14_d1,14.0,1.0,prova2,random,13,0.9722222222222222,Fe,deterministic,footprint,0.9881757889592774,0.9305676114801262,0.565368338708705,0.9819657730257721,3466
a14_d1,14.0,1.0,prova2,random,13,0.9722222222222222,Fe,deterministic,unmeasured,0.7340016222741,,-87.47160683486153,,99
a14_d1,14.0,1.0,prova2,random,13,0.9722222222222222,Cu,ensemble,footprint,0.956138222145313,0.9115918087340927,-1.0721901869057193,0.9638249602425788,3466
a14_d1,14.0,1.0,prova2,random,13,0.9722222222222222,Cu,ensemble,unmeasured,0.6615264251737232,,-60.43784657842668,,99
a14_d1,14.0,1.0,prova2,random,13,0.9722222222222222,Cu,deterministic,footprint,0.917584985012686,0.8742319207904018,-0.6894419248249184,0.9695203728185888,3466
a14_d1,14.0,1.0,prova2,random,13,0.9722222222222222,Cu,deterministic,unmeasured,0.12631155489989174,,-94.22019990988402,,99
a14_d1,14.0,1.0,prova2,random,13,0.9722222222222222,PbLl,ensemble,footprint,0.956986463391882,0.8557784345395117,-1.640705863160341,0.937863772282408,3466
a14_d1,14.0,1.0,prova2,random,13,0.9722222222222222,PbLl,ensemble,unmeasured,0.26377877240195036,,-4.2529925824820545,,99
a14_d1,14.0,1.0,prova2,random,13,0.9722222222222222,PbLl,deterministic,footprint,0.9097945011995789,0.7883404986047672,-0.7849966124823915,0.9680619684996166,3466
a14_d1,14.0,1.0,prova2,random,13,0.9722222222222222,PbLl,deterministic,unmeasured,-0.17604403663867618,,-93.19568981008575,,99
a14_d1,14.0,1.0,prova2,random,13,0.9722222222222222,PbLa,ensemble,footprint,0.9840130273700196,0.9537806313015612,-0.10413788627099407,0.9610301126075902,3466
a14_d1,14.0,1.0,prova2,random,13,0.9722222222222222,PbLa,ensemble,unmeasured,0.13045021042915383,,-7.004262440648259,,99
a14_d1,14.0,1.0,prova2,random,13,0.9722222222222222,PbLa,deterministic,footprint,0.872120030517023,0.8501152928810519,-0.04555714420985124,1.0679271700696646,3466
a14_d1,14.0,1.0,prova2,random,13,0.9722222222222222,PbLa,deterministic,unmeasured,-0.23106402060895634,,-93.13710872721484,,99
a14_d1,14.0,1.0,prova2,random,13,0.9722222222222222,PbLb,ensemble,footprint,0.9823289815713533,0.949414563320906,-0.07556686503660259,0.958652263286436,3466
a14_d1,14.0,1.0,prova2,random,13,0.9722222222222222,PbLb,ensemble,unmeasured,0.06877855446127921,,-6.897844608674424,,99
a14_d1,14.0,1.0,prova2,random,13,0.9722222222222222,PbLb,deterministic,footprint,0.869664353026683,0.8464744062697905,-0.08600646898500042,1.0692376204387894,3466
a14_d1,14.0,1.0,prova2,random,13,0.9722222222222222,PbLb,deterministic,unmeasured,-0.20396499711779495,,-93.09454339790052,,99
a14_d1,14.0,1.0,prova2,random,13,0.9722222222222222,PbLg,ensemble,footprint,0.9677225150046281,0.9032810339546942,0.12405398865504846,0.9470159501060628,3466
a14_d1,14.0,1.0,prova2,random,13,0.9722222222222222,PbLg,ensemble,unmeasured,0.0720868951511938,,-5.24321625287643,,99
a14_d1,14.0,1.0,prova2,random,13,0.9722222222222222,PbLg,deterministic,footprint,0.8526461071139453,0.8074657516649725,-0.12763921563634373,1.0658387807725747,3466
a14_d1,14.0,1.0,prova2,random,13,0.9722222222222222,PbLg,deterministic,unmeasured,-0.20750196272309218,,-92.96842744429809,,99
a14_d1,14.0,1.0,prova2,random,14,1.0,Ca,ensemble,footprint,0.9890340772371967,0.9719990928087254,0.8401279208646528,0.9507761061151802,3466
a14_d1,14.0,1.0,prova2,random,14,1.0,Ca,deterministic,footprint,0.9812932185968342,0.953387915334076,0.2983599322639474,0.921587857390357,3466
a14_d1,14.0,1.0,prova2,random,14,1.0,Ti,ensemble,footprint,0.9705016470310532,0.9273273566881045,0.7451612536808483,0.9286316482087495,3466
a14_d1,14.0,1.0,prova2,random,14,1.0,Ti,deterministic,footprint,0.9624934800111702,0.9109544500525403,0.40031693863915585,0.8980912161243495,3466
a14_d1,14.0,1.0,prova2,random,14,1.0,Fe,ensemble,footprint,0.9940425967050117,0.9642382283923314,1.0192621862462836,0.9750707375350988,3466
a14_d1,14.0,1.0,prova2,random,14,1.0,Fe,deterministic,footprint,0.9914456908329067,0.9575545594032353,1.3343599453095267,0.9618001972000549,3466
a14_d1,14.0,1.0,prova2,random,14,1.0,Cu,ensemble,footprint,0.9892440673169993,0.9626223736640168,-0.48518170558411455,0.9613905454930893,3466
a14_d1,14.0,1.0,prova2,random,14,1.0,Cu,deterministic,footprint,0.9829564013127606,0.9463451033941777,-0.10796741947013411,0.9391632957714523,3466
a14_d1,14.0,1.0,prova2,random,14,1.0,PbLl,ensemble,footprint,0.9634829704781916,0.8790513978696004,-1.5824846022457262,0.9392521612750806,3466
a14_d1,14.0,1.0,prova2,random,14,1.0,PbLl,deterministic,footprint,0.9570705309969001,0.8616916902576667,0.039022945828959266,0.905036088367593,3466
a14_d1,14.0,1.0,prova2,random,14,1.0,PbLa,ensemble,footprint,0.9933805870808828,0.9797554968243822,-0.08549573328551219,0.9622200039275115,3466
a14_d1,14.0,1.0,prova2,random,14,1.0,PbLa,deterministic,footprint,0.98641836189411,0.9611859135700244,0.1870920560400835,0.931069352499718,3466
a14_d1,14.0,1.0,prova2,random,14,1.0,PbLb,ensemble,footprint,0.9926937020012863,0.976787927734555,-0.03346914314789062,0.9607374026646107,3466
a14_d1,14.0,1.0,prova2,random,14,1.0,PbLb,deterministic,footprint,0.9858654324418813,0.9583906357595943,0.1173387373408108,0.9290179774922419,3466
a14_d1,14.0,1.0,prova2,random,14,1.0,PbLg,ensemble,footprint,0.9776450621855893,0.9275021606639786,0.13839885238491334,0.9485694483223878,3466
a14_d1,14.0,1.0,prova2,random,14,1.0,PbLg,deterministic,footprint,0.9713168886788112,0.9102961280022345,0.20647446699346705,0.9186955012649729,3466
a14_d1,14.0,1.0,prova2,raster,0,0.25,Ca,ensemble,footprint,0.3872268071695455,0.28451173173815614,-37.14531046735083,1.383488763208325,3466
a14_d1,14.0,1.0,prova2,raster,0,0.25,Ca,ensemble,unmeasured,-0.12459677951135255,,-52.70032109900198,,2591
a14_d1,14.0,1.0,prova2,raster,0,0.25,Ca,deterministic,footprint,0.38818637726141597,0.1435621848081991,-100.0,3.9270278300069594,3466
a14_d1,14.0,1.0,prova2,raster,0,0.25,Ca,deterministic,unmeasured,0.1316073719456804,,-97.93549595028728,,2591
a14_d1,14.0,1.0,prova2,raster,0,0.25,Ti,ensemble,footprint,0.255285638642831,0.28516402513432326,-36.878378896684595,1.4366065649338604,3466
a14_d1,14.0,1.0,prova2,raster,0,0.25,Ti,ensemble,unmeasured,-0.03331182142877499,,-50.47823287016094,,2591
a14_d1,14.0,1.0,prova2,raster,0,0.25,Ti,deterministic,footprint,0.21063574760867487,0.08073162075589121,-100.0,4.880633489089613,3466
a14_d1,14.0,1.0,prova2,raster,0,0.25,Ti,deterministic,unmeasured,0.051456441856526224,,-98.05842932926923,,2591
a14_d1,14.0,1.0,prova2,raster,0,0.25,Fe,ensemble,footprint,0.3760005075151246,0.49266979962460883,-31.35255934430141,1.1183756866592185,3466
a14_d1,14.0,1.0,prova2,raster,0,0.25,Fe,ensemble,unmeasured,0.0750872998778777,,-71.97701391019795,,2591
a14_d1,14.0,1.0,prova2,raster,0,0.25,Fe,deterministic,footprint,0.33149495068199564,0.21704065900176722,-100.0,2.2628470370475924,3466
a14_d1,14.0,1.0,prova2,raster,0,0.25,Fe,deterministic,unmeasured,0.09750313014121198,,-98.36476836222988,,2591
a14_d1,14.0,1.0,prova2,raster,0,0.25,Cu,ensemble,footprint,0.4099757622677258,0.19348051716444625,-70.72739151400185,1.1939241121453317,3466
a14_d1,14.0,1.0,prova2,raster,0,0.25,Cu,ensemble,unmeasured,0.2769561583855488,,-73.00183497877688,,2591
a14_d1,14.0,1.0,prova2,raster,0,0.25,Cu,deterministic,footprint,0.31846650299340934,0.2883228276262525,-100.0,2.3071971278549417,3466
a14_d1,14.0,1.0,prova2,raster,0,0.25,Cu,deterministic,unmeasured,0.17458153553512476,,-98.12729989220819,,2591
a14_d1,14.0,1.0,prova2,raster,0,0.25,PbLl,ensemble,footprint,0.4757935734929814,0.28339491373875497,-47.18875388086066,1.2242728240557232,3466
a14_d1,14.0,1.0,prova2,raster,0,0.25,PbLl,ensemble,unmeasured,0.4153017429123838,,-57.772063311173625,,2591
a14_d1,14.0,1.0,prova2,raster,0,0.25,PbLl,deterministic,footprint,0.22390192730585332,0.10624851745585795,-100.0,3.284154604410469,3466
a14_d1,14.0,1.0,prova2,raster,0,0.25,PbLl,deterministic,unmeasured,0.1736012886815292,,-97.72277248760602,,2591
a14_d1,14.0,1.0,prova2,raster,0,0.25,PbLa,ensemble,footprint,0.3448804165612919,0.2023958571097344,-47.89029473100464,1.6710193271461096,3466
a14_d1,14.0,1.0,prova2,raster,0,0.25,PbLa,ensemble,unmeasured,0.396799718441975,,-57.678220613393854,,2591
a14_d1,14.0,1.0,prova2,raster,0,0.25,PbLa,deterministic,footprint,0.05391013761824259,0.020665850222426205,-100.0,5.116973812481828,3466
a14_d1,14.0,1.0,prova2,raster,0,0.25,PbLa,deterministic,unmeasured,0.1182695824857876,,-97.93391810969437,,2591
a14_d1,14.0,1.0,prova2,raster,0,0.25,PbLb,ensemble,footprint,0.32104871183353767,0.19608232493512295,-48.12353988140936,1.6956557681924433,3466
a14_d1,14.0,1.0,prova2,raster,0,0.25,PbLb,ensemble,unmeasured,0.371591233688581,,-57.94888720541718,,2591
a14_d1,14.0,1.0,prova2,raster,0,0.25,PbLb,deterministic,footprint,0.04014470257646012,0.01643884491937043,-100.0,5.197308027617665,3466
a14_d1,14.0,1.0,prova2,raster,0,0.25,PbLb,deterministic,unmeasured,0.11245759933559878,,-97.95061184423545,,2591
a14_d1,14.0,1.0,prova2,raster,0,0.25,PbLg,ensemble,footprint,0.3200825321979252,0.2082955085361839,-47.99392799065723,1.7116608306894165,3466
a14_d1,14.0,1.0,prova2,raster,0,0.25,PbLg,ensemble,unmeasured,0.3664226077287197,,-57.41079946570397,,2591
a14_d1,14.0,1.0,prova2,raster,0,0.25,PbLg,deterministic,footprint,0.04073121167466053,0.02139191354791165,-100.0,5.294360464096322,3466
a14_d1,14.0,1.0,prova2,raster,0,0.25,PbLg,deterministic,unmeasured,0.09991101345267375,,-97.94193401822707,,2591
a14_d1,14.0,1.0,prova2,raster,1,0.3055555555555556,Ca,ensemble,footprint,0.3920357194222414,0.3035100872096884,-28.70924165033104,1.3145654984471498,3466
a14_d1,14.0,1.0,prova2,raster,1,0.3055555555555556,Ca,ensemble,unmeasured,-0.1376981213546462,,-50.59957788660644,,2411
a14_d1,14.0,1.0,prova2,raster,1,0.3055555555555556,Ca,deterministic,footprint,0.3865230138604849,0.15157534481036966,-100.0,3.459037500157151,3466
a14_d1,14.0,1.0,prova2,raster,1,0.3055555555555556,Ca,deterministic,unmeasured,0.1387666705747679,,-97.69765099074466,,2411
a14_d1,14.0,1.0,prova2,raster,1,0.3055555555555556,Ti,ensemble,footprint,0.22655266425383716,0.3007378997554449,-30.370605870141176,1.3519130449898478,3466
a14_d1,14.0,1.0,prova2,raster,1,0.3055555555555556,Ti,ensemble,unmeasured,-0.06689076795388624,,-48.93326185515065,,2411
a14_d1,14.0,1.0,prova2,raster,1,0.3055555555555556,Ti,deterministic,footprint,0.16897258473046986,0.08153432663088056,-100.0,4.306531791812503,3466
a14_d1,14.0,1.0,prova2,raster,1,0.3055555555555556,Ti,deterministic,unmeasured,0.04659688380537668,,-97.86883622321639,,2411
a14_d1,14.0,1.0,prova2,raster,1,0.3055555555555556,Fe,ensemble,footprint,0.3714698120578742,0.4977766716407505,-26.828659458495572,1.0907941976432425,3466
a14_d1,14.0,1.0,prova2,raster,1,0.3055555555555556,Fe,ensemble,unmeasured,0.03705235839745033,,-72.1430744533744,,2411
a14_d1,14.0,1.0,prova2,raster,1,0.3055555555555556,Fe,deterministic,footprint,0.31860926637755727,0.23394949438027857,-100.0,2.1271151019569117,3466
a14_d1,14.0,1.0,prova2,raster,1,0.3055555555555556,Fe,deterministic,unmeasured,0.08800983434647011,,-98.31135993638551,,2411
a14_d1,14.0,1.0,prova2,raster,1,0.3055555555555556,Cu,ensemble,footprint,0.41464735734529634,0.20678593299946801,-61.15041646704136,1.1064763244790656,3466
a14_d1,14.0,1.0,prova2,raster,1,0.3055555555555556,Cu,ensemble,unmeasured,0.26040703974702145,,-71.24994725261578,,2411
a14_d1,14.0,1.0,prova2,raster,1,0.3055555555555556,Cu,deterministic,footprint,0.3270235487793374,0.3007527489889847,-100.0,1.9556718925147585,3466
a14_d1,14.0,1.0,prova2,raster,1,0.3055555555555556,Cu,deterministic,unmeasured,0.17378803870949222,,-97.9277261078584,,2411
a14_d1,14.0,1.0,prova2,raster,1,0.3055555555555556,PbLl,ensemble,footprint,0.5113853304472203,0.27826616709764496,-40.21798372303411,1.1747015795684828,3466
a14_d1,14.0,1.0,prova2,raster,1,0.3055555555555556,PbLl,ensemble,unmeasured,0.46500738266780955,,-55.181257442609535,,2411
a14_d1,14.0,1.0,prova2,raster,1,0.3055555555555556,PbLl,deterministic,footprint,0.24587337716907415,0.10151275476234613,-100.0,2.850848730808364,3466
a14_d1,14.0,1.0,prova2,raster,1,0.3055555555555556,PbLl,deterministic,unmeasured,0.1872609816815193,,-97.39580156047482,,2411
a14_d1,14.0,1.0,prova2,raster,1,0.3055555555555556,PbLa,ensemble,footprint,0.35392770926336076,0.18064753084880358,-42.08708420656342,1.594851731073834,3466
a14_d1,14.0,1.0,prova2,raster,1,0.3055555555555556,PbLa,ensemble,unmeasured,0.4197717961675241,,-55.84242115223785,,2411
a14_d1,14.0,1.0,prova2,raster,1,0.3055555555555556,PbLa,deterministic,footprint,0.048715713038287416,0.014017004953447074,-100.0,4.492525510131164,3466
a14_d1,14.0,1.0,prova2,raster,1,0.3055555555555556,PbLa,deterministic,unmeasured,0.12292527045760136,,-97.692952353569,,2411
a14_d1,14.0,1.0,prova2,raster,1,0.3055555555555556,PbLb,ensemble,footprint,0.3235653340742467,0.17780417862779907,-41.43246496081685,1.6145081738958897,3466
a14_d1,14.0,1.0,prova2,raster,1,0.3055555555555556,PbLb,ensemble,unmeasured,0.388466619448337,,-56.23414811799143,,2411
a14_d1,14.0,1.0,prova2,raster,1,0.3055555555555556,PbLb,deterministic,footprint,0.02903708608928779,0.01103595034555255,-100.0,4.563604567992782,3466
a14_d1,14.0,1.0,prova2,raster,1,0.3055555555555556,PbLb,deterministic,unmeasured,0.1165960316916686,,-97.71468003940842,,2411
a14_d1,14.0,1.0,prova2,raster,1,0.3055555555555556,PbLg,ensemble,footprint,0.3367236411712551,0.1993818973341047,-41.2127729029374,1.639254115908031,3466
a14_d1,14.0,1.0,prova2,raster,1,0.3055555555555556,PbLg,ensemble,unmeasured,0.3903555488239695,,-55.48243178017553,,2411
a14_d1,14.0,1.0,prova2,raster,1,0.3055555555555556,PbLg,deterministic,footprint,0.04684758799099042,0.01949761097942639,-100.0,4.654467673697997,3466
a14_d1,14.0,1.0,prova2,raster,1,0.3055555555555556,PbLg,deterministic,unmeasured,0.10597530151101513,,-97.69731692707484,,2411
a14_d1,14.0,1.0,prova2,raster,2,0.3611111111111111,Ca,ensemble,footprint,0.4177666169998108,0.35256788860003724,-18.0996365050879,1.2441554505027388,3466
a14_d1,14.0,1.0,prova2,raster,2,0.3611111111111111,Ca,ensemble,unmeasured,-0.15068576253876484,,-47.933656961357165,,2223
a14_d1,14.0,1.0,prova2,raster,2,0.3611111111111111,Ca,deterministic,footprint,0.39471447533701853,0.20019854074745536,-100.0,3.1052598412942425,3466
a14_d1,14.0,1.0,prova2,raster,2,0.3611111111111111,Ca,deterministic,unmeasured,0.14819529570520715,,-97.60234539925824,,2223
a14_d1,14.0,1.0,prova2,raster,2,0.3611111111111111,Ti,ensemble,footprint,0.23334729083379518,0.3383521952268775,-24.281149204816032,1.2565099477275057,3466
a14_d1,14.0,1.0,prova2,raster,2,0.3611111111111111,Ti,ensemble,unmeasured,-0.06407343589936278,,-46.789527821973614,,2223
a14_d1,14.0,1.0,prova2,raster,2,0.3611111111111111,Ti,deterministic,footprint,0.13886083545883698,0.11620090021935771,-100.0,3.84241945313399,3466
a14_d1,14.0,1.0,prova2,raster,2,0.3611111111111111,Ti,deterministic,unmeasured,0.044166963370587196,,-97.75972130043301,,2223
a14_d1,14.0,1.0,prova2,raster,2,0.3611111111111111,Fe,ensemble,footprint,0.385398179744967,0.5160031310647284,-21.671535457492208,1.044644457290772,3466
a14_d1,14.0,1.0,prova2,raster,2,0.3611111111111111,Fe,ensemble,unmeasured,0.056132236766218334,,-71.70626935303537,,2223
a14_d1,14.0,1.0,prova2,raster,2,0.3611111111111111,Fe,deterministic,footprint,0.31210937805262207,0.268468172729521,-100.0,1.9467686372295567,3466
a14_d1,14.0,1.0,prova2,raster,2,0.3611111111111111,Fe,deterministic,unmeasured,0.08180828376162347,,-98.24857875617306,,2223
a14_d1,14.0,1.0,prova2,raster,2,0.3611111111111111,Cu,ensemble,footprint,0.4711377786068393,0.2639075843208029,-46.085542278057254,1.0758572383581848,3466
a14_d1,14.0,1.0,prova2,raster,2,0.3611111111111111,Cu,ensemble,unmeasured,0.2554385207814592,,-69.21653748985334,,2223
a14_d1,14.0,1.0,prova2,raster,2,0.3611111111111111,Cu,deterministic,footprint,0.3915116038874506,0.3697574282991125,-100.0,1.7494869128897812,3466
a14_d1,14.0,1.0,prova2,raster,2,0.3611111111111111,Cu,deterministic,unmeasured,0.1669580605407139,,-97.97973837193935,,2223
a14_d1,14.0,1.0,prova2,raster,2,0.3611111111111111,PbLl,ensemble,footprint,0.5472361185205339,0.3301286300768731,-31.00015112778216,1.1193417165096844,3466
a14_d1,14.0,1.0,prova2,raster,2,0.3611111111111111,PbLl,ensemble,unmeasured,0.484985204201903,,-52.392643569833986,,2223
a14_d1,14.0,1.0,prova2,raster,2,0.3611111111111111,PbLl,deterministic,footprint,0.2893396487552675,0.15978116624291358,-100.0,2.5324272138940995,3466
a14_d1,14.0,1.0,prova2,raster,2,0.3611111111111111,PbLl,deterministic,unmeasured,0.199893691437411,,-97.25227609702512,,2223
a14_d1,14.0,1.0,prova2,raster,2,0.3611111111111111,PbLa,ensemble,footprint,0.4089498906077364,0.24687229766102037,-35.48900028864441,1.5394384689092058,3466
a14_d1,14.0,1.0,prova2,raster,2,0.3611111111111111,PbLa,ensemble,unmeasured,0.4482934535108634,,-53.366703370859085,,2223
a14_d1,14.0,1.0,prova2,raster,2,0.3611111111111111,PbLa,deterministic,footprint,0.10939582349410348,0.06914258423044042,-100.0,4.025507526681872,3466
a14_d1,14.0,1.0,prova2,raster,2,0.3611111111111111,PbLa,deterministic,unmeasured,0.1432214380326909,,-97.55401981417346,,2223
a14_d1,14.0,1.0,prova2,raster,2,0.3611111111111111,PbLb,ensemble,footprint,0.37990388957396987,0.24004466142555497,-35.62801006993554,1.5566366706995045,3466
a14_d1,14.0,1.0,prova2,raster,2,0.3611111111111111,PbLb,ensemble,unmeasured,0.42261255632200345,,-53.870096577892326,,2223
a14_d1,14.0,1.0,prova2,raster,2,0.3611111111111111,PbLb,deterministic,footprint,0.08531493714745754,0.06301523108190703,-100.0,4.089397175033902,3466
a14_d1,14.0,1.0,prova2,raster,2,0.3611111111111111,PbLb,deterministic,unmeasured,0.1398882232016783,,-97.57871974342288,,2223
a14_d1,14.0,1.0,prova2,raster,2,0.3611111111111111,PbLg,ensemble,footprint,0.3923458696727196,0.2535593919503436,-35.08150258415328,1.5778671743871304,3466
a14_d1,14.0,1.0,prova2,raster,2,0.3611111111111111,PbLg,ensemble,unmeasured,0.4208177520751256,,-53.05347787085567,,2223
a14_d1,14.0,1.0,prova2,raster,2,0.3611111111111111,PbLg,deterministic,footprint,0.10479379725596942,0.06627611846154488,-100.0,4.169088911281722,3466
a14_d1,14.0,1.0,prova2,raster,2,0.3611111111111111,PbLg,deterministic,unmeasured,0.13153862462033056,,-97.55684126855093,,2223
a14_d1,14.0,1.0,prova2,raster,3,0.4166666666666667,Ca,ensemble,footprint,0.4456166998891916,0.40705160156798637,-10.088491604948091,1.183258521474829,3466
a14_d1,14.0,1.0,prova2,raster,3,0.4166666666666667,Ca,ensemble,unmeasured,-0.17494559009916585,,-46.310608090594705,,2029
a14_d1,14.0,1.0,prova2,raster,3,0.4166666666666667,Ca,deterministic,footprint,0.3811938446641037,0.26414006101977255,-100.0,2.840558142529474,3466
a14_d1,14.0,1.0,prova2,raster,3,0.4166666666666667,Ca,deterministic,unmeasured,0.14096111320068058,,-97.5624697033687,,2029
a14_d1,14.0,1.0,prova2,raster,3,0.4166666666666667,Ti,ensemble,footprint,0.2658094662342291,0.38996542043393645,-16.756960680501564,1.16061702093316,3466
a14_d1,14.0,1.0,prova2,raster,3,0.4166666666666667,Ti,ensemble,unmeasured,-0.014694002295892867,,-44.61651205541634,,2029
a14_d1,14.0,1.0,prova2,raster,3,0.4166666666666667,Ti,deterministic,footprint,0.11006745647339755,0.16976583458791308,-100.0,3.4411707301684644,3466
a14_d1,14.0,1.0,prova2,raster,3,0.4166666666666667,Ti,deterministic,unmeasured,0.03880075053036012,,-97.68638877613007,,2029
a14_d1,14.0,1.0,prova2,raster,3,0.4166666666666667,Fe,ensemble,footprint,0.40946579279188,0.533738347042695,-16.82358159745869,1.0065138306184878,3466
a14_d1,14.0,1.0,prova2,raster,3,0.4166666666666667,Fe,ensemble,unmeasured,0.11421424730500294,,-71.26879348698205,,2029
a14_d1,14.0,1.0,prova2,raster,3,0.4166666666666667,Fe,deterministic,footprint,0.3086659793501596,0.30990418489379257,-100.0,1.7808202264185808,3466
a14_d1,14.0,1.0,prova2,raster,3,0.4166666666666667,Fe,deterministic,unmeasured,0.07764491635468224,,-98.17904924574617,,2029
a14_d1,14.0,1.0,prova2,raster,3,0.4166666666666667,Cu,ensemble,footprint,0.48362918510752934,0.30539728498045565,-27.644967827669632,1.0409245119461594,3466
a14_d1,14.0,1.0,prova2,raster,3,0.4166666666666667,Cu,ensemble,unmeasured,0.2028404545927756,,-68.26879213288167,,2029
a14_d1,14.0,1.0,prova2,raster,3,0.4166666666666667,Cu,deterministic,footprint,0.40944603540921176,0.42177887562105576,-84.8579967691965,1.6254028395132325,3466
a14_d1,14.0,1.0,prova2,raster,3,0.4166666666666667,Cu,deterministic,unmeasured,0.17387364053569748,,-98.01512271147082,,2029
a14_d1,14.0,1.0,prova2,raster,3,0.4166666666666667,PbLl,ensemble,footprint,0.6245086869497167,0.397712149516583,-21.755676031891547,1.0982960203895245,3466
a14_d1,14.0,1.0,prova2,raster,3,0.4166666666666667,PbLl,ensemble,unmeasured,0.49035408041114087,,-47.524834545016326,,2029
a14_d1,14.0,1.0,prova2,raster,3,0.4166666666666667,PbLl,deterministic,footprint,0.39966191476027035,0.21660024572483447,-100.0,2.2851302890640537,3466
a14_d1,14.0,1.0,prova2,raster,3,0.4166666666666667,PbLl,deterministic,unmeasured,0.20641440766096725,,-97.09206826167188,,2029
a14_d1,14.0,1.0,prova2,raster,3,0.4166666666666667,PbLa,ensemble,footprint,0.5381343938665626,0.3434203063396789,-27.415138623989932,1.5140200041189658,3466
a14_d1,14.0,1.0,prova2,raster,3,0.4166666666666667,PbLa,ensemble,unmeasured,0.5002209253636495,,-49.66902934383382,,2029
a14_d1,14.0,1.0,prova2,raster,3,0.4166666666666667,PbLa,deterministic,footprint,0.2479363780716588,0.12915759469459728,-100.0,3.648814550739897,3466
a14_d1,14.0,1.0,prova2,raster,3,0.4166666666666667,PbLa,deterministic,unmeasured,0.14923790848842303,,-97.45961941324428,,2029
a14_d1,14.0,1.0,prova2,raster,3,0.4166666666666667,PbLb,ensemble,footprint,0.5235437780704044,0.3353210887824456,-28.5486490471623,1.5382645629893799,3466
a14_d1,14.0,1.0,prova2,raster,3,0.4166666666666667,PbLb,ensemble,unmeasured,0.49038479122328754,,-50.28648673225645,,2029
a14_d1,14.0,1.0,prova2,raster,3,0.4166666666666667,PbLb,deterministic,footprint,0.2297563812188834,0.12105698050683124,-100.0,3.715274844237268,3466
a14_d1,14.0,1.0,prova2,raster,3,0.4166666666666667,PbLb,deterministic,unmeasured,0.14395647418349494,,-97.49079628278488,,2029
a14_d1,14.0,1.0,prova2,raster,3,0.4166666666666667,PbLg,ensemble,footprint,0.5208992811831004,0.3396170400737061,-26.72839453247079,1.5493072131178522,3466
a14_d1,14.0,1.0,prova2,raster,3,0.4166666666666667,PbLg,ensemble,unmeasured,0.4700780201694946,,-49.41594418038691,,2029
a14_d1,14.0,1.0,prova2,raster,3,0.4166666666666667,PbLg,deterministic,footprint,0.24036276668636936,0.11820530729976796,-100.0,3.7780674881999197,3466
a14_d1,14.0,1.0,prova2,raster,3,0.4166666666666667,PbLg,deterministic,unmeasured,0.1314536343256443,,-97.47712742525454,,2029
a14_d1,14.0,1.0,prova2,raster,4,0.4722222222222222,Ca,ensemble,footprint,0.46597323107076727,0.46834799054002973,-5.342803470045898,1.1349563678523695,3466
a14_d1,14.0,1.0,prova2,raster,4,0.4722222222222222,Ca,ensemble,unmeasured,-0.18122080711730013,,-45.15092834465668,,1830
a14_d1,14.0,1.0,prova2,raster,4,0.4722222222222222,Ca,deterministic,footprint,0.3682624804069844,0.34100090292247187,-76.58747930280391,2.5779970381686863,3466
a14_d1,14.0,1.0,prova2,raster,4,0.4722222222222222,Ca,deterministic,unmeasured,0.11979293116051844,,-97.61030039232172,,1830
a14_d1,14.0,1.0,prova2,raster,4,0.4722222222222222,Ti,ensemble,footprint,0.2724413970960254,0.43842690958389013,-10.529783247976898,1.0903105114843532,3466
a14_d1,14.0,1.0,prova2,raster,4,0.4722222222222222,Ti,ensemble,unmeasured,-0.006528501952304849,,-42.80558428373039,,1830
a14_d1,14.0,1.0,prova2,raster,4,0.4722222222222222,Ti,deterministic,footprint,0.08623608783499775,0.2330254888318303,-78.87981461691123,3.0761912956540107,3466
a14_d1,14.0,1.0,prova2,raster,4,0.4722222222222222,Ti,deterministic,unmeasured,0.03788052957133491,,-97.65761626886565,,1830
a14_d1,14.0,1.0,prova2,raster,4,0.4722222222222222,Fe,ensemble,footprint,0.4183387136693694,0.5607856937460756,-12.48163746327191,0.972791700203316,3466
a14_d1,14.0,1.0,prova2,raster,4,0.4722222222222222,Fe,ensemble,unmeasured,0.11028673211522895,,-71.2143564487348,,1830
a14_d1,14.0,1.0,prova2,raster,4,0.4722222222222222,Fe,deterministic,footprint,0.3018071125830334,0.36609562758601005,-79.18924181389062,1.631943701409432,3466
a14_d1,14.0,1.0,prova2,raster,4,0.4722222222222222,Fe,deterministic,unmeasured,0.06343672938037954,,-98.2374123931947,,1830
a14_d1,14.0,1.0,prova2,raster,4,0.4722222222222222,Cu,ensemble,footprint,0.5161092924879822,0.37689634297659325,-13.102728977191092,1.0026103187556128,3466
a14_d1,14.0,1.0,prova2,raster,4,0.4722222222222222,Cu,ensemble,unmeasured,0.21744468076801693,,-67.16533604490324,,1830
a14_d1,14.0,1.0,prova2,raster,4,0.4722222222222222,Cu,deterministic,footprint,0.4412218973033128,0.5133444877374191,-21.518035322996653,1.473461079852674,3466
a14_d1,14.0,1.0,prova2,raster,4,0.4722222222222222,Cu,deterministic,unmeasured,0.19968232390099458,,-97.79753074751916,,1830
a14_d1,14.0,1.0,prova2,raster,4,0.4722222222222222,PbLl,ensemble,footprint,0.6782184839138128,0.45580395770193416,-14.732135817406999,1.0566977433711624,3466
a14_d1,14.0,1.0,prova2,raster,4,0.4722222222222222,PbLl,ensemble,unmeasured,0.5075026016604942,,-42.90503742943524,,1830
a14_d1,14.0,1.0,prova2,raster,4,0.4722222222222222,PbLl,deterministic,footprint,0.46696067288978527,0.2734360659495545,-60.50428286245666,2.0451074852403717,3466
a14_d1,14.0,1.0,prova2,raster,4,0.4722222222222222,PbLl,deterministic,unmeasured,0.21394432936055402,,-96.98837426108969,,1830
a14_d1,14.0,1.0,prova2,raster,4,0.4722222222222222,PbLa,ensemble,footprint,0.6040691332421512,0.4391055211602914,-16.533191939978465,1.4538228025066904,3466
a14_d1,14.0,1.0,prova2,raster,4,0.4722222222222222,PbLa,ensemble,unmeasured,0.5254902958770389,,-46.44743025610247,,1830
a14_d1,14.0,1.0,prova2,raster,4,0.4722222222222222,PbLa,deterministic,footprint,0.317360331332457,0.21019944746194003,-79.57542886665347,3.269056240774326,3466
a14_d1,14.0,1.0,prova2,raster,4,0.4722222222222222,PbLa,deterministic,unmeasured,0.16643695217927884,,-97.36408702292422,,1830
a14_d1,14.0,1.0,prova2,raster,4,0.4722222222222222,PbLb,ensemble,footprint,0.5918733573334313,0.42953949323216695,-17.963978094828402,1.4787800177711412,3466
a14_d1,14.0,1.0,prova2,raster,4,0.4722222222222222,PbLb,ensemble,unmeasured,0.5204700427087531,,-47.21259677723517,,1830
a14_d1,14.0,1.0,prova2,raster,4,0.4722222222222222,PbLb,deterministic,footprint,0.2982079300886504,0.20230049032380398,-79.29393250663139,3.3304683840616285,3466
a14_d1,14.0,1.0,prova2,raster,4,0.4722222222222222,PbLb,deterministic,unmeasured,0.16214433589294244,,-97.39710026773636,,1830
a14_d1,14.0,1.0,prova2,raster,4,0.4722222222222222,PbLg,ensemble,footprint,0.5819760103770716,0.42268340941201943,-16.256943654762203,1.483343760297116,3466
a14_d1,14.0,1.0,prova2,raster,4,0.4722222222222222,PbLg,ensemble,unmeasured,0.4986144871098521,,-46.368417709560404,,1830
a14_d1,14.0,1.0,prova2,raster,4,0.4722222222222222,PbLg,deterministic,footprint,0.29956121717116574,0.18887458296745546,-79.91548446110197,3.3828149502985854,3466
a14_d1,14.0,1.0,prova2,raster,4,0.4722222222222222,PbLg,deterministic,unmeasured,0.14626389857366925,,-97.39075028990399,,1830
a14_d1,14.0,1.0,prova2,raster,5,0.5277777777777778,Ca,ensemble,footprint,0.5385021533127361,0.5285762123263498,-4.311963915216244,1.0813165010250982,3466
a14_d1,14.0,1.0,prova2,raster,5,0.5277777777777778,Ca,ensemble,unmeasured,-0.09694829133150364,,-42.936189237137114,,1635
a14_d1,14.0,1.0,prova2,raster,5,0.5277777777777778,Ca,deterministic,footprint,0.36638364103698445,0.3945370274342643,-23.585183242199726,2.3650219356052893,3466
a14_d1,14.0,1.0,prova2,raster,5,0.5277777777777778,Ca,deterministic,unmeasured,0.1359865210074011,,-97.2828819523495,,1635
a14_d1,14.0,1.0,prova2,raster,5,0.5277777777777778,Ti,ensemble,footprint,0.39873904623892287,0.5090541415700358,-7.5977341834838725,1.024053522080793,3466
a14_d1,14.0,1.0,prova2,raster,5,0.5277777777777778,Ti,ensemble,unmeasured,0.09348141060934881,,-38.646159030311374,,1635
a14_d1,14.0,1.0,prova2,raster,5,0.5277777777777778,Ti,deterministic,footprint,0.14301631324332187,0.3065656739426167,-25.400395701220035,2.7779723835123336,3466
a14_d1,14.0,1.0,prova2,raster,5,0.5277777777777778,Ti,deterministic,unmeasured,0.05415022646245808,,-97.34045113793373,,1635
a14_d1,14.0,1.0,prova2,raster,5,0.5277777777777778,Fe,ensemble,footprint,0.5866948952080182,0.6071088133199087,-8.652883723971083,1.0184210165718093,3466
a14_d1,14.0,1.0,prova2,raster,5,0.5277777777777778,Fe,ensemble,unmeasured,0.37835811190184154,,-67.64419623121708,,1635
a14_d1,14.0,1.0,prova2,raster,5,0.5277777777777778,Fe,deterministic,footprint,0.4503466789041327,0.4213906641803137,-28.03963412110746,1.5443505985334114,3466
a14_d1,14.0,1.0,prova2,raster,5,0.5277777777777778,Fe,deterministic,unmeasured,0.09901255316786998,,-97.81009154171798,,1635
a14_d1,14.0,1.0,prova2,raster,5,0.5277777777777778,Cu,ensemble,footprint,0.5500734813822574,0.4294253532297566,-13.014292773032354,1.0247445723359871,3466
a14_d1,14.0,1.0,prova2,raster,5,0.5277777777777778,Cu,ensemble,unmeasured,0.292882428702887,,-68.42361088584116,,1635
a14_d1,14.0,1.0,prova2,raster,5,0.5277777777777778,Cu,deterministic,footprint,0.4409478151295212,0.513446976638879,-21.154428310689333,1.4721702438745936,3466
a14_d1,14.0,1.0,prova2,raster,5,0.5277777777777778,Cu,deterministic,unmeasured,0.1889369635747028,,-97.79443862978405,,1635
a14_d1,14.0,1.0,prova2,raster,5,0.5277777777777778,PbLl,ensemble,footprint,0.7342645845926697,0.5151573855038799,-10.791370274681034,1.034156012990091,3466
a14_d1,14.0,1.0,prova2,raster,5,0.5277777777777778,PbLl,ensemble,unmeasured,0.48493479443780696,,-38.201587245245214,,1635
a14_d1,14.0,1.0,prova2,raster,5,0.5277777777777778,PbLl,deterministic,footprint,0.5423209929563552,0.33568014020253284,-23.47176762337,1.8977521060036309,3466
a14_d1,14.0,1.0,prova2,raster,5,0.5277777777777778,PbLl,deterministic,unmeasured,0.18977430653091507,,-96.83775462089916,,1635
a14_d1,14.0,1.0,prova2,raster,5,0.5277777777777778,PbLa,ensemble,footprint,0.6667556240677561,0.5210267898500223,-5.476937319744679,1.3745879617056487,3466
a14_d1,14.0,1.0,prova2,raster,5,0.5277777777777778,PbLa,ensemble,unmeasured,0.4777924092478385,,-42.26434824612179,,1635
a14_d1,14.0,1.0,prova2,raster,5,0.5277777777777778,PbLa,deterministic,footprint,0.40293310487004447,0.28344490212046075,-23.15844475490625,2.9743443565986305,3466
a14_d1,14.0,1.0,prova2,raster,5,0.5277777777777778,PbLa,deterministic,unmeasured,0.13652671718074658,,-97.1647913042168,,1635
a14_d1,14.0,1.0,prova2,raster,5,0.5277777777777778,PbLb,ensemble,footprint,0.6573725322138126,0.5113793846809594,-6.409564180297167,1.3995184045438585,3466
a14_d1,14.0,1.0,prova2,raster,5,0.5277777777777778,PbLb,ensemble,unmeasured,0.469642160901239,,-43.033067740537014,,1635
a14_d1,14.0,1.0,prova2,raster,5,0.5277777777777778,PbLb,deterministic,footprint,0.3894902382686086,0.2745959506278547,-23.08267256805011,3.0285837017447523,3466
a14_d1,14.0,1.0,prova2,raster,5,0.5277777777777778,PbLb,deterministic,unmeasured,0.13064125399036144,,-97.1959188533809,,1635
a14_d1,14.0,1.0,prova2,raster,5,0.5277777777777778,PbLg,ensemble,footprint,0.6405393904195946,0.4992342572272989,-8.977937288957271,1.3973908502805112,3466
a14_d1,14.0,1.0,prova2,raster,5,0.5277777777777778,PbLg,ensemble,unmeasured,0.4459362121284377,,-42.30275305503049,,1635
a14_d1,14.0,1.0,prova2,raster,5,0.5277777777777778,PbLg,deterministic,footprint,0.381636522468782,0.25749828577216294,-23.478293679881503,3.0726671621431207,3466
a14_d1,14.0,1.0,prova2,raster,5,0.5277777777777778,PbLg,deterministic,unmeasured,0.11703020677577032,,-97.19277125796496,,1635
a14_d1,14.0,1.0,prova2,raster,6,0.5833333333333334,Ca,ensemble,footprint,0.5901350375283613,0.5925543103893023,-3.283246312837662,1.0551825005699862,3466
a14_d1,14.0,1.0,prova2,raster,6,0.5833333333333334,Ca,ensemble,unmeasured,-0.05170836057331892,,-42.536032135409826,,1435
a14_d1,14.0,1.0,prova2,raster,6,0.5833333333333334,Ca,deterministic,footprint,0.35538088346130536,0.4732851502493963,-8.7494117222095,2.1778079240667414,3466
a14_d1,14.0,1.0,prova2,raster,6,0.5833333333333334,Ca,deterministic,unmeasured,0.15632534124054434,,-97.6285440911901,,1435
a14_d1,14.0,1.0,prova2,raster,6,0.5833333333333334,Ti,ensemble,footprint,0.45317337443438005,0.5807085442816088,-4.870442770238126,0.97391444571037,3466
a14_d1,14.0,1.0,prova2,raster,6,0.5833333333333334,Ti,ensemble,unmeasured,0.11413140386988989,,-36.393701705682744,,1435
a14_d1,14.0,1.0,prova2,raster,6,0.5833333333333334,Ti,deterministic,footprint,0.15571526312848052,0.4006041119943063,-11.08762833050898,2.5102127439346185,3466
a14_d1,14.0,1.0,prova2,raster,6,0.5833333333333334,Ti,deterministic,unmeasured,0.08494314190518144,,-97.69076127888229,,1435
a14_d1,14.0,1.0,prova2,raster,6,0.5833333333333334,Fe,ensemble,footprint,0.6062929800802389,0.6715572345938972,-5.593377235754094,0.972530203508255,3466
a14_d1,14.0,1.0,prova2,raster,6,0.5833333333333334,Fe,ensemble,unmeasured,0.38141936980305013,,-66.67953078778937,,1435
a14_d1,14.0,1.0,prova2,raster,6,0.5833333333333334,Fe,deterministic,footprint,0.4660692040615549,0.5154278074251261,-14.76020139465083,1.3971197774999164,3466
a14_d1,14.0,1.0,prova2,raster,6,0.5833333333333334,Fe,deterministic,unmeasured,0.10432096926812495,,-98.09837465102954,,1435
a14_d1,14.0,1.0,prova2,raster,6,0.5833333333333334,Cu,ensemble,footprint,0.5934780020115641,0.49375067314905335,-12.091593937624323,1.04829342168938,3466
a14_d1,14.0,1.0,prova2,raster,6,0.5833333333333334,Cu,ensemble,unmeasured,0.3632751962818864,,-70.13211143252563,,1435
a14_d1,14.0,1.0,prova2,raster,6,0.5833333333333334,Cu,deterministic,footprint,0.4617040305202213,0.5511609474020148,-16.254695872747416,1.4389616385963147,3466
a14_d1,14.0,1.0,prova2,raster,6,0.5833333333333334,Cu,deterministic,unmeasured,0.15727840013632483,,-98.27496646745574,,1435
a14_d1,14.0,1.0,prova2,raster,6,0.5833333333333334,PbLl,ensemble,footprint,0.8035843847932801,0.5949044513651902,-7.484644529419571,1.020774392483751,3466
a14_d1,14.0,1.0,prova2,raster,6,0.5833333333333334,PbLl,ensemble,unmeasured,0.43513614140514495,,-32.03749895987743,,1435
a14_d1,14.0,1.0,prova2,raster,6,0.5833333333333334,PbLl,deterministic,footprint,0.6544078662021905,0.4346848515828768,-14.604410476809736,1.7522449103468525,3466
a14_d1,14.0,1.0,prova2,raster,6,0.5833333333333334,PbLl,deterministic,unmeasured,0.1745043166762179,,-97.48398907489148,,1435
a14_d1,14.0,1.0,prova2,raster,6,0.5833333333333334,PbLa,ensemble,footprint,0.7533665052220128,0.6288447133985268,-2.9139850054243466,1.3300191172757647,3466
a14_d1,14.0,1.0,prova2,raster,6,0.5833333333333334,PbLa,ensemble,unmeasured,0.4140191855325079,,-37.98135232937365,,1435
a14_d1,14.0,1.0,prova2,raster,6,0.5833333333333334,PbLa,deterministic,footprint,0.5344884097493751,0.40525207326110074,-5.798903853151605,2.7145521236925414,3466
a14_d1,14.0,1.0,prova2,raster,6,0.5833333333333334,PbLa,deterministic,unmeasured,0.11242462904026407,,-97.73951244437531,,1435
a14_d1,14.0,1.0,prova2,raster,6,0.5833333333333334,PbLb,ensemble,footprint,0.7512447697273927,0.6220324526304318,-3.129700736959251,1.3589239349223485,3466
a14_d1,14.0,1.0,prova2,raster,6,0.5833333333333334,PbLb,ensemble,unmeasured,0.4004777362991968,,-38.767294210175315,,1435
a14_d1,14.0,1.0,prova2,raster,6,0.5833333333333334,PbLb,deterministic,footprint,0.5306929912372575,0.39812157998389563,-5.657129887663093,2.7668186357656697,3466
a14_d1,14.0,1.0,prova2,raster,6,0.5833333333333334,PbLb,deterministic,unmeasured,0.10847808209088249,,-97.75805118766355,,1435
a14_d1,14.0,1.0,prova2,raster,6,0.5833333333333334,PbLg,ensemble,footprint,0.7241397132586217,0.6010322085755894,-5.887906245606156,1.3454907535405438,3466
a14_d1,14.0,1.0,prova2,raster,6,0.5833333333333334,PbLg,ensemble,unmeasured,0.38291677133747537,,-38.32065671491471,,1435
a14_d1,14.0,1.0,prova2,raster,6,0.5833333333333334,PbLg,deterministic,footprint,0.5061735477178381,0.37754083726186155,-9.18407802121135,2.798782780209445,3466
a14_d1,14.0,1.0,prova2,raster,6,0.5833333333333334,PbLg,deterministic,unmeasured,0.09765820500760981,,-97.74390621319375,,1435
a14_d1,14.0,1.0,prova2,raster,7,0.6388888888888888,Ca,ensemble,footprint,0.6841054070359124,0.6366875627894697,-2.2874628429065957,1.0176864285344396,3466
a14_d1,14.0,1.0,prova2,raster,7,0.6388888888888888,Ca,ensemble,unmeasured,0.043003420583369006,,-38.3528223779725,,1240
a14_d1,14.0,1.0,prova2,raster,7,0.6388888888888888,Ca,deterministic,footprint,0.42406767872788304,0.5137639653332255,-5.9503379748930385,1.9838206803185183,3466
a14_d1,14.0,1.0,prova2,raster,7,0.6388888888888888,Ca,deterministic,unmeasured,0.18349212531442471,,-97.6688842647306,,1240
a14_d1,14.0,1.0,prova2,raster,7,0.6388888888888888,Ti,ensemble,footprint,0.5993271574776597,0.6459649989002848,-3.2429793767789095,0.9369963437606873,3466
a14_d1,14.0,1.0,prova2,raster,7,0.6388888888888888,Ti,ensemble,unmeasured,0.2433344056112906,,-31.37024537192634,,1240
a14_d1,14.0,1.0,prova2,raster,7,0.6388888888888888,Ti,deterministic,footprint,0.2602009149753992,0.46848615793224374,-7.472263856053574,2.279486937500214,3466
a14_d1,14.0,1.0,prova2,raster,7,0.6388888888888888,Ti,deterministic,unmeasured,0.11779883436000442,,-97.78117423152729,,1240
a14_d1,14.0,1.0,prova2,raster,7,0.6388888888888888,Fe,ensemble,footprint,0.7868553519462131,0.7393874868202822,-2.899376087420791,1.03346498522417,3466
a14_d1,14.0,1.0,prova2,raster,7,0.6388888888888888,Fe,ensemble,unmeasured,0.588338693915446,,-59.26285431343974,,1240
a14_d1,14.0,1.0,prova2,raster,7,0.6388888888888888,Fe,deterministic,footprint,0.6829199662702752,0.5960291958222381,-9.823961097937573,1.3566232742867694,3466
a14_d1,14.0,1.0,prova2,raster,7,0.6388888888888888,Fe,deterministic,unmeasured,0.1705192172849542,,-97.83835456989232,,1240
a14_d1,14.0,1.0,prova2,raster,7,0.6388888888888888,Cu,ensemble,footprint,0.6278805037174775,0.558901067604078,-10.88626704002853,1.0442253575964653,3466
a14_d1,14.0,1.0,prova2,raster,7,0.6388888888888888,Cu,ensemble,unmeasured,0.37185549036922366,,-69.97067999531902,,1240
a14_d1,14.0,1.0,prova2,raster,7,0.6388888888888888,Cu,deterministic,footprint,0.48383150559889043,0.5883662398867363,-13.566048883234117,1.390199516537995,3466
a14_d1,14.0,1.0,prova2,raster,7,0.6388888888888888,Cu,deterministic,unmeasured,0.1831948202794841,,-98.17529177033599,,1240
a14_d1,14.0,1.0,prova2,raster,7,0.6388888888888888,PbLl,ensemble,footprint,0.8329271662389075,0.6446141166501436,-6.308457423589386,1.0025614180128246,3466
a14_d1,14.0,1.0,prova2,raster,7,0.6388888888888888,PbLl,ensemble,unmeasured,0.39659612337619166,,-28.702407272040567,,1240
a14_d1,14.0,1.0,prova2,raster,7,0.6388888888888888,PbLl,deterministic,footprint,0.6764407162058597,0.48902148258233036,-12.140898740258987,1.6527756778068128,3466
a14_d1,14.0,1.0,prova2,raster,7,0.6388888888888888,PbLl,deterministic,unmeasured,0.14333482947259737,,-97.74577538690328,,1240
a14_d1,14.0,1.0,prova2,raster,7,0.6388888888888888,PbLa,ensemble,footprint,0.7759290287141496,0.6857423047361767,-1.991328671039494,1.2400452820187835,3466
a14_d1,14.0,1.0,prova2,raster,7,0.6388888888888888,PbLa,ensemble,unmeasured,0.33407564562409936,,-34.53015536919892,,1240
a14_d1,14.0,1.0,prova2,raster,7,0.6388888888888888,PbLa,deterministic,footprint,0.5383043763739287,0.48354631566675205,-3.9247377026780828,2.4740755797022755,3466
a14_d1,14.0,1.0,prova2,raster,7,0.6388888888888888,PbLa,deterministic,unmeasured,0.08579127572429769,,-97.90752041272003,,1240
a14_d1,14.0,1.0,prova2,raster,7,0.6388888888888888,PbLb,ensemble,footprint,0.7729218280051955,0.6815569020681848,-2.1277677920220617,1.2605341142253874,3466
a14_d1,14.0,1.0,prova2,raster,7,0.6388888888888888,PbLb,ensemble,unmeasured,0.3200420084389258,,-35.19606291813255,,1240
a14_d1,14.0,1.0,prova2,raster,7,0.6388888888888888,PbLb,deterministic,footprint,0.5349263442040358,0.47822718640486134,-3.9897221634598967,2.514850161217049,3466
a14_d1,14.0,1.0,prova2,raster,7,0.6388888888888888,PbLb,deterministic,unmeasured,0.08559727951529655,,-97.91617384508277,,1240
a14_d1,14.0,1.0,prova2,raster,7,0.6388888888888888,PbLg,ensemble,footprint,0.74350437465995,0.652688602494902,-4.157458273060566,1.2468832365804428,3466
a14_d1,14.0,1.0,prova2,raster,7,0.6388888888888888,PbLg,ensemble,unmeasured,0.30144891007061636,,-34.91092254396349,,1240
a14_d1,14.0,1.0,prova2,raster,7,0.6388888888888888,PbLg,deterministic,footprint,0.5052803970173526,0.4525138189746989,-6.492762863698509,2.54444815713889,3466
a14_d1,14.0,1.0,prova2,raster,7,0.6388888888888888,PbLg,deterministic,unmeasured,0.06523554600918648,,-97.92081676570201,,1240
a14_d1,14.0,1.0,prova2,raster,8,0.6944444444444444,Ca,ensemble,footprint,0.8043364088076314,0.7185398705129089,-1.3226753082544285,1.0008378627943904,3466
a14_d1,14.0,1.0,prova2,raster,8,0.6944444444444444,Ca,ensemble,unmeasured,0.19667887613702123,,-31.2827441853222,,1045
a14_d1,14.0,1.0,prova2,raster,8,0.6944444444444444,Ca,deterministic,footprint,0.5451501783841604,0.5969670038995056,-4.179634154581424,1.8148544320989437,3466
a14_d1,14.0,1.0,prova2,raster,8,0.6944444444444444,Ca,deterministic,unmeasured,0.2749084634032327,,-97.32945404242498,,1045
a14_d1,14.0,1.0,prova2,raster,8,0.6944444444444444,Ti,ensemble,footprint,0.7304484354168699,0.7036632096145369,-1.796996424131292,0.902813466882539,3466
a14_d1,14.0,1.0,prova2,raster,8,0.6944444444444444,Ti,ensemble,unmeasured,0.4037728448812365,,-25.02620629340952,,1045
a14_d1,14.0,1.0,prova2,raster,8,0.6944444444444444,Ti,deterministic,footprint,0.36779893491266014,0.5319499662026083,-5.368661877830771,2.0581954098040103,3466
a14_d1,14.0,1.0,prova2,raster,8,0.6944444444444444,Ti,deterministic,unmeasured,0.15172902890227427,,-97.61208350740165,,1045
a14_d1,14.0,1.0,prova2,raster,8,0.6944444444444444,Fe,ensemble,footprint,0.9024903610206676,0.8016750767339734,-0.6800761608460437,1.031577086269225,3466
a14_d1,14.0,1.0,prova2,raster,8,0.6944444444444444,Fe,ensemble,unmeasured,0.7621635287781237,,-48.966119355684235,,1045
a14_d1,14.0,1.0,prova2,raster,8,0.6944444444444444,Fe,deterministic,footprint,0.8292962681332267,0.6581646173491708,-6.873994046639053,1.2711721346430223,3466
a14_d1,14.0,1.0,prova2,raster,8,0.6944444444444444,Fe,deterministic,unmeasured,0.29674884986990535,,-97.26188896627033,,1045
a14_d1,14.0,1.0,prova2,raster,8,0.6944444444444444,Cu,ensemble,footprint,0.682750276748434,0.642504691740986,-9.29064354416289,1.0367170331799593,3466
a14_d1,14.0,1.0,prova2,raster,8,0.6944444444444444,Cu,ensemble,unmeasured,0.4260257390713276,,-68.71041041540889,,1045
a14_d1,14.0,1.0,prova2,raster,8,0.6944444444444444,Cu,deterministic,footprint,0.5259574161403321,0.6336323832772118,-11.65069674437783,1.3366513832975564,3466
a14_d1,14.0,1.0,prova2,raster,8,0.6944444444444444,Cu,deterministic,unmeasured,0.2053657175241643,,-97.86956320162152,,1045
a14_d1,14.0,1.0,prova2,raster,8,0.6944444444444444,PbLl,ensemble,footprint,0.8667571622047603,0.6901468731400717,-4.929555623295601,0.9928314163515587,3466
a14_d1,14.0,1.0,prova2,raster,8,0.6944444444444444,PbLl,ensemble,unmeasured,0.24185275240250173,,-24.084554084416517,,1045
a14_d1,14.0,1.0,prova2,raster,8,0.6944444444444444,PbLl,deterministic,footprint,0.7189181371752439,0.549916269854197,-9.77984368976237,1.56579894279396,3466
a14_d1,14.0,1.0,prova2,raster,8,0.6944444444444444,PbLl,deterministic,unmeasured,0.10258052967899978,,-97.91898438174712,,1045
a14_d1,14.0,1.0,prova2,raster,8,0.6944444444444444,PbLa,ensemble,footprint,0.816741761810647,0.7358599719889222,-1.4211971383258915,1.1637567784815332,3466
a14_d1,14.0,1.0,prova2,raster,8,0.6944444444444444,PbLa,ensemble,unmeasured,0.1379045745146851,,-30.563707271514723,,1045
a14_d1,14.0,1.0,prova2,raster,8,0.6944444444444444,PbLa,deterministic,footprint,0.5614231303687244,0.5476241753252167,-2.7468367665169025,2.256545259211372,3466
a14_d1,14.0,1.0,prova2,raster,8,0.6944444444444444,PbLa,deterministic,unmeasured,0.010890546990526297,,-97.96515861701327,,1045
a14_d1,14.0,1.0,prova2,raster,8,0.6944444444444444,PbLb,ensemble,footprint,0.8129162112400182,0.7303051301055189,-1.485767552655104,1.1760071415302495,3466
a14_d1,14.0,1.0,prova2,raster,8,0.6944444444444444,PbLb,ensemble,unmeasured,0.11454071493782994,,-31.044055532352395,,1045
a14_d1,14.0,1.0,prova2,raster,8,0.6944444444444444,PbLb,deterministic,footprint,0.5589812730196442,0.5408908194023219,-2.886746724319833,2.28697122492253,3466
a14_d1,14.0,1.0,prova2,raster,8,0.6944444444444444,PbLb,deterministic,unmeasured,-0.0021326025676802257,,-97.97135447910408,,1045
a14_d1,14.0,1.0,prova2,raster,8,0.6944444444444444,PbLg,ensemble,footprint,0.7832028568313766,0.7019669900715876,-2.8716391950878606,1.1615471245423135,3466
a14_d1,14.0,1.0,prova2,raster,8,0.6944444444444444,PbLg,ensemble,unmeasured,0.09958865572586212,,-30.995455595045897,,1045
a14_d1,14.0,1.0,prova2,raster,8,0.6944444444444444,PbLg,deterministic,footprint,0.5244281140435751,0.5172080034967821,-4.754068935217481,2.3129827109013905,3466
a14_d1,14.0,1.0,prova2,raster,8,0.6944444444444444,PbLg,deterministic,unmeasured,-0.013979972926488055,,-97.95730031643721,,1045
a14_d1,14.0,1.0,prova2,raster,9,0.75,Ca,ensemble,footprint,0.8594004375282212,0.7828752560067346,-0.5637934098833064,0.9817872718475139,3466
a14_d1,14.0,1.0,prova2,raster,9,0.75,Ca,ensemble,unmeasured,0.13003136442240512,,-25.941459054464907,,846
a14_d1,14.0,1.0,prova2,raster,9,0.75,Ca,deterministic,footprint,0.624863638905332,0.6865562798568384,-2.80450135021042,1.642814262926574,3466
a14_d1,14.0,1.0,prova2,raster,9,0.75,Ca,deterministic,unmeasured,0.16893620892003666,,-97.81452477606172,,846
a14_d1,14.0,1.0,prova2,raster,9,0.75,Ti,ensemble,footprint,0.8001542316265986,0.7681043426289501,-0.5368359416808355,0.8929957296176896,3466
a14_d1,14.0,1.0,prova2,raster,9,0.75,Ti,ensemble,unmeasured,0.36802994319393456,,-18.014793961225898,,846
a14_d1,14.0,1.0,prova2,raster,9,0.75,Ti,deterministic,footprint,0.48813568140015995,0.6334106114307682,-3.5489649269062395,1.842733111407912,3466
a14_d1,14.0,1.0,prova2,raster,9,0.75,Ti,deterministic,unmeasured,0.20655613117055813,,-97.76939683842019,,846
a14_d1,14.0,1.0,prova2,raster,9,0.75,Fe,ensemble,footprint,0.9301515459287655,0.8502259797569254,0.8718981795624803,1.0044471342331753,3466
a14_d1,14.0,1.0,prova2,raster,9,0.75,Fe,ensemble,unmeasured,0.6783571407016177,,-42.11168831796963,,846
a14_d1,14.0,1.0,prova2,raster,9,0.75,Fe,deterministic,footprint,0.8760618665912221,0.7351495804627749,-4.223194912443318,1.187315246130484,3466
a14_d1,14.0,1.0,prova2,raster,9,0.75,Fe,deterministic,unmeasured,0.1363740787573218,,-98.00415735223221,,846
a14_d1,14.0,1.0,prova2,raster,9,0.75,Cu,ensemble,footprint,0.7271231567284353,0.714914223057827,-7.2547149342294,1.0364016156297513,3466
a14_d1,14.0,1.0,prova2,raster,9,0.75,Cu,ensemble,unmeasured,0.35902852620186315,,-69.04447024422169,,846
a14_d1,14.0,1.0,prova2,raster,9,0.75,Cu,deterministic,footprint,0.5872845669464918,0.6818973090647292,-8.497137381421705,1.2708594432982032,3466
a14_d1,14.0,1.0,prova2,raster,9,0.75,Cu,deterministic,unmeasured,0.1086249638525267,,-98.42382968841534,,846
a14_d1,14.0,1.0,prova2,raster,9,0.75,PbLl,ensemble,footprint,0.8865937722982425,0.7279600493004788,-3.7569613729306672,0.9693066394669758,3466
a14_d1,14.0,1.0,prova2,raster,9,0.75,PbLl,ensemble,unmeasured,0.19116049947020888,,-21.123876576721045,,846
a14_d1,14.0,1.0,prova2,raster,9,0.75,PbLl,deterministic,footprint,0.7405247161995194,0.6048877021676325,-7.142029774220093,1.4363318401394003,3466
a14_d1,14.0,1.0,prova2,raster,9,0.75,PbLl,deterministic,unmeasured,0.025718594329300147,,-98.32449910042119,,846
a14_d1,14.0,1.0,prova2,raster,9,0.75,PbLa,ensemble,footprint,0.8503138419742451,0.7864941379423672,-0.8164113825913866,1.10040483941732,3466
a14_d1,14.0,1.0,prova2,raster,9,0.75,PbLa,ensemble,unmeasured,0.08418601089979845,,-27.941654727536235,,846
a14_d1,14.0,1.0,prova2,raster,9,0.75,PbLa,deterministic,footprint,0.5795456195093455,0.6292217763220562,-1.758104350369405,2.0134587806029733,3466
a14_d1,14.0,1.0,prova2,raster,9,0.75,PbLa,deterministic,unmeasured,-0.06691228406751495,,-98.3054773244214,,846
a14_d1,14.0,1.0,prova2,raster,9,0.75,PbLb,ensemble,footprint,0.8463661916697298,0.780723407451656,-0.9509665742702289,1.1094452587301116,3466
a14_d1,14.0,1.0,prova2,raster,9,0.75,PbLb,ensemble,unmeasured,0.06332506592933719,,-28.478874944274324,,846
a14_d1,14.0,1.0,prova2,raster,9,0.75,PbLb,deterministic,footprint,0.57503792057277,0.6235142837886154,-1.994746333320263,2.0387927473560263,3466
a14_d1,14.0,1.0,prova2,raster,9,0.75,PbLb,deterministic,unmeasured,-0.07544071595160246,,-98.30879970831595,,846
a14_d1,14.0,1.0,prova2,raster,9,0.75,PbLg,ensemble,footprint,0.8174937097417222,0.7458629649379944,-1.9009354195857808,1.0946910554995792,3466
a14_d1,14.0,1.0,prova2,raster,9,0.75,PbLg,ensemble,unmeasured,0.05868609076087512,,-28.697566207613022,,846
a14_d1,14.0,1.0,prova2,raster,9,0.75,PbLg,deterministic,footprint,0.5364166139844945,0.5974263861256606,-3.3580345442240533,2.0600789500562504,3466
a14_d1,14.0,1.0,prova2,raster,9,0.75,PbLg,deterministic,unmeasured,-0.08299479214072225,,-98.30750311237156,,846
a14_d1,14.0,1.0,prova2,raster,10,0.8055555555555556,Ca,ensemble,footprint,0.9085242702620809,0.8406232262108859,0.011634926223402786,0.953082914520152,3466
a14_d1,14.0,1.0,prova2,raster,10,0.8055555555555556,Ca,ensemble,unmeasured,0.11558719878765403,,-17.873278997753076,,650
a14_d1,14.0,1.0,prova2,raster,10,0.8055555555555556,Ca,deterministic,footprint,0.7116115603913559,0.7513143557698733,-1.9411582987850728,1.4686664483406198,3466
a14_d1,14.0,1.0,prova2,raster,10,0.8055555555555556,Ca,deterministic,unmeasured,0.20153593669976308,,-98.15328010798959,,650
a14_d1,14.0,1.0,prova2,raster,10,0.8055555555555556,Ti,ensemble,footprint,0.8855164511714906,0.8206289464465495,0.40447891617798604,0.8829147382000754,3466
a14_d1,14.0,1.0,prova2,raster,10,0.8055555555555556,Ti,ensemble,unmeasured,0.4755682940162791,,-8.089711471730464,,650
a14_d1,14.0,1.0,prova2,raster,10,0.8055555555555556,Ti,deterministic,footprint,0.6186814132365943,0.7130547078897425,-2.464818673053082,1.636746725181643,3466
a14_d1,14.0,1.0,prova2,raster,10,0.8055555555555556,Ti,deterministic,unmeasured,0.27938197931819936,,-98.00423980977179,,650
a14_d1,14.0,1.0,prova2,raster,10,0.8055555555555556,Fe,ensemble,footprint,0.9709751110768488,0.8974140259327686,1.6072581128101282,0.9901840153614415,3466
a14_d1,14.0,1.0,prova2,raster,10,0.8055555555555556,Fe,ensemble,unmeasured,0.5920932681043846,,-26.551382523374542,,650
a14_d1,14.0,1.0,prova2,raster,10,0.8055555555555556,Fe,deterministic,footprint,0.9413551626189612,0.8232899822259454,-2.584157537935172,1.1239832071647886,3466
a14_d1,14.0,1.0,prova2,raster,10,0.8055555555555556,Fe,deterministic,unmeasured,0.24150925245506583,,-97.58970015290674,,650
a14_d1,14.0,1.0,prova2,raster,10,0.8055555555555556,Cu,ensemble,footprint,0.7929152143048398,0.7818729413300257,-5.204729366977345,1.0262154352746813,3466
a14_d1,14.0,1.0,prova2,raster,10,0.8055555555555556,Cu,ensemble,unmeasured,0.33673973074246455,,-68.22535858931886,,650
a14_d1,14.0,1.0,prova2,raster,10,0.8055555555555556,Cu,deterministic,footprint,0.6805109332986443,0.754923818326007,-5.911644273252747,1.1913099347575973,3466
a14_d1,14.0,1.0,prova2,raster,10,0.8055555555555556,Cu,deterministic,unmeasured,0.024491702865468784,,-99.07806657728328,,650
a14_d1,14.0,1.0,prova2,raster,10,0.8055555555555556,PbLl,ensemble,footprint,0.9064419798915798,0.7747541464996989,-3.0000132096489107,0.9575771214578286,3466
a14_d1,14.0,1.0,prova2,raster,10,0.8055555555555556,PbLl,ensemble,unmeasured,-0.034964766573866754,,-18.76615074837112,,650
a14_d1,14.0,1.0,prova2,raster,10,0.8055555555555556,PbLl,deterministic,footprint,0.7697799332773392,0.683316478849577,-5.420027889247225,1.324773646282452,3466
a14_d1,14.0,1.0,prova2,raster,10,0.8055555555555556,PbLl,deterministic,unmeasured,-0.04096525233950412,,-98.7607896193417,,650
a14_d1,14.0,1.0,prova2,raster,10,0.8055555555555556,PbLa,ensemble,footprint,0.8904851306521111,0.847433562451136,-0.6565660653031102,1.0486227134730859,3466
a14_d1,14.0,1.0,prova2,raster,10,0.8055555555555556,PbLa,ensemble,unmeasured,-0.04394233309085059,,-25.47805515527243,,650
a14_d1,14.0,1.0,prova2,raster,10,0.8055555555555556,PbLa,deterministic,footprint,0.6042460580240774,0.7249966656814001,-1.203521661291096,1.7880893088798901,3466
a14_d1,14.0,1.0,prova2,raster,10,0.8055555555555556,PbLa,deterministic,unmeasured,-0.14826527333907355,,-98.69051760317913,,650
a14_d1,14.0,1.0,prova2,raster,10,0.8055555555555556,PbLb,ensemble,footprint,0.8867790217252491,0.8426332693123081,-0.7769824734748743,1.051327023860672,3466
a14_d1,14.0,1.0,prova2,raster,10,0.8055555555555556,PbLb,ensemble,unmeasured,-0.024421836614804675,,-25.875309104462385,,650
a14_d1,14.0,1.0,prova2,raster,10,0.8055555555555556,PbLb,deterministic,footprint,0.5972224923369136,0.718664104568673,-1.362104063573255,1.8053425681430224,3466
a14_d1,14.0,1.0,prova2,raster,10,0.8055555555555556,PbLb,deterministic,unmeasured,-0.13147370305453246,,-98.66630106200586,,650
a14_d1,14.0,1.0,prova2,raster,10,0.8055555555555556,PbLg,ensemble,footprint,0.8588057750718173,0.7962775439788181,-1.3287787625239522,1.0396264771371486,3466
a14_d1,14.0,1.0,prova2,raster,10,0.8055555555555556,PbLg,ensemble,unmeasured,-0.03905186245181926,,-26.87514289150595,,650
a14_d1,14.0,1.0,prova2,raster,10,0.8055555555555556,PbLg,deterministic,footprint,0.5508166224934478,0.6790108185730761,-2.195499753152297,1.8249223969327382,3466
a14_d1,14.0,1.0,prova2,raster,10,0.8055555555555556,PbLg,deterministic,unmeasured,-0.1444676557090095,,-98.67449444727521,,650
a14_d1,14.0,1.0,prova2,raster,11,0.8611111111111112,Ca,ensemble,footprint,0.9477449424691656,0.9039118986048352,0.3325146727493067,0.9445879287050859,3466
a14_d1,14.0,1.0,prova2,raster,11,0.8611111111111112,Ca,ensemble,unmeasured,0.09849899320331988,,-11.229502369153456,,455
a14_d1,14.0,1.0,prova2,raster,11,0.8611111111111112,Ca,deterministic,footprint,0.7877293859036469,0.8314489299870956,-1.221832014551627,1.3076617286733108,3466
a14_d1,14.0,1.0,prova2,raster,11,0.8611111111111112,Ca,deterministic,unmeasured,0.17784271478734426,,-98.17757268752922,,455
a14_d1,14.0,1.0,prova2,raster,11,0.8611111111111112,Ti,ensemble,footprint,0.9228405659872511,0.8671375267299224,0.6697175241842324,0.8914916428395049,3466
a14_d1,14.0,1.0,prova2,raster,11,0.8611111111111112,Ti,ensemble,unmeasured,0.3095584433388008,,-0.48970323007054656,,455
a14_d1,14.0,1.0,prova2,raster,11,0.8611111111111112,Ti,deterministic,footprint,0.7178426250953102,0.7934723920850734,-1.3737796401287694,1.4366518528420387,3466
a14_d1,14.0,1.0,prova2,raster,11,0.8611111111111112,Ti,deterministic,unmeasured,0.058648039832852696,,-98.4163499884309,,455
a14_d1,14.0,1.0,prova2,raster,11,0.8611111111111112,Fe,ensemble,footprint,0.9813870467609661,0.9220541592583518,1.7460270062012118,0.9832179870428953,3466
a14_d1,14.0,1.0,prova2,raster,11,0.8611111111111112,Fe,ensemble,unmeasured,0.6052865428133759,,-23.34355575044063,,455
a14_d1,14.0,1.0,prova2,raster,11,0.8611111111111112,Fe,deterministic,footprint,0.9615239743143488,0.8696677940781046,-0.9234042122531427,1.0675205450332172,3466
a14_d1,14.0,1.0,prova2,raster,11,0.8611111111111112,Fe,deterministic,unmeasured,0.12219643220126385,,-98.85449325957579,,455
a14_d1,14.0,1.0,prova2,raster,11,0.8611111111111112,Cu,ensemble,footprint,0.8477553358311962,0.8363348569926057,-3.795344436532133,0.9932447216232508,3466
a14_d1,14.0,1.0,prova2,raster,11,0.8611111111111112,Cu,ensemble,unmeasured,0.3664227201015855,,-65.21918903933836,,455
a14_d1,14.0,1.0,prova2,raster,11,0.8611111111111112,Cu,deterministic,footprint,0.753656368412844,0.8034581259280692,-3.9244285707361604,1.1047967577087872,3466
a14_d1,14.0,1.0,prova2,raster,11,0.8611111111111112,Cu,deterministic,unmeasured,0.045082890348398415,,-98.67078368720716,,455
a14_d1,14.0,1.0,prova2,raster,11,0.8611111111111112,PbLl,ensemble,footprint,0.933691536508925,0.8186633998523961,-2.3197406429878775,0.9364962749612872,3466
a14_d1,14.0,1.0,prova2,raster,11,0.8611111111111112,PbLl,ensemble,unmeasured,0.024209232382572023,,-9.475791133709151,,455
a14_d1,14.0,1.0,prova2,raster,11,0.8611111111111112,PbLl,deterministic,footprint,0.8127275830726751,0.7373810780472677,-3.849171979622823,1.1983162358432913,3466
a14_d1,14.0,1.0,prova2,raster,11,0.8611111111111112,PbLl,deterministic,unmeasured,-0.0038434301041586952,,-98.56220511314004,,455
a14_d1,14.0,1.0,prova2,raster,11,0.8611111111111112,PbLa,ensemble,footprint,0.9359131272664013,0.9006063891292058,-0.4828140089776056,0.9996953883727613,3466
a14_d1,14.0,1.0,prova2,raster,11,0.8611111111111112,PbLa,ensemble,unmeasured,-0.011089386893534616,,-20.059555084436496,,455
a14_d1,14.0,1.0,prova2,raster,11,0.8611111111111112,PbLa,deterministic,footprint,0.6602241477034239,0.7912078193976179,-0.6656061978174033,1.5471134403390152,3466
a14_d1,14.0,1.0,prova2,raster,11,0.8611111111111112,PbLa,deterministic,unmeasured,-0.10440016469859406,,-98.7191906528632,,455
a14_d1,14.0,1.0,prova2,raster,11,0.8611111111111112,PbLb,ensemble,footprint,0.933142309718385,0.8993720837253161,-0.5008874632381755,1.000143286302504,3466
a14_d1,14.0,1.0,prova2,raster,11,0.8611111111111112,PbLb,ensemble,unmeasured,0.02454854572399143,,-20.41089715399954,,455
a14_d1,14.0,1.0,prova2,raster,11,0.8611111111111112,PbLb,deterministic,footprint,0.6543117489955782,0.787205271846296,-0.8238594442627534,1.5594374293648263,3466
a14_d1,14.0,1.0,prova2,raster,11,0.8611111111111112,PbLb,deterministic,unmeasured,-0.11135495318865476,,-98.73243039974653,,455
a14_d1,14.0,1.0,prova2,raster,11,0.8611111111111112,PbLg,ensemble,footprint,0.9113754435677396,0.8509210967410014,-0.8945618736792227,0.9873135182366207,3466
a14_d1,14.0,1.0,prova2,raster,11,0.8611111111111112,PbLg,ensemble,unmeasured,0.002492946090998664,,-21.426134429702756,,455
a14_d1,14.0,1.0,prova2,raster,11,0.8611111111111112,PbLg,deterministic,footprint,0.6132275909415849,0.7491198741787237,-1.3267601565641773,1.571699918049165,3466
a14_d1,14.0,1.0,prova2,raster,11,0.8611111111111112,PbLg,deterministic,unmeasured,-0.09977148318038889,,-98.72376875013993,,455
a14_d1,14.0,1.0,prova2,raster,12,0.9166666666666666,Ca,ensemble,footprint,0.9692351550884934,0.9527821230980562,0.5503602495619653,0.9469928898159206,3466
a14_d1,14.0,1.0,prova2,raster,12,0.9166666666666666,Ca,ensemble,unmeasured,0.05948944080334007,,-8.31566105556255,,264
a14_d1,14.0,1.0,prova2,raster,12,0.9166666666666666,Ca,deterministic,footprint,0.8543642100032732,0.8984263781770528,-0.48271717410396375,1.1502550381386574,3466
a14_d1,14.0,1.0,prova2,raster,12,0.9166666666666666,Ca,deterministic,unmeasured,0.061345209905172164,,-98.06510228675171,,264
a14_d1,14.0,1.0,prova2,raster,12,0.9166666666666666,Ti,ensemble,footprint,0.943480552601313,0.9041790197219469,0.7755220178832456,0.8961773468311591,3466
a14_d1,14.0,1.0,prova2,raster,12,0.9166666666666666,Ti,ensemble,unmeasured,0.33652053820973454,,5.869682185623187,,264
a14_d1,14.0,1.0,prova2,raster,12,0.9166666666666666,Ti,deterministic,footprint,0.7948321123249634,0.8552343349028865,-0.5764236083754204,1.2170225817063458,3466
a14_d1,14.0,1.0,prova2,raster,12,0.9166666666666666,Ti,deterministic,unmeasured,-0.015432421680857273,,-98.15218119124258,,264
a14_d1,14.0,1.0,prova2,raster,12,0.9166666666666666,Fe,ensemble,footprint,0.9903968128026119,0.9527093741126801,1.5972846062510593,0.9728621742815823,3466
a14_d1,14.0,1.0,prova2,raster,12,0.9166666666666666,Fe,ensemble,unmeasured,0.6551584654283323,,-5.835053104780143,,264
a14_d1,14.0,1.0,prova2,raster,12,0.9166666666666666,Fe,deterministic,footprint,0.9798558852909335,0.9272667854598488,-0.0749890796859054,1.0151944223475444,3466
a14_d1,14.0,1.0,prova2,raster,12,0.9166666666666666,Fe,deterministic,unmeasured,0.14813875763586665,,-98.60834610933294,,264
a14_d1,14.0,1.0,prova2,raster,12,0.9166666666666666,Cu,ensemble,footprint,0.8951399897743406,0.9107793704377596,-2.4323243711082743,0.9768687868691531,3466
a14_d1,14.0,1.0,prova2,raster,12,0.9166666666666666,Cu,ensemble,unmeasured,0.3852044949403599,,-65.99822433269092,,264
a14_d1,14.0,1.0,prova2,raster,12,0.9166666666666666,Cu,deterministic,footprint,0.8274236129101364,0.8843069457865402,-2.219862054411881,1.028706444755964,3466
a14_d1,14.0,1.0,prova2,raster,12,0.9166666666666666,Cu,deterministic,unmeasured,0.06980984240694217,,-98.23853398448699,,264
a14_d1,14.0,1.0,prova2,raster,12,0.9166666666666666,PbLl,ensemble,footprint,0.9493129017161078,0.8602566467716751,-1.8866456405059795,0.9376556512245163,3466
a14_d1,14.0,1.0,prova2,raster,12,0.9166666666666666,PbLl,ensemble,unmeasured,0.13166226846148546,,-7.184441820622597,,264
a14_d1,14.0,1.0,prova2,raster,12,0.9166666666666666,PbLl,deterministic,footprint,0.8605758374527624,0.7990724166549383,-2.0701244552266074,1.0774908886881898,3466
a14_d1,14.0,1.0,prova2,raster,12,0.9166666666666666,PbLl,deterministic,unmeasured,0.1462949073364516,,-98.06668132722149,,264
a14_d1,14.0,1.0,prova2,raster,12,0.9166666666666666,PbLa,ensemble,footprint,0.9674742914807445,0.9550874180705751,-0.3137388803577834,0.9791820089425843,3466
a14_d1,14.0,1.0,prova2,raster,12,0.9166666666666666,PbLa,ensemble,unmeasured,0.10948742865965098,,-17.705316417941397,,264
a14_d1,14.0,1.0,prova2,raster,12,0.9166666666666666,PbLa,deterministic,footprint,0.748870858747558,0.8721909716060371,-0.2724791378165836,1.3032061625238645,3466
a14_d1,14.0,1.0,prova2,raster,12,0.9166666666666666,PbLa,deterministic,unmeasured,-0.020766103619471683,,-98.3151473602466,,264
a14_d1,14.0,1.0,prova2,raster,12,0.9166666666666666,PbLb,ensemble,footprint,0.9656443988651099,0.9533717148054128,-0.2623471189450943,0.9779781800835238,3466
a14_d1,14.0,1.0,prova2,raster,12,0.9166666666666666,PbLb,ensemble,unmeasured,0.0907481727125744,,-17.5349950931562,,264
a14_d1,14.0,1.0,prova2,raster,12,0.9166666666666666,PbLb,deterministic,footprint,0.7464812657318995,0.8707444126951555,-0.4611595768153842,1.310196805670992,3466
a14_d1,14.0,1.0,prova2,raster,12,0.9166666666666666,PbLb,deterministic,unmeasured,-0.03641638534842887,,-98.32960516896942,,264
a14_d1,14.0,1.0,prova2,raster,12,0.9166666666666666,PbLg,ensemble,footprint,0.9461371087256943,0.9026728720976344,-0.36395163621716353,0.9652576112797768,3466
a14_d1,14.0,1.0,prova2,raster,12,0.9166666666666666,PbLg,ensemble,unmeasured,0.09170005434937782,,-18.960328476478274,,264
a14_d1,14.0,1.0,prova2,raster,12,0.9166666666666666,PbLg,deterministic,footprint,0.7087819274892044,0.8281993132747866,-0.6030780951053138,1.3142903505126171,3466
a14_d1,14.0,1.0,prova2,raster,12,0.9166666666666666,PbLg,deterministic,unmeasured,0.03786224305489732,,-98.23765067712361,,264
a14_d1,14.0,1.0,prova2,raster,13,0.9722222222222222,Ca,ensemble,footprint,0.9822423732766811,0.9656216591458882,0.8212864893842653,0.9432541450372217,3466
a14_d1,14.0,1.0,prova2,raster,13,0.9722222222222222,Ca,ensemble,unmeasured,0.032674850293095886,,4.019500372340004,,94
a14_d1,14.0,1.0,prova2,raster,13,0.9722222222222222,Ca,deterministic,footprint,0.9317491627908802,0.9343913724930354,0.012626605025545246,1.0001986681927817,3466
a14_d1,14.0,1.0,prova2,raster,13,0.9722222222222222,Ca,deterministic,unmeasured,0.02959222584192115,,-96.69287610195741,,94
a14_d1,14.0,1.0,prova2,raster,13,0.9722222222222222,Ti,ensemble,footprint,0.9573192705827706,0.918030614002942,0.8851167659787773,0.9092160123048869,3466
a14_d1,14.0,1.0,prova2,raster,13,0.9722222222222222,Ti,ensemble,unmeasured,0.26467302922139774,,25.465743629736874,,94
a14_d1,14.0,1.0,prova2,raster,13,0.9722222222222222,Ti,deterministic,footprint,0.89388026121845,0.891904807666007,0.08656141596325995,1.0112091135694425,3466
a14_d1,14.0,1.0,prova2,raster,13,0.9722222222222222,Ti,deterministic,unmeasured,0.003268266114271331,,-96.65918601487232,,94
a14_d1,14.0,1.0,prova2,raster,13,0.9722222222222222,Fe,ensemble,footprint,0.9919661810860362,0.9593295831480236,1.1623761142887545,0.9749795061563716,3466
a14_d1,14.0,1.0,prova2,raster,13,0.9722222222222222,Fe,ensemble,unmeasured,0.5010169677707086,,-13.336572912179342,,94
a14_d1,14.0,1.0,prova2,raster,13,0.9722222222222222,Fe,deterministic,footprint,0.985453901263088,0.9473753295983832,0.8554778187458423,0.9831610393815822,3466
a14_d1,14.0,1.0,prova2,raster,13,0.9722222222222222,Fe,deterministic,unmeasured,0.21703109702123882,,-97.65240575035806,,94
a14_d1,14.0,1.0,prova2,raster,13,0.9722222222222222,Cu,ensemble,footprint,0.9377579004411893,0.9456408433640986,-0.779192997125655,0.9565941386284298,3466
a14_d1,14.0,1.0,prova2,raster,13,0.9722222222222222,Cu,ensemble,unmeasured,0.1699489248114347,,-67.92926575664278,,94
a14_d1,14.0,1.0,prova2,raster,13,0.9722222222222222,Cu,deterministic,footprint,0.9063417854104602,0.9245817254347657,-0.5877239068684759,0.9602584504110654,3466
a14_d1,14.0,1.0,prova2,raster,13,0.9722222222222222,Cu,deterministic,unmeasured,0.0759788803518004,,-97.28484144068511,,94
a14_d1,14.0,1.0,prova2,raster,13,0.9722222222222222,PbLl,ensemble,footprint,0.9586745876818549,0.8731221832070427,-1.5200283069549014,0.9337296971503877,3466
a14_d1,14.0,1.0,prova2,raster,13,0.9722222222222222,PbLl,ensemble,unmeasured,0.14329731197669945,,7.4027647664418526,,94
a14_d1,14.0,1.0,prova2,raster,13,0.9722222222222222,PbLl,deterministic,footprint,0.919538695707566,0.8432296648833726,-0.7167761232366177,0.9637144269749941,3466
a14_d1,14.0,1.0,prova2,raster,13,0.9722222222222222,PbLl,deterministic,unmeasured,0.3011033874770088,,-96.22754751704842,,94
a14_d1,14.0,1.0,prova2,raster,13,0.9722222222222222,PbLa,ensemble,footprint,0.9881024661899677,0.9744037143265362,-0.13030237664891642,0.9616593354692934,3466
a14_d1,14.0,1.0,prova2,raster,13,0.9722222222222222,PbLa,ensemble,unmeasured,0.27192212420902456,,-7.325825470212701,,94
a14_d1,14.0,1.0,prova2,raster,13,0.9722222222222222,PbLa,deterministic,footprint,0.8731409782391754,0.9338644117930897,0.02651078847746291,1.066641027445646,3466
a14_d1,14.0,1.0,prova2,raster,13,0.9722222222222222,PbLa,deterministic,unmeasured,0.03939841461970314,,-96.89203158340048,,94
a14_d1,14.0,1.0,prova2,raster,13,0.9722222222222222,PbLb,ensemble,footprint,0.9870905297422865,0.9713730321050589,-0.07540218884347638,0.9601558985411028,3466
a14_d1,14.0,1.0,prova2,raster,13,0.9722222222222222,PbLb,ensemble,unmeasured,0.29439678378190126,,-7.612247662972933,,94
a14_d1,14.0,1.0,prova2,raster,13,0.9722222222222222,PbLb,deterministic,footprint,0.8694638681039083,0.9313975795027454,-0.026371689594639758,1.0684244223921224,3466
a14_d1,14.0,1.0,prova2,raster,13,0.9722222222222222,PbLb,deterministic,unmeasured,0.006522050658223171,,-96.9231880302874,,94
a14_d1,14.0,1.0,prova2,raster,13,0.9722222222222222,PbLg,ensemble,footprint,0.970562305725396,0.9212316832496519,0.047188420156363264,0.947046899493859,3466
a14_d1,14.0,1.0,prova2,raster,13,0.9722222222222222,PbLg,ensemble,unmeasured,0.28496514860143546,,-9.339638117582947,,94
a14_d1,14.0,1.0,prova2,raster,13,0.9722222222222222,PbLg,deterministic,footprint,0.8415850863505977,0.8832449756235673,-0.06008079494117524,1.062977531652911,3466
a14_d1,14.0,1.0,prova2,raster,13,0.9722222222222222,PbLg,deterministic,unmeasured,0.08644591585602017,,-96.76251245531112,,94
a14_d1,14.0,1.0,prova2,raster,14,1.0,Ca,ensemble,footprint,0.9890340772371967,0.9719990928087254,0.8401279208646528,0.9507761061151802,3466
a14_d1,14.0,1.0,prova2,raster,14,1.0,Ca,deterministic,footprint,0.9812932185968342,0.953387915334076,0.2983599322639474,0.921587857390357,3466
a14_d1,14.0,1.0,prova2,raster,14,1.0,Ti,ensemble,footprint,0.9705016470310532,0.9273273566881045,0.7451612536808483,0.9286316482087495,3466
a14_d1,14.0,1.0,prova2,raster,14,1.0,Ti,deterministic,footprint,0.9624934800111702,0.9109544500525403,0.40031693863915585,0.8980912161243495,3466
a14_d1,14.0,1.0,prova2,raster,14,1.0,Fe,ensemble,footprint,0.9940425967050117,0.9642382283923314,1.0192621862462836,0.9750707375350988,3466
a14_d1,14.0,1.0,prova2,raster,14,1.0,Fe,deterministic,footprint,0.9914456908329067,0.9575545594032353,1.3343599453095267,0.9618001972000549,3466
a14_d1,14.0,1.0,prova2,raster,14,1.0,Cu,ensemble,footprint,0.9892440673169993,0.9626223736640168,-0.48518170558411455,0.9613905454930893,3466
a14_d1,14.0,1.0,prova2,raster,14,1.0,Cu,deterministic,footprint,0.9829564013127606,0.9463451033941777,-0.10796741947013411,0.9391632957714523,3466
a14_d1,14.0,1.0,prova2,raster,14,1.0,PbLl,ensemble,footprint,0.9634829704781916,0.8790513978696004,-1.5824846022457262,0.9392521612750806,3466
a14_d1,14.0,1.0,prova2,raster,14,1.0,PbLl,deterministic,footprint,0.9570705309969001,0.8616916902576667,0.039022945828959266,0.905036088367593,3466
a14_d1,14.0,1.0,prova2,raster,14,1.0,PbLa,ensemble,footprint,0.9933805870808828,0.9797554968243822,-0.08549573328551219,0.9622200039275115,3466
a14_d1,14.0,1.0,prova2,raster,14,1.0,PbLa,deterministic,footprint,0.98641836189411,0.9611859135700244,0.1870920560400835,0.931069352499718,3466
a14_d1,14.0,1.0,prova2,raster,14,1.0,PbLb,ensemble,footprint,0.9926937020012863,0.976787927734555,-0.03346914314789062,0.9607374026646107,3466
a14_d1,14.0,1.0,prova2,raster,14,1.0,PbLb,deterministic,footprint,0.9858654324418813,0.9583906357595943,0.1173387373408108,0.9290179774922419,3466
a14_d1,14.0,1.0,prova2,raster,14,1.0,PbLg,ensemble,footprint,0.9776450621855893,0.9275021606639786,0.13839885238491334,0.9485694483223878,3466
a14_d1,14.0,1.0,prova2,raster,14,1.0,PbLg,deterministic,footprint,0.9713168886788112,0.9102961280022345,0.20647446699346705,0.9186955012649729,3466
a14_d1,14.0,1.0,prova2,oracle,0,0.25,Ca,ensemble,footprint,0.3872268071695455,0.28451173173815614,-37.14531046735083,1.383488763208325,3466
a14_d1,14.0,1.0,prova2,oracle,0,0.25,Ca,ensemble,unmeasured,-0.12459677951135255,,-52.70032109900198,,2591
a14_d1,14.0,1.0,prova2,oracle,0,0.25,Ca,deterministic,footprint,0.38818637726141597,0.1435621848081991,-100.0,3.9270278300069594,3466
a14_d1,14.0,1.0,prova2,oracle,0,0.25,Ca,deterministic,unmeasured,0.1316073719456804,,-97.93549595028728,,2591
a14_d1,14.0,1.0,prova2,oracle,0,0.25,Ti,ensemble,footprint,0.255285638642831,0.28516402513432326,-36.878378896684595,1.4366065649338604,3466
a14_d1,14.0,1.0,prova2,oracle,0,0.25,Ti,ensemble,unmeasured,-0.03331182142877499,,-50.47823287016094,,2591
a14_d1,14.0,1.0,prova2,oracle,0,0.25,Ti,deterministic,footprint,0.21063574760867487,0.08073162075589121,-100.0,4.880633489089613,3466
a14_d1,14.0,1.0,prova2,oracle,0,0.25,Ti,deterministic,unmeasured,0.051456441856526224,,-98.05842932926923,,2591
a14_d1,14.0,1.0,prova2,oracle,0,0.25,Fe,ensemble,footprint,0.3760005075151246,0.49266979962460883,-31.35255934430141,1.1183756866592185,3466
a14_d1,14.0,1.0,prova2,oracle,0,0.25,Fe,ensemble,unmeasured,0.0750872998778777,,-71.97701391019795,,2591
a14_d1,14.0,1.0,prova2,oracle,0,0.25,Fe,deterministic,footprint,0.33149495068199564,0.21704065900176722,-100.0,2.2628470370475924,3466
a14_d1,14.0,1.0,prova2,oracle,0,0.25,Fe,deterministic,unmeasured,0.09750313014121198,,-98.36476836222988,,2591
a14_d1,14.0,1.0,prova2,oracle,0,0.25,Cu,ensemble,footprint,0.4099757622677258,0.19348051716444625,-70.72739151400185,1.1939241121453317,3466
a14_d1,14.0,1.0,prova2,oracle,0,0.25,Cu,ensemble,unmeasured,0.2769561583855488,,-73.00183497877688,,2591
a14_d1,14.0,1.0,prova2,oracle,0,0.25,Cu,deterministic,footprint,0.31846650299340934,0.2883228276262525,-100.0,2.3071971278549417,3466
a14_d1,14.0,1.0,prova2,oracle,0,0.25,Cu,deterministic,unmeasured,0.17458153553512476,,-98.12729989220819,,2591
a14_d1,14.0,1.0,prova2,oracle,0,0.25,PbLl,ensemble,footprint,0.4757935734929814,0.28339491373875497,-47.18875388086066,1.2242728240557232,3466
a14_d1,14.0,1.0,prova2,oracle,0,0.25,PbLl,ensemble,unmeasured,0.4153017429123838,,-57.772063311173625,,2591
a14_d1,14.0,1.0,prova2,oracle,0,0.25,PbLl,deterministic,footprint,0.22390192730585332,0.10624851745585795,-100.0,3.284154604410469,3466
a14_d1,14.0,1.0,prova2,oracle,0,0.25,PbLl,deterministic,unmeasured,0.1736012886815292,,-97.72277248760602,,2591
a14_d1,14.0,1.0,prova2,oracle,0,0.25,PbLa,ensemble,footprint,0.3448804165612919,0.2023958571097344,-47.89029473100464,1.6710193271461096,3466
a14_d1,14.0,1.0,prova2,oracle,0,0.25,PbLa,ensemble,unmeasured,0.396799718441975,,-57.678220613393854,,2591
a14_d1,14.0,1.0,prova2,oracle,0,0.25,PbLa,deterministic,footprint,0.05391013761824259,0.020665850222426205,-100.0,5.116973812481828,3466
a14_d1,14.0,1.0,prova2,oracle,0,0.25,PbLa,deterministic,unmeasured,0.1182695824857876,,-97.93391810969437,,2591
a14_d1,14.0,1.0,prova2,oracle,0,0.25,PbLb,ensemble,footprint,0.32104871183353767,0.19608232493512295,-48.12353988140936,1.6956557681924433,3466
a14_d1,14.0,1.0,prova2,oracle,0,0.25,PbLb,ensemble,unmeasured,0.371591233688581,,-57.94888720541718,,2591
a14_d1,14.0,1.0,prova2,oracle,0,0.25,PbLb,deterministic,footprint,0.04014470257646012,0.01643884491937043,-100.0,5.197308027617665,3466
a14_d1,14.0,1.0,prova2,oracle,0,0.25,PbLb,deterministic,unmeasured,0.11245759933559878,,-97.95061184423545,,2591
a14_d1,14.0,1.0,prova2,oracle,0,0.25,PbLg,ensemble,footprint,0.3200825321979252,0.2082955085361839,-47.99392799065723,1.7116608306894165,3466
a14_d1,14.0,1.0,prova2,oracle,0,0.25,PbLg,ensemble,unmeasured,0.3664226077287197,,-57.41079946570397,,2591
a14_d1,14.0,1.0,prova2,oracle,0,0.25,PbLg,deterministic,footprint,0.04073121167466053,0.02139191354791165,-100.0,5.294360464096322,3466
a14_d1,14.0,1.0,prova2,oracle,0,0.25,PbLg,deterministic,unmeasured,0.09991101345267375,,-97.94193401822707,,2591
a14_d1,14.0,1.0,prova2,oracle,1,0.3055555555555556,Ca,ensemble,footprint,0.5082290167697708,0.32607632858614155,-29.205241463352127,1.2491456610166687,3466
a14_d1,14.0,1.0,prova2,oracle,1,0.3055555555555556,Ca,ensemble,unmeasured,0.07487543349676797,,-47.446515279627086,,2406
a14_d1,14.0,1.0,prova2,oracle,1,0.3055555555555556,Ca,deterministic,footprint,0.43811823680997,0.16798897426282758,-100.0,3.432603541383113,3466
a14_d1,14.0,1.0,prova2,oracle,1,0.3055555555555556,Ca,deterministic,unmeasured,0.196803780025535,,-97.14100655525674,,2406
a14_d1,14.0,1.0,prova2,oracle,1,0.3055555555555556,Ti,ensemble,footprint,0.4212223909411644,0.30610219770251346,-32.81012215525162,1.2822707621547305,3466
a14_d1,14.0,1.0,prova2,oracle,1,0.3055555555555556,Ti,ensemble,unmeasured,0.17533145654616095,,-46.1531690026394,,2406
a14_d1,14.0,1.0,prova2,oracle,1,0.3055555555555556,Ti,deterministic,footprint,0.2503403514173837,0.08638931401570255,-100.0,4.333032432818007,3466
a14_d1,14.0,1.0,prova2,oracle,1,0.3055555555555556,Ti,deterministic,unmeasured,0.07632632527694175,,-97.4788769115829,,2406
a14_d1,14.0,1.0,prova2,oracle,1,0.3055555555555556,Fe,ensemble,footprint,0.4429909439874906,0.5071155617330563,-27.301677715579387,1.0375706894542298,3466
a14_d1,14.0,1.0,prova2,oracle,1,0.3055555555555556,Fe,ensemble,unmeasured,0.35513166174520056,,-70.05505623381526,,2406
a14_d1,14.0,1.0,prova2,oracle,1,0.3055555555555556,Fe,deterministic,footprint,0.3376607536062265,0.23215790292678806,-100.0,2.0005849167759817,3466
a14_d1,14.0,1.0,prova2,oracle,1,0.3055555555555556,Fe,deterministic,unmeasured,0.16749316514796797,,-97.78131100185544,,2406
a14_d1,14.0,1.0,prova2,oracle,1,0.3055555555555556,Cu,ensemble,footprint,0.5987837050465427,0.2770164872709445,-61.07244935309885,1.198684424745715,3466
a14_d1,14.0,1.0,prova2,oracle,1,0.3055555555555556,Cu,ensemble,unmeasured,0.4367886609567547,,-66.57996038891886,,2406
a14_d1,14.0,1.0,prova2,oracle,1,0.3055555555555556,Cu,deterministic,footprint,0.5090883367628662,0.3662730804032986,-100.0,2.005074547685712,3466
a14_d1,14.0,1.0,prova2,oracle,1,0.3055555555555556,Cu,deterministic,unmeasured,0.23979026296508257,,-97.0365045074969,,2406
a14_d1,14.0,1.0,prova2,oracle,1,0.3055555555555556,PbLl,ensemble,footprint,0.45197545257316746,0.3343561544306609,-38.54494998775117,1.0771405456872356,3466
a14_d1,14.0,1.0,prova2,oracle,1,0.3055555555555556,PbLl,ensemble,unmeasured,0.32908687005158715,,-53.71729373320629,,2406
a14_d1,14.0,1.0,prova2,oracle,1,0.3055555555555556,PbLl,deterministic,footprint,0.22851157057773902,0.16390000387546969,-100.0,2.8555380329168982,3466
a14_d1,14.0,1.0,prova2,oracle,1,0.3055555555555556,PbLl,deterministic,unmeasured,0.1609811510920732,,-97.26303837599386,,2406
a14_d1,14.0,1.0,prova2,oracle,1,0.3055555555555556,PbLa,ensemble,footprint,0.3106112516519491,0.26615849253067103,-39.94523839218188,1.4289491849911364,3466
a14_d1,14.0,1.0,prova2,oracle,1,0.3055555555555556,PbLa,ensemble,unmeasured,0.31146786347840305,,-53.80116966306137,,2406
a14_d1,14.0,1.0,prova2,oracle,1,0.3055555555555556,PbLa,deterministic,footprint,0.05670553797136356,0.054031238780473764,-100.0,4.460869544481937,3466
a14_d1,14.0,1.0,prova2,oracle,1,0.3055555555555556,PbLa,deterministic,unmeasured,0.09372446430027066,,-97.4578420770775,,2406
a14_d1,14.0,1.0,prova2,oracle,1,0.3055555555555556,PbLb,ensemble,footprint,0.28878189751698946,0.2576836418775145,-40.31313858214302,1.4471352834122289,3466
a14_d1,14.0,1.0,prova2,oracle,1,0.3055555555555556,PbLb,ensemble,unmeasured,0.2937159972560052,,-54.153165899056894,,2406
a14_d1,14.0,1.0,prova2,oracle,1,0.3055555555555556,PbLb,deterministic,footprint,0.039888850195554854,0.045804048539231916,-100.0,4.52908907564873,3466
a14_d1,14.0,1.0,prova2,oracle,1,0.3055555555555556,PbLb,deterministic,unmeasured,0.08684550622113767,,-97.48004014529795,,2406
a14_d1,14.0,1.0,prova2,oracle,1,0.3055555555555556,PbLg,ensemble,footprint,0.2898725505637714,0.2704124896713804,-39.778578146545485,1.4632496897054206,3466
a14_d1,14.0,1.0,prova2,oracle,1,0.3055555555555556,PbLg,ensemble,unmeasured,0.2844307867719969,,-53.49368901380179,,2406
a14_d1,14.0,1.0,prova2,oracle,1,0.3055555555555556,PbLg,deterministic,footprint,0.04638820089310186,0.05292997003879805,-100.0,4.616755266533776,3466
a14_d1,14.0,1.0,prova2,oracle,1,0.3055555555555556,PbLg,deterministic,unmeasured,0.07435213048816462,,-97.45181616509862,,2406
a14_d1,14.0,1.0,prova2,oracle,2,0.3611111111111111,Ca,ensemble,footprint,0.5342079566407696,0.37801846472476563,-22.750236938395417,1.1849139424429191,3466
a14_d1,14.0,1.0,prova2,oracle,2,0.3611111111111111,Ca,ensemble,unmeasured,0.02962087267839854,,-44.887632174063135,,2208
a14_d1,14.0,1.0,prova2,oracle,2,0.3611111111111111,Ca,deterministic,footprint,0.4472023153410352,0.1967529521588736,-100.0,3.0650382168015127,3466
a14_d1,14.0,1.0,prova2,oracle,2,0.3611111111111111,Ca,deterministic,unmeasured,0.196668213103485,,-96.51998356114798,,2208
a14_d1,14.0,1.0,prova2,oracle,2,0.3611111111111111,Ti,ensemble,footprint,0.44521426687993265,0.3471344329996986,-27.340281982031133,1.1854575717807962,3466
a14_d1,14.0,1.0,prova2,oracle,2,0.3611111111111111,Ti,ensemble,unmeasured,0.23970434763931617,,-43.889098436481945,,2208
a14_d1,14.0,1.0,prova2,oracle,2,0.3611111111111111,Ti,deterministic,footprint,0.22426592544623175,0.09300033518484396,-100.0,3.812293886595921,3466
a14_d1,14.0,1.0,prova2,oracle,2,0.3611111111111111,Ti,deterministic,unmeasured,0.0516592901303273,,-96.90585113531674,,2208
a14_d1,14.0,1.0,prova2,oracle,2,0.3611111111111111,Fe,ensemble,footprint,0.46758003553979366,0.5192548653951701,-24.679792987656967,1.0146699287644139,3466
a14_d1,14.0,1.0,prova2,oracle,2,0.3611111111111111,Fe,ensemble,unmeasured,0.4145228397849059,,-70.04018872459015,,2208
a14_d1,14.0,1.0,prova2,oracle,2,0.3611111111111111,Fe,deterministic,footprint,0.3418161128932685,0.2611235290786424,-100.0,1.8315387740899856,3466
a14_d1,14.0,1.0,prova2,oracle,2,0.3611111111111111,Fe,deterministic,unmeasured,0.15288168183771064,,-97.54795867634394,,2208
a14_d1,14.0,1.0,prova2,oracle,2,0.3611111111111111,Cu,ensemble,footprint,0.6258908218161828,0.3203761826770067,-47.18878359099114,1.115142741787245,3466
a14_d1,14.0,1.0,prova2,oracle,2,0.3611111111111111,Cu,ensemble,unmeasured,0.3717284884304661,,-62.25721813005929,,2208
a14_d1,14.0,1.0,prova2,oracle,2,0.3611111111111111,Cu,deterministic,footprint,0.5542789191699771,0.4114776032446488,-98.70513152746078,1.7791501356350172,3466
a14_d1,14.0,1.0,prova2,oracle,2,0.3611111111111111,Cu,deterministic,unmeasured,0.2868609302321087,,-95.9458956659245,,2208
a14_d1,14.0,1.0,prova2,oracle,2,0.3611111111111111,PbLl,ensemble,footprint,0.5805001520481893,0.37813699789759836,-31.26107296377971,1.0621337053625244,3466
a14_d1,14.0,1.0,prova2,oracle,2,0.3611111111111111,PbLl,ensemble,unmeasured,0.4489514373989823,,-48.02684291565381,,2208
a14_d1,14.0,1.0,prova2,oracle,2,0.3611111111111111,PbLl,deterministic,footprint,0.33781512103113814,0.20131496363394363,-100.0,2.5111098246869235,3466
a14_d1,14.0,1.0,prova2,oracle,2,0.3611111111111111,PbLl,deterministic,unmeasured,0.21863861156949277,,-96.19560998014583,,2208
a14_d1,14.0,1.0,prova2,oracle,2,0.3611111111111111,PbLa,ensemble,footprint,0.47237669644895514,0.2994836239800908,-34.022414485684905,1.4038323696152304,3466
a14_d1,14.0,1.0,prova2,oracle,2,0.3611111111111111,PbLa,ensemble,unmeasured,0.4650806783238012,,-49.64059655720764,,2208
a14_d1,14.0,1.0,prova2,oracle,2,0.3611111111111111,PbLa,deterministic,footprint,0.16860793137300709,0.07666354266729801,-100.0,3.944879761783399,3466
a14_d1,14.0,1.0,prova2,oracle,2,0.3611111111111111,PbLa,deterministic,unmeasured,0.14552971250505034,,-96.59213821987655,,2208
a14_d1,14.0,1.0,prova2,oracle,2,0.3611111111111111,PbLb,ensemble,footprint,0.46334247091171826,0.2921576577619091,-34.923374314624375,1.4286879262760137,3466
a14_d1,14.0,1.0,prova2,oracle,2,0.3611111111111111,PbLb,ensemble,unmeasured,0.46201112803438915,,-50.08002657126544,,2208
a14_d1,14.0,1.0,prova2,oracle,2,0.3611111111111111,PbLb,deterministic,footprint,0.15727406608131617,0.06748191407651796,-100.0,4.014630623029636,3466
a14_d1,14.0,1.0,prova2,oracle,2,0.3611111111111111,PbLb,deterministic,unmeasured,0.13960381624922508,,-96.62573101072527,,2208
a14_d1,14.0,1.0,prova2,oracle,2,0.3611111111111111,PbLg,ensemble,footprint,0.4460474319758296,0.30578758331417694,-33.99557656345813,1.428423224929721,3466
a14_d1,14.0,1.0,prova2,oracle,2,0.3611111111111111,PbLg,ensemble,unmeasured,0.43073792278316086,,-49.39531770161419,,2208
a14_d1,14.0,1.0,prova2,oracle,2,0.3611111111111111,PbLg,deterministic,footprint,0.15107927439449312,0.07467471852407795,-100.0,4.0769492188481165,3466
a14_d1,14.0,1.0,prova2,oracle,2,0.3611111111111111,PbLg,deterministic,unmeasured,0.11948190651936305,,-96.61504739450709,,2208
a14_d1,14.0,1.0,prova2,oracle,3,0.4166666666666667,Ca,ensemble,footprint,0.5678096416529071,0.4179061647517568,-11.890942991351183,1.123320414742211,3466
a14_d1,14.0,1.0,prova2,oracle,3,0.4166666666666667,Ca,ensemble,unmeasured,0.027489169002496,,-42.003027111739776,,2019
a14_d1,14.0,1.0,prova2,oracle,3,0.4166666666666667,Ca,deterministic,footprint,0.45712676598049723,0.2226083261917896,-97.20319455736733,2.767413536627713,3466
a14_d1,14.0,1.0,prova2,oracle,3,0.4166666666666667,Ca,deterministic,unmeasured,0.19888292798263654,,-96.3213954111902,,2019
a14_d1,14.0,1.0,prova2,oracle,3,0.4166666666666667,Ti,ensemble,footprint,0.48570079442389724,0.38914126556099876,-21.591704605232742,1.1356082025353673,3466
a14_d1,14.0,1.0,prova2,oracle,3,0.4166666666666667,Ti,ensemble,unmeasured,0.2295002295676466,,-42.06742772950799,,2019
a14_d1,14.0,1.0,prova2,oracle,3,0.4166666666666667,Ti,deterministic,footprint,0.2158647491940864,0.10772049901314448,-96.96335815413913,3.45910711037921,3466
a14_d1,14.0,1.0,prova2,oracle,3,0.4166666666666667,Ti,deterministic,unmeasured,0.03215431915312635,,-96.79741382866845,,2019
a14_d1,14.0,1.0,prova2,oracle,3,0.4166666666666667,Fe,ensemble,footprint,0.4768164691410147,0.5408036080422741,-18.67043525035608,0.9875525225756241,3466
a14_d1,14.0,1.0,prova2,oracle,3,0.4166666666666667,Fe,ensemble,unmeasured,0.41727075498019,,-69.99741283028585,,2019
a14_d1,14.0,1.0,prova2,oracle,3,0.4166666666666667,Fe,deterministic,footprint,0.33907410230491547,0.2876592945575444,-97.33268353298422,1.6944730919382467,3466
a14_d1,14.0,1.0,prova2,oracle,3,0.4166666666666667,Fe,deterministic,unmeasured,0.14944927334773944,,-97.56628696921958,,2019
a14_d1,14.0,1.0,prova2,oracle,3,0.4166666666666667,Cu,ensemble,footprint,0.7464166641535032,0.3854062470811422,-24.434240668678143,1.0824119080203651,3466
a14_d1,14.0,1.0,prova2,oracle,3,0.4166666666666667,Cu,ensemble,unmeasured,0.49239413522736963,,-54.46435245757778,,2019
a14_d1,14.0,1.0,prova2,oracle,3,0.4166666666666667,Cu,deterministic,footprint,0.6798208150737017,0.4705738394903408,-58.77948810471113,1.5995280897273505,3466
a14_d1,14.0,1.0,prova2,oracle,3,0.4166666666666667,Cu,deterministic,unmeasured,0.35926129541487517,,-94.98176544265921,,2019
a14_d1,14.0,1.0,prova2,oracle,3,0.4166666666666667,PbLl,ensemble,footprint,0.5963196313705004,0.42352460253767815,-22.99868003326274,1.0014859195666292,3466
a14_d1,14.0,1.0,prova2,oracle,3,0.4166666666666667,PbLl,ensemble,unmeasured,0.44680628986426396,,-45.05318212557739,,2019
a14_d1,14.0,1.0,prova2,oracle,3,0.4166666666666667,PbLl,deterministic,footprint,0.3425190159416904,0.23690813811475248,-92.32128401268645,2.255196367786812,3466
a14_d1,14.0,1.0,prova2,oracle,3,0.4166666666666667,PbLl,deterministic,unmeasured,0.220434828730277,,-95.91903189890607,,2019
a14_d1,14.0,1.0,prova2,oracle,3,0.4166666666666667,PbLa,ensemble,footprint,0.4883184290518024,0.35399685348984145,-27.47542787895729,1.307960278179121,3466
a14_d1,14.0,1.0,prova2,oracle,3,0.4166666666666667,PbLa,ensemble,unmeasured,0.4659411534436019,,-46.98471479474907,,2019
a14_d1,14.0,1.0,prova2,oracle,3,0.4166666666666667,PbLa,deterministic,footprint,0.17023547583401463,0.1021362871563984,-96.71731295978425,3.5368422226646437,3466
a14_d1,14.0,1.0,prova2,oracle,3,0.4166666666666667,PbLa,deterministic,unmeasured,0.14856503086924278,,-96.35455599374637,,2019
a14_d1,14.0,1.0,prova2,oracle,3,0.4166666666666667,PbLb,ensemble,footprint,0.4768357798655807,0.34744761185501466,-28.766290542631644,1.3298140527876692,3466
a14_d1,14.0,1.0,prova2,oracle,3,0.4166666666666667,PbLb,ensemble,unmeasured,0.46021327073136326,,-47.50734416570716,,2019
a14_d1,14.0,1.0,prova2,oracle,3,0.4166666666666667,PbLb,deterministic,footprint,0.15671986809331637,0.09204079422822402,-96.94472617221159,3.5983224623882095,3466
a14_d1,14.0,1.0,prova2,oracle,3,0.4166666666666667,PbLb,deterministic,unmeasured,0.14107877951536962,,-96.39875231124327,,2019
a14_d1,14.0,1.0,prova2,oracle,3,0.4166666666666667,PbLg,ensemble,footprint,0.46782216231450424,0.35718667868304965,-27.566233802401364,1.3346418748123698,3466
a14_d1,14.0,1.0,prova2,oracle,3,0.4166666666666667,PbLg,ensemble,unmeasured,0.4342039520339446,,-46.64399788457043,,2019
a14_d1,14.0,1.0,prova2,oracle,3,0.4166666666666667,PbLg,deterministic,footprint,0.16112447598673307,0.10070614927287971,-96.9980070701145,3.658437832622929,3466
a14_d1,14.0,1.0,prova2,oracle,3,0.4166666666666667,PbLg,deterministic,unmeasured,0.12485718503010226,,-96.37963821987069,,2019
a14_d1,14.0,1.0,prova2,oracle,4,0.4722222222222222,Ca,ensemble,footprint,0.6018395975077431,0.4495088571281124,-5.65864388592453,1.0600815599362756,3466
a14_d1,14.0,1.0,prova2,oracle,4,0.4722222222222222,Ca,ensemble,unmeasured,0.006436184918419079,,-38.342243013896926,,1836
a14_d1,14.0,1.0,prova2,oracle,4,0.4722222222222222,Ca,deterministic,footprint,0.482447902774125,0.24740861527425484,-68.92762854822915,2.5000036182301435,3466
a14_d1,14.0,1.0,prova2,oracle,4,0.4722222222222222,Ca,deterministic,unmeasured,0.20530506044481692,,-95.95154954173718,,1836
a14_d1,14.0,1.0,prova2,oracle,4,0.4722222222222222,Ti,ensemble,footprint,0.4935619533375078,0.4193515918108146,-14.398884046717198,1.0617126585412313,3466
a14_d1,14.0,1.0,prova2,oracle,4,0.4722222222222222,Ti,ensemble,unmeasured,0.16351339288467762,,-39.95822329623332,,1836
a14_d1,14.0,1.0,prova2,oracle,4,0.4722222222222222,Ti,deterministic,footprint,0.19701975476542063,0.1257312226308879,-69.5528691021476,3.1271506624784853,3466
a14_d1,14.0,1.0,prova2,oracle,4,0.4722222222222222,Ti,deterministic,unmeasured,-0.00125940499755237,,-96.57309529205051,,1836
a14_d1,14.0,1.0,prova2,oracle,4,0.4722222222222222,Fe,ensemble,footprint,0.48009020369634603,0.5512002271426937,-15.622272803234594,0.9680190884655769,3466
a14_d1,14.0,1.0,prova2,oracle,4,0.4722222222222222,Fe,ensemble,unmeasured,0.4106111167193572,,-70.53922354213181,,1836
a14_d1,14.0,1.0,prova2,oracle,4,0.4722222222222222,Fe,deterministic,footprint,0.3265139692901732,0.3184574757168733,-69.68734393007361,1.6033460843026444,3466
a14_d1,14.0,1.0,prova2,oracle,4,0.4722222222222222,Fe,deterministic,unmeasured,0.13809992597055798,,-97.54296680933872,,1836
a14_d1,14.0,1.0,prova2,oracle,4,0.4722222222222222,Cu,ensemble,footprint,0.8150388354403041,0.4510554809532702,-10.62264578003509,1.0050474127977578,3466
a14_d1,14.0,1.0,prova2,oracle,4,0.4722222222222222,Cu,ensemble,unmeasured,0.5877194558254983,,-44.121190719087146,,1836
a14_d1,14.0,1.0,prova2,oracle,4,0.4722222222222222,Cu,deterministic,footprint,0.7523617663515635,0.5320257886817763,-19.186719644980766,1.4230302100776517,3466
a14_d1,14.0,1.0,prova2,oracle,4,0.4722222222222222,Cu,deterministic,unmeasured,0.3970365200142436,,-93.84229596624121,,1836
a14_d1,14.0,1.0,prova2,oracle,4,0.4722222222222222,PbLl,ensemble,footprint,0.6217936064709733,0.45983397107175505,-16.09653656707871,0.9268989538000538,3466
a14_d1,14.0,1.0,prova2,oracle,4,0.4722222222222222,PbLl,ensemble,unmeasured,0.48457703068281016,,-41.23109009697669,,1836
a14_d1,14.0,1.0,prova2,oracle,4,0.4722222222222222,PbLl,deterministic,footprint,0.3485199501873076,0.27483957535183884,-60.48137112721898,2.023985238757851,3466
a14_d1,14.0,1.0,prova2,oracle,4,0.4722222222222222,PbLl,deterministic,unmeasured,0.22801858289480456,,-95.45368115296198,,1836
a14_d1,14.0,1.0,prova2,oracle,4,0.4722222222222222,PbLa,ensemble,footprint,0.5090809880801578,0.4076964716610913,-20.16565891225437,1.1903931758682789,3466
a14_d1,14.0,1.0,prova2,oracle,4,0.4722222222222222,PbLa,ensemble,unmeasured,0.49892403563430965,,-44.019267104909225,,1836
a14_d1,14.0,1.0,prova2,oracle,4,0.4722222222222222,PbLa,deterministic,footprint,0.1624487966287632,0.13764836198016112,-68.69579705415568,3.1780208222187234,3466
a14_d1,14.0,1.0,prova2,oracle,4,0.4722222222222222,PbLa,deterministic,unmeasured,0.145904225222563,,-96.00831687721802,,1836
a14_d1,14.0,1.0,prova2,oracle,4,0.4722222222222222,PbLb,ensemble,footprint,0.4916303662447835,0.4013800724662751,-22.076643313208766,1.208691815110964,3466
a14_d1,14.0,1.0,prova2,oracle,4,0.4722222222222222,PbLb,ensemble,unmeasured,0.4861545724716257,,-44.735314243285664,,1836
a14_d1,14.0,1.0,prova2,oracle,4,0.4722222222222222,PbLb,deterministic,footprint,0.1414015787570311,0.12659810548428405,-68.65706434905562,3.233622379790698,3466
a14_d1,14.0,1.0,prova2,oracle,4,0.4722222222222222,PbLb,deterministic,unmeasured,0.13684081802651085,,-96.06090480342466,,1836
a14_d1,14.0,1.0,prova2,oracle,4,0.4722222222222222,PbLg,ensemble,footprint,0.4884025514383525,0.40181018597295404,-19.852833765248292,1.2138013573328403,3466
a14_d1,14.0,1.0,prova2,oracle,4,0.4722222222222222,PbLg,ensemble,unmeasured,0.4680849163478796,,-43.705087664525436,,1836
a14_d1,14.0,1.0,prova2,oracle,4,0.4722222222222222,PbLg,deterministic,footprint,0.1508826336978459,0.13074179273132863,-68.25962803589769,3.2900057562353027,3466
a14_d1,14.0,1.0,prova2,oracle,4,0.4722222222222222,PbLg,deterministic,unmeasured,0.12205508632459748,,-96.02829858583213,,1836
a14_d1,14.0,1.0,prova2,oracle,5,0.5277777777777778,Ca,ensemble,footprint,0.6772660412506359,0.5172002175098758,-3.3277251394398077,1.0256334098475646,3466
a14_d1,14.0,1.0,prova2,oracle,5,0.5277777777777778,Ca,ensemble,unmeasured,0.016030288545852114,,-33.26259744122628,,1636
a14_d1,14.0,1.0,prova2,oracle,5,0.5277777777777778,Ca,deterministic,footprint,0.5494187803048477,0.31353448014062035,-30.35145051981114,2.2763423181746454,3466
a14_d1,14.0,1.0,prova2,oracle,5,0.5277777777777778,Ca,deterministic,unmeasured,0.2289233836411539,,-95.8816174754129,,1636
a14_d1,14.0,1.0,prova2,oracle,5,0.5277777777777778,Ti,ensemble,footprint,0.5345174938525465,0.47839995562174586,-8.934948665887244,1.007870294747967,3466
a14_d1,14.0,1.0,prova2,oracle,5,0.5277777777777778,Ti,ensemble,unmeasured,0.1470293615805115,,-36.870815034647954,,1636
a14_d1,14.0,1.0,prova2,oracle,5,0.5277777777777778,Ti,deterministic,footprint,0.21964430339198984,0.16739701873722496,-31.989010651750704,2.817417842895532,3466
a14_d1,14.0,1.0,prova2,oracle,5,0.5277777777777778,Ti,deterministic,unmeasured,0.019827284446341634,,-96.4576502876128,,1636
a14_d1,14.0,1.0,prova2,oracle,5,0.5277777777777778,Fe,ensemble,footprint,0.4946229526347223,0.5757090610750649,-11.81062324871418,0.9454803923201837,3466
a14_d1,14.0,1.0,prova2,oracle,5,0.5277777777777778,Fe,ensemble,unmeasured,0.420573592236171,,-70.48692562890007,,1636
a14_d1,14.0,1.0,prova2,oracle,5,0.5277777777777778,Fe,deterministic,footprint,0.3329698544766414,0.3497288715797609,-33.550978916126574,1.4766805882744378,3466
a14_d1,14.0,1.0,prova2,oracle,5,0.5277777777777778,Fe,deterministic,unmeasured,0.13585775910798284,,-97.49928589536822,,1636
a14_d1,14.0,1.0,prova2,oracle,5,0.5277777777777778,Cu,ensemble,footprint,0.8664451847072729,0.5280295795369578,-7.781998877136442,0.9667054118570376,3466
a14_d1,14.0,1.0,prova2,oracle,5,0.5277777777777778,Cu,ensemble,unmeasured,0.5781249705963378,,-33.5542602224275,,1636
a14_d1,14.0,1.0,prova2,oracle,5,0.5277777777777778,Cu,deterministic,footprint,0.8111053908263397,0.6231116173141126,-11.765415223340836,1.3249840500647172,3466
a14_d1,14.0,1.0,prova2,oracle,5,0.5277777777777778,Cu,deterministic,unmeasured,0.33908080503782506,,-94.27667615337292,,1636
a14_d1,14.0,1.0,prova2,oracle,5,0.5277777777777778,PbLl,ensemble,footprint,0.6649990702221759,0.5233410785342882,-12.006616970309425,0.8767090014160114,3466
a14_d1,14.0,1.0,prova2,oracle,5,0.5277777777777778,PbLl,ensemble,unmeasured,0.5115181512885955,,-36.36191629440739,,1636
a14_d1,14.0,1.0,prova2,oracle,5,0.5277777777777778,PbLl,deterministic,footprint,0.3823859528592926,0.3366853481365517,-25.246534115324316,1.828326012478093,3466
a14_d1,14.0,1.0,prova2,oracle,5,0.5277777777777778,PbLl,deterministic,unmeasured,0.24562983389603338,,-95.23627779825279,,1636
a14_d1,14.0,1.0,prova2,oracle,5,0.5277777777777778,PbLa,ensemble,footprint,0.5631715420880491,0.49452999728513053,-8.36175439848641,1.1181972443634045,3466
a14_d1,14.0,1.0,prova2,oracle,5,0.5277777777777778,PbLa,ensemble,unmeasured,0.5112784092525525,,-40.50937551748618,,1636
a14_d1,14.0,1.0,prova2,oracle,5,0.5277777777777778,PbLa,deterministic,footprint,0.1904962875736482,0.19552956113120695,-30.820362091347764,2.8718569439404367,3466
a14_d1,14.0,1.0,prova2,oracle,5,0.5277777777777778,PbLa,deterministic,unmeasured,0.16097805570586185,,-95.89222851007293,,1636
a14_d1,14.0,1.0,prova2,oracle,5,0.5277777777777778,PbLb,ensemble,footprint,0.5459771793695167,0.4863057262486883,-10.523669358024357,1.1365125884705642,3466
a14_d1,14.0,1.0,prova2,oracle,5,0.5277777777777778,PbLb,ensemble,unmeasured,0.49831863821722944,,-41.42504897052948,,1636
a14_d1,14.0,1.0,prova2,oracle,5,0.5277777777777778,PbLb,deterministic,footprint,0.1666891911589818,0.18143832688017153,-30.407240240799638,2.9231426178744213,3466
a14_d1,14.0,1.0,prova2,oracle,5,0.5277777777777778,PbLb,deterministic,unmeasured,0.1535818188875332,,-95.94312073072167,,1636
a14_d1,14.0,1.0,prova2,oracle,5,0.5277777777777778,PbLg,ensemble,footprint,0.5433587170786095,0.4840133050512144,-10.857153082740911,1.1360268525673543,3466
a14_d1,14.0,1.0,prova2,oracle,5,0.5277777777777778,PbLg,ensemble,unmeasured,0.4838656543159005,,-40.2232355572002,,1636
a14_d1,14.0,1.0,prova2,oracle,5,0.5277777777777778,PbLg,deterministic,footprint,0.17666066728671934,0.18428427210782522,-30.55224815311437,2.970146783475739,3466
a14_d1,14.0,1.0,prova2,oracle,5,0.5277777777777778,PbLg,deterministic,unmeasured,0.1404497183577009,,-95.90602132470048,,1636
a14_d1,14.0,1.0,prova2,oracle,6,0.5833333333333334,Ca,ensemble,footprint,0.7181296644019153,0.5834607206376251,-2.550686695155946,1.0067565931685638,3466
a14_d1,14.0,1.0,prova2,oracle,6,0.5833333333333334,Ca,ensemble,unmeasured,-0.028897388920298316,,-31.407316376547,,1461
a14_d1,14.0,1.0,prova2,oracle,6,0.5833333333333334,Ca,deterministic,footprint,0.5576329185783394,0.3677887406030303,-13.225758951982126,2.1185608459150855,3466
a14_d1,14.0,1.0,prova2,oracle,6,0.5833333333333334,Ca,deterministic,unmeasured,0.20173111059738277,,-95.34138199126751,,1461
a14_d1,14.0,1.0,prova2,oracle,6,0.5833333333333334,Ti,ensemble,footprint,0.582591810861049,0.5335342228248074,-6.736574974122023,0.956111479339081,3466
a14_d1,14.0,1.0,prova2,oracle,6,0.5833333333333334,Ti,ensemble,unmeasured,0.17537039323843742,,-34.72030988225016,,1461
a14_d1,14.0,1.0,prova2,oracle,6,0.5833333333333334,Ti,deterministic,footprint,0.2063777665056886,0.20694387893094893,-14.248566544155494,2.5597359064636107,3466
a14_d1,14.0,1.0,prova2,oracle,6,0.5833333333333334,Ti,deterministic,unmeasured,-0.012992017365585914,,-95.75265153261334,,1461
a14_d1,14.0,1.0,prova2,oracle,6,0.5833333333333334,Fe,ensemble,footprint,0.5144701389720547,0.5896185679038725,-8.599283087252395,0.9092385950810012,3466
a14_d1,14.0,1.0,prova2,oracle,6,0.5833333333333334,Fe,ensemble,unmeasured,0.47783334391498034,,-70.02318769335106,,1461
a14_d1,14.0,1.0,prova2,oracle,6,0.5833333333333334,Fe,deterministic,footprint,0.3361125323730626,0.37638844269575167,-17.839462037256006,1.3537819363742445,3466
a14_d1,14.0,1.0,prova2,oracle,6,0.5833333333333334,Fe,deterministic,unmeasured,0.13868372892255149,,-96.85291606664553,,1461
a14_d1,14.0,1.0,prova2,oracle,6,0.5833333333333334,Cu,ensemble,footprint,0.880529633388445,0.5589231556844276,-6.340233270630746,0.947972149896746,3466
a14_d1,14.0,1.0,prova2,oracle,6,0.5833333333333334,Cu,ensemble,unmeasured,0.5465658855786051,,-28.665384632448156,,1461
a14_d1,14.0,1.0,prova2,oracle,6,0.5833333333333334,Cu,deterministic,footprint,0.8293211503202599,0.6579751878512571,-9.16408806586151,1.2722910680333854,3466
a14_d1,14.0,1.0,prova2,oracle,6,0.5833333333333334,Cu,deterministic,unmeasured,0.32057854964535076,,-94.06340191993722,,1461
a14_d1,14.0,1.0,prova2,oracle,6,0.5833333333333334,PbLl,ensemble,footprint,0.7459037511324482,0.5807636817740793,-8.994711594353877,0.8395901427165154,3466
a14_d1,14.0,1.0,prova2,oracle,6,0.5833333333333334,PbLl,ensemble,unmeasured,0.6208443951320592,,-29.64380051411591,,1461
a14_d1,14.0,1.0,prova2,oracle,6,0.5833333333333334,PbLl,deterministic,footprint,0.4510205065330029,0.41200885091298783,-17.5129340496984,1.6697548628761354,3466
a14_d1,14.0,1.0,prova2,oracle,6,0.5833333333333334,PbLl,deterministic,unmeasured,0.2775652941696215,,-93.90520977859278,,1461
a14_d1,14.0,1.0,prova2,oracle,6,0.5833333333333334,PbLa,ensemble,footprint,0.7064097269409271,0.5795098779770231,-4.163059310249628,1.0758325135766327,3466
a14_d1,14.0,1.0,prova2,oracle,6,0.5833333333333334,PbLa,ensemble,unmeasured,0.6666711458078007,,-34.620086719869555,,1461
a14_d1,14.0,1.0,prova2,oracle,6,0.5833333333333334,PbLa,deterministic,footprint,0.3076406870130664,0.27483175836486984,-9.747011087141534,2.618656967478665,3466
a14_d1,14.0,1.0,prova2,oracle,6,0.5833333333333334,PbLa,deterministic,unmeasured,0.21764136138542092,,-94.72112306572706,,1461
a14_d1,14.0,1.0,prova2,oracle,6,0.5833333333333334,PbLb,ensemble,footprint,0.6956208666559551,0.5710476600266361,-5.12779870694926,1.0976137095930465,3466
a14_d1,14.0,1.0,prova2,oracle,6,0.5833333333333334,PbLb,ensemble,unmeasured,0.6598105022245061,,-35.724238085917165,,1461
a14_d1,14.0,1.0,prova2,oracle,6,0.5833333333333334,PbLb,deterministic,footprint,0.28787686218884795,0.2586177416658927,-9.506770383545993,2.667375871569541,3466
a14_d1,14.0,1.0,prova2,oracle,6,0.5833333333333334,PbLb,deterministic,unmeasured,0.214717348355534,,-94.77628269171448,,1461
a14_d1,14.0,1.0,prova2,oracle,6,0.5833333333333334,PbLg,ensemble,footprint,0.6914586188462478,0.5642709995932516,-7.1483039467743925,1.0877201350137506,3466
a14_d1,14.0,1.0,prova2,oracle,6,0.5833333333333334,PbLg,ensemble,unmeasured,0.6445305538514863,,-34.33277655203894,,1461
a14_d1,14.0,1.0,prova2,oracle,6,0.5833333333333334,PbLg,deterministic,footprint,0.29458353847434077,0.25751270831248374,-12.175274313219997,2.703956173364982,3466
a14_d1,14.0,1.0,prova2,oracle,6,0.5833333333333334,PbLg,deterministic,unmeasured,0.20094636617384135,,-94.72837845333189,,1461
a14_d1,14.0,1.0,prova2,oracle,7,0.6388888888888888,Ca,ensemble,footprint,0.7688560874008951,0.6420549242607584,-1.8230030469231884,0.9923093736780721,3466
a14_d1,14.0,1.0,prova2,oracle,7,0.6388888888888888,Ca,ensemble,unmeasured,0.03828669646888727,,-29.46390987570844,,1265
a14_d1,14.0,1.0,prova2,oracle,7,0.6388888888888888,Ca,deterministic,footprint,0.5705688120811279,0.4077392724997529,-7.446266616632569,1.9560862047727656,3466
a14_d1,14.0,1.0,prova2,oracle,7,0.6388888888888888,Ca,deterministic,unmeasured,0.19105010835903918,,-94.72795846471848,,1265
a14_d1,14.0,1.0,prova2,oracle,7,0.6388888888888888,Ti,ensemble,footprint,0.6282355611749604,0.5921693137639363,-4.280878053151915,0.9122155212048487,3466
a14_d1,14.0,1.0,prova2,oracle,7,0.6388888888888888,Ti,ensemble,unmeasured,0.18646641965720823,,-32.311710948437955,,1265
a14_d1,14.0,1.0,prova2,oracle,7,0.6388888888888888,Ti,deterministic,footprint,0.2055077235960429,0.23908335747809487,-9.65127384715414,2.3003054887384202,3466
a14_d1,14.0,1.0,prova2,oracle,7,0.6388888888888888,Ti,deterministic,unmeasured,-0.05249837156575651,,-95.1147452531054,,1265
a14_d1,14.0,1.0,prova2,oracle,7,0.6388888888888888,Fe,ensemble,footprint,0.5272819290236403,0.6179374814465681,-5.815066404410629,0.8874844952577442,3466
a14_d1,14.0,1.0,prova2,oracle,7,0.6388888888888888,Fe,ensemble,unmeasured,0.4677423120080935,,-70.27885026216782,,1265
a14_d1,14.0,1.0,prova2,oracle,7,0.6388888888888888,Fe,deterministic,footprint,0.3429753540192369,0.41810740025387116,-12.073252401387402,1.2538439894750015,3466
a14_d1,14.0,1.0,prova2,oracle,7,0.6388888888888888,Fe,deterministic,unmeasured,0.119053888553108,,-96.52405202616028,,1265
a14_d1,14.0,1.0,prova2,oracle,7,0.6388888888888888,Cu,ensemble,footprint,0.9032508592554711,0.6024422768816413,-4.870819566676077,0.9355297194352218,3466
a14_d1,14.0,1.0,prova2,oracle,7,0.6388888888888888,Cu,ensemble,unmeasured,0.5800397687120532,,-23.22007337996462,,1265
a14_d1,14.0,1.0,prova2,oracle,7,0.6388888888888888,Cu,deterministic,footprint,0.8528132700372102,0.696134108374126,-7.485925026405649,1.2206118728904365,3466
a14_d1,14.0,1.0,prova2,oracle,7,0.6388888888888888,Cu,deterministic,unmeasured,0.360110815339561,,-92.96117122456909,,1265
a14_d1,14.0,1.0,prova2,oracle,7,0.6388888888888888,PbLl,ensemble,footprint,0.8195090256155366,0.6427276790614406,-6.651875239922633,0.8461679934443814,3466
a14_d1,14.0,1.0,prova2,oracle,7,0.6388888888888888,PbLl,ensemble,unmeasured,0.6659418953702827,,-20.650150307317762,,1265
a14_d1,14.0,1.0,prova2,oracle,7,0.6388888888888888,PbLl,deterministic,footprint,0.5599719049597046,0.47584382445955453,-12.991419119520398,1.537434987305086,3466
a14_d1,14.0,1.0,prova2,oracle,7,0.6388888888888888,PbLl,deterministic,unmeasured,0.3472987912577872,,-92.31783228394326,,1265
a14_d1,14.0,1.0,prova2,oracle,7,0.6388888888888888,PbLa,ensemble,footprint,0.8058142007251586,0.6714517186316608,-2.5270613619235327,1.0459459550120789,3466
a14_d1,14.0,1.0,prova2,oracle,7,0.6388888888888888,PbLa,ensemble,unmeasured,0.6980597303363837,,-27.919709904304035,,1265
a14_d1,14.0,1.0,prova2,oracle,7,0.6388888888888888,PbLa,deterministic,footprint,0.42364513707979207,0.33800586897796137,-5.3083782557021175,2.3603453344205794,3466
a14_d1,14.0,1.0,prova2,oracle,7,0.6388888888888888,PbLa,deterministic,unmeasured,0.2822495991920312,,-93.47391516901575,,1265
a14_d1,14.0,1.0,prova2,oracle,7,0.6388888888888888,PbLb,ensemble,footprint,0.8003504968130004,0.66774030992309,-3.0321519015796827,1.0702305964253669,3466
a14_d1,14.0,1.0,prova2,oracle,7,0.6388888888888888,PbLb,ensemble,unmeasured,0.6924002812664619,,-29.202679524600484,,1265
a14_d1,14.0,1.0,prova2,oracle,7,0.6388888888888888,PbLb,deterministic,footprint,0.4094492565534171,0.3238594678451095,-5.373557076279889,2.406384604230837,3466
a14_d1,14.0,1.0,prova2,oracle,7,0.6388888888888888,PbLb,deterministic,unmeasured,0.2788227961217875,,-93.55383683261971,,1265
a14_d1,14.0,1.0,prova2,oracle,7,0.6388888888888888,PbLg,ensemble,footprint,0.7904539178998372,0.6538162353291099,-4.927059165555825,1.0537424935657376,3466
a14_d1,14.0,1.0,prova2,oracle,7,0.6388888888888888,PbLg,ensemble,unmeasured,0.6763991088272981,,-27.752596671102506,,1265
a14_d1,14.0,1.0,prova2,oracle,7,0.6388888888888888,PbLg,deterministic,footprint,0.4077082786970313,0.3193004725935928,-7.990930617428282,2.4334329629851164,3466
a14_d1,14.0,1.0,prova2,oracle,7,0.6388888888888888,PbLg,deterministic,unmeasured,0.26505607331348524,,-93.52079192117691,,1265
a14_d1,14.0,1.0,prova2,oracle,8,0.6944444444444444,Ca,ensemble,footprint,0.8150441237059631,0.7244904563840815,-1.3002095629624066,0.9825752119896283,3466
a14_d1,14.0,1.0,prova2,oracle,8,0.6944444444444444,Ca,ensemble,unmeasured,0.10912236105870812,,-28.65246954682257,,1063
a14_d1,14.0,1.0,prova2,oracle,8,0.6944444444444444,Ca,deterministic,footprint,0.5783158565663647,0.47847977014697335,-4.921179001006459,1.799625833129356,3466
a14_d1,14.0,1.0,prova2,oracle,8,0.6944444444444444,Ca,deterministic,unmeasured,0.1672654736846892,,-94.62216486241806,,1063
a14_d1,14.0,1.0,prova2,oracle,8,0.6944444444444444,Ti,ensemble,footprint,0.6808671747713138,0.6738567349986623,-2.839234078486541,0.8765402601672375,3466
a14_d1,14.0,1.0,prova2,oracle,8,0.6944444444444444,Ti,ensemble,unmeasured,0.20721324164332586,,-29.406872553887187,,1063
a14_d1,14.0,1.0,prova2,oracle,8,0.6944444444444444,Ti,deterministic,footprint,0.23361481390140537,0.3524288589478369,-6.307597068099879,2.0555135318121254,3466
a14_d1,14.0,1.0,prova2,oracle,8,0.6944444444444444,Ti,deterministic,unmeasured,-0.0879510796418834,,-94.83575624541656,,1063
a14_d1,14.0,1.0,prova2,oracle,8,0.6944444444444444,Fe,ensemble,footprint,0.5483183699868077,0.6676176351390891,-3.690783367489603,0.8667361036730743,3466
a14_d1,14.0,1.0,prova2,oracle,8,0.6944444444444444,Fe,ensemble,unmeasured,0.48894985765882915,,-70.82423854345932,,1063
a14_d1,14.0,1.0,prova2,oracle,8,0.6944444444444444,Fe,deterministic,footprint,0.35965861396366533,0.5015554128463143,-8.179378840735685,1.159366125592701,3466
a14_d1,14.0,1.0,prova2,oracle,8,0.6944444444444444,Fe,deterministic,unmeasured,0.10466585764888016,,-96.57131535759629,,1063
a14_d1,14.0,1.0,prova2,oracle,8,0.6944444444444444,Cu,ensemble,footprint,0.9234909536196244,0.637437195242037,-4.132557382332935,0.9392404468306257,3466
a14_d1,14.0,1.0,prova2,oracle,8,0.6944444444444444,Cu,ensemble,unmeasured,0.616108868747191,,-21.04270067084268,,1063
a14_d1,14.0,1.0,prova2,oracle,8,0.6944444444444444,Cu,deterministic,footprint,0.8715476899280927,0.7237185435805601,-6.017439478374587,1.1829693323579995,3466
a14_d1,14.0,1.0,prova2,oracle,8,0.6944444444444444,Cu,deterministic,unmeasured,0.3679258416860675,,-92.92369518369556,,1063
a14_d1,14.0,1.0,prova2,oracle,8,0.6944444444444444,PbLl,ensemble,footprint,0.8638195161258521,0.6940830684932443,-5.235378632706055,0.8317972850423484,3466
a14_d1,14.0,1.0,prova2,oracle,8,0.6944444444444444,PbLl,ensemble,unmeasured,0.707635845223443,,-10.426100543540718,,1063
a14_d1,14.0,1.0,prova2,oracle,8,0.6944444444444444,PbLl,deterministic,footprint,0.6381139378086664,0.556945097328046,-9.458241955560942,1.3971746124974558,3466
a14_d1,14.0,1.0,prova2,oracle,8,0.6944444444444444,PbLl,deterministic,unmeasured,0.3919722827905105,,-91.21508299914423,,1063
a14_d1,14.0,1.0,prova2,oracle,8,0.6944444444444444,PbLa,ensemble,footprint,0.878366461978776,0.762637679850414,-1.6378410000700505,1.0114210103997812,3466
a14_d1,14.0,1.0,prova2,oracle,8,0.6944444444444444,PbLa,ensemble,unmeasured,0.7180995730387233,,-20.27743023420437,,1063
a14_d1,14.0,1.0,prova2,oracle,8,0.6944444444444444,PbLa,deterministic,footprint,0.5359195938767949,0.4581448031778114,-3.6775168597436902,2.11673439928325,3466
a14_d1,14.0,1.0,prova2,oracle,8,0.6944444444444444,PbLa,deterministic,unmeasured,0.35385323494933896,,-92.68780952200133,,1063
a14_d1,14.0,1.0,prova2,oracle,8,0.6944444444444444,PbLb,ensemble,footprint,0.8773226936728515,0.7630919593986892,-1.8425375186933768,1.0374683728249592,3466
a14_d1,14.0,1.0,prova2,oracle,8,0.6944444444444444,PbLb,ensemble,unmeasured,0.7125802561997007,,-21.808955963540086,,1063
a14_d1,14.0,1.0,prova2,oracle,8,0.6944444444444444,PbLb,deterministic,footprint,0.5279609663897605,0.4477953012593489,-3.5210141064302203,2.160377447230432,3466
a14_d1,14.0,1.0,prova2,oracle,8,0.6944444444444444,PbLb,deterministic,unmeasured,0.3558114985013197,,-92.80227031101194,,1063
a14_d1,14.0,1.0,prova2,oracle,8,0.6944444444444444,PbLg,ensemble,footprint,0.8622211304966372,0.7398838682226621,-2.9970613153111114,1.016788264415206,3466
a14_d1,14.0,1.0,prova2,oracle,8,0.6944444444444444,PbLg,ensemble,unmeasured,0.6970499865882944,,-20.42191126373282,,1063
a14_d1,14.0,1.0,prova2,oracle,8,0.6944444444444444,PbLg,deterministic,footprint,0.5157322303586579,0.4358497401626756,-5.51875787001348,2.1796113891740387,3466
a14_d1,14.0,1.0,prova2,oracle,8,0.6944444444444444,PbLg,deterministic,unmeasured,0.33665977816666665,,-92.77779351103916,,1063
a14_d1,14.0,1.0,prova2,oracle,9,0.75,Ca,ensemble,footprint,0.8774834611808284,0.8021472907202123,-0.561939136826517,0.9658307400680778,3466
a14_d1,14.0,1.0,prova2,oracle,9,0.75,Ca,ensemble,unmeasured,0.08843516460907605,,-22.061600570609432,,863
a14_d1,14.0,1.0,prova2,oracle,9,0.75,Ca,deterministic,footprint,0.6597836616411096,0.5683700694811444,-3.4004354357270117,1.6305842809568107,3466
a14_d1,14.0,1.0,prova2,oracle,9,0.75,Ca,deterministic,unmeasured,0.11243184909092428,,-94.16640674357711,,863
a14_d1,14.0,1.0,prova2,oracle,9,0.75,Ti,ensemble,footprint,0.813033514071877,0.763716209394059,-1.4400630925683666,0.900057132477388,3466
a14_d1,14.0,1.0,prova2,oracle,9,0.75,Ti,ensemble,unmeasured,0.3203479787094429,,-21.503453984809635,,863
a14_d1,14.0,1.0,prova2,oracle,9,0.75,Ti,deterministic,footprint,0.41337668171498865,0.45581944741281,-4.317251124372845,1.8586645566986277,3466
a14_d1,14.0,1.0,prova2,oracle,9,0.75,Ti,deterministic,unmeasured,-0.01734270258783598,,-94.09341557413842,,863
a14_d1,14.0,1.0,prova2,oracle,9,0.75,Fe,ensemble,footprint,0.7492133946296161,0.7619931992700044,-1.6006933410208646,0.9567485034024396,3466
a14_d1,14.0,1.0,prova2,oracle,9,0.75,Fe,ensemble,unmeasured,0.6322022804728862,,-63.49191309212476,,863
a14_d1,14.0,1.0,prova2,oracle,9,0.75,Fe,deterministic,footprint,0.6228165154547437,0.6038907504084532,-5.421430100712876,1.1680149474587536,3466
a14_d1,14.0,1.0,prova2,oracle,9,0.75,Fe,deterministic,unmeasured,0.23287663305266731,,-95.06385752178684,,863
a14_d1,14.0,1.0,prova2,oracle,9,0.75,Cu,ensemble,footprint,0.9388835409562093,0.6967059339907422,-3.4634846641735884,0.9489087293995486,3466
a14_d1,14.0,1.0,prova2,oracle,9,0.75,Cu,ensemble,unmeasured,0.6125920247644417,,-21.578220214518087,,863
a14_d1,14.0,1.0,prova2,oracle,9,0.75,Cu,deterministic,footprint,0.8865183394502263,0.7617417308151359,-4.841494537772983,1.1484634798045732,3466
a14_d1,14.0,1.0,prova2,oracle,9,0.75,Cu,deterministic,unmeasured,0.3240536401801516,,-93.82359113204261,,863
a14_d1,14.0,1.0,prova2,oracle,9,0.75,PbLl,ensemble,footprint,0.89977186274294,0.7546222594053797,-4.404775534378214,0.8758771875413246,3466
a14_d1,14.0,1.0,prova2,oracle,9,0.75,PbLl,ensemble,unmeasured,0.7356320264959416,,-10.641346889871395,,863
a14_d1,14.0,1.0,prova2,oracle,9,0.75,PbLl,deterministic,footprint,0.6706262286633597,0.6115180023164392,-7.64578485956362,1.3350207171077844,3466
a14_d1,14.0,1.0,prova2,oracle,9,0.75,PbLl,deterministic,unmeasured,0.38995704626310856,,-91.36951056308239,,863
a14_d1,14.0,1.0,prova2,oracle,9,0.75,PbLa,ensemble,footprint,0.9169381475763517,0.8326977354203423,-1.2398918225526412,1.0018484987192693,3466
a14_d1,14.0,1.0,prova2,oracle,9,0.75,PbLa,ensemble,unmeasured,0.7291854501406195,,-17.337737306641714,,863
a14_d1,14.0,1.0,prova2,oracle,9,0.75,PbLa,deterministic,footprint,0.5555701203935558,0.5329314100000645,-2.4826319714154943,1.918771530376718,3466
a14_d1,14.0,1.0,prova2,oracle,9,0.75,PbLa,deterministic,unmeasured,0.34954776034982765,,-92.42765215986977,,863
a14_d1,14.0,1.0,prova2,oracle,9,0.75,PbLb,ensemble,footprint,0.9136974948323314,0.8290185534904456,-1.3556558607574098,1.0165883523943133,3466
a14_d1,14.0,1.0,prova2,oracle,9,0.75,PbLb,ensemble,unmeasured,0.712268972780937,,-18.37560137851048,,863
a14_d1,14.0,1.0,prova2,oracle,9,0.75,PbLb,deterministic,footprint,0.550724852279796,0.5247782970287097,-2.44169202071991,1.9502011297291775,3466
a14_d1,14.0,1.0,prova2,oracle,9,0.75,PbLb,deterministic,unmeasured,0.349949510878416,,-92.49741918059394,,863
a14_d1,14.0,1.0,prova2,oracle,9,0.75,PbLg,ensemble,footprint,0.8986043104793223,0.7992329880067789,-2.191534156982078,0.9985866720926483,3466
a14_d1,14.0,1.0,prova2,oracle,9,0.75,PbLg,ensemble,unmeasured,0.7015630242406131,,-17.365380597279064,,863
a14_d1,14.0,1.0,prova2,oracle,9,0.75,PbLg,deterministic,footprint,0.530041114751952,0.5069316218557266,-4.072953423417913,1.9663844797496057,3466
a14_d1,14.0,1.0,prova2,oracle,9,0.75,PbLg,deterministic,unmeasured,0.33309774648113166,,-92.48059410849271,,863
a14_d1,14.0,1.0,prova2,oracle,10,0.8055555555555556,Ca,ensemble,footprint,0.9301930074179718,0.8516890897149079,-0.21826091377190604,0.9493324677129852,3466
a14_d1,14.0,1.0,prova2,oracle,10,0.8055555555555556,Ca,ensemble,unmeasured,0.3684450261017827,,-15.550807552016895,,674
a14_d1,14.0,1.0,prova2,oracle,10,0.8055555555555556,Ca,deterministic,footprint,0.7197742962018401,0.6382214472042523,-2.321620300994587,1.4731353153973756,3466
a14_d1,14.0,1.0,prova2,oracle,10,0.8055555555555556,Ca,deterministic,unmeasured,0.2228166107459729,,-93.12204577737282,,674
a14_d1,14.0,1.0,prova2,oracle,10,0.8055555555555556,Ti,ensemble,footprint,0.8793443933487796,0.8030314803527774,-0.42925159737874363,0.8813611005261057,3466
a14_d1,14.0,1.0,prova2,oracle,10,0.8055555555555556,Ti,ensemble,unmeasured,0.5612696626486067,,-15.62625248888914,,674
a14_d1,14.0,1.0,prova2,oracle,10,0.8055555555555556,Ti,deterministic,footprint,0.49205692257607037,0.5243207405943395,-3.101131247352784,1.6445824125215485,3466
a14_d1,14.0,1.0,prova2,oracle,10,0.8055555555555556,Ti,deterministic,unmeasured,0.07100193094015081,,-93.2364814279664,,674
a14_d1,14.0,1.0,prova2,oracle,10,0.8055555555555556,Fe,ensemble,footprint,0.8804293022414583,0.8167612033340592,-0.21080785223923648,0.9836115523867232,3466
a14_d1,14.0,1.0,prova2,oracle,10,0.8055555555555556,Fe,ensemble,unmeasured,0.7937990986497038,,-54.62055292874113,,674
a14_d1,14.0,1.0,prova2,oracle,10,0.8055555555555556,Fe,deterministic,footprint,0.7895435771043993,0.6810848371484116,-3.3683336470634595,1.1310715125275066,3466
a14_d1,14.0,1.0,prova2,oracle,10,0.8055555555555556,Fe,deterministic,unmeasured,0.4245651936378108,,-92.48000224713743,,674
a14_d1,14.0,1.0,prova2,oracle,10,0.8055555555555556,Cu,ensemble,footprint,0.9539861434937199,0.761055366807242,-2.970731408256777,0.9584051753523096,3466
a14_d1,14.0,1.0,prova2,oracle,10,0.8055555555555556,Cu,ensemble,unmeasured,0.6936844124250924,,-23.16884144306493,,674
a14_d1,14.0,1.0,prova2,oracle,10,0.8055555555555556,Cu,deterministic,footprint,0.8972942238351411,0.7884911858961708,-4.2731037333154305,1.1207308438123607,3466
a14_d1,14.0,1.0,prova2,oracle,10,0.8055555555555556,Cu,deterministic,unmeasured,0.31089433885448753,,-93.92795465363118,,674
a14_d1,14.0,1.0,prova2,oracle,10,0.8055555555555556,PbLl,ensemble,footprint,0.9198601451221423,0.7823608877460214,-3.3170153065820385,0.9003092348565804,3466
a14_d1,14.0,1.0,prova2,oracle,10,0.8055555555555556,PbLl,ensemble,unmeasured,0.7093427873372158,,-8.315446289651748,,674
a14_d1,14.0,1.0,prova2,oracle,10,0.8055555555555556,PbLl,deterministic,footprint,0.7179449208746678,0.6637878084101623,-5.817326709250869,1.2629874990101482,3466
a14_d1,14.0,1.0,prova2,oracle,10,0.8055555555555556,PbLl,deterministic,unmeasured,0.3669439647561676,,-91.89974731727341,,674
a14_d1,14.0,1.0,prova2,oracle,10,0.8055555555555556,PbLa,ensemble,footprint,0.9462922386686562,0.8837496292696253,-0.8141701599175377,0.9846234720780099,3466
a14_d1,14.0,1.0,prova2,oracle,10,0.8055555555555556,PbLa,ensemble,unmeasured,0.6871286245632614,,-12.589119117295562,,674
a14_d1,14.0,1.0,prova2,oracle,10,0.8055555555555556,PbLa,deterministic,footprint,0.6128525201632213,0.6132185695764429,-1.7363991547105329,1.7288791531258334,3466
a14_d1,14.0,1.0,prova2,oracle,10,0.8055555555555556,PbLa,deterministic,unmeasured,0.2916037060047345,,-92.37892445248897,,674
a14_d1,14.0,1.0,prova2,oracle,10,0.8055555555555556,PbLb,ensemble,footprint,0.944072825799579,0.8806511831548504,-0.8097450163097486,0.9929512736026948,3466
a14_d1,14.0,1.0,prova2,oracle,10,0.8055555555555556,PbLb,ensemble,unmeasured,0.6586780693995986,,-13.370961045135171,,674
a14_d1,14.0,1.0,prova2,oracle,10,0.8055555555555556,PbLb,deterministic,footprint,0.6108125596387861,0.6049862351084576,-1.7136816385354914,1.7522641276161293,3466
a14_d1,14.0,1.0,prova2,oracle,10,0.8055555555555556,PbLb,deterministic,unmeasured,0.2857689567574039,,-92.39792596449573,,674
a14_d1,14.0,1.0,prova2,oracle,10,0.8055555555555556,PbLg,ensemble,footprint,0.9281427099983588,0.8448235147969192,-1.3331995512640749,0.9777973297154655,3466
a14_d1,14.0,1.0,prova2,oracle,10,0.8055555555555556,PbLg,ensemble,unmeasured,0.6422004488444043,,-12.600186680186022,,674
a14_d1,14.0,1.0,prova2,oracle,10,0.8055555555555556,PbLg,deterministic,footprint,0.5869441255072486,0.5844276172373088,-2.957233241185364,1.7662022111616404,3466
a14_d1,14.0,1.0,prova2,oracle,10,0.8055555555555556,PbLg,deterministic,unmeasured,0.2635834287411496,,-92.38958536934678,,674
a14_d1,14.0,1.0,prova2,oracle,11,0.8611111111111112,Ca,ensemble,footprint,0.9554053319978097,0.8970882180863192,0.04192939321208122,0.9527814563245762,3466
a14_d1,14.0,1.0,prova2,oracle,11,0.8611111111111112,Ca,ensemble,unmeasured,0.38776797597727225,,-15.243278599650278,,484
a14_d1,14.0,1.0,prova2,oracle,11,0.8611111111111112,Ca,deterministic,footprint,0.7503403515045362,0.7078988934132644,-1.498634335519089,1.3326693831948078,3466
a14_d1,14.0,1.0,prova2,oracle,11,0.8611111111111112,Ca,deterministic,unmeasured,0.13023831017778267,,-92.91430667390499,,484
a14_d1,14.0,1.0,prova2,oracle,11,0.8611111111111112,Ti,ensemble,footprint,0.9245982140532799,0.851460650783051,0.37874144639231666,0.8931993645521126,3466
a14_d1,14.0,1.0,prova2,oracle,11,0.8611111111111112,Ti,ensemble,unmeasured,0.6312360373320616,,-8.158373138922578,,484
a14_d1,14.0,1.0,prova2,oracle,11,0.8611111111111112,Ti,deterministic,footprint,0.61437908548825,0.642981365122884,-1.8611774211044096,1.4512554815152572,3466
a14_d1,14.0,1.0,prova2,oracle,11,0.8611111111111112,Ti,deterministic,unmeasured,0.11942274126868188,,-92.48280727736312,,484
a14_d1,14.0,1.0,prova2,oracle,11,0.8611111111111112,Fe,ensemble,footprint,0.9112624093394406,0.8769274914419938,0.9684430055820092,0.9526592935717794,3466
a14_d1,14.0,1.0,prova2,oracle,11,0.8611111111111112,Fe,ensemble,unmeasured,0.8300192137894506,,-50.120672594471515,,484
a14_d1,14.0,1.0,prova2,oracle,11,0.8611111111111112,Fe,deterministic,footprint,0.8429863454480729,0.7760101196577754,-1.5592822175634957,1.0450118735770142,3466
a14_d1,14.0,1.0,prova2,oracle,11,0.8611111111111112,Fe,deterministic,unmeasured,0.4296068061700076,,-91.44958207303138,,484
a14_d1,14.0,1.0,prova2,oracle,11,0.8611111111111112,Cu,ensemble,footprint,0.9649705738928391,0.8001362284693716,-2.460342431571938,0.9669086875708918,3466
a14_d1,14.0,1.0,prova2,oracle,11,0.8611111111111112,Cu,ensemble,unmeasured,0.7409620469804269,,-26.209868087732968,,484
a14_d1,14.0,1.0,prova2,oracle,11,0.8611111111111112,Cu,deterministic,footprint,0.9091919342184146,0.8182967002325486,-3.1731362999178003,1.0879091872720055,3466
a14_d1,14.0,1.0,prova2,oracle,11,0.8611111111111112,Cu,deterministic,unmeasured,0.30753673807934956,,-93.68983786661727,,484
a14_d1,14.0,1.0,prova2,oracle,11,0.8611111111111112,PbLl,ensemble,footprint,0.9392872291377343,0.8168788923557736,-2.87005821162154,0.9020562247895463,3466
a14_d1,14.0,1.0,prova2,oracle,11,0.8611111111111112,PbLl,ensemble,unmeasured,0.7835005351491376,,-2.276916671250601,,484
a14_d1,14.0,1.0,prova2,oracle,11,0.8611111111111112,PbLl,deterministic,footprint,0.7603769981657809,0.7248864513271149,-4.295990109952075,1.1596490347113315,3466
a14_d1,14.0,1.0,prova2,oracle,11,0.8611111111111112,PbLl,deterministic,unmeasured,0.3587585245681894,,-91.3760498664787,,484
a14_d1,14.0,1.0,prova2,oracle,11,0.8611111111111112,PbLa,ensemble,footprint,0.9748787917224127,0.9270010420376215,-0.33923539582678686,0.9559557768757523,3466
a14_d1,14.0,1.0,prova2,oracle,11,0.8611111111111112,PbLa,ensemble,unmeasured,0.7911189640069501,,-3.2748134608160337,,484
a14_d1,14.0,1.0,prova2,oracle,11,0.8611111111111112,PbLa,deterministic,footprint,0.6878580552985817,0.7127429797236927,-1.0598105667523727,1.5091338133348746,3466
a14_d1,14.0,1.0,prova2,oracle,11,0.8611111111111112,PbLa,deterministic,unmeasured,0.3264166783368531,,-91.67413438065269,,484
a14_d1,14.0,1.0,prova2,oracle,11,0.8611111111111112,PbLb,ensemble,footprint,0.9747164350012333,0.926084386369365,-0.3166571998937995,0.9614730139627516,3466
a14_d1,14.0,1.0,prova2,oracle,11,0.8611111111111112,PbLb,ensemble,unmeasured,0.7710871617881209,,-3.7161031863687906,,484
a14_d1,14.0,1.0,prova2,oracle,11,0.8611111111111112,PbLb,deterministic,footprint,0.691120963388132,0.7078349565142362,-1.0464629639943102,1.527278610219793,3466
a14_d1,14.0,1.0,prova2,oracle,11,0.8611111111111112,PbLb,deterministic,unmeasured,0.3336438988564086,,-91.67551238302937,,484
a14_d1,14.0,1.0,prova2,oracle,11,0.8611111111111112,PbLg,ensemble,footprint,0.9584940895135124,0.8844288326109239,-0.38219370206242775,0.9468227656502721,3466
a14_d1,14.0,1.0,prova2,oracle,11,0.8611111111111112,PbLg,ensemble,unmeasured,0.7482328490191661,,-3.6519565290238476,,484
a14_d1,14.0,1.0,prova2,oracle,11,0.8611111111111112,PbLg,deterministic,footprint,0.6597676252933251,0.6798344176204574,-1.7527968288342466,1.535558716101554,3466
a14_d1,14.0,1.0,prova2,oracle,11,0.8611111111111112,PbLg,deterministic,unmeasured,0.2896397026928392,,-91.71608122365124,,484
a14_d1,14.0,1.0,prova2,oracle,12,0.9166666666666666,Ca,ensemble,footprint,0.9756817596241469,0.9382493150368858,0.4475769483788028,0.9531440871004967,3466
a14_d1,14.0,1.0,prova2,oracle,12,0.9166666666666666,Ca,ensemble,unmeasured,0.40099233016429014,,-11.026230568895556,,290
a14_d1,14.0,1.0,prova2,oracle,12,0.9166666666666666,Ca,deterministic,footprint,0.8275004956715127,0.799550323214051,-0.7546503446931307,1.1711136429590494,3466
a14_d1,14.0,1.0,prova2,oracle,12,0.9166666666666666,Ca,deterministic,unmeasured,0.1019237539282217,,-92.22519939903732,,290
a14_d1,14.0,1.0,prova2,oracle,12,0.9166666666666666,Ti,ensemble,footprint,0.9478641726970484,0.8868310449905307,0.7605907884248531,0.9022617351918749,3466
a14_d1,14.0,1.0,prova2,oracle,12,0.9166666666666666,Ti,ensemble,unmeasured,0.6610101941916875,,-1.5444304907481716,,290
a14_d1,14.0,1.0,prova2,oracle,12,0.9166666666666666,Ti,deterministic,footprint,0.7284283023026255,0.7520802956132495,-0.8306199585720764,1.236510617636294,3466
a14_d1,14.0,1.0,prova2,oracle,12,0.9166666666666666,Ti,deterministic,unmeasured,0.15170378983124388,,-91.89515706389604,,290
a14_d1,14.0,1.0,prova2,oracle,12,0.9166666666666666,Fe,ensemble,footprint,0.9487320412099751,0.9260598550751226,1.1514313518455,0.9503213689575869,3466
a14_d1,14.0,1.0,prova2,oracle,12,0.9166666666666666,Fe,ensemble,unmeasured,0.8881752417809319,,-45.164610901932775,,290
a14_d1,14.0,1.0,prova2,oracle,12,0.9166666666666666,Fe,deterministic,footprint,0.9023247674379027,0.863268478977207,-0.3086664504346581,0.9964616464473054,3466
a14_d1,14.0,1.0,prova2,oracle,12,0.9166666666666666,Fe,deterministic,unmeasured,0.4539802174730638,,-91.0547605936329,,290
a14_d1,14.0,1.0,prova2,oracle,12,0.9166666666666666,Cu,ensemble,footprint,0.9787142412207664,0.8800896079345774,-1.5826384578276675,0.9695735942401481,3466
a14_d1,14.0,1.0,prova2,oracle,12,0.9166666666666666,Cu,ensemble,unmeasured,0.8021795643798588,,-25.378902661946377,,290
a14_d1,14.0,1.0,prova2,oracle,12,0.9166666666666666,Cu,deterministic,footprint,0.9388402357828713,0.8630193428818914,-1.9202826937712691,1.0305050493084054,3466
a14_d1,14.0,1.0,prova2,oracle,12,0.9166666666666666,Cu,deterministic,unmeasured,0.38753309442849293,,-92.26760642911665,,290
a14_d1,14.0,1.0,prova2,oracle,12,0.9166666666666666,PbLl,ensemble,footprint,0.9558823384301534,0.8439692000606795,-2.0605115240131644,0.9280803794895733,3466
a14_d1,14.0,1.0,prova2,oracle,12,0.9166666666666666,PbLl,ensemble,unmeasured,0.8584343445620979,,-3.0501114704281775,,290
a14_d1,14.0,1.0,prova2,oracle,12,0.9166666666666666,PbLl,deterministic,footprint,0.8267342884786388,0.7623295393956077,-2.273481514251763,1.0642718427028444,3466
a14_d1,14.0,1.0,prova2,oracle,12,0.9166666666666666,PbLl,deterministic,unmeasured,0.3427175461735092,,-90.91634415371603,,290
a14_d1,14.0,1.0,prova2,oracle,12,0.9166666666666666,PbLa,ensemble,footprint,0.9859418402482769,0.9512891814195156,-0.1155760271610573,0.9651220889682929,3466
a14_d1,14.0,1.0,prova2,oracle,12,0.9166666666666666,PbLa,ensemble,unmeasured,0.8453380419973402,,-0.8261384797007743,,290
a14_d1,14.0,1.0,prova2,oracle,12,0.9166666666666666,PbLa,deterministic,footprint,0.771051815961649,0.7798185201493386,-0.4389326017870454,1.2945869763274191,3466
a14_d1,14.0,1.0,prova2,oracle,12,0.9166666666666666,PbLa,deterministic,unmeasured,0.2999522654112409,,-91.2424164739781,,290
a14_d1,14.0,1.0,prova2,oracle,12,0.9166666666666666,PbLb,ensemble,footprint,0.9848048824654808,0.948447246122596,-0.03383057669010814,0.9671038299093108,3466
a14_d1,14.0,1.0,prova2,oracle,12,0.9166666666666666,PbLb,ensemble,unmeasured,0.8142546249802618,,-0.6055547208642955,,290
a14_d1,14.0,1.0,prova2,oracle,12,0.9166666666666666,PbLb,deterministic,footprint,0.7752182051465717,0.7782333486696712,-0.5719638174365604,1.3059105611098631,3466
a14_d1,14.0,1.0,prova2,oracle,12,0.9166666666666666,PbLb,deterministic,unmeasured,0.3072230512228746,,-91.19178435843133,,290
a14_d1,14.0,1.0,prova2,oracle,12,0.9166666666666666,PbLg,ensemble,footprint,0.9691802027226982,0.9044572389139598,-0.06591134422774259,0.9539986603184284,3466
a14_d1,14.0,1.0,prova2,oracle,12,0.9166666666666666,PbLg,ensemble,unmeasured,0.7863610911176344,,-0.9504452995525597,,290
a14_d1,14.0,1.0,prova2,oracle,12,0.9166666666666666,PbLg,deterministic,footprint,0.7457606016715195,0.7485576529718084,-0.8573465482365594,1.3071570649507862,3466
a14_d1,14.0,1.0,prova2,oracle,12,0.9166666666666666,PbLg,deterministic,unmeasured,0.28760942977641346,,-91.22074718839853,,290
a14_d1,14.0,1.0,prova2,oracle,13,0.9722222222222222,Ca,ensemble,footprint,0.9850293925552887,0.9611810738202299,0.6339579107784488,0.9517974881512482,3466
a14_d1,14.0,1.0,prova2,oracle,13,0.9722222222222222,Ca,ensemble,unmeasured,0.4884371438098191,,-11.615981300682716,,92
a14_d1,14.0,1.0,prova2,oracle,13,0.9722222222222222,Ca,deterministic,footprint,0.9155108925564255,0.8956938555523469,-0.07020455993806962,1.0029001434664115,3466
a14_d1,14.0,1.0,prova2,oracle,13,0.9722222222222222,Ca,deterministic,unmeasured,0.263382340269933,,-90.75276646555001,,92
a14_d1,14.0,1.0,prova2,oracle,13,0.9722222222222222,Ti,ensemble,footprint,0.9599812269050817,0.9083824823694194,0.7832466941765759,0.9132239771431016,3466
a14_d1,14.0,1.0,prova2,oracle,13,0.9722222222222222,Ti,ensemble,unmeasured,0.727563464806503,,-3.1586620739019913,,92
a14_d1,14.0,1.0,prova2,oracle,13,0.9722222222222222,Ti,deterministic,footprint,0.8502359270681186,0.853638379187587,-0.0017342873233849865,1.0043027367388695,3466
a14_d1,14.0,1.0,prova2,oracle,13,0.9722222222222222,Ti,deterministic,unmeasured,0.2100362413526309,,-91.41852690892883,,92
a14_d1,14.0,1.0,prova2,oracle,13,0.9722222222222222,Fe,ensemble,footprint,0.9659366772661172,0.9430258810553712,1.0061861438841913,0.9497967434319555,3466
a14_d1,14.0,1.0,prova2,oracle,13,0.9722222222222222,Fe,ensemble,unmeasured,0.8940549924255354,,-51.72515094761627,,92
a14_d1,14.0,1.0,prova2,oracle,13,0.9722222222222222,Fe,deterministic,footprint,0.9375368444822525,0.9198390516032443,0.7073453351957859,0.9519094495318232,3466
a14_d1,14.0,1.0,prova2,oracle,13,0.9722222222222222,Fe,deterministic,unmeasured,0.4967646822249766,,-88.07973018771395,,92
a14_d1,14.0,1.0,prova2,oracle,13,0.9722222222222222,Cu,ensemble,footprint,0.9876151615527685,0.9530593498228588,-0.7462289321204407,0.9673216791220735,3466
a14_d1,14.0,1.0,prova2,oracle,13,0.9722222222222222,Cu,ensemble,unmeasured,0.9354467985058613,,-26.946536433811886,,92
a14_d1,14.0,1.0,prova2,oracle,13,0.9722222222222222,Cu,deterministic,footprint,0.9690264494293461,0.915795754873251,-0.5874478034963326,0.9696260074406733,3466
a14_d1,14.0,1.0,prova2,oracle,13,0.9722222222222222,Cu,deterministic,unmeasured,0.4061001908079321,,-90.68109066867522,,92
a14_d1,14.0,1.0,prova2,oracle,13,0.9722222222222222,PbLl,ensemble,footprint,0.9619645401979025,0.8659132768042802,-1.692084839005148,0.93552781677388,3466
a14_d1,14.0,1.0,prova2,oracle,13,0.9722222222222222,PbLl,ensemble,unmeasured,0.9199655015205158,,1.6307691102551467,,92
a14_d1,14.0,1.0,prova2,oracle,13,0.9722222222222222,PbLl,deterministic,footprint,0.9146477329611516,0.8275510025554942,-0.7337651218573882,0.9513909617965414,3466
a14_d1,14.0,1.0,prova2,oracle,13,0.9722222222222222,PbLl,deterministic,unmeasured,0.3183949304410462,,-91.95204372347231,,92
a14_d1,14.0,1.0,prova2,oracle,13,0.9722222222222222,PbLa,ensemble,footprint,0.9915587884418204,0.9714335873003392,-0.05717411048706822,0.9640002251135601,3466
a14_d1,14.0,1.0,prova2,oracle,13,0.9722222222222222,PbLa,ensemble,unmeasured,0.9397116410885955,,4.47818341214691,,92
a14_d1,14.0,1.0,prova2,oracle,13,0.9722222222222222,PbLa,deterministic,footprint,0.9076722160382694,0.8919651656365303,-0.04654372485934921,1.0538250855045739,3466
a14_d1,14.0,1.0,prova2,oracle,13,0.9722222222222222,PbLa,deterministic,unmeasured,0.19614033837210543,,-91.28149199078014,,92
a14_d1,14.0,1.0,prova2,oracle,13,0.9722222222222222,PbLb,ensemble,footprint,0.99043741651428,0.9670640358936408,0.01876894387675687,0.9644656657416049,3466
a14_d1,14.0,1.0,prova2,oracle,13,0.9722222222222222,PbLb,ensemble,unmeasured,0.9290309662412429,,4.292590557261013,,92
a14_d1,14.0,1.0,prova2,oracle,13,0.9722222222222222,PbLb,deterministic,footprint,0.9082179514310151,0.889084413169963,-0.05453143408100658,1.0578878684279096,3466
a14_d1,14.0,1.0,prova2,oracle,13,0.9722222222222222,PbLb,deterministic,unmeasured,0.1646764990436758,,-91.15460352958554,,92
a14_d1,14.0,1.0,prova2,oracle,13,0.9722222222222222,PbLg,ensemble,footprint,0.9751393209681457,0.9206060230722984,0.12728097026009078,0.9516351917734225,3466
a14_d1,14.0,1.0,prova2,oracle,13,0.9722222222222222,PbLg,ensemble,unmeasured,0.8762079442848,,2.064258407600996,,92
a14_d1,14.0,1.0,prova2,oracle,13,0.9722222222222222,PbLg,deterministic,footprint,0.8834065495967406,0.8499535827659679,-0.12542697865292052,1.051080172678814,3466
a14_d1,14.0,1.0,prova2,oracle,13,0.9722222222222222,PbLg,deterministic,unmeasured,0.13613918368701378,,-91.38268879342579,,92
a14_d1,14.0,1.0,prova2,oracle,14,1.0,Ca,ensemble,footprint,0.9890340772371967,0.9719990928087254,0.8401279208646528,0.9507761061151802,3466
a14_d1,14.0,1.0,prova2,oracle,14,1.0,Ca,deterministic,footprint,0.9812932185968342,0.953387915334076,0.2983599322639474,0.921587857390357,3466
a14_d1,14.0,1.0,prova2,oracle,14,1.0,Ti,ensemble,footprint,0.9705016470310532,0.9273273566881045,0.7451612536808483,0.9286316482087495,3466
a14_d1,14.0,1.0,prova2,oracle,14,1.0,Ti,deterministic,footprint,0.9624934800111702,0.9109544500525403,0.40031693863915585,0.8980912161243495,3466
a14_d1,14.0,1.0,prova2,oracle,14,1.0,Fe,ensemble,footprint,0.9940425967050117,0.9642382283923314,1.0192621862462836,0.9750707375350988,3466
a14_d1,14.0,1.0,prova2,oracle,14,1.0,Fe,deterministic,footprint,0.9914456908329067,0.9575545594032353,1.3343599453095267,0.9618001972000549,3466
a14_d1,14.0,1.0,prova2,oracle,14,1.0,Cu,ensemble,footprint,0.9892440673169993,0.9626223736640168,-0.48518170558411455,0.9613905454930893,3466
a14_d1,14.0,1.0,prova2,oracle,14,1.0,Cu,deterministic,footprint,0.9829564013127606,0.9463451033941777,-0.10796741947013411,0.9391632957714523,3466
a14_d1,14.0,1.0,prova2,oracle,14,1.0,PbLl,ensemble,footprint,0.9634829704781916,0.8790513978696004,-1.5824846022457262,0.9392521612750806,3466
a14_d1,14.0,1.0,prova2,oracle,14,1.0,PbLl,deterministic,footprint,0.9570705309969001,0.8616916902576667,0.039022945828959266,0.905036088367593,3466
a14_d1,14.0,1.0,prova2,oracle,14,1.0,PbLa,ensemble,footprint,0.9933805870808828,0.9797554968243822,-0.08549573328551219,0.9622200039275115,3466
a14_d1,14.0,1.0,prova2,oracle,14,1.0,PbLa,deterministic,footprint,0.98641836189411,0.9611859135700244,0.1870920560400835,0.931069352499718,3466
a14_d1,14.0,1.0,prova2,oracle,14,1.0,PbLb,ensemble,footprint,0.9926937020012863,0.976787927734555,-0.03346914314789062,0.9607374026646107,3466
a14_d1,14.0,1.0,prova2,oracle,14,1.0,PbLb,deterministic,footprint,0.9858654324418813,0.9583906357595943,0.1173387373408108,0.9290179774922419,3466
a14_d1,14.0,1.0,prova2,oracle,14,1.0,PbLg,ensemble,footprint,0.9776450621855893,0.9275021606639786,0.13839885238491334,0.9485694483223878,3466
a14_d1,14.0,1.0,prova2,oracle,14,1.0,PbLg,deterministic,footprint,0.9713168886788112,0.9102961280022345,0.20647446699346705,0.9186955012649729,3466
a25_d0.5,25.0,0.5,prova2,adaptive,0,0.25,Ca,ensemble,footprint,0.2957811539841705,0.2679940714504929,-2.801786708411913,0.7794260610250096,3466
a25_d0.5,25.0,0.5,prova2,adaptive,0,0.25,Ca,ensemble,unmeasured,-0.2283153531242775,,-11.408188618500905,,2591
a25_d0.5,25.0,0.5,prova2,adaptive,0,0.25,Ca,deterministic,footprint,0.38811833621813474,0.14337942715286278,-100.0,3.9282359085484924,3466
a25_d0.5,25.0,0.5,prova2,adaptive,0,0.25,Ca,deterministic,unmeasured,0.13151333726978123,,-97.93524969264186,,2591
a25_d0.5,25.0,0.5,prova2,adaptive,0,0.25,Ti,ensemble,footprint,0.19329267777190848,0.29838078916361116,-0.87414609713381,0.8575254286357548,3466
a25_d0.5,25.0,0.5,prova2,adaptive,0,0.25,Ti,ensemble,unmeasured,-0.0943396642662746,,-7.855214090431529,,2591
a25_d0.5,25.0,0.5,prova2,adaptive,0,0.25,Ti,deterministic,footprint,0.20974018363102587,0.08040996660781843,-100.0,4.88409628826331,3466
a25_d0.5,25.0,0.5,prova2,adaptive,0,0.25,Ti,deterministic,unmeasured,0.05178643985581491,,-98.05892329624602,,2591
a25_d0.5,25.0,0.5,prova2,adaptive,0,0.25,Fe,ensemble,footprint,0.3772080337231304,0.4649584144482957,1.0255811131024917,0.7479237503265692,3466
a25_d0.5,25.0,0.5,prova2,adaptive,0,0.25,Fe,ensemble,unmeasured,-0.01493803043790768,,-47.85442286477179,,2591
a25_d0.5,25.0,0.5,prova2,adaptive,0,0.25,Fe,deterministic,footprint,0.3309483517715509,0.21607577575393302,-100.0,2.262556171840963,3466
a25_d0.5,25.0,0.5,prova2,adaptive,0,0.25,Fe,deterministic,unmeasured,0.09702075574386333,,-98.36657843044314,,2591
a25_d0.5,25.0,0.5,prova2,adaptive,0,0.25,Cu,ensemble,footprint,0.43264298361189785,0.18072255799693399,-55.63208647393485,0.8842209826572335,3466
a25_d0.5,25.0,0.5,prova2,adaptive,0,0.25,Cu,ensemble,unmeasured,0.25291299757009705,,-56.69403679387725,,2591
a25_d0.5,25.0,0.5,prova2,adaptive,0,0.25,Cu,deterministic,footprint,0.31790906982594863,0.2878604880372165,-100.0,2.3092094770680385,3466
a25_d0.5,25.0,0.5,prova2,adaptive,0,0.25,Cu,deterministic,unmeasured,0.17436409410426457,,-98.12341854416694,,2591
a25_d0.5,25.0,0.5,prova2,adaptive,0,0.25,PbLl,ensemble,footprint,0.6129378380785796,0.3390097531945431,-20.852373917241817,0.8381855769072989,3466
a25_d0.5,25.0,0.5,prova2,adaptive,0,0.25,PbLl,ensemble,unmeasured,0.5058337933289074,,-27.530969263907462,,2591
a25_d0.5,25.0,0.5,prova2,adaptive,0,0.25,PbLl,deterministic,footprint,0.22224317000130267,0.10561502251973327,-100.0,3.294860038455138,3466
a25_d0.5,25.0,0.5,prova2,adaptive,0,0.25,PbLl,deterministic,unmeasured,0.17370136598259825,,-97.71293665762926,,2591
a25_d0.5,25.0,0.5,prova2,adaptive,0,0.25,PbLa,ensemble,footprint,0.5548317509363696,0.33769264835113344,-15.042647208990745,1.0620430289406277,3466
a25_d0.5,25.0,0.5,prova2,adaptive,0,0.25,PbLa,ensemble,unmeasured,0.4757918073929272,,-24.809593121259613,,2591
a25_d0.5,25.0,0.5,prova2,adaptive,0,0.25,PbLa,deterministic,footprint,0.05416093833360182,0.02060305816643179,-100.0,5.11829080513398,3466
a25_d0.5,25.0,0.5,prova2,adaptive,0,0.25,PbLa,deterministic,unmeasured,0.11835902049339325,,-97.93254778413528,,2591
a25_d0.5,25.0,0.5,prova2,adaptive,0,0.25,PbLb,ensemble,footprint,0.5321741134778468,0.33601962895245174,-15.03462623148547,1.073794924825873,3466
a25_d0.5,25.0,0.5,prova2,adaptive,0,0.25,PbLb,ensemble,unmeasured,0.4503236541819272,,-25.019967310868278,,2591
a25_d0.5,25.0,0.5,prova2,adaptive,0,0.25,PbLb,deterministic,footprint,0.04026536132595555,0.016439935631572068,-100.0,5.198885689098479,3466
a25_d0.5,25.0,0.5,prova2,adaptive,0,0.25,PbLb,deterministic,unmeasured,0.11242684215518492,,-97.95042762879838,,2591
a25_d0.5,25.0,0.5,prova2,adaptive,0,0.25,PbLg,ensemble,footprint,0.5330889222313292,0.34167272391820547,-14.789417011108574,1.0843169340700627,3466
a25_d0.5,25.0,0.5,prova2,adaptive,0,0.25,PbLg,ensemble,unmeasured,0.44945950070862034,,-23.922977922312352,,2591
a25_d0.5,25.0,0.5,prova2,adaptive,0,0.25,PbLg,deterministic,footprint,0.04123423739756423,0.021385966128146652,-100.0,5.300509750052899,3466
a25_d0.5,25.0,0.5,prova2,adaptive,0,0.25,PbLg,deterministic,unmeasured,0.10011014127886352,,-97.93763986040217,,2591
a25_d0.5,25.0,0.5,prova2,adaptive,1,0.3055555555555556,Ca,ensemble,footprint,0.4250707284844308,0.35714969125573653,-1.9069453509536372,0.795549888333971,3466
a25_d0.5,25.0,0.5,prova2,adaptive,1,0.3055555555555556,Ca,ensemble,unmeasured,-0.14883588999448982,,-10.607734137480794,,2390
a25_d0.5,25.0,0.5,prova2,adaptive,1,0.3055555555555556,Ca,deterministic,footprint,0.3673653021168353,0.18818485110828492,-100.0,3.5560473522965097,3466
a25_d0.5,25.0,0.5,prova2,adaptive,1,0.3055555555555556,Ca,deterministic,unmeasured,0.11912087774788152,,-97.81590851640594,,2390
a25_d0.5,25.0,0.5,prova2,adaptive,1,0.3055555555555556,Ti,ensemble,footprint,0.25891355552827033,0.361553888822219,0.5343451411762068,0.8299836486334634,3466
a25_d0.5,25.0,0.5,prova2,adaptive,1,0.3055555555555556,Ti,ensemble,unmeasured,-0.08016437787112136,,-5.270363940722301,,2390
a25_d0.5,25.0,0.5,prova2,adaptive,1,0.3055555555555556,Ti,deterministic,footprint,0.19980371702814534,0.11634928568517675,-100.0,4.279052446486683,3466
a25_d0.5,25.0,0.5,prova2,adaptive,1,0.3055555555555556,Ti,deterministic,unmeasured,0.04314316904585542,,-97.87690508458019,,2390
a25_d0.5,25.0,0.5,prova2,adaptive,1,0.3055555555555556,Fe,ensemble,footprint,0.40584738089084355,0.5124968977407705,2.504749770140924,0.7506027779340999,3466
a25_d0.5,25.0,0.5,prova2,adaptive,1,0.3055555555555556,Fe,ensemble,unmeasured,-0.0014345526695882474,,-47.05110873528777,,2390
a25_d0.5,25.0,0.5,prova2,adaptive,1,0.3055555555555556,Fe,deterministic,footprint,0.34478753525092803,0.2662017067401787,-100.0,1.9648199987160322,3466
a25_d0.5,25.0,0.5,prova2,adaptive,1,0.3055555555555556,Fe,deterministic,unmeasured,0.09606946740276044,,-98.23420549705057,,2390
a25_d0.5,25.0,0.5,prova2,adaptive,1,0.3055555555555556,Cu,ensemble,footprint,0.4867769307991531,0.2257505624472771,-49.50835893783765,0.8874612477293196,3466
a25_d0.5,25.0,0.5,prova2,adaptive,1,0.3055555555555556,Cu,ensemble,unmeasured,0.3102848653818282,,-55.75481038305359,,2390
a25_d0.5,25.0,0.5,prova2,adaptive,1,0.3055555555555556,Cu,deterministic,footprint,0.32677310974954654,0.3108720286952984,-100.0,2.2079439811479107,3466
a25_d0.5,25.0,0.5,prova2,adaptive,1,0.3055555555555556,Cu,deterministic,unmeasured,0.17414472904122313,,-98.04325432674565,,2390
a25_d0.5,25.0,0.5,prova2,adaptive,1,0.3055555555555556,PbLl,ensemble,footprint,0.6770721708911659,0.41004937571825295,-14.325936409496776,0.8818209195108035,3466
a25_d0.5,25.0,0.5,prova2,adaptive,1,0.3055555555555556,PbLl,ensemble,unmeasured,0.48553049864866704,,-21.390406755510455,,2390
a25_d0.5,25.0,0.5,prova2,adaptive,1,0.3055555555555556,PbLl,deterministic,footprint,0.375628157430564,0.17084019793159272,-100.0,2.9690933021222174,3466
a25_d0.5,25.0,0.5,prova2,adaptive,1,0.3055555555555556,PbLl,deterministic,unmeasured,0.19047039265907603,,-97.48612838922584,,2390
a25_d0.5,25.0,0.5,prova2,adaptive,1,0.3055555555555556,PbLa,ensemble,footprint,0.6237436460133424,0.4079947697805348,-7.617767633932571,1.0790891229503645,3466
a25_d0.5,25.0,0.5,prova2,adaptive,1,0.3055555555555556,PbLa,ensemble,unmeasured,0.43655684045350984,,-19.80288963233304,,2390
a25_d0.5,25.0,0.5,prova2,adaptive,1,0.3055555555555556,PbLa,deterministic,footprint,0.23512302368108012,0.07160203813920073,-100.0,4.569361256592172,3466
a25_d0.5,25.0,0.5,prova2,adaptive,1,0.3055555555555556,PbLa,deterministic,unmeasured,0.13267550419554017,,-97.68578658283796,,2390
a25_d0.5,25.0,0.5,prova2,adaptive,1,0.3055555555555556,PbLb,ensemble,footprint,0.6071161822280596,0.406161738344976,-7.498585575488592,1.099846337813953,3466
a25_d0.5,25.0,0.5,prova2,adaptive,1,0.3055555555555556,PbLb,ensemble,unmeasured,0.4065812918534669,,-20.14553833293937,,2390
a25_d0.5,25.0,0.5,prova2,adaptive,1,0.3055555555555556,PbLb,deterministic,footprint,0.23050230098555785,0.06688544003716727,-100.0,4.649747922025212,3466
a25_d0.5,25.0,0.5,prova2,adaptive,1,0.3055555555555556,PbLb,deterministic,unmeasured,0.12535705660067045,,-97.70898910126813,,2390
a25_d0.5,25.0,0.5,prova2,adaptive,1,0.3055555555555556,PbLg,ensemble,footprint,0.5995831131155943,0.4080069696035353,-8.231028444525634,1.095983915963415,3466
a25_d0.5,25.0,0.5,prova2,adaptive,1,0.3055555555555556,PbLg,ensemble,unmeasured,0.4134856423811475,,-19.14898802413107,,2390
a25_d0.5,25.0,0.5,prova2,adaptive,1,0.3055555555555556,PbLg,deterministic,footprint,0.21336570806428012,0.06950735028796254,-100.0,4.724444671289229,3466
a25_d0.5,25.0,0.5,prova2,adaptive,1,0.3055555555555556,PbLg,deterministic,unmeasured,0.1132300689736563,,-97.69548076816065,,2390
a25_d0.5,25.0,0.5,prova2,adaptive,2,0.3611111111111111,Ca,ensemble,footprint,0.5419286642573135,0.43417162551958866,-1.332069436873895,0.797030848074122,3466
a25_d0.5,25.0,0.5,prova2,adaptive,2,0.3611111111111111,Ca,ensemble,unmeasured,-0.07875453648980547,,-10.353249556403808,,2193
a25_d0.5,25.0,0.5,prova2,adaptive,2,0.3611111111111111,Ca,deterministic,footprint,0.3336117351240819,0.22682982453008813,-100.0,3.229774983518106,3466
a25_d0.5,25.0,0.5,prova2,adaptive,2,0.3611111111111111,Ca,deterministic,unmeasured,0.11165444565162488,,-97.56429718364026,,2193
a25_d0.5,25.0,0.5,prova2,adaptive,2,0.3611111111111111,Ti,ensemble,footprint,0.3687737880271129,0.42567253543295164,0.973218196244563,0.7617720953367632,3466
a25_d0.5,25.0,0.5,prova2,adaptive,2,0.3611111111111111,Ti,ensemble,unmeasured,-0.03173483654851181,,-1.7126535735855022,,2193
a25_d0.5,25.0,0.5,prova2,adaptive,2,0.3611111111111111,Ti,deterministic,footprint,0.22652104090335837,0.17297270598668119,-100.0,3.7877045539557446,3466
a25_d0.5,25.0,0.5,prova2,adaptive,2,0.3611111111111111,Ti,deterministic,unmeasured,0.06318427826502804,,-97.45598586876328,,2193
a25_d0.5,25.0,0.5,prova2,adaptive,2,0.3611111111111111,Fe,ensemble,footprint,0.4663403975298651,0.5510574617588441,3.2729681777262876,0.7410880994032818,3466
a25_d0.5,25.0,0.5,prova2,adaptive,2,0.3611111111111111,Fe,ensemble,unmeasured,0.1196866141763225,,-45.60645075583419,,2193
a25_d0.5,25.0,0.5,prova2,adaptive,2,0.3611111111111111,Fe,deterministic,footprint,0.3697125735283422,0.335950208387554,-100.0,1.7141575575440857,3466
a25_d0.5,25.0,0.5,prova2,adaptive,2,0.3611111111111111,Fe,deterministic,unmeasured,0.10586254195000451,,-97.90835666380964,,2193
a25_d0.5,25.0,0.5,prova2,adaptive,2,0.3611111111111111,Cu,ensemble,footprint,0.5326571033961383,0.3023110295787248,-46.1626923686428,0.900078838764122,3466
a25_d0.5,25.0,0.5,prova2,adaptive,2,0.3611111111111111,Cu,ensemble,unmeasured,0.33796427467999635,,-55.56600721283562,,2193
a25_d0.5,25.0,0.5,prova2,adaptive,2,0.3611111111111111,Cu,deterministic,footprint,0.32775165824372615,0.32206511914833436,-100.0,2.160831859812182,3466
a25_d0.5,25.0,0.5,prova2,adaptive,2,0.3611111111111111,Cu,deterministic,unmeasured,0.16688254096202718,,-97.92808769054813,,2193
a25_d0.5,25.0,0.5,prova2,adaptive,2,0.3611111111111111,PbLl,ensemble,footprint,0.7252360433658793,0.48067654527215936,-9.837999259390084,0.872696284579706,3466
a25_d0.5,25.0,0.5,prova2,adaptive,2,0.3611111111111111,PbLl,ensemble,unmeasured,0.45209850385334327,,-14.927357494761347,,2193
a25_d0.5,25.0,0.5,prova2,adaptive,2,0.3611111111111111,PbLl,deterministic,footprint,0.47429129885521526,0.2493950022742971,-100.0,2.6646667066387186,3466
a25_d0.5,25.0,0.5,prova2,adaptive,2,0.3611111111111111,PbLl,deterministic,unmeasured,0.20556374958610074,,-97.02536577357259,,2193
a25_d0.5,25.0,0.5,prova2,adaptive,2,0.3611111111111111,PbLa,ensemble,footprint,0.6871258710107668,0.49775644617857134,-1.9814226267503843,1.0244593261892496,3466
a25_d0.5,25.0,0.5,prova2,adaptive,2,0.3611111111111111,PbLa,ensemble,unmeasured,0.3929386671979758,,-14.01404465965201,,2193
a25_d0.5,25.0,0.5,prova2,adaptive,2,0.3611111111111111,PbLa,deterministic,footprint,0.365688383337833,0.1533088419491583,-100.0,4.0709398375474,3466
a25_d0.5,25.0,0.5,prova2,adaptive,2,0.3611111111111111,PbLa,deterministic,unmeasured,0.15081758127183253,,-97.21112257666093,,2193
a25_d0.5,25.0,0.5,prova2,adaptive,2,0.3611111111111111,PbLb,ensemble,footprint,0.6782824776732652,0.49654319817509346,-1.7131767082041227,1.0484373145085644,3466
a25_d0.5,25.0,0.5,prova2,adaptive,2,0.3611111111111111,PbLb,ensemble,unmeasured,0.36020236660600996,,-14.346827929873248,,2193
a25_d0.5,25.0,0.5,prova2,adaptive,2,0.3611111111111111,PbLb,deterministic,footprint,0.37115900924134954,0.1497163960959996,-100.0,4.144649785047652,3466
a25_d0.5,25.0,0.5,prova2,adaptive,2,0.3611111111111111,PbLb,deterministic,unmeasured,0.14648582403013907,,-97.22889350053578,,2193
a25_d0.5,25.0,0.5,prova2,adaptive,2,0.3611111111111111,PbLg,ensemble,footprint,0.6553616092094936,0.48693669698256,-3.9932105859544875,1.0257211834170203,3466
a25_d0.5,25.0,0.5,prova2,adaptive,2,0.3611111111111111,PbLg,ensemble,unmeasured,0.3616195923690001,,-13.534902694583963,,2193
a25_d0.5,25.0,0.5,prova2,adaptive,2,0.3611111111111111,PbLg,deterministic,footprint,0.33808028561276876,0.14948509238522903,-100.0,4.197754905207915,3466
a25_d0.5,25.0,0.5,prova2,adaptive,2,0.3611111111111111,PbLg,deterministic,unmeasured,0.1277711880039308,,-97.22470755166852,,2193
a25_d0.5,25.0,0.5,prova2,adaptive,3,0.4166666666666667,Ca,ensemble,footprint,0.6031229727632497,0.4909911800238451,-1.4015583454743519,0.8001267024870685,3466
a25_d0.5,25.0,0.5,prova2,adaptive,3,0.4166666666666667,Ca,ensemble,unmeasured,-0.038655343838712324,,-10.908855778295404,,1993
a25_d0.5,25.0,0.5,prova2,adaptive,3,0.4166666666666667,Ca,deterministic,footprint,0.3144220794674252,0.2821952098002335,-100.0,2.895900153450349,3466
a25_d0.5,25.0,0.5,prova2,adaptive,3,0.4166666666666667,Ca,deterministic,unmeasured,0.10456582923820518,,-97.40390961353049,,1993
a25_d0.5,25.0,0.5,prova2,adaptive,3,0.4166666666666667,Ti,ensemble,footprint,0.4401388120346211,0.4791772538559898,0.7666688306208869,0.7438760480078671,3466
a25_d0.5,25.0,0.5,prova2,adaptive,3,0.4166666666666667,Ti,ensemble,unmeasured,-0.003463158846088034,,-0.7182621930517218,,1993
a25_d0.5,25.0,0.5,prova2,adaptive,3,0.4166666666666667,Ti,deterministic,footprint,0.24081167857148011,0.24241388993070262,-100.0,3.387509397551731,3466
a25_d0.5,25.0,0.5,prova2,adaptive,3,0.4166666666666667,Ti,deterministic,unmeasured,0.04764206314792299,,-97.35414262052987,,1993
a25_d0.5,25.0,0.5,prova2,adaptive,3,0.4166666666666667,Fe,ensemble,footprint,0.49562778917625927,0.6015175381725549,2.852923549448505,0.7528196462692994,3466
a25_d0.5,25.0,0.5,prova2,adaptive,3,0.4166666666666667,Fe,ensemble,unmeasured,0.1501708569159422,,-46.26292742745502,,1993
a25_d0.5,25.0,0.5,prova2,adaptive,3,0.4166666666666667,Fe,deterministic,footprint,0.3859783176550878,0.41352055557544554,-100.0,1.5566005131242364,3466
a25_d0.5,25.0,0.5,prova2,adaptive,3,0.4166666666666667,Fe,deterministic,unmeasured,0.0984255892452811,,-97.92301550762782,,1993
a25_d0.5,25.0,0.5,prova2,adaptive,3,0.4166666666666667,Cu,ensemble,footprint,0.5819834496897164,0.38320442361643475,-39.78358101739451,0.9267669072000143,3466
a25_d0.5,25.0,0.5,prova2,adaptive,3,0.4166666666666667,Cu,ensemble,unmeasured,0.3724477134816183,,-54.74133297270069,,1993
a25_d0.5,25.0,0.5,prova2,adaptive,3,0.4166666666666667,Cu,deterministic,footprint,0.37198118921016243,0.3858822055869783,-100.0,1.9660043069063826,3466
a25_d0.5,25.0,0.5,prova2,adaptive,3,0.4166666666666667,Cu,deterministic,unmeasured,0.17909304428576606,,-97.50523301787099,,1993
a25_d0.5,25.0,0.5,prova2,adaptive,3,0.4166666666666667,PbLl,ensemble,footprint,0.7453523143639526,0.5138873195152276,-7.666949734229389,0.8602830385044639,3466
a25_d0.5,25.0,0.5,prova2,adaptive,3,0.4166666666666667,PbLl,ensemble,unmeasured,0.4207503972879432,,-12.775748321700227,,1993
a25_d0.5,25.0,0.5,prova2,adaptive,3,0.4166666666666667,PbLl,deterministic,footprint,0.5098983781129427,0.29946196631917776,-99.37371738790232,2.395192448890644,3466
a25_d0.5,25.0,0.5,prova2,adaptive,3,0.4166666666666667,PbLl,deterministic,unmeasured,0.19637886328782456,,-96.78221841104515,,1993
a25_d0.5,25.0,0.5,prova2,adaptive,3,0.4166666666666667,PbLa,ensemble,footprint,0.7138892290269128,0.5273182616222869,-1.167371284471086,0.9719216527271431,3466
a25_d0.5,25.0,0.5,prova2,adaptive,3,0.4166666666666667,PbLa,ensemble,unmeasured,0.37269159487932546,,-12.331497255266264,,1993
a25_d0.5,25.0,0.5,prova2,adaptive,3,0.4166666666666667,PbLa,deterministic,footprint,0.395215455871219,0.21218114635444038,-100.0,3.6294500993636927,3466
a25_d0.5,25.0,0.5,prova2,adaptive,3,0.4166666666666667,PbLa,deterministic,unmeasured,0.14137052558453314,,-97.0433917538255,,1993
a25_d0.5,25.0,0.5,prova2,adaptive,3,0.4166666666666667,PbLb,ensemble,footprint,0.7064879821084719,0.5255559084174809,-0.6681322551888025,0.9935982634362991,3466
a25_d0.5,25.0,0.5,prova2,adaptive,3,0.4166666666666667,PbLb,ensemble,unmeasured,0.33979392669129216,,-12.722438141293274,,1993
a25_d0.5,25.0,0.5,prova2,adaptive,3,0.4166666666666667,PbLb,deterministic,footprint,0.4001152083357972,0.21005813701837792,-100.0,3.6936601804691866,3466
a25_d0.5,25.0,0.5,prova2,adaptive,3,0.4166666666666667,PbLb,deterministic,unmeasured,0.13337674940040486,,-97.07615945593344,,1993
a25_d0.5,25.0,0.5,prova2,adaptive,3,0.4166666666666667,PbLg,ensemble,footprint,0.6856235285454891,0.5171210491632175,-2.8933183215200886,0.9705425584137882,3466
a25_d0.5,25.0,0.5,prova2,adaptive,3,0.4166666666666667,PbLg,ensemble,unmeasured,0.34597769283013013,,-11.927855776662426,,1993
a25_d0.5,25.0,0.5,prova2,adaptive,3,0.4166666666666667,PbLg,deterministic,footprint,0.3683539503197507,0.20674920846778594,-100.0,3.7453168580448812,3466
a25_d0.5,25.0,0.5,prova2,adaptive,3,0.4166666666666667,PbLg,deterministic,unmeasured,0.11842410911509307,,-97.07320138152957,,1993
a25_d0.5,25.0,0.5,prova2,adaptive,4,0.4722222222222222,Ca,ensemble,footprint,0.6890341988668612,0.5487422470659312,-0.6936497448764234,0.8014277121442577,3466
a25_d0.5,25.0,0.5,prova2,adaptive,4,0.4722222222222222,Ca,ensemble,unmeasured,0.06602557207051747,,-7.207546368979173,,1796
a25_d0.5,25.0,0.5,prova2,adaptive,4,0.4722222222222222,Ca,deterministic,footprint,0.37799968833297726,0.29771470818362294,-62.44422090661141,2.584611207453112,3466
a25_d0.5,25.0,0.5,prova2,adaptive,4,0.4722222222222222,Ca,deterministic,unmeasured,0.1503062884903054,,-96.34409441413379,,1796
a25_d0.5,25.0,0.5,prova2,adaptive,4,0.4722222222222222,Ti,ensemble,footprint,0.5900838495508162,0.528904255329548,1.2038820152925567,0.7354687259396623,3466
a25_d0.5,25.0,0.5,prova2,adaptive,4,0.4722222222222222,Ti,ensemble,unmeasured,0.1759318092813517,,4.81362774842365,,1796
a25_d0.5,25.0,0.5,prova2,adaptive,4,0.4722222222222222,Ti,deterministic,footprint,0.34646310697824967,0.2571823527668388,-61.74278479464049,3.0242210465883748,3466
a25_d0.5,25.0,0.5,prova2,adaptive,4,0.4722222222222222,Ti,deterministic,unmeasured,0.189113079520348,,-96.08361276526483,,1796
a25_d0.5,25.0,0.5,prova2,adaptive,4,0.4722222222222222,Fe,ensemble,footprint,0.8194106497705369,0.674536856250682,4.654414938802276,0.8852973593914146,3466
a25_d0.5,25.0,0.5,prova2,adaptive,4,0.4722222222222222,Fe,ensemble,unmeasured,0.6812576039546302,,-28.226610888442753,,1796
a25_d0.5,25.0,0.5,prova2,adaptive,4,0.4722222222222222,Fe,deterministic,footprint,0.7145392036844866,0.4741407051233238,-62.660862001409555,1.5034328093634202,3466
a25_d0.5,25.0,0.5,prova2,adaptive,4,0.4722222222222222,Fe,deterministic,unmeasured,0.42705091561029457,,-94.31172123102253,,1796
a25_d0.5,25.0,0.5,prova2,adaptive,4,0.4722222222222222,Cu,ensemble,footprint,0.6241862141227561,0.42314743000476623,-36.32565195383708,0.9625543630320254,3466
a25_d0.5,25.0,0.5,prova2,adaptive,4,0.4722222222222222,Cu,ensemble,unmeasured,0.4117017205245313,,-56.179456708503004,,1796
a25_d0.5,25.0,0.5,prova2,adaptive,4,0.4722222222222222,Cu,deterministic,footprint,0.3845008440886049,0.3968852991557163,-100.0,1.8773683260218852,3466
a25_d0.5,25.0,0.5,prova2,adaptive,4,0.4722222222222222,Cu,deterministic,unmeasured,0.1796859033602176,,-97.36340987542056,,1796
a25_d0.5,25.0,0.5,prova2,adaptive,4,0.4722222222222222,PbLl,ensemble,footprint,0.810479275096427,0.5783333116864017,-6.50701461625296,0.920749256394284,3466
a25_d0.5,25.0,0.5,prova2,adaptive,4,0.4722222222222222,PbLl,ensemble,unmeasured,0.5088650837016466,,-13.906438993452078,,1796
a25_d0.5,25.0,0.5,prova2,adaptive,4,0.4722222222222222,PbLl,deterministic,footprint,0.5270408688742527,0.3504057145099154,-72.16143430329453,2.2550198060306834,3466
a25_d0.5,25.0,0.5,prova2,adaptive,4,0.4722222222222222,PbLl,deterministic,unmeasured,0.1797552887052978,,-96.40464550573749,,1796
a25_d0.5,25.0,0.5,prova2,adaptive,4,0.4722222222222222,PbLa,ensemble,footprint,0.7749701608838484,0.5876716207703331,-1.0575926471419583,0.9877853873558438,3466
a25_d0.5,25.0,0.5,prova2,adaptive,4,0.4722222222222222,PbLa,ensemble,unmeasured,0.41252593818503097,,-11.370155485409597,,1796
a25_d0.5,25.0,0.5,prova2,adaptive,4,0.4722222222222222,PbLa,deterministic,footprint,0.39344680861253944,0.2454670649005618,-61.790194882947304,3.2886529247491763,3466
a25_d0.5,25.0,0.5,prova2,adaptive,4,0.4722222222222222,PbLa,deterministic,unmeasured,0.09619338137073306,,-96.38921818543251,,1796
a25_d0.5,25.0,0.5,prova2,adaptive,4,0.4722222222222222,PbLb,ensemble,footprint,0.7616322433155666,0.5819663659579344,-0.6844309157847395,0.9964972335671353,3466
a25_d0.5,25.0,0.5,prova2,adaptive,4,0.4722222222222222,PbLb,ensemble,unmeasured,0.36632462052959425,,-11.321199144178841,,1796
a25_d0.5,25.0,0.5,prova2,adaptive,4,0.4722222222222222,PbLb,deterministic,footprint,0.4021635989860632,0.24134303145622782,-61.9132447474515,3.3333704289123602,3466
a25_d0.5,25.0,0.5,prova2,adaptive,4,0.4722222222222222,PbLb,deterministic,unmeasured,0.09142346875822573,,-96.36858816564136,,1796
a25_d0.5,25.0,0.5,prova2,adaptive,4,0.4722222222222222,PbLg,ensemble,footprint,0.7441120077210698,0.571199725208217,-2.701440605530092,0.9814921751565525,3466
a25_d0.5,25.0,0.5,prova2,adaptive,4,0.4722222222222222,PbLg,ensemble,unmeasured,0.37516869573228856,,-10.819249607012624,,1796
a25_d0.5,25.0,0.5,prova2,adaptive,4,0.4722222222222222,PbLg,deterministic,footprint,0.36481390635585365,0.238325543383233,-60.96744034492365,3.383604622592003,3466
a25_d0.5,25.0,0.5,prova2,adaptive,4,0.4722222222222222,PbLg,deterministic,unmeasured,0.0713108961342621,,-96.40552209582803,,1796
a25_d0.5,25.0,0.5,prova2,adaptive,5,0.5277777777777778,Ca,ensemble,footprint,0.7306653504978948,0.6084683288018922,-0.4831793156216513,0.8214035699520152,3466
a25_d0.5,25.0,0.5,prova2,adaptive,5,0.5277777777777778,Ca,ensemble,unmeasured,0.02809942977500103,,-6.589362161370051,,1596
a25_d0.5,25.0,0.5,prova2,adaptive,5,0.5277777777777778,Ca,deterministic,footprint,0.4250921761770579,0.3637500357474213,-27.06452000819386,2.3417775710310664,3466
a25_d0.5,25.0,0.5,prova2,adaptive,5,0.5277777777777778,Ca,deterministic,unmeasured,0.14259386021816398,,-96.13841499033829,,1596
a25_d0.5,25.0,0.5,prova2,adaptive,5,0.5277777777777778,Ti,ensemble,footprint,0.6740507906169453,0.5974099232551443,1.4368315037425639,0.7848594787055055,3466
a25_d0.5,25.0,0.5,prova2,adaptive,5,0.5277777777777778,Ti,ensemble,unmeasured,0.10672430174224218,,7.38785969340577,,1596
a25_d0.5,25.0,0.5,prova2,adaptive,5,0.5277777777777778,Ti,deterministic,footprint,0.46343894002681174,0.3353330825809641,-28.178476300123812,2.7694032988404045,3466
a25_d0.5,25.0,0.5,prova2,adaptive,5,0.5277777777777778,Ti,deterministic,unmeasured,0.126053392115791,,-96.02843157096741,,1596
a25_d0.5,25.0,0.5,prova2,adaptive,5,0.5277777777777778,Fe,ensemble,footprint,0.8986245578829873,0.734351757355149,5.574647111076114,0.9168550298930919,3466
a25_d0.5,25.0,0.5,prova2,adaptive,5,0.5277777777777778,Fe,ensemble,unmeasured,0.616199037264956,,-15.117510767729362,,1596
a25_d0.5,25.0,0.5,prova2,adaptive,5,0.5277777777777778,Fe,deterministic,footprint,0.8440265650653228,0.5476447751094989,-29.432416008451888,1.3886569575735688,3466
a25_d0.5,25.0,0.5,prova2,adaptive,5,0.5277777777777778,Fe,deterministic,unmeasured,0.4266690081631702,,-93.98925957569989,,1596
a25_d0.5,25.0,0.5,prova2,adaptive,5,0.5277777777777778,Cu,ensemble,footprint,0.6815080002451009,0.4971652550450919,-30.47896168201394,1.007888414522041,3466
a25_d0.5,25.0,0.5,prova2,adaptive,5,0.5277777777777778,Cu,ensemble,unmeasured,0.378362532675406,,-54.66214879916706,,1596
a25_d0.5,25.0,0.5,prova2,adaptive,5,0.5277777777777778,Cu,deterministic,footprint,0.46936561896982254,0.45991524480367946,-95.525797128816,1.7809927686740346,3466
a25_d0.5,25.0,0.5,prova2,adaptive,5,0.5277777777777778,Cu,deterministic,unmeasured,0.2101812124050217,,-96.79335444801205,,1596
a25_d0.5,25.0,0.5,prova2,adaptive,5,0.5277777777777778,PbLl,ensemble,footprint,0.8441465732723779,0.6330401084913476,-6.147899851512406,0.9532189399873059,3466
a25_d0.5,25.0,0.5,prova2,adaptive,5,0.5277777777777778,PbLl,ensemble,unmeasured,0.47897382808241346,,-14.601317817639165,,1596
a25_d0.5,25.0,0.5,prova2,adaptive,5,0.5277777777777778,PbLl,deterministic,footprint,0.5469143901921745,0.40091668750874876,-47.6076595064638,2.1113923203423686,3466
a25_d0.5,25.0,0.5,prova2,adaptive,5,0.5277777777777778,PbLl,deterministic,unmeasured,0.16715895816592208,,-96.05885885549117,,1596
a25_d0.5,25.0,0.5,prova2,adaptive,5,0.5277777777777778,PbLa,ensemble,footprint,0.8258674305469208,0.6484063082578051,-0.7571514287144976,1.0113567268933608,3466
a25_d0.5,25.0,0.5,prova2,adaptive,5,0.5277777777777778,PbLa,ensemble,unmeasured,0.4116667268852435,,-10.975683806753397,,1596
a25_d0.5,25.0,0.5,prova2,adaptive,5,0.5277777777777778,PbLa,deterministic,footprint,0.41454192904078196,0.30190477688187706,-28.1736365293739,2.992840021527427,3466
a25_d0.5,25.0,0.5,prova2,adaptive,5,0.5277777777777778,PbLa,deterministic,unmeasured,0.08828141200490999,,-96.0480532588532,,1596
a25_d0.5,25.0,0.5,prova2,adaptive,5,0.5277777777777778,PbLb,ensemble,footprint,0.8135078308169859,0.6439542452372963,-0.4764555150112093,1.0128648967514438,3466
a25_d0.5,25.0,0.5,prova2,adaptive,5,0.5277777777777778,PbLb,ensemble,unmeasured,0.37267101680080006,,-10.538433788920864,,1596
a25_d0.5,25.0,0.5,prova2,adaptive,5,0.5277777777777778,PbLb,deterministic,footprint,0.42786036278659845,0.2977911396229288,-28.1519207677424,3.0256221496707143,3466
a25_d0.5,25.0,0.5,prova2,adaptive,5,0.5277777777777778,PbLb,deterministic,unmeasured,0.08611522804824398,,-96.03303861330814,,1596
a25_d0.5,25.0,0.5,prova2,adaptive,5,0.5277777777777778,PbLg,ensemble,footprint,0.7958741597265483,0.6273296882863845,-2.3161621288964707,1.001242785533552,3466
a25_d0.5,25.0,0.5,prova2,adaptive,5,0.5277777777777778,PbLg,ensemble,unmeasured,0.37714666106122774,,-10.309029912679167,,1596
a25_d0.5,25.0,0.5,prova2,adaptive,5,0.5277777777777778,PbLg,deterministic,footprint,0.38339884355264786,0.29178448930382545,-28.674151922480608,3.0721939260064492,3466
a25_d0.5,25.0,0.5,prova2,adaptive,5,0.5277777777777778,PbLg,deterministic,unmeasured,0.06675535594758536,,-96.07102006677802,,1596
a25_d0.5,25.0,0.5,prova2,adaptive,6,0.5833333333333334,Ca,ensemble,footprint,0.7761202905860431,0.6736326303387714,-0.18088927643653552,0.8332944232638652,3466
a25_d0.5,25.0,0.5,prova2,adaptive,6,0.5833333333333334,Ca,ensemble,unmeasured,0.06343091822502712,,-5.014326556391,,1414
a25_d0.5,25.0,0.5,prova2,adaptive,6,0.5833333333333334,Ca,deterministic,footprint,0.4703287464756422,0.43270931183689054,-10.736593260324746,2.14189706321162,3466
a25_d0.5,25.0,0.5,prova2,adaptive,6,0.5833333333333334,Ca,deterministic,unmeasured,0.14921760008369886,,-96.02854863993599,,1414
a25_d0.5,25.0,0.5,prova2,adaptive,6,0.5833333333333334,Ti,ensemble,footprint,0.7184100430122058,0.6390164491890644,1.684086907478921,0.7914557777247799,3466
a25_d0.5,25.0,0.5,prova2,adaptive,6,0.5833333333333334,Ti,ensemble,unmeasured,0.12225329942786624,,9.117257446051832,,1414
a25_d0.5,25.0,0.5,prova2,adaptive,6,0.5833333333333334,Ti,deterministic,footprint,0.4916829211364171,0.3909882835915496,-12.560661619867531,2.522545903647118,3466
a25_d0.5,25.0,0.5,prova2,adaptive,6,0.5833333333333334,Ti,deterministic,unmeasured,0.10430630875504024,,-96.00932605117322,,1414
a25_d0.5,25.0,0.5,prova2,adaptive,6,0.5833333333333334,Fe,ensemble,footprint,0.9352702198957683,0.7700316428713099,5.45629852747993,0.9331674287997285,3466
a25_d0.5,25.0,0.5,prova2,adaptive,6,0.5833333333333334,Fe,ensemble,unmeasured,0.5757146012385539,,-7.666475844900213,,1414
a25_d0.5,25.0,0.5,prova2,adaptive,6,0.5833333333333334,Fe,deterministic,footprint,0.8961328377784399,0.6052690647537702,-15.127387554116577,1.3245771173457266,3466
a25_d0.5,25.0,0.5,prova2,adaptive,6,0.5833333333333334,Fe,deterministic,unmeasured,0.43312740985573994,,-94.26432391173962,,1414
a25_d0.5,25.0,0.5,prova2,adaptive,6,0.5833333333333334,Cu,ensemble,footprint,0.719071739329909,0.5318966405510843,-21.480452848337418,1.0132225538410546,3466
a25_d0.5,25.0,0.5,prova2,adaptive,6,0.5833333333333334,Cu,ensemble,unmeasured,0.36831192220620845,,-53.401038870933405,,1414
a25_d0.5,25.0,0.5,prova2,adaptive,6,0.5833333333333334,Cu,deterministic,footprint,0.5284604187592475,0.49128893565255866,-64.6286375424977,1.635291127200137,3466
a25_d0.5,25.0,0.5,prova2,adaptive,6,0.5833333333333334,Cu,deterministic,unmeasured,0.22304903270771698,,-96.50385064944447,,1414
a25_d0.5,25.0,0.5,prova2,adaptive,6,0.5833333333333334,PbLl,ensemble,footprint,0.8619143809648219,0.6723894192252441,-5.778867395416398,0.949859227990009,3466
a25_d0.5,25.0,0.5,prova2,adaptive,6,0.5833333333333334,PbLl,ensemble,unmeasured,0.48220627690605583,,-15.168615249191758,,1414
a25_d0.5,25.0,0.5,prova2,adaptive,6,0.5833333333333334,PbLl,deterministic,footprint,0.5478816436228519,0.43712687788897925,-25.562282047690623,1.9450017577692278,3466
a25_d0.5,25.0,0.5,prova2,adaptive,6,0.5833333333333334,PbLl,deterministic,unmeasured,0.15750439997612412,,-95.9557656368867,,1414
a25_d0.5,25.0,0.5,prova2,adaptive,6,0.5833333333333334,PbLa,ensemble,footprint,0.8483804574263216,0.6867965069511242,-0.38896231745364496,0.9881901343559123,3466
a25_d0.5,25.0,0.5,prova2,adaptive,6,0.5833333333333334,PbLa,ensemble,unmeasured,0.4002699654241965,,-10.369675002453887,,1414
a25_d0.5,25.0,0.5,prova2,adaptive,6,0.5833333333333334,PbLa,deterministic,footprint,0.41447831752285524,0.3501357121749866,-7.7580426614640485,2.7198298181322,3466
a25_d0.5,25.0,0.5,prova2,adaptive,6,0.5833333333333334,PbLa,deterministic,unmeasured,0.08418547494703048,,-95.95349500746299,,1414
a25_d0.5,25.0,0.5,prova2,adaptive,6,0.5833333333333334,PbLb,ensemble,footprint,0.8358986179089041,0.6827625903076578,-0.2042222291598117,0.9876206439709022,3466
a25_d0.5,25.0,0.5,prova2,adaptive,6,0.5833333333333334,PbLb,ensemble,unmeasured,0.3592752330946728,,-9.842570134928796,,1414
a25_d0.5,25.0,0.5,prova2,adaptive,6,0.5833333333333334,PbLb,deterministic,footprint,0.4277244409968332,0.3462701435225002,-7.547939871260878,2.7483393182085694,3466
a25_d0.5,25.0,0.5,prova2,adaptive,6,0.5833333333333334,PbLb,deterministic,unmeasured,0.08218963049840884,,-95.94392802058336,,1414
a25_d0.5,25.0,0.5,prova2,adaptive,6,0.5833333333333334,PbLg,ensemble,footprint,0.8198776441489866,0.6650456133082285,-1.7338358763781536,0.9782009394315061,3466
a25_d0.5,25.0,0.5,prova2,adaptive,6,0.5833333333333334,PbLg,ensemble,unmeasured,0.36285410850119654,,-9.587049072976424,,1414
a25_d0.5,25.0,0.5,prova2,adaptive,6,0.5833333333333334,PbLg,deterministic,footprint,0.38553973318012863,0.3404913104782491,-11.178938080286072,2.7915972215094875,3466
a25_d0.5,25.0,0.5,prova2,adaptive,6,0.5833333333333334,PbLg,deterministic,unmeasured,0.06503119875894357,,-95.97765417353904,,1414
a25_d0.5,25.0,0.5,prova2,adaptive,7,0.6388888888888888,Ca,ensemble,footprint,0.8100916688882573,0.7009696659822783,-0.09975715643424365,0.8493601109489274,3466
a25_d0.5,25.0,0.5,prova2,adaptive,7,0.6388888888888888,Ca,ensemble,unmeasured,0.06640388139149825,,-4.223307031989854,,1229
a25_d0.5,25.0,0.5,prova2,adaptive,7,0.6388888888888888,Ca,deterministic,footprint,0.5011471330991512,0.472595992858644,-6.572386669085772,1.9602579223305021,3466
a25_d0.5,25.0,0.5,prova2,adaptive,7,0.6388888888888888,Ca,deterministic,unmeasured,0.11101057869956653,,-95.8201991500714,,1229
a25_d0.5,25.0,0.5,prova2,adaptive,7,0.6388888888888888,Ti,ensemble,footprint,0.7934696063618907,0.6826503258964581,1.748008950234281,0.8366345828025527,3466
a25_d0.5,25.0,0.5,prova2,adaptive,7,0.6388888888888888,Ti,ensemble,unmeasured,0.14777313932240754,,11.461107866224909,,1229
a25_d0.5,25.0,0.5,prova2,adaptive,7,0.6388888888888888,Ti,deterministic,footprint,0.556639126870407,0.4441512472468657,-8.700456243506915,2.3198542049989417,3466
a25_d0.5,25.0,0.5,prova2,adaptive,7,0.6388888888888888,Ti,deterministic,unmeasured,0.11480841344637124,,-95.70808623849084,,1229
a25_d0.5,25.0,0.5,prova2,adaptive,7,0.6388888888888888,Fe,ensemble,footprint,0.9451534095731011,0.7917029841363837,4.688695104463325,0.9391902587309311,3466
a25_d0.5,25.0,0.5,prova2,adaptive,7,0.6388888888888888,Fe,ensemble,unmeasured,0.5629510487452191,,-6.608176289271638,,1229
a25_d0.5,25.0,0.5,prova2,adaptive,7,0.6388888888888888,Fe,deterministic,footprint,0.9099388882307512,0.6378255060539495,-10.67417570319047,1.266436134784721,3466
a25_d0.5,25.0,0.5,prova2,adaptive,7,0.6388888888888888,Fe,deterministic,unmeasured,0.42441017369491646,,-93.98634210400913,,1229
a25_d0.5,25.0,0.5,prova2,adaptive,7,0.6388888888888888,Cu,ensemble,footprint,0.7698407219633924,0.5975834783641903,-13.25806318722005,1.0158297655954422,3466
a25_d0.5,25.0,0.5,prova2,adaptive,7,0.6388888888888888,Cu,ensemble,unmeasured,0.33785089428017406,,-50.29609671931771,,1229
a25_d0.5,25.0,0.5,prova2,adaptive,7,0.6388888888888888,Cu,deterministic,footprint,0.615059295842598,0.5497554704863941,-28.606812206169362,1.4998763382353226,3466
a25_d0.5,25.0,0.5,prova2,adaptive,7,0.6388888888888888,Cu,deterministic,unmeasured,0.24116126773406177,,-96.07084866023233,,1229
a25_d0.5,25.0,0.5,prova2,adaptive,7,0.6388888888888888,PbLl,ensemble,footprint,0.8759205275873307,0.6993134615283307,-5.414104770989381,0.9488258927669739,3466
a25_d0.5,25.0,0.5,prova2,adaptive,7,0.6388888888888888,PbLl,ensemble,unmeasured,0.47727434794553913,,-14.249256006704664,,1229
a25_d0.5,25.0,0.5,prova2,adaptive,7,0.6388888888888888,PbLl,deterministic,footprint,0.5671436836567574,0.5003676868163106,-17.647818841194905,1.7813734797125396,3466
a25_d0.5,25.0,0.5,prova2,adaptive,7,0.6388888888888888,PbLl,deterministic,unmeasured,0.14609537656177934,,-95.64373290711768,,1229
a25_d0.5,25.0,0.5,prova2,adaptive,7,0.6388888888888888,PbLa,ensemble,footprint,0.8658908950703269,0.7267786692352518,-0.17682039671316208,0.9768113975678331,3466
a25_d0.5,25.0,0.5,prova2,adaptive,7,0.6388888888888888,PbLa,ensemble,unmeasured,0.3957602417321195,,-9.008862498073954,,1229
a25_d0.5,25.0,0.5,prova2,adaptive,7,0.6388888888888888,PbLa,deterministic,footprint,0.4284590663347584,0.43255302860046707,-4.881966037147012,2.4584327946351796,3466
a25_d0.5,25.0,0.5,prova2,adaptive,7,0.6388888888888888,PbLa,deterministic,unmeasured,0.07982262843689193,,-95.61546350811388,,1229
a25_d0.5,25.0,0.5,prova2,adaptive,7,0.6388888888888888,PbLb,ensemble,footprint,0.8545247379930716,0.7223398690538799,0.09974761768352103,0.9745394945465691,3466
a25_d0.5,25.0,0.5,prova2,adaptive,7,0.6388888888888888,PbLb,ensemble,unmeasured,0.35869975473277343,,-8.38869362096259,,1229
a25_d0.5,25.0,0.5,prova2,adaptive,7,0.6388888888888888,PbLb,deterministic,footprint,0.4409095973242764,0.4300049934095947,-4.6758649807841834,2.483062578926953,3466
a25_d0.5,25.0,0.5,prova2,adaptive,7,0.6388888888888888,PbLb,deterministic,unmeasured,0.08224448007401763,,-95.59577076278795,,1229
a25_d0.5,25.0,0.5,prova2,adaptive,7,0.6388888888888888,PbLg,ensemble,footprint,0.8401768544868728,0.6989550253150518,-1.2315613272904535,0.9681643668568151,3466
a25_d0.5,25.0,0.5,prova2,adaptive,7,0.6388888888888888,PbLg,ensemble,unmeasured,0.36488827626678033,,-8.011544113432887,,1229
a25_d0.5,25.0,0.5,prova2,adaptive,7,0.6388888888888888,PbLg,deterministic,footprint,0.4037914051823609,0.4196402495978866,-7.542376701694886,2.5221896541660844,3466
a25_d0.5,25.0,0.5,prova2,adaptive,7,0.6388888888888888,PbLg,deterministic,unmeasured,0.06615890365125113,,-95.62468433075955,,1229
a25_d0.5,25.0,0.5,prova2,adaptive,8,0.6944444444444444,Ca,ensemble,footprint,0.8376169164840586,0.7423633897516103,0.13589445549859747,0.8657626345114919,3466
a25_d0.5,25.0,0.5,prova2,adaptive,8,0.6944444444444444,Ca,ensemble,unmeasured,0.013244807328076631,,-4.575850637484092,,1041
a25_d0.5,25.0,0.5,prova2,adaptive,8,0.6944444444444444,Ca,deterministic,footprint,0.5408983439424971,0.5322831763861339,-4.685224764161178,1.782739864792156,3466
a25_d0.5,25.0,0.5,prova2,adaptive,8,0.6944444444444444,Ca,deterministic,unmeasured,0.16779516757007548,,-95.38337598318655,,1041
a25_d0.5,25.0,0.5,prova2,adaptive,8,0.6944444444444444,Ti,ensemble,footprint,0.8271526482120486,0.733009461228868,1.4498497554632284,0.8496776894499337,3466
a25_d0.5,25.0,0.5,prova2,adaptive,8,0.6944444444444444,Ti,ensemble,unmeasured,0.11880644392009183,,12.841033889445516,,1041
a25_d0.5,25.0,0.5,prova2,adaptive,8,0.6944444444444444,Ti,deterministic,footprint,0.6038275250409633,0.5018668903067165,-5.883691285088455,2.092314272144514,3466
a25_d0.5,25.0,0.5,prova2,adaptive,8,0.6944444444444444,Ti,deterministic,unmeasured,0.1787959222252559,,-95.30235489084073,,1041
a25_d0.5,25.0,0.5,prova2,adaptive,8,0.6944444444444444,Fe,ensemble,footprint,0.9539452658508816,0.8275614776051188,4.877711364217641,0.9418429754696214,3466
a25_d0.5,25.0,0.5,prova2,adaptive,8,0.6944444444444444,Fe,ensemble,unmeasured,0.6408924298961817,,-6.8149977566805875,,1041
a25_d0.5,25.0,0.5,prova2,adaptive,8,0.6944444444444444,Fe,deterministic,footprint,0.9209387024889993,0.6858230066463361,-7.301626274079654,1.1994367970632702,3466
a25_d0.5,25.0,0.5,prova2,adaptive,8,0.6944444444444444,Fe,deterministic,unmeasured,0.4267136871385347,,-94.13933450699069,,1041
a25_d0.5,25.0,0.5,prova2,adaptive,8,0.6944444444444444,Cu,ensemble,footprint,0.7985751272165323,0.6518356629245129,-9.107805800130908,1.0027422389458946,3466
a25_d0.5,25.0,0.5,prova2,adaptive,8,0.6944444444444444,Cu,ensemble,unmeasured,0.2763537020718219,,-48.91774316499457,,1041
a25_d0.5,25.0,0.5,prova2,adaptive,8,0.6944444444444444,Cu,deterministic,footprint,0.6589619841690767,0.6170910068521672,-15.182443450545179,1.3912744933962407,3466
a25_d0.5,25.0,0.5,prova2,adaptive,8,0.6944444444444444,Cu,deterministic,unmeasured,0.2131578214070576,,-96.17950099983614,,1041
a25_d0.5,25.0,0.5,prova2,adaptive,8,0.6944444444444444,PbLl,ensemble,footprint,0.8946315687740065,0.7321157670336641,-4.888366844973002,0.9502820726362528,3466
a25_d0.5,25.0,0.5,prova2,adaptive,8,0.6944444444444444,PbLl,ensemble,unmeasured,0.49700739492972984,,-12.912588350744587,,1041
a25_d0.5,25.0,0.5,prova2,adaptive,8,0.6944444444444444,PbLl,deterministic,footprint,0.6014568441113898,0.5588796109026404,-12.663585943104827,1.6305711731182861,3466
a25_d0.5,25.0,0.5,prova2,adaptive,8,0.6944444444444444,PbLl,deterministic,unmeasured,0.061910374255362374,,-95.64371695197055,,1041
a25_d0.5,25.0,0.5,prova2,adaptive,8,0.6944444444444444,PbLa,ensemble,footprint,0.8946556754590596,0.7802142559638143,-0.10795349533219145,0.9690373400671085,3466
a25_d0.5,25.0,0.5,prova2,adaptive,8,0.6944444444444444,PbLa,ensemble,unmeasured,0.445178647511039,,-8.034163615366182,,1041
a25_d0.5,25.0,0.5,prova2,adaptive,8,0.6944444444444444,PbLa,deterministic,footprint,0.46180812679061667,0.518186998782985,-3.416834870478125,2.2133920192319745,3466
a25_d0.5,25.0,0.5,prova2,adaptive,8,0.6944444444444444,PbLa,deterministic,unmeasured,0.002801234623952716,,-95.65990773525522,,1041
a25_d0.5,25.0,0.5,prova2,adaptive,8,0.6944444444444444,PbLb,ensemble,footprint,0.8854524119130173,0.7763206398202216,0.21447029136953955,0.9673274897825416,3466
a25_d0.5,25.0,0.5,prova2,adaptive,8,0.6944444444444444,PbLb,ensemble,unmeasured,0.4135774184571645,,-7.4568413013170645,,1041
a25_d0.5,25.0,0.5,prova2,adaptive,8,0.6944444444444444,PbLb,deterministic,footprint,0.47219789693183734,0.5154711661098339,-3.2968457493947168,2.2352954752982304,3466
a25_d0.5,25.0,0.5,prova2,adaptive,8,0.6944444444444444,PbLb,deterministic,unmeasured,0.007631716708672102,,-95.6498814531386,,1041
a25_d0.5,25.0,0.5,prova2,adaptive,8,0.6944444444444444,PbLg,ensemble,footprint,0.8687738830371199,0.7399708153940042,-0.6931636296088617,0.9587810038629061,3466
a25_d0.5,25.0,0.5,prova2,adaptive,8,0.6944444444444444,PbLg,ensemble,unmeasured,0.41964963047951664,,-7.207067776385142,,1041
a25_d0.5,25.0,0.5,prova2,adaptive,8,0.6944444444444444,PbLg,deterministic,footprint,0.4314055069415746,0.4964866368793911,-5.28754048566189,2.2668116302091703,3466
a25_d0.5,25.0,0.5,prova2,adaptive,8,0.6944444444444444,PbLg,deterministic,unmeasured,-0.0015123050970663363,,-95.65749822522967,,1041
a25_d0.5,25.0,0.5,prova2,adaptive,9,0.75,Ca,ensemble,footprint,0.8608669445120017,0.7799806297205818,0.5867256866348924,0.8773718959009745,3466
a25_d0.5,25.0,0.5,prova2,adaptive,9,0.75,Ca,ensemble,unmeasured,-0.011821186329243415,,-1.0844579294430445,,841
a25_d0.5,25.0,0.5,prova2,adaptive,9,0.75,Ca,deterministic,footprint,0.6202453947849764,0.6042943342828887,-2.971726950764997,1.6009618711369134,3466
a25_d0.5,25.0,0.5,prova2,adaptive,9,0.75,Ca,deterministic,unmeasured,0.21110114479075526,,-94.83626455409951,,841
a25_d0.5,25.0,0.5,prova2,adaptive,9,0.75,Ti,ensemble,footprint,0.844194719815464,0.7604454511830228,1.3782671681441538,0.8603183798469216,3466
a25_d0.5,25.0,0.5,prova2,adaptive,9,0.75,Ti,ensemble,unmeasured,0.13052686164539073,,13.90543069398592,,841
a25_d0.5,25.0,0.5,prova2,adaptive,9,0.75,Ti,deterministic,footprint,0.6298649758058612,0.5612584202704329,-4.156761634920003,1.8587405986118368,3466
a25_d0.5,25.0,0.5,prova2,adaptive,9,0.75,Ti,deterministic,unmeasured,0.20835181169689618,,-94.8189805101244,,841
a25_d0.5,25.0,0.5,prova2,adaptive,9,0.75,Fe,ensemble,footprint,0.9679366116384567,0.8573159815838005,3.415233048880273,0.9585216464873709,3466
a25_d0.5,25.0,0.5,prova2,adaptive,9,0.75,Fe,ensemble,unmeasured,0.48355342652959044,,-5.219462021894308,,841
a25_d0.5,25.0,0.5,prova2,adaptive,9,0.75,Fe,deterministic,footprint,0.9445615310086085,0.7419643273226812,-4.997070957196903,1.159456268023087,3466
a25_d0.5,25.0,0.5,prova2,adaptive,9,0.75,Fe,deterministic,unmeasured,0.3856216186299182,,-94.32110144852409,,841
a25_d0.5,25.0,0.5,prova2,adaptive,9,0.75,Cu,ensemble,footprint,0.8453373108592412,0.7021446920685958,-5.9921075337319945,0.9894733947850999,3466
a25_d0.5,25.0,0.5,prova2,adaptive,9,0.75,Cu,ensemble,unmeasured,0.16020890379792005,,-44.30377650966277,,841
a25_d0.5,25.0,0.5,prova2,adaptive,9,0.75,Cu,deterministic,footprint,0.7444339919971972,0.6739384805995872,-9.03109020361449,1.2718422927985569,3466
a25_d0.5,25.0,0.5,prova2,adaptive,9,0.75,Cu,deterministic,unmeasured,0.15839562588074405,,-95.97778302371647,,841
a25_d0.5,25.0,0.5,prova2,adaptive,9,0.75,PbLl,ensemble,footprint,0.8965335877349486,0.7442370224322449,-4.453324478873744,0.9549188845730062,3466
a25_d0.5,25.0,0.5,prova2,adaptive,9,0.75,PbLl,ensemble,unmeasured,0.44481426033052596,,-14.73707873202049,,841
a25_d0.5,25.0,0.5,prova2,adaptive,9,0.75,PbLl,deterministic,footprint,0.6155837376620141,0.6035076696478712,-9.184070632438047,1.482981693346856,3466
a25_d0.5,25.0,0.5,prova2,adaptive,9,0.75,PbLl,deterministic,unmeasured,0.040354567600158785,,-95.49870111035071,,841
a25_d0.5,25.0,0.5,prova2,adaptive,9,0.75,PbLa,ensemble,footprint,0.9011318571819261,0.8054228535798037,-0.1677069995787317,0.9667131361872354,3466
a25_d0.5,25.0,0.5,prova2,adaptive,9,0.75,PbLa,ensemble,unmeasured,0.4258443028541101,,-9.100506537984426,,841
a25_d0.5,25.0,0.5,prova2,adaptive,9,0.75,PbLa,deterministic,footprint,0.46408109959679344,0.5797750196114604,-2.2762306717786562,1.9643608125156369,3466
a25_d0.5,25.0,0.5,prova2,adaptive,9,0.75,PbLa,deterministic,unmeasured,-0.04429220708744706,,-95.48417459402506,,841
a25_d0.5,25.0,0.5,prova2,adaptive,9,0.75,PbLb,ensemble,footprint,0.8930894212253668,0.8037510672694353,-0.041446840209080626,0.9652308372898146,3466
a25_d0.5,25.0,0.5,prova2,adaptive,9,0.75,PbLb,ensemble,unmeasured,0.40684488433121163,,-8.714709641108387,,841
a25_d0.5,25.0,0.5,prova2,adaptive,9,0.75,PbLb,deterministic,footprint,0.46895967823354756,0.5768383121747481,-2.311099587659582,1.9829663530202697,3466
a25_d0.5,25.0,0.5,prova2,adaptive,9,0.75,PbLb,deterministic,unmeasured,-0.0378749912203924,,-95.49472263584425,,841
a25_d0.5,25.0,0.5,prova2,adaptive,9,0.75,PbLg,ensemble,footprint,0.875704314586841,0.7638933986021685,-0.7345382155987346,0.9587048545139216,3466
a25_d0.5,25.0,0.5,prova2,adaptive,9,0.75,PbLg,ensemble,unmeasured,0.4046169505584422,,-8.533008940828369,,841
a25_d0.5,25.0,0.5,prova2,adaptive,9,0.75,PbLg,deterministic,footprint,0.4280983811999869,0.5511151381296556,-3.8880983577622485,2.009359760467118,3466
a25_d0.5,25.0,0.5,prova2,adaptive,9,0.75,PbLg,deterministic,unmeasured,-0.04111294579978594,,-95.49919855694479,,841
a25_d0.5,25.0,0.5,prova2,adaptive,10,0.8055555555555556,Ca,ensemble,footprint,0.8854510104628807,0.836011098288533,0.6820344645837917,0.8829763830375542,3466
a25_d0.5,25.0,0.5,prova2,adaptive,10,0.8055555555555556,Ca,ensemble,unmeasured,-1.4992286457917121e-05,,-0.08473737553987065,,641
a25_d0.5,25.0,0.5,prova2,adaptive,10,0.8055555555555556,Ca,deterministic,footprint,0.6690274581536528,0.7017788531461459,-2.0520502909144644,1.428658698849041,3466
a25_d0.5,25.0,0.5,prova2,adaptive,10,0.8055555555555556,Ca,deterministic,unmeasured,0.18993428632727802,,-94.6648973188556,,641
a25_d0.5,25.0,0.5,prova2,adaptive,10,0.8055555555555556,Ti,ensemble,footprint,0.8808618356338148,0.8105760354229781,1.2736634925784251,0.8759387817257913,3466
a25_d0.5,25.0,0.5,prova2,adaptive,10,0.8055555555555556,Ti,ensemble,unmeasured,0.1768864408687607,,13.372650896175935,,641
a25_d0.5,25.0,0.5,prova2,adaptive,10,0.8055555555555556,Ti,deterministic,footprint,0.6600913454385309,0.6565928108863327,-2.785676209259258,1.6441826185036121,3466
a25_d0.5,25.0,0.5,prova2,adaptive,10,0.8055555555555556,Ti,deterministic,unmeasured,0.1766221254786939,,-94.69969727768523,,641
a25_d0.5,25.0,0.5,prova2,adaptive,10,0.8055555555555556,Fe,ensemble,footprint,0.9721057261065944,0.8816012203994341,2.9206546565117453,0.9655228586794584,3466
a25_d0.5,25.0,0.5,prova2,adaptive,10,0.8055555555555556,Fe,ensemble,unmeasured,0.4632925042544142,,-8.468111539165934,,641
a25_d0.5,25.0,0.5,prova2,adaptive,10,0.8055555555555556,Fe,deterministic,footprint,0.9519634397477881,0.8051421576029152,-3.0283736734215028,1.111934735182083,3466
a25_d0.5,25.0,0.5,prova2,adaptive,10,0.8055555555555556,Fe,deterministic,unmeasured,0.4136437942141254,,-93.89631935333573,,641
a25_d0.5,25.0,0.5,prova2,adaptive,10,0.8055555555555556,Cu,ensemble,footprint,0.8923282147233467,0.7955746476938866,-3.673670980128152,0.9760289609807726,3466
a25_d0.5,25.0,0.5,prova2,adaptive,10,0.8055555555555556,Cu,ensemble,unmeasured,0.14529027239503323,,-38.504007446163996,,641
a25_d0.5,25.0,0.5,prova2,adaptive,10,0.8055555555555556,Cu,deterministic,footprint,0.8233713104597313,0.7564130871848931,-5.372590552731838,1.1686274517275037,3466
a25_d0.5,25.0,0.5,prova2,adaptive,10,0.8055555555555556,Cu,deterministic,unmeasured,0.22948314038496323,,-95.19684161936071,,641
a25_d0.5,25.0,0.5,prova2,adaptive,10,0.8055555555555556,PbLl,ensemble,footprint,0.9037195312142668,0.7736380822118075,-4.013957392945033,0.9523169014516657,3466
a25_d0.5,25.0,0.5,prova2,adaptive,10,0.8055555555555556,PbLl,ensemble,unmeasured,0.3822002870551485,,-15.402993934279635,,641
a25_d0.5,25.0,0.5,prova2,adaptive,10,0.8055555555555556,PbLl,deterministic,footprint,0.6677279580768517,0.6724467302194307,-6.209943163188614,1.3372539272662864,3466
a25_d0.5,25.0,0.5,prova2,adaptive,10,0.8055555555555556,PbLl,deterministic,unmeasured,0.021635210506952256,,-95.26525262135046,,641
a25_d0.5,25.0,0.5,prova2,adaptive,10,0.8055555555555556,PbLa,ensemble,footprint,0.9144841491014686,0.8581405786805085,-0.16446353610978237,0.9534175146552216,3466
a25_d0.5,25.0,0.5,prova2,adaptive,10,0.8055555555555556,PbLa,ensemble,unmeasured,0.39257348828152455,,-10.225773310055247,,641
a25_d0.5,25.0,0.5,prova2,adaptive,10,0.8055555555555556,PbLa,deterministic,footprint,0.5108058900555893,0.6859823867128381,-1.461737915098138,1.721981454764461,3466
a25_d0.5,25.0,0.5,prova2,adaptive,10,0.8055555555555556,PbLa,deterministic,unmeasured,-0.046248791508199286,,-95.22977866853613,,641
a25_d0.5,25.0,0.5,prova2,adaptive,10,0.8055555555555556,PbLb,ensemble,footprint,0.907324605072155,0.8545650601070922,-0.0502260097894669,0.9507740220763329,3466
a25_d0.5,25.0,0.5,prova2,adaptive,10,0.8055555555555556,PbLb,ensemble,unmeasured,0.3795495588327198,,-10.018028812363838,,641
a25_d0.5,25.0,0.5,prova2,adaptive,10,0.8055555555555556,PbLb,deterministic,footprint,0.5095631433113473,0.6829306042984272,-1.6387112939342252,1.7357745326024296,3466
a25_d0.5,25.0,0.5,prova2,adaptive,10,0.8055555555555556,PbLb,deterministic,unmeasured,-0.0405190761291937,,-95.21585449128587,,641
a25_d0.5,25.0,0.5,prova2,adaptive,10,0.8055555555555556,PbLg,ensemble,footprint,0.8908715189971185,0.7993327663856487,-0.5331149151161729,0.945306230336396,3466
a25_d0.5,25.0,0.5,prova2,adaptive,10,0.8055555555555556,PbLg,ensemble,unmeasured,0.396299639308441,,-9.841677853452472,,641
a25_d0.5,25.0,0.5,prova2,adaptive,10,0.8055555555555556,PbLg,deterministic,footprint,0.47048628867695486,0.6420512045663437,-2.502491759856551,1.7577071054368976,3466
a25_d0.5,25.0,0.5,prova2,adaptive,10,0.8055555555555556,PbLg,deterministic,unmeasured,-0.044407823658884064,,-95.20896673029743,,641
a25_d0.5,25.0,0.5,prova2,adaptive,11,0.8611111111111112,Ca,ensemble,footprint,0.9120280065835823,0.8892538737117439,0.8942844448374565,0.8899954787471305,3466
a25_d0.5,25.0,0.5,prova2,adaptive,11,0.8611111111111112,Ca,ensemble,unmeasured,-0.017607436980449344,,4.147785415903227,,441
a25_d0.5,25.0,0.5,prova2,adaptive,11,0.8611111111111112,Ca,deterministic,footprint,0.7579479428620903,0.78599919148617,-1.3240664024351645,1.2594616238182739,3466
a25_d0.5,25.0,0.5,prova2,adaptive,11,0.8611111111111112,Ca,deterministic,unmeasured,0.21086845722187209,,-94.5762840155467,,441
a25_d0.5,25.0,0.5,prova2,adaptive,11,0.8611111111111112,Ti,ensemble,footprint,0.899503712552109,0.8463147703338044,1.4282342839066153,0.8782753717652994,3466
a25_d0.5,25.0,0.5,prova2,adaptive,11,0.8611111111111112,Ti,ensemble,unmeasured,0.11496845522856078,,17.470831329758532,,441
a25_d0.5,25.0,0.5,prova2,adaptive,11,0.8611111111111112,Ti,deterministic,footprint,0.7321196799998644,0.7306993963661297,-1.5900002005714287,1.4155179228503139,3466
a25_d0.5,25.0,0.5,prova2,adaptive,11,0.8611111111111112,Ti,deterministic,unmeasured,0.23713391778225007,,-94.38603706633985,,441
a25_d0.5,25.0,0.5,prova2,adaptive,11,0.8611111111111112,Fe,ensemble,footprint,0.9801940445535886,0.9116552566369103,2.4729997190366504,0.9694779983039301,3466
a25_d0.5,25.0,0.5,prova2,adaptive,11,0.8611111111111112,Fe,ensemble,unmeasured,0.4389376266986557,,-9.666810981174859,,441
a25_d0.5,25.0,0.5,prova2,adaptive,11,0.8611111111111112,Fe,deterministic,footprint,0.9626478947541282,0.8614103417476838,-1.3019610306875817,1.0653800492130732,3466
a25_d0.5,25.0,0.5,prova2,adaptive,11,0.8611111111111112,Fe,deterministic,unmeasured,0.13297824920784976,,-95.16956135564257,,441
a25_d0.5,25.0,0.5,prova2,adaptive,11,0.8611111111111112,Cu,ensemble,footprint,0.9229705299458074,0.857958765898896,-3.109367912265948,0.9688111327763229,3466
a25_d0.5,25.0,0.5,prova2,adaptive,11,0.8611111111111112,Cu,ensemble,unmeasured,0.1864316184326722,,-38.0790987364915,,441
a25_d0.5,25.0,0.5,prova2,adaptive,11,0.8611111111111112,Cu,deterministic,footprint,0.8745283162893537,0.8328852238249647,-3.4753467741205357,1.0806506328659382,3466
a25_d0.5,25.0,0.5,prova2,adaptive,11,0.8611111111111112,Cu,deterministic,unmeasured,0.24412153112720564,,-94.76666219043967,,441
a25_d0.5,25.0,0.5,prova2,adaptive,11,0.8611111111111112,PbLl,ensemble,footprint,0.9104735313735075,0.7969557058407523,-3.793427026985763,0.9488413425416856,3466
a25_d0.5,25.0,0.5,prova2,adaptive,11,0.8611111111111112,PbLl,ensemble,unmeasured,0.34498667710069075,,-16.205369127577892,,441
a25_d0.5,25.0,0.5,prova2,adaptive,11,0.8611111111111112,PbLl,deterministic,footprint,0.7342160465961879,0.7154658624372813,-4.2016214167785115,1.1943996425267094,3466
a25_d0.5,25.0,0.5,prova2,adaptive,11,0.8611111111111112,PbLl,deterministic,unmeasured,0.11943184602565479,,-94.39644780876033,,441
a25_d0.5,25.0,0.5,prova2,adaptive,11,0.8611111111111112,PbLa,ensemble,footprint,0.9293202048249637,0.8994297977431227,-0.21504301719965646,0.9457936528337847,3466
a25_d0.5,25.0,0.5,prova2,adaptive,11,0.8611111111111112,PbLa,ensemble,unmeasured,0.42712711126801245,,-12.888631368788124,,441
a25_d0.5,25.0,0.5,prova2,adaptive,11,0.8611111111111112,PbLa,deterministic,footprint,0.5772527159784886,0.75643212641588,-0.8957559473164123,1.4785320509608881,3466
a25_d0.5,25.0,0.5,prova2,adaptive,11,0.8611111111111112,PbLa,deterministic,unmeasured,0.06257081099382353,,-94.77671262392253,,441
a25_d0.5,25.0,0.5,prova2,adaptive,11,0.8611111111111112,PbLb,ensemble,footprint,0.9229387564251293,0.8962314363225249,-0.19253738545990107,0.9434372694259734,3466
a25_d0.5,25.0,0.5,prova2,adaptive,11,0.8611111111111112,PbLb,ensemble,unmeasured,0.42200755467910417,,-12.979819412938442,,441
a25_d0.5,25.0,0.5,prova2,adaptive,11,0.8611111111111112,PbLb,deterministic,footprint,0.5704710531947405,0.7524199242251443,-1.0184043925187014,1.488187929725107,3466
a25_d0.5,25.0,0.5,prova2,adaptive,11,0.8611111111111112,PbLb,deterministic,unmeasured,0.059099125842350816,,-94.82591419662265,,441
a25_d0.5,25.0,0.5,prova2,adaptive,11,0.8611111111111112,PbLg,ensemble,footprint,0.9065584639389644,0.8400959406406573,-0.6018748431089849,0.939124504768511,3466
a25_d0.5,25.0,0.5,prova2,adaptive,11,0.8611111111111112,PbLg,ensemble,unmeasured,0.45282936858956063,,-13.166128364380581,,441
a25_d0.5,25.0,0.5,prova2,adaptive,11,0.8611111111111112,PbLg,deterministic,footprint,0.5296313427718048,0.7048058724918369,-1.4783792920597838,1.5050672848317588,3466
a25_d0.5,25.0,0.5,prova2,adaptive,11,0.8611111111111112,PbLg,deterministic,unmeasured,0.043660071054351345,,-94.87539450022776,,441
a25_d0.5,25.0,0.5,prova2,adaptive,12,0.9166666666666666,Ca,ensemble,footprint,0.9559411321103634,0.9301795384654352,1.07192917495742,0.913306644042086,3466
a25_d0.5,25.0,0.5,prova2,adaptive,12,0.9166666666666666,Ca,ensemble,unmeasured,0.027541164772664897,,18.844866412390186,,248
a25_d0.5,25.0,0.5,prova2,adaptive,12,0.9166666666666666,Ca,deterministic,footprint,0.866422623800978,0.8654362922674421,-0.6021550713934509,1.1217060013528242,3466
a25_d0.5,25.0,0.5,prova2,adaptive,12,0.9166666666666666,Ca,deterministic,unmeasured,0.39663093163456437,,-95.2572606430346,,248
a25_d0.5,25.0,0.5,prova2,adaptive,12,0.9166666666666666,Ti,ensemble,footprint,0.9204429217255667,0.8801219325807581,1.516658126255277,0.8908560703260188,3466
a25_d0.5,25.0,0.5,prova2,adaptive,12,0.9166666666666666,Ti,ensemble,unmeasured,0.0027864989153420137,,32.69521346902162,,248
a25_d0.5,25.0,0.5,prova2,adaptive,12,0.9166666666666666,Ti,deterministic,footprint,0.8262030868217176,0.8222799542829158,-0.6683481438781058,1.207713041066647,3466
a25_d0.5,25.0,0.5,prova2,adaptive,12,0.9166666666666666,Ti,deterministic,unmeasured,0.4421243299940393,,-95.77996938145341,,248
a25_d0.5,25.0,0.5,prova2,adaptive,12,0.9166666666666666,Fe,ensemble,footprint,0.990669533610959,0.9363686441850049,2.4590335243996675,0.961110013546547,3466
a25_d0.5,25.0,0.5,prova2,adaptive,12,0.9166666666666666,Fe,ensemble,unmeasured,0.3437795292081942,,23.99021372146673,,248
a25_d0.5,25.0,0.5,prova2,adaptive,12,0.9166666666666666,Fe,deterministic,footprint,0.9840569111234218,0.9149095038535262,0.07117288213409623,1.0091727177074024,3466
a25_d0.5,25.0,0.5,prova2,adaptive,12,0.9166666666666666,Fe,deterministic,unmeasured,0.16131104332339177,,-96.71171451372847,,248
a25_d0.5,25.0,0.5,prova2,adaptive,12,0.9166666666666666,Cu,ensemble,footprint,0.9445393852314493,0.9064332461575126,-1.9573279185394643,0.9699420940055087,3466
a25_d0.5,25.0,0.5,prova2,adaptive,12,0.9166666666666666,Cu,ensemble,unmeasured,-0.04166626445489331,,-41.299401172989974,,248
a25_d0.5,25.0,0.5,prova2,adaptive,12,0.9166666666666666,Cu,deterministic,footprint,0.9032793111926924,0.8720260633420004,-2.1155167825546384,1.0319461062135602,3466
a25_d0.5,25.0,0.5,prova2,adaptive,12,0.9166666666666666,Cu,deterministic,unmeasured,0.13513146239338691,,-96.65829800908723,,248
a25_d0.5,25.0,0.5,prova2,adaptive,12,0.9166666666666666,PbLl,ensemble,footprint,0.9295239055247819,0.8270236092900831,-3.3409025848602614,0.9495760582591912,3466
a25_d0.5,25.0,0.5,prova2,adaptive,12,0.9166666666666666,PbLl,ensemble,unmeasured,0.1467816139884897,,-12.41094013310438,,248
a25_d0.5,25.0,0.5,prova2,adaptive,12,0.9166666666666666,PbLl,deterministic,footprint,0.8073379132859876,0.7779239376891128,-2.40798908087978,1.0821109395063024,3466
a25_d0.5,25.0,0.5,prova2,adaptive,12,0.9166666666666666,PbLl,deterministic,unmeasured,-0.03824499182873744,,-96.93021063858693,,248
a25_d0.5,25.0,0.5,prova2,adaptive,12,0.9166666666666666,PbLa,ensemble,footprint,0.9609255478603194,0.942905355449013,-0.13513154559936513,0.9479579083352393,3466
a25_d0.5,25.0,0.5,prova2,adaptive,12,0.9166666666666666,PbLa,ensemble,unmeasured,0.4040021796034348,,-11.903580848548032,,248
a25_d0.5,25.0,0.5,prova2,adaptive,12,0.9166666666666666,PbLa,deterministic,footprint,0.6773016258545322,0.8527571590936556,-0.4441377117845313,1.266207735776252,3466
a25_d0.5,25.0,0.5,prova2,adaptive,12,0.9166666666666666,PbLa,deterministic,unmeasured,-0.15128746975777993,,-97.17188839246859,,248
a25_d0.5,25.0,0.5,prova2,adaptive,12,0.9166666666666666,PbLb,ensemble,footprint,0.9568723885123543,0.9400882916241937,-0.06402182717857308,0.9464312330841242,3466
a25_d0.5,25.0,0.5,prova2,adaptive,12,0.9166666666666666,PbLb,ensemble,unmeasured,0.40351978077792194,,-12.053275003380016,,248
a25_d0.5,25.0,0.5,prova2,adaptive,12,0.9166666666666666,PbLb,deterministic,footprint,0.6711557856344412,0.8493928754201647,-0.5028586010225156,1.2717182562308924,3466
a25_d0.5,25.0,0.5,prova2,adaptive,12,0.9166666666666666,PbLb,deterministic,unmeasured,-0.15385371445009266,,-97.22678045813204,,248
a25_d0.5,25.0,0.5,prova2,adaptive,12,0.9166666666666666,PbLg,ensemble,footprint,0.9363831545880035,0.8761262833477234,-0.4841788394188806,0.9399367652713708,3466
a25_d0.5,25.0,0.5,prova2,adaptive,12,0.9166666666666666,PbLg,ensemble,unmeasured,0.4257541772621941,,-12.724928403445427,,248
a25_d0.5,25.0,0.5,prova2,adaptive,12,0.9166666666666666,PbLg,deterministic,footprint,0.628099548845381,0.7942713573234131,-0.7307622005140013,1.2794990635037031,3466
a25_d0.5,25.0,0.5,prova2,adaptive,12,0.9166666666666666,PbLg,deterministic,unmeasured,-0.15375945711743016,,-97.23495642659444,,248
a25_d0.5,25.0,0.5,prova2,adaptive,13,0.9722222222222222,Ca,ensemble,footprint,0.9822420692669886,0.9590720812229814,1.2688634048608094,0.9397397696756061,3466
a25_d0.5,25.0,0.5,prova2,adaptive,13,0.9722222222222222,Ca,ensemble,unmeasured,0.25857334914426966,,27.242517156981393,,76
a25_d0.5,25.0,0.5,prova2,adaptive,13,0.9722222222222222,Ca,deterministic,footprint,0.9418594145836928,0.9313304535606096,0.032553638068932855,0.991815427240111,3466
a25_d0.5,25.0,0.5,prova2,adaptive,13,0.9722222222222222,Ca,deterministic,unmeasured,0.2702342508987072,,-98.20709519534336,,76
a25_d0.5,25.0,0.5,prova2,adaptive,13,0.9722222222222222,Ti,ensemble,footprint,0.9506138112166013,0.9002793492746561,1.3983740537405254,0.9199198708044362,3466
a25_d0.5,25.0,0.5,prova2,adaptive,13,0.9722222222222222,Ti,ensemble,unmeasured,-0.15473580490230773,,45.59309099589928,,76
a25_d0.5,25.0,0.5,prova2,adaptive,13,0.9722222222222222,Ti,deterministic,footprint,0.907085564877055,0.8790833481217972,0.17646463398048873,1.0100387142361502,3466
a25_d0.5,25.0,0.5,prova2,adaptive,13,0.9722222222222222,Ti,deterministic,unmeasured,0.29484833847887254,,-98.42376239009728,,76
a25_d0.5,25.0,0.5,prova2,adaptive,13,0.9722222222222222,Fe,ensemble,footprint,0.9922811525471856,0.9476943880061769,2.24733823072385,0.966323424054768,3466
a25_d0.5,25.0,0.5,prova2,adaptive,13,0.9722222222222222,Fe,ensemble,unmeasured,-0.17181167674886452,,57.43136838163966,,76
a25_d0.5,25.0,0.5,prova2,adaptive,13,0.9722222222222222,Fe,deterministic,footprint,0.9892890781081736,0.9388378141508449,1.163875969058159,0.975258120220214,3466
a25_d0.5,25.0,0.5,prova2,adaptive,13,0.9722222222222222,Fe,deterministic,unmeasured,-0.09230322485389816,,-98.72218613214326,,76
a25_d0.5,25.0,0.5,prova2,adaptive,13,0.9722222222222222,Cu,ensemble,footprint,0.9818290079455735,0.9435335364722237,-0.963431976495499,0.96772433623059,3466
a25_d0.5,25.0,0.5,prova2,adaptive,13,0.9722222222222222,Cu,ensemble,unmeasured,0.4499372800488902,,-31.972491713552493,,76
a25_d0.5,25.0,0.5,prova2,adaptive,13,0.9722222222222222,Cu,deterministic,footprint,0.963657291402992,0.9209897173565174,-0.5061722891257614,0.9743820234533281,3466
a25_d0.5,25.0,0.5,prova2,adaptive,13,0.9722222222222222,Cu,deterministic,unmeasured,-0.039240276639169035,,-98.68409634854441,,76
a25_d0.5,25.0,0.5,prova2,adaptive,13,0.9722222222222222,PbLl,ensemble,footprint,0.9456999248584447,0.8405873310718944,-2.908750485193823,0.9549051991346742,3466
a25_d0.5,25.0,0.5,prova2,adaptive,13,0.9722222222222222,PbLl,ensemble,unmeasured,0.091393336365447,,-16.92398902709927,,76
a25_d0.5,25.0,0.5,prova2,adaptive,13,0.9722222222222222,PbLl,deterministic,footprint,0.8880313635073126,0.8147868513837803,-0.6041684799788727,0.9735627828195506,3466
a25_d0.5,25.0,0.5,prova2,adaptive,13,0.9722222222222222,PbLl,deterministic,unmeasured,-0.15975951285408102,,-98.89215532552826,,76
a25_d0.5,25.0,0.5,prova2,adaptive,13,0.9722222222222222,PbLa,ensemble,footprint,0.9851261219462716,0.9668768525485464,-0.035803969709802264,0.9563154487578237,3466
a25_d0.5,25.0,0.5,prova2,adaptive,13,0.9722222222222222,PbLa,ensemble,unmeasured,0.23753876523759393,,-6.44799588718394,,76
a25_d0.5,25.0,0.5,prova2,adaptive,13,0.9722222222222222,PbLa,deterministic,footprint,0.8685485512645074,0.9232456162639263,0.027642161986118907,1.0467897027839554,3466
a25_d0.5,25.0,0.5,prova2,adaptive,13,0.9722222222222222,PbLa,deterministic,unmeasured,-0.22126479457064882,,-98.84056307728518,,76
a25_d0.5,25.0,0.5,prova2,adaptive,13,0.9722222222222222,PbLb,ensemble,footprint,0.9831595101091307,0.9631834666170462,0.038326295185298065,0.9556702299652499,3466
a25_d0.5,25.0,0.5,prova2,adaptive,13,0.9722222222222222,PbLb,ensemble,unmeasured,0.22943777265186063,,-6.318897728125973,,76
a25_d0.5,25.0,0.5,prova2,adaptive,13,0.9722222222222222,PbLb,deterministic,footprint,0.8656354925209427,0.9190851560091045,-0.13827375945358877,1.0469204435989683,3466
a25_d0.5,25.0,0.5,prova2,adaptive,13,0.9722222222222222,PbLb,deterministic,unmeasured,-0.20775858048486653,,-98.78537242135724,,76
a25_d0.5,25.0,0.5,prova2,adaptive,13,0.9722222222222222,PbLg,ensemble,footprint,0.9601773906701815,0.8963819112343059,-0.20577573113064185,0.9489192159678197,3466
a25_d0.5,25.0,0.5,prova2,adaptive,13,0.9722222222222222,PbLg,ensemble,unmeasured,0.25013990567476013,,-9.034080648226372,,76
a25_d0.5,25.0,0.5,prova2,adaptive,13,0.9722222222222222,PbLg,deterministic,footprint,0.8284038010044802,0.8568780417897199,-0.11627742748876457,1.0470018481370438,3466
a25_d0.5,25.0,0.5,prova2,adaptive,13,0.9722222222222222,PbLg,deterministic,unmeasured,-0.17354938036144293,,-98.84731687075507,,76
a25_d0.5,25.0,0.5,prova2,adaptive,14,1.0,Ca,ensemble,footprint,0.986994399053154,0.9669192402508501,1.273555091607692,0.9480590579897618,3466
a25_d0.5,25.0,0.5,prova2,adaptive,14,1.0,Ca,deterministic,footprint,0.980206035683238,0.9501931902116473,0.32370896482767364,0.9224788084722235,3466
a25_d0.5,25.0,0.5,prova2,adaptive,14,1.0,Ti,ensemble,footprint,0.9624545784060747,0.9104412660924375,1.309510111221246,0.9303964505950837,3466
a25_d0.5,25.0,0.5,prova2,adaptive,14,1.0,Ti,deterministic,footprint,0.9552591250192519,0.8964469711885972,0.5904760505723194,0.9041772752708972,3466
a25_d0.5,25.0,0.5,prova2,adaptive,14,1.0,Fe,ensemble,footprint,0.9928022854635402,0.9547095178929589,1.934929720847367,0.9721835154795427,3466
a25_d0.5,25.0,0.5,prova2,adaptive,14,1.0,Fe,deterministic,footprint,0.990503369461687,0.9493385759524153,1.6112721087446769,0.963034606799225,3466
a25_d0.5,25.0,0.5,prova2,adaptive,14,1.0,Cu,ensemble,footprint,0.9861150903528646,0.9529119105367921,-0.474460407839028,0.9623448832989235,3466
a25_d0.5,25.0,0.5,prova2,adaptive,14,1.0,Cu,deterministic,footprint,0.9808535575398776,0.9402700223560552,0.1692954269976621,0.9415924817234497,3466
a25_d0.5,25.0,0.5,prova2,adaptive,14,1.0,PbLl,ensemble,footprint,0.9499181909022533,0.8434325133058377,-2.4550137872176303,0.954208842623515,3466
a25_d0.5,25.0,0.5,prova2,adaptive,14,1.0,PbLl,deterministic,footprint,0.9436299750697679,0.8280379474015123,0.2795671414671741,0.9176204265957751,3466
a25_d0.5,25.0,0.5,prova2,adaptive,14,1.0,PbLa,ensemble,footprint,0.9921747454200518,0.9753037121825591,0.009085860269797408,0.9594563237116429,3466
a25_d0.5,25.0,0.5,prova2,adaptive,14,1.0,PbLa,deterministic,footprint,0.9857144860637074,0.9586154811877502,0.19151599478481884,0.9323113826386912,3466
a25_d0.5,25.0,0.5,prova2,adaptive,14,1.0,PbLb,ensemble,footprint,0.9911668833046771,0.971317651876316,0.034943566864042985,0.9593165367362851,3466
a25_d0.5,25.0,0.5,prova2,adaptive,14,1.0,PbLb,deterministic,footprint,0.9849114213176229,0.9547292264271546,0.06005809473648149,0.9295458863689983,3466
a25_d0.5,25.0,0.5,prova2,adaptive,14,1.0,PbLg,ensemble,footprint,0.9691819729092761,0.9037892515075435,-0.09218910272814629,0.9530372545674712,3466
a25_d0.5,25.0,0.5,prova2,adaptive,14,1.0,PbLg,deterministic,footprint,0.9632785953083088,0.8886673655211199,0.20799891564315942,0.9251717004158114,3466
a25_d0.5,25.0,0.5,prova2,random,0,0.25,Ca,ensemble,footprint,0.2957811539841705,0.2679940714504929,-2.801786708411913,0.7794260610250096,3466
a25_d0.5,25.0,0.5,prova2,random,0,0.25,Ca,ensemble,unmeasured,-0.2283153531242775,,-11.408188618500905,,2591
a25_d0.5,25.0,0.5,prova2,random,0,0.25,Ca,deterministic,footprint,0.38811833621813474,0.14337942715286278,-100.0,3.9282359085484924,3466
a25_d0.5,25.0,0.5,prova2,random,0,0.25,Ca,deterministic,unmeasured,0.13151333726978123,,-97.93524969264186,,2591
a25_d0.5,25.0,0.5,prova2,random,0,0.25,Ti,ensemble,footprint,0.19329267777190848,0.29838078916361116,-0.87414609713381,0.8575254286357548,3466
a25_d0.5,25.0,0.5,prova2,random,0,0.25,Ti,ensemble,unmeasured,-0.0943396642662746,,-7.855214090431529,,2591
a25_d0.5,25.0,0.5,prova2,random,0,0.25,Ti,deterministic,footprint,0.20974018363102587,0.08040996660781843,-100.0,4.88409628826331,3466
a25_d0.5,25.0,0.5,prova2,random,0,0.25,Ti,deterministic,unmeasured,0.05178643985581491,,-98.05892329624602,,2591
a25_d0.5,25.0,0.5,prova2,random,0,0.25,Fe,ensemble,footprint,0.3772080337231304,0.4649584144482957,1.0255811131024917,0.7479237503265692,3466
a25_d0.5,25.0,0.5,prova2,random,0,0.25,Fe,ensemble,unmeasured,-0.01493803043790768,,-47.85442286477179,,2591
a25_d0.5,25.0,0.5,prova2,random,0,0.25,Fe,deterministic,footprint,0.3309483517715509,0.21607577575393302,-100.0,2.262556171840963,3466
a25_d0.5,25.0,0.5,prova2,random,0,0.25,Fe,deterministic,unmeasured,0.09702075574386333,,-98.36657843044314,,2591
a25_d0.5,25.0,0.5,prova2,random,0,0.25,Cu,ensemble,footprint,0.43264298361189785,0.18072255799693399,-55.63208647393485,0.8842209826572335,3466
a25_d0.5,25.0,0.5,prova2,random,0,0.25,Cu,ensemble,unmeasured,0.25291299757009705,,-56.69403679387725,,2591
a25_d0.5,25.0,0.5,prova2,random,0,0.25,Cu,deterministic,footprint,0.31790906982594863,0.2878604880372165,-100.0,2.3092094770680385,3466
a25_d0.5,25.0,0.5,prova2,random,0,0.25,Cu,deterministic,unmeasured,0.17436409410426457,,-98.12341854416694,,2591
a25_d0.5,25.0,0.5,prova2,random,0,0.25,PbLl,ensemble,footprint,0.6129378380785796,0.3390097531945431,-20.852373917241817,0.8381855769072989,3466
a25_d0.5,25.0,0.5,prova2,random,0,0.25,PbLl,ensemble,unmeasured,0.5058337933289074,,-27.530969263907462,,2591
a25_d0.5,25.0,0.5,prova2,random,0,0.25,PbLl,deterministic,footprint,0.22224317000130267,0.10561502251973327,-100.0,3.294860038455138,3466
a25_d0.5,25.0,0.5,prova2,random,0,0.25,PbLl,deterministic,unmeasured,0.17370136598259825,,-97.71293665762926,,2591
a25_d0.5,25.0,0.5,prova2,random,0,0.25,PbLa,ensemble,footprint,0.5548317509363696,0.33769264835113344,-15.042647208990745,1.0620430289406277,3466
a25_d0.5,25.0,0.5,prova2,random,0,0.25,PbLa,ensemble,unmeasured,0.4757918073929272,,-24.809593121259613,,2591
a25_d0.5,25.0,0.5,prova2,random,0,0.25,PbLa,deterministic,footprint,0.05416093833360182,0.02060305816643179,-100.0,5.11829080513398,3466
a25_d0.5,25.0,0.5,prova2,random,0,0.25,PbLa,deterministic,unmeasured,0.11835902049339325,,-97.93254778413528,,2591
a25_d0.5,25.0,0.5,prova2,random,0,0.25,PbLb,ensemble,footprint,0.5321741134778468,0.33601962895245174,-15.03462623148547,1.073794924825873,3466
a25_d0.5,25.0,0.5,prova2,random,0,0.25,PbLb,ensemble,unmeasured,0.4503236541819272,,-25.019967310868278,,2591
a25_d0.5,25.0,0.5,prova2,random,0,0.25,PbLb,deterministic,footprint,0.04026536132595555,0.016439935631572068,-100.0,5.198885689098479,3466
a25_d0.5,25.0,0.5,prova2,random,0,0.25,PbLb,deterministic,unmeasured,0.11242684215518492,,-97.95042762879838,,2591
a25_d0.5,25.0,0.5,prova2,random,0,0.25,PbLg,ensemble,footprint,0.5330889222313292,0.34167272391820547,-14.789417011108574,1.0843169340700627,3466
a25_d0.5,25.0,0.5,prova2,random,0,0.25,PbLg,ensemble,unmeasured,0.44945950070862034,,-23.922977922312352,,2591
a25_d0.5,25.0,0.5,prova2,random,0,0.25,PbLg,deterministic,footprint,0.04123423739756423,0.021385966128146652,-100.0,5.300509750052899,3466
a25_d0.5,25.0,0.5,prova2,random,0,0.25,PbLg,deterministic,unmeasured,0.10011014127886352,,-97.93763986040217,,2591
a25_d0.5,25.0,0.5,prova2,random,1,0.3055555555555556,Ca,ensemble,footprint,0.3730686064601585,0.32815261899836123,-1.5789223634090521,0.7889319892838292,3466
a25_d0.5,25.0,0.5,prova2,random,1,0.3055555555555556,Ca,ensemble,unmeasured,-0.20886319635318482,,-9.160629551853093,,2395
a25_d0.5,25.0,0.5,prova2,random,1,0.3055555555555556,Ca,deterministic,footprint,0.40159937607338425,0.17550963102546227,-100.0,3.485569761769126,3466
a25_d0.5,25.0,0.5,prova2,random,1,0.3055555555555556,Ca,deterministic,unmeasured,0.14938068235898147,,-97.62170153112534,,2395
a25_d0.5,25.0,0.5,prova2,random,1,0.3055555555555556,Ti,ensemble,footprint,0.24407931444929795,0.346415058128976,0.4873498176687807,0.8586232342447785,3466
a25_d0.5,25.0,0.5,prova2,random,1,0.3055555555555556,Ti,ensemble,unmeasured,-0.09126020280154827,,-4.931844273979187,,2395
a25_d0.5,25.0,0.5,prova2,random,1,0.3055555555555556,Ti,deterministic,footprint,0.22567200818404853,0.10372698698494552,-100.0,4.275833328429198,3466
a25_d0.5,25.0,0.5,prova2,random,1,0.3055555555555556,Ti,deterministic,unmeasured,0.06676032063827733,,-97.68392493845705,,2395
a25_d0.5,25.0,0.5,prova2,random,1,0.3055555555555556,Fe,ensemble,footprint,0.40061754544545986,0.495284439964086,0.8918675878689442,0.7548307426121219,3466
a25_d0.5,25.0,0.5,prova2,random,1,0.3055555555555556,Fe,ensemble,unmeasured,-0.003865803236278726,,-48.11138020683022,,2395
a25_d0.5,25.0,0.5,prova2,random,1,0.3055555555555556,Fe,deterministic,footprint,0.33345112008329136,0.26396132317262183,-100.0,2.0051171678330806,3466
a25_d0.5,25.0,0.5,prova2,random,1,0.3055555555555556,Fe,deterministic,unmeasured,0.088803760808904,,-98.21513160072652,,2395
a25_d0.5,25.0,0.5,prova2,random,1,0.3055555555555556,Cu,ensemble,footprint,0.4753954600179228,0.2177072170676697,-50.18940483006467,0.883146484264313,3466
a25_d0.5,25.0,0.5,prova2,random,1,0.3055555555555556,Cu,ensemble,unmeasured,0.2609508851761612,,-54.45962271234729,,2395
a25_d0.5,25.0,0.5,prova2,random,1,0.3055555555555556,Cu,deterministic,footprint,0.3471134265685342,0.3201276349854506,-100.0,2.109311234346362,3466
a25_d0.5,25.0,0.5,prova2,random,1,0.3055555555555556,Cu,deterministic,unmeasured,0.19285658152112478,,-97.90915655907483,,2395
a25_d0.5,25.0,0.5,prova2,random,1,0.3055555555555556,PbLl,ensemble,footprint,0.660381902988533,0.4007314656102693,-15.161477623297138,0.8641646497668114,3466
a25_d0.5,25.0,0.5,prova2,random,1,0.3055555555555556,PbLl,ensemble,unmeasured,0.5027626869863696,,-21.367172677783675,,2395
a25_d0.5,25.0,0.5,prova2,random,1,0.3055555555555556,PbLl,deterministic,footprint,0.32086896874920434,0.15436455937245228,-100.0,2.888912132149829,3466
a25_d0.5,25.0,0.5,prova2,random,1,0.3055555555555556,PbLl,deterministic,unmeasured,0.20634836974479856,,-97.12652423020013,,2395
a25_d0.5,25.0,0.5,prova2,random,1,0.3055555555555556,PbLa,ensemble,footprint,0.6133608019790261,0.41394122244638093,-9.259556166785876,1.093462247852978,3466
a25_d0.5,25.0,0.5,prova2,random,1,0.3055555555555556,PbLa,ensemble,unmeasured,0.4825524253734693,,-20.124863210774663,,2395
a25_d0.5,25.0,0.5,prova2,random,1,0.3055555555555556,PbLa,deterministic,footprint,0.1574513075893393,0.05086387683903332,-100.0,4.504060332801862,3466
a25_d0.5,25.0,0.5,prova2,random,1,0.3055555555555556,PbLa,deterministic,unmeasured,0.16605516957533417,,-97.44506333809323,,2395
a25_d0.5,25.0,0.5,prova2,random,1,0.3055555555555556,PbLb,ensemble,footprint,0.5991196800783756,0.4167544071412513,-9.318227136027723,1.1125512261535337,3466
a25_d0.5,25.0,0.5,prova2,random,1,0.3055555555555556,PbLb,ensemble,unmeasured,0.4622707632652074,,-20.56173477180206,,2395
a25_d0.5,25.0,0.5,prova2,random,1,0.3055555555555556,PbLb,deterministic,footprint,0.14870186756748613,0.046090150902442534,-100.0,4.5835252478043484,3466
a25_d0.5,25.0,0.5,prova2,random,1,0.3055555555555556,PbLb,deterministic,unmeasured,0.16636425761984316,,-97.45391429042348,,2395
a25_d0.5,25.0,0.5,prova2,random,1,0.3055555555555556,PbLg,ensemble,footprint,0.5874008163901319,0.41331058724997655,-9.162496529467923,1.1087478679362894,3466
a25_d0.5,25.0,0.5,prova2,random,1,0.3055555555555556,PbLg,ensemble,unmeasured,0.4575805946230033,,-19.422726368447172,,2395
a25_d0.5,25.0,0.5,prova2,random,1,0.3055555555555556,PbLg,deterministic,footprint,0.1335718015882187,0.049174377629515174,-100.0,4.648460143688297,3466
a25_d0.5,25.0,0.5,prova2,random,1,0.3055555555555556,PbLg,deterministic,unmeasured,0.1446441257626711,,-97.46612968308018,,2395
a25_d0.5,25.0,0.5,prova2,random,2,0.3611111111111111,Ca,ensemble,footprint,0.4301862368274386,0.37162982301861563,-1.1811468850479123,0.7751451640750657,3466
a25_d0.5,25.0,0.5,prova2,random,2,0.3611111111111111,Ca,ensemble,unmeasured,-0.2007385686698697,,-7.593796252991563,,2200
a25_d0.5,25.0,0.5,prova2,random,2,0.3611111111111111,Ca,deterministic,footprint,0.4017985810427988,0.19891503002321284,-100.0,3.0867717205528376,3466
a25_d0.5,25.0,0.5,prova2,random,2,0.3611111111111111,Ca,deterministic,unmeasured,0.16093561776024856,,-96.89763243033455,,2200
a25_d0.5,25.0,0.5,prova2,random,2,0.3611111111111111,Ti,ensemble,footprint,0.3260615719674018,0.4024044459202755,0.5911116025961505,0.834725239589862,3466
a25_d0.5,25.0,0.5,prova2,random,2,0.3611111111111111,Ti,ensemble,unmeasured,-0.07390034525726732,,-2.165836358199114,,2200
a25_d0.5,25.0,0.5,prova2,random,2,0.3611111111111111,Ti,deterministic,footprint,0.26903291048930106,0.1338746764907502,-100.0,3.776752237790285,3466
a25_d0.5,25.0,0.5,prova2,random,2,0.3611111111111111,Ti,deterministic,unmeasured,0.10223663599074928,,-96.88963550276162,,2200
a25_d0.5,25.0,0.5,prova2,random,2,0.3611111111111111,Fe,ensemble,footprint,0.46128450492994233,0.5372675451354842,1.2626875969218299,0.7694154558622954,3466
a25_d0.5,25.0,0.5,prova2,random,2,0.3611111111111111,Fe,ensemble,unmeasured,0.05415057299083743,,-46.96290259123842,,2200
a25_d0.5,25.0,0.5,prova2,random,2,0.3611111111111111,Fe,deterministic,footprint,0.37641272971586087,0.32391996103268944,-100.0,1.771060679651338,3466
a25_d0.5,25.0,0.5,prova2,random,2,0.3611111111111111,Fe,deterministic,unmeasured,0.09404348004007196,,-97.67891262510764,,2200
a25_d0.5,25.0,0.5,prova2,random,2,0.3611111111111111,Cu,ensemble,footprint,0.5301303982367925,0.28794714577800706,-42.195510409768744,0.8746838875431344,3466
a25_d0.5,25.0,0.5,prova2,random,2,0.3611111111111111,Cu,ensemble,unmeasured,0.2818306068634595,,-51.8239202317795,,2200
a25_d0.5,25.0,0.5,prova2,random,2,0.3611111111111111,Cu,deterministic,footprint,0.39563338953042104,0.38180087269536306,-100.0,1.9027363711877083,3466
a25_d0.5,25.0,0.5,prova2,random,2,0.3611111111111111,Cu,deterministic,unmeasured,0.20567632862117946,,-97.21963549345759,,2200
a25_d0.5,25.0,0.5,prova2,random,2,0.3611111111111111,PbLl,ensemble,footprint,0.6835927549031454,0.43772839784263123,-12.185253578759792,0.8350047412096834,3466
a25_d0.5,25.0,0.5,prova2,random,2,0.3611111111111111,PbLl,ensemble,unmeasured,0.5059452352380358,,-17.695327614939,,2200
a25_d0.5,25.0,0.5,prova2,random,2,0.3611111111111111,PbLl,deterministic,footprint,0.33841461852181504,0.18967951860452115,-100.0,2.553367017786319,3466
a25_d0.5,25.0,0.5,prova2,random,2,0.3611111111111111,PbLl,deterministic,unmeasured,0.20345920564623257,,-96.35598440677266,,2200
a25_d0.5,25.0,0.5,prova2,random,2,0.3611111111111111,PbLa,ensemble,footprint,0.6394063649855143,0.43787387442204295,-4.445672104363663,1.0239882157756035,3466
a25_d0.5,25.0,0.5,prova2,random,2,0.3611111111111111,PbLa,ensemble,unmeasured,0.4864984495214303,,-16.9529055454877,,2200
a25_d0.5,25.0,0.5,prova2,random,2,0.3611111111111111,PbLa,deterministic,footprint,0.1722443645567277,0.0825336514517134,-100.0,3.9440045053460255,3466
a25_d0.5,25.0,0.5,prova2,random,2,0.3611111111111111,PbLa,deterministic,unmeasured,0.14935412838146397,,-96.73141763775982,,2200
a25_d0.5,25.0,0.5,prova2,random,2,0.3611111111111111,PbLb,ensemble,footprint,0.6279806043613584,0.440020341935311,-4.5988968750589105,1.0413039781737061,3466
a25_d0.5,25.0,0.5,prova2,random,2,0.3611111111111111,PbLb,ensemble,unmeasured,0.4699160990073007,,-17.504427847692366,,2200
a25_d0.5,25.0,0.5,prova2,random,2,0.3611111111111111,PbLb,deterministic,footprint,0.1636657092572596,0.0774727848652222,-100.0,4.0125525174702785,3466
a25_d0.5,25.0,0.5,prova2,random,2,0.3611111111111111,PbLb,deterministic,unmeasured,0.1486442917569616,,-96.74715418465001,,2200
a25_d0.5,25.0,0.5,prova2,random,2,0.3611111111111111,PbLg,ensemble,footprint,0.611167317869433,0.43138405780176153,-6.255855342357708,1.036655592176133,3466
a25_d0.5,25.0,0.5,prova2,random,2,0.3611111111111111,PbLg,ensemble,unmeasured,0.46073416753936525,,-16.32133364936085,,2200
a25_d0.5,25.0,0.5,prova2,random,2,0.3611111111111111,PbLg,deterministic,footprint,0.14517668776377332,0.07662145837221561,-100.0,4.073390112312339,3466
a25_d0.5,25.0,0.5,prova2,random,2,0.3611111111111111,PbLg,deterministic,unmeasured,0.12599579555047608,,-96.76292941263726,,2200
a25_d0.5,25.0,0.5,prova2,random,3,0.4166666666666667,Ca,ensemble,footprint,0.49251340356542045,0.4037921838986031,-0.7079919091353859,0.7339496824694858,3466
a25_d0.5,25.0,0.5,prova2,random,3,0.4166666666666667,Ca,ensemble,unmeasured,-0.19166405436208095,,-5.520067890331775,,2022
a25_d0.5,25.0,0.5,prova2,random,3,0.4166666666666667,Ca,deterministic,footprint,0.39656978695446643,0.2205619457538697,-97.5286967507454,2.784392271539297,3466
a25_d0.5,25.0,0.5,prova2,random,3,0.4166666666666667,Ca,deterministic,unmeasured,0.17820529390751771,,-96.41724562477735,,2022
a25_d0.5,25.0,0.5,prova2,random,3,0.4166666666666667,Ti,ensemble,footprint,0.39059736195468525,0.43680317756940923,1.2463594948632917,0.7733938345770566,3466
a25_d0.5,25.0,0.5,prova2,random,3,0.4166666666666667,Ti,ensemble,unmeasured,-0.09208128008588619,,-0.5778061638769679,,2022
a25_d0.5,25.0,0.5,prova2,random,3,0.4166666666666667,Ti,deterministic,footprint,0.24668188232221697,0.15045381339515446,-97.84447443919217,3.4103861564063744,3466
a25_d0.5,25.0,0.5,prova2,random,3,0.4166666666666667,Ti,deterministic,unmeasured,0.1043076579205251,,-96.48261121607577,,2022
a25_d0.5,25.0,0.5,prova2,random,3,0.4166666666666667,Fe,ensemble,footprint,0.4803962406746986,0.5589109490811368,0.878707484382435,0.7661675042473818,3466
a25_d0.5,25.0,0.5,prova2,random,3,0.4166666666666667,Fe,ensemble,unmeasured,0.07317943720630256,,-47.859878865141795,,2022
a25_d0.5,25.0,0.5,prova2,random,3,0.4166666666666667,Fe,deterministic,footprint,0.37075124719054026,0.35682480913123005,-97.66372814440074,1.6580180778111857,3466
a25_d0.5,25.0,0.5,prova2,random,3,0.4166666666666667,Fe,deterministic,unmeasured,0.09126456568233061,,-97.5101101380009,,2022
a25_d0.5,25.0,0.5,prova2,random,3,0.4166666666666667,Cu,ensemble,footprint,0.5869461359120277,0.33371309560073104,-29.67371497785436,0.8632001883487184,3466
a25_d0.5,25.0,0.5,prova2,random,3,0.4166666666666667,Cu,ensemble,unmeasured,0.32716556754233395,,-47.55794566856138,,2022
a25_d0.5,25.0,0.5,prova2,random,3,0.4166666666666667,Cu,deterministic,footprint,0.4606007791040143,0.43161143631851784,-86.28820235145875,1.6921732380812353,3466
a25_d0.5,25.0,0.5,prova2,random,3,0.4166666666666667,Cu,deterministic,unmeasured,0.2302733168406722,,-96.44460356730471,,2022
a25_d0.5,25.0,0.5,prova2,random,3,0.4166666666666667,PbLl,ensemble,footprint,0.7003300999433361,0.4663850593260935,-8.807533476744966,0.7855794918946489,3466
a25_d0.5,25.0,0.5,prova2,random,3,0.4166666666666667,PbLl,ensemble,unmeasured,0.5133639374636254,,-13.182246417379222,,2022
a25_d0.5,25.0,0.5,prova2,random,3,0.4166666666666667,PbLl,deterministic,footprint,0.36778888369397317,0.22687351964514935,-91.88022007850904,2.2800547894389394,3466
a25_d0.5,25.0,0.5,prova2,random,3,0.4166666666666667,PbLl,deterministic,unmeasured,0.21301619390414225,,-95.79473424525331,,2022
a25_d0.5,25.0,0.5,prova2,random,3,0.4166666666666667,PbLa,ensemble,footprint,0.6751189606754212,0.4773606822313456,-2.1870212450410875,0.9265317003540089,3466
a25_d0.5,25.0,0.5,prova2,random,3,0.4166666666666667,PbLa,ensemble,unmeasured,0.5056078284388907,,-13.704224591727797,,2022
a25_d0.5,25.0,0.5,prova2,random,3,0.4166666666666667,PbLa,deterministic,footprint,0.19632151870702236,0.11343164922277643,-97.65531787983231,3.538488973131599,3466
a25_d0.5,25.0,0.5,prova2,random,3,0.4166666666666667,PbLa,deterministic,unmeasured,0.14751406707088055,,-96.25295988641406,,2022
a25_d0.5,25.0,0.5,prova2,random,3,0.4166666666666667,PbLb,ensemble,footprint,0.6649371405227419,0.4804379158143813,-2.1749442009535658,0.9420232927589633,3466
a25_d0.5,25.0,0.5,prova2,random,3,0.4166666666666667,PbLb,ensemble,unmeasured,0.4896911826648008,,-14.424045293968339,,2022
a25_d0.5,25.0,0.5,prova2,random,3,0.4166666666666667,PbLb,deterministic,footprint,0.18474376479683388,0.10762379304721842,-97.65393017915147,3.600133744650837,3466
a25_d0.5,25.0,0.5,prova2,random,3,0.4166666666666667,PbLb,deterministic,unmeasured,0.1448599231554992,,-96.27853205835522,,2022
a25_d0.5,25.0,0.5,prova2,random,3,0.4166666666666667,PbLg,ensemble,footprint,0.6509688628639982,0.4676180155837189,-4.275060554953547,0.937532030676709,3466
a25_d0.5,25.0,0.5,prova2,random,3,0.4166666666666667,PbLg,ensemble,unmeasured,0.48391573704859125,,-12.936924870753582,,2022
a25_d0.5,25.0,0.5,prova2,random,3,0.4166666666666667,PbLg,deterministic,footprint,0.17697015201095728,0.10888565694818815,-97.68113016238736,3.660141992818428,3466
a25_d0.5,25.0,0.5,prova2,random,3,0.4166666666666667,PbLg,deterministic,unmeasured,0.12541458134817648,,-96.27124405334402,,2022
a25_d0.5,25.0,0.5,prova2,random,4,0.4722222222222222,Ca,ensemble,footprint,0.5755680013818713,0.44269386577326497,-0.4070231328417995,0.7563300467719634,3466
a25_d0.5,25.0,0.5,prova2,random,4,0.4722222222222222,Ca,ensemble,unmeasured,-0.1593074389055767,,-4.200375543844689,,1833
a25_d0.5,25.0,0.5,prova2,random,4,0.4722222222222222,Ca,deterministic,footprint,0.42793939871492986,0.24980455489434453,-68.998526526909,2.5544769709775337,3466
a25_d0.5,25.0,0.5,prova2,random,4,0.4722222222222222,Ca,deterministic,unmeasured,0.16721130767352846,,-96.34127657701137,,1833
a25_d0.5,25.0,0.5,prova2,random,4,0.4722222222222222,Ti,ensemble,footprint,0.44139158295562425,0.4621818587040653,1.1864814300956317,0.7613494468721121,3466
a25_d0.5,25.0,0.5,prova2,random,4,0.4722222222222222,Ti,ensemble,unmeasured,-0.0801003734153654,,0.03311414770784172,,1833
a25_d0.5,25.0,0.5,prova2,random,4,0.4722222222222222,Ti,deterministic,footprint,0.231762334953389,0.18202157261292978,-69.79355799837816,3.0820065733069586,3466
a25_d0.5,25.0,0.5,prova2,random,4,0.4722222222222222,Ti,deterministic,unmeasured,0.08145284991145628,,-96.35118310201416,,1833
a25_d0.5,25.0,0.5,prova2,random,4,0.4722222222222222,Fe,ensemble,footprint,0.49828252010170193,0.5799252445396226,1.1261123155354547,0.7734948109376371,3466
a25_d0.5,25.0,0.5,prova2,random,4,0.4722222222222222,Fe,ensemble,unmeasured,0.07035137955704751,,-48.59304000246602,,1833
a25_d0.5,25.0,0.5,prova2,random,4,0.4722222222222222,Fe,deterministic,footprint,0.37720837042642036,0.3904901600652063,-68.56078205212125,1.5366562129298216,3466
a25_d0.5,25.0,0.5,prova2,random,4,0.4722222222222222,Fe,deterministic,unmeasured,0.08245402617812883,,-97.31239618727568,,1833
a25_d0.5,25.0,0.5,prova2,random,4,0.4722222222222222,Cu,ensemble,footprint,0.6227115587871023,0.36491259148245564,-18.978208522955555,0.8652747944631249,3466
a25_d0.5,25.0,0.5,prova2,random,4,0.4722222222222222,Cu,ensemble,unmeasured,0.3743957028723145,,-46.84342476936109,,1833
a25_d0.5,25.0,0.5,prova2,random,4,0.4722222222222222,Cu,deterministic,footprint,0.48327760890448734,0.4575384595785489,-57.1626104065593,1.5744967585779424,3466
a25_d0.5,25.0,0.5,prova2,random,4,0.4722222222222222,Cu,deterministic,unmeasured,0.2311948162121802,,-96.52533553126564,,1833
a25_d0.5,25.0,0.5,prova2,random,4,0.4722222222222222,PbLl,ensemble,footprint,0.7143641450544312,0.48862650167373795,-7.339764929627868,0.7748781021486555,3466
a25_d0.5,25.0,0.5,prova2,random,4,0.4722222222222222,PbLl,ensemble,unmeasured,0.491307571262216,,-9.997071569689538,,1833
a25_d0.5,25.0,0.5,prova2,random,4,0.4722222222222222,PbLl,deterministic,footprint,0.41366024655874073,0.2588348792384375,-57.26846578221476,2.0698951309888662,3466
a25_d0.5,25.0,0.5,prova2,random,4,0.4722222222222222,PbLl,deterministic,unmeasured,0.23228045227823513,,-95.33800490758739,,1833
a25_d0.5,25.0,0.5,prova2,random,4,0.4722222222222222,PbLa,ensemble,footprint,0.7142784252199311,0.5181869432268461,-1.040456624535735,0.9108483578090665,3466
a25_d0.5,25.0,0.5,prova2,random,4,0.4722222222222222,PbLa,ensemble,unmeasured,0.49916621854203447,,-11.631577333882092,,1833
a25_d0.5,25.0,0.5,prova2,random,4,0.4722222222222222,PbLa,deterministic,footprint,0.25318271875588627,0.13788333441313286,-66.82396828316259,3.2170527681824943,3466
a25_d0.5,25.0,0.5,prova2,random,4,0.4722222222222222,PbLa,deterministic,unmeasured,0.17614356730771372,,-95.89754592271433,,1833
a25_d0.5,25.0,0.5,prova2,random,4,0.4722222222222222,PbLb,ensemble,footprint,0.7086386355598869,0.5216672625283674,-0.9026586310342255,0.9290671799489257,3466
a25_d0.5,25.0,0.5,prova2,random,4,0.4722222222222222,PbLb,ensemble,unmeasured,0.48417331103293,,-12.526433131730638,,1833
a25_d0.5,25.0,0.5,prova2,random,4,0.4722222222222222,PbLb,deterministic,footprint,0.2420129951506277,0.13203488200841274,-67.06739080048112,3.2751413078858094,3466
a25_d0.5,25.0,0.5,prova2,random,4,0.4722222222222222,PbLb,deterministic,unmeasured,0.17485526049566766,,-95.92184947100299,,1833
a25_d0.5,25.0,0.5,prova2,random,4,0.4722222222222222,PbLg,ensemble,footprint,0.6910001522404076,0.49730143817458594,-3.0692526396735587,0.918109583078987,3466
a25_d0.5,25.0,0.5,prova2,random,4,0.4722222222222222,PbLg,ensemble,unmeasured,0.4786146431500341,,-10.845749261368677,,1833
a25_d0.5,25.0,0.5,prova2,random,4,0.4722222222222222,PbLg,deterministic,footprint,0.23419408374060077,0.13056642951971337,-67.10659035738462,3.323615884148897,3466
a25_d0.5,25.0,0.5,prova2,random,4,0.4722222222222222,PbLg,deterministic,unmeasured,0.15798038478835336,,-95.89757018324981,,1833
a25_d0.5,25.0,0.5,prova2,random,5,0.5277777777777778,Ca,ensemble,footprint,0.6271563562798971,0.48187321967582036,-0.2114992187197462,0.7554782152149229,3466
a25_d0.5,25.0,0.5,prova2,random,5,0.5277777777777778,Ca,ensemble,unmeasured,-0.11999284452602456,,-2.740500715190973,,1638
a25_d0.5,25.0,0.5,prova2,random,5,0.5277777777777778,Ca,deterministic,footprint,0.45056455744397816,0.278945077543182,-33.91824969444331,2.2975200557938504,3466
a25_d0.5,25.0,0.5,prova2,random,5,0.5277777777777778,Ca,deterministic,unmeasured,0.1860774810772465,,-95.53539417514753,,1638
a25_d0.5,25.0,0.5,prova2,random,5,0.5277777777777778,Ti,ensemble,footprint,0.5651214211413274,0.5083665091621905,0.5219770263935164,0.7618310977656018,3466
a25_d0.5,25.0,0.5,prova2,random,5,0.5277777777777778,Ti,ensemble,unmeasured,0.08488585406191984,,1.2504384258887824,,1638
a25_d0.5,25.0,0.5,prova2,random,5,0.5277777777777778,Ti,deterministic,footprint,0.25644412768659475,0.20730886608295276,-34.44036471261853,2.7651941745629367,3466
a25_d0.5,25.0,0.5,prova2,random,5,0.5277777777777778,Ti,deterministic,unmeasured,0.13073680285482112,,-95.53801558026663,,1638
a25_d0.5,25.0,0.5,prova2,random,5,0.5277777777777778,Fe,ensemble,footprint,0.6666405626271097,0.6179437740760819,0.21656900666569,0.8289966117669451,3466
a25_d0.5,25.0,0.5,prova2,random,5,0.5277777777777778,Fe,ensemble,unmeasured,0.5017583961185037,,-45.70090672081587,,1638
a25_d0.5,25.0,0.5,prova2,random,5,0.5277777777777778,Fe,deterministic,footprint,0.48545084537232364,0.4244219348567712,-35.52927036179641,1.4809217743601333,3466
a25_d0.5,25.0,0.5,prova2,random,5,0.5277777777777778,Fe,deterministic,unmeasured,0.2378396562879854,,-96.16416046691985,,1638
a25_d0.5,25.0,0.5,prova2,random,5,0.5277777777777778,Cu,ensemble,footprint,0.65980695836015,0.4064032984334788,-14.025076403736092,0.8827066034751373,3466
a25_d0.5,25.0,0.5,prova2,random,5,0.5277777777777778,Cu,ensemble,unmeasured,0.41708021699041603,,-47.70311719333708,,1638
a25_d0.5,25.0,0.5,prova2,random,5,0.5277777777777778,Cu,deterministic,footprint,0.5208897769016719,0.4899385430550998,-26.812231877973037,1.44431886351302,3466
a25_d0.5,25.0,0.5,prova2,random,5,0.5277777777777778,Cu,deterministic,unmeasured,0.23045340275637166,,-96.01035220594727,,1638
a25_d0.5,25.0,0.5,prova2,random,5,0.5277777777777778,PbLl,ensemble,footprint,0.7512573652269963,0.5185279541066671,-7.199212607299,0.804574046498721,3466
a25_d0.5,25.0,0.5,prova2,random,5,0.5277777777777778,PbLl,ensemble,unmeasured,0.5511035049248174,,-11.91465316748416,,1638
a25_d0.5,25.0,0.5,prova2,random,5,0.5277777777777778,PbLl,deterministic,footprint,0.43490407841738327,0.2743053935018666,-32.798057919280254,1.8851342131395676,3466
a25_d0.5,25.0,0.5,prova2,random,5,0.5277777777777778,PbLl,deterministic,unmeasured,0.24689170898528295,,-94.73753500244908,,1638
a25_d0.5,25.0,0.5,prova2,random,5,0.5277777777777778,PbLa,ensemble,footprint,0.7419055963562939,0.5623724450293944,-1.1020366812722449,0.9255618233088093,3466
a25_d0.5,25.0,0.5,prova2,random,5,0.5277777777777778,PbLa,ensemble,unmeasured,0.5169043813850065,,-12.526570551467083,,1638
a25_d0.5,25.0,0.5,prova2,random,5,0.5277777777777778,PbLa,deterministic,footprint,0.2704588399588377,0.15710737982454223,-34.546670177062424,2.9001382850501383,3466
a25_d0.5,25.0,0.5,prova2,random,5,0.5277777777777778,PbLa,deterministic,unmeasured,0.1711952175754327,,-95.28565329139231,,1638
a25_d0.5,25.0,0.5,prova2,random,5,0.5277777777777778,PbLb,ensemble,footprint,0.7366057100450722,0.566338126037788,-1.1116900760234971,0.9410879899392492,3466
a25_d0.5,25.0,0.5,prova2,random,5,0.5277777777777778,PbLb,ensemble,unmeasured,0.5046835904016209,,-13.461480328373847,,1638
a25_d0.5,25.0,0.5,prova2,random,5,0.5277777777777778,PbLb,deterministic,footprint,0.2550408952230804,0.15044806271507144,-34.8672397827879,2.95009934430929,3466
a25_d0.5,25.0,0.5,prova2,random,5,0.5277777777777778,PbLb,deterministic,unmeasured,0.16698905013332613,,-95.30690203521503,,1638
a25_d0.5,25.0,0.5,prova2,random,5,0.5277777777777778,PbLg,ensemble,footprint,0.721598613169581,0.5426797749680832,-3.3181247787804846,0.9336088149789523,3466
a25_d0.5,25.0,0.5,prova2,random,5,0.5277777777777778,PbLg,ensemble,unmeasured,0.5014573647165906,,-11.800017548033104,,1638
a25_d0.5,25.0,0.5,prova2,random,5,0.5277777777777778,PbLg,deterministic,footprint,0.24894163246146905,0.14632129655141032,-35.71861956098527,2.99606726517337,3466
a25_d0.5,25.0,0.5,prova2,random,5,0.5277777777777778,PbLg,deterministic,unmeasured,0.1495493929801763,,-95.28017463677685,,1638
a25_d0.5,25.0,0.5,prova2,random,6,0.5833333333333334,Ca,ensemble,footprint,0.7024683744205471,0.5618540913407627,-0.278613603191169,0.7817065347558775,3466
a25_d0.5,25.0,0.5,prova2,random,6,0.5833333333333334,Ca,ensemble,unmeasured,-0.06491147960502894,,-3.221429329940855,,1437
a25_d0.5,25.0,0.5,prova2,random,6,0.5833333333333334,Ca,deterministic,footprint,0.48250140316230355,0.3398544680436719,-13.444440948759894,2.0965319901759183,3466
a25_d0.5,25.0,0.5,prova2,random,6,0.5833333333333334,Ca,deterministic,unmeasured,0.18013599937760838,,-95.00661239389028,,1437
a25_d0.5,25.0,0.5,prova2,random,6,0.5833333333333334,Ti,ensemble,footprint,0.642274733162388,0.5755975450604589,0.23019106558073155,0.767318589187403,3466
a25_d0.5,25.0,0.5,prova2,random,6,0.5833333333333334,Ti,ensemble,unmeasured,0.16068089742502192,,0.4343518444735269,,1437
a25_d0.5,25.0,0.5,prova2,random,6,0.5833333333333334,Ti,deterministic,footprint,0.27833933739007216,0.2525673582515595,-14.652658136425734,2.4895233787654956,3466
a25_d0.5,25.0,0.5,prova2,random,6,0.5833333333333334,Ti,deterministic,unmeasured,0.1490833980498603,,-95.00049360920079,,1437
a25_d0.5,25.0,0.5,prova2,random,6,0.5833333333333334,Fe,ensemble,footprint,0.7304377014276028,0.6706757883855269,0.5147299874460387,0.8750170725116648,3466
a25_d0.5,25.0,0.5,prova2,random,6,0.5833333333333334,Fe,ensemble,unmeasured,0.527143269273614,,-43.871183571523744,,1437
a25_d0.5,25.0,0.5,prova2,random,6,0.5833333333333334,Fe,deterministic,footprint,0.5745633140661284,0.48601107393482174,-19.306560542517026,1.396193316612677,3466
a25_d0.5,25.0,0.5,prova2,random,6,0.5833333333333334,Fe,deterministic,unmeasured,0.19859519215834706,,-95.72242144277156,,1437
a25_d0.5,25.0,0.5,prova2,random,6,0.5833333333333334,Cu,ensemble,footprint,0.7110567826865904,0.47102992324127646,-11.839647687209599,0.9173688809956111,3466
a25_d0.5,25.0,0.5,prova2,random,6,0.5833333333333334,Cu,ensemble,unmeasured,0.43286739708416405,,-47.49515580460133,,1437
a25_d0.5,25.0,0.5,prova2,random,6,0.5833333333333334,Cu,deterministic,footprint,0.5804721352451281,0.528961258138395,-17.70132805063358,1.3907814793732785,3466
a25_d0.5,25.0,0.5,prova2,random,6,0.5833333333333334,Cu,deterministic,unmeasured,0.26858336922747644,,-95.34347050623406,,1437
a25_d0.5,25.0,0.5,prova2,random,6,0.5833333333333334,PbLl,ensemble,footprint,0.7728041788520376,0.554789777953062,-6.346167034221528,0.8299723613385624,3466
a25_d0.5,25.0,0.5,prova2,random,6,0.5833333333333334,PbLl,ensemble,unmeasured,0.5254376967297533,,-11.047223173433071,,1437
a25_d0.5,25.0,0.5,prova2,random,6,0.5833333333333334,PbLl,deterministic,footprint,0.48673883330238515,0.3174934525765491,-21.246683347865414,1.743065456267667,3466
a25_d0.5,25.0,0.5,prova2,random,6,0.5833333333333334,PbLl,deterministic,unmeasured,0.2490821745485444,,-94.35321741198732,,1437
a25_d0.5,25.0,0.5,prova2,random,6,0.5833333333333334,PbLa,ensemble,footprint,0.7616570872942533,0.6004364837747913,-0.66431395535691,0.9258025084240618,3466
a25_d0.5,25.0,0.5,prova2,random,6,0.5833333333333334,PbLa,ensemble,unmeasured,0.4826061730053414,,-11.94405218869608,,1437
a25_d0.5,25.0,0.5,prova2,random,6,0.5833333333333334,PbLa,deterministic,footprint,0.31683154606426467,0.18802294373472705,-9.904656883944352,2.617185157974386,3466
a25_d0.5,25.0,0.5,prova2,random,6,0.5833333333333334,PbLa,deterministic,unmeasured,0.16416233720399323,,-94.8557127736497,,1437
a25_d0.5,25.0,0.5,prova2,random,6,0.5833333333333334,PbLb,ensemble,footprint,0.7564533185673494,0.6063165330132736,-0.5876172121202394,0.9388168242919178,3466
a25_d0.5,25.0,0.5,prova2,random,6,0.5833333333333334,PbLb,ensemble,unmeasured,0.4709138491950537,,-12.852703243487303,,1437
a25_d0.5,25.0,0.5,prova2,random,6,0.5833333333333334,PbLb,deterministic,footprint,0.3026523130382481,0.18179626411910615,-9.660296385435863,2.6595571509796287,3466
a25_d0.5,25.0,0.5,prova2,random,6,0.5833333333333334,PbLb,deterministic,unmeasured,0.15886357037109752,,-94.8820616663253,,1437
a25_d0.5,25.0,0.5,prova2,random,6,0.5833333333333334,PbLg,ensemble,footprint,0.7407466903830251,0.5804651793432904,-2.4837767267144595,0.9319594902561531,3466
a25_d0.5,25.0,0.5,prova2,random,6,0.5833333333333334,PbLg,ensemble,unmeasured,0.46758803102702834,,-11.156184150291054,,1437
a25_d0.5,25.0,0.5,prova2,random,6,0.5833333333333334,PbLg,deterministic,footprint,0.2957669412416651,0.17681541927173947,-13.907057595716255,2.70105537182033,3466
a25_d0.5,25.0,0.5,prova2,random,6,0.5833333333333334,PbLg,deterministic,unmeasured,0.14049434372454211,,-94.83567263640154,,1437
a25_d0.5,25.0,0.5,prova2,random,7,0.6388888888888888,Ca,ensemble,footprint,0.7440218389317929,0.6250145806211,-0.26062704138881676,0.7964853174031313,3466
a25_d0.5,25.0,0.5,prova2,random,7,0.6388888888888888,Ca,ensemble,unmeasured,-0.008391830956608504,,-4.914905821877004,,1240
a25_d0.5,25.0,0.5,prova2,random,7,0.6388888888888888,Ca,deterministic,footprint,0.5065265681288864,0.419131542254029,-7.565385897104826,1.8969302919878481,3466
a25_d0.5,25.0,0.5,prova2,random,7,0.6388888888888888,Ca,deterministic,unmeasured,0.16966195221738062,,-94.74683141440663,,1240
a25_d0.5,25.0,0.5,prova2,random,7,0.6388888888888888,Ti,ensemble,footprint,0.7032919538628032,0.633202248149095,-0.0764882479009854,0.7852942621331797,3466
a25_d0.5,25.0,0.5,prova2,random,7,0.6388888888888888,Ti,ensemble,unmeasured,0.1501855196149815,,0.20435905984160066,,1240
a25_d0.5,25.0,0.5,prova2,random,7,0.6388888888888888,Ti,deterministic,footprint,0.358289843120826,0.32597524253085297,-10.036755414784004,2.2520504474517966,3466
a25_d0.5,25.0,0.5,prova2,random,7,0.6388888888888888,Ti,deterministic,unmeasured,0.1461384183541024,,-94.59367495841123,,1240
a25_d0.5,25.0,0.5,prova2,random,7,0.6388888888888888,Fe,ensemble,footprint,0.7914474190402861,0.730481425374574,0.7505488200671984,0.9084144601192053,3466
a25_d0.5,25.0,0.5,prova2,random,7,0.6388888888888888,Fe,ensemble,unmeasured,0.5837224145826454,,-42.22494118601178,,1240
a25_d0.5,25.0,0.5,prova2,random,7,0.6388888888888888,Fe,deterministic,footprint,0.657464616348526,0.551337197208381,-13.028083506110633,1.3175300810375217,3466
a25_d0.5,25.0,0.5,prova2,random,7,0.6388888888888888,Fe,deterministic,unmeasured,0.15443628396055534,,-95.63148435426727,,1240
a25_d0.5,25.0,0.5,prova2,random,7,0.6388888888888888,Cu,ensemble,footprint,0.729432946966869,0.5236680088749652,-9.642511736891567,0.9333235415335789,3466
a25_d0.5,25.0,0.5,prova2,random,7,0.6388888888888888,Cu,ensemble,unmeasured,0.4833042263694061,,-51.53078050519334,,1240
a25_d0.5,25.0,0.5,prova2,random,7,0.6388888888888888,Cu,deterministic,footprint,0.5940244454880262,0.5829934978920243,-12.689304708932292,1.3069644443182893,3466
a25_d0.5,25.0,0.5,prova2,random,7,0.6388888888888888,Cu,deterministic,unmeasured,0.25772829288746674,,-95.17835111592593,,1240
a25_d0.5,25.0,0.5,prova2,random,7,0.6388888888888888,PbLl,ensemble,footprint,0.7971481639619186,0.5907060850640676,-5.871943157513826,0.8585034996713113,3466
a25_d0.5,25.0,0.5,prova2,random,7,0.6388888888888888,PbLl,ensemble,unmeasured,0.5236709703775215,,-14.213386543163471,,1240
a25_d0.5,25.0,0.5,prova2,random,7,0.6388888888888888,PbLl,deterministic,footprint,0.5285976971910052,0.36324720274852257,-16.184471833702208,1.6158963631500465,3466
a25_d0.5,25.0,0.5,prova2,random,7,0.6388888888888888,PbLl,deterministic,unmeasured,0.25832299593798674,,-93.85721652558166,,1240
a25_d0.5,25.0,0.5,prova2,random,7,0.6388888888888888,PbLa,ensemble,footprint,0.7905342345888805,0.6502562952336675,-0.7284945769095885,0.9212918071512256,3466
a25_d0.5,25.0,0.5,prova2,random,7,0.6388888888888888,PbLa,ensemble,unmeasured,0.5108374363925958,,-15.146295923803933,,1240
a25_d0.5,25.0,0.5,prova2,random,7,0.6388888888888888,PbLa,deterministic,footprint,0.33200961526936196,0.24083590240424543,-5.187505323569875,2.358458702722062,3466
a25_d0.5,25.0,0.5,prova2,random,7,0.6388888888888888,PbLa,deterministic,unmeasured,0.1853250692098757,,-94.35036639155658,,1240
a25_d0.5,25.0,0.5,prova2,random,7,0.6388888888888888,PbLb,ensemble,footprint,0.7804509725506443,0.6527093491605753,-0.6048099732635093,0.9304770638310869,3466
a25_d0.5,25.0,0.5,prova2,random,7,0.6388888888888888,PbLb,ensemble,unmeasured,0.4955313519198354,,-15.9864478083702,,1240
a25_d0.5,25.0,0.5,prova2,random,7,0.6388888888888888,PbLb,deterministic,footprint,0.31490483085679655,0.23245889239524103,-5.199063608348354,2.3923005877485015,3466
a25_d0.5,25.0,0.5,prova2,random,7,0.6388888888888888,PbLb,deterministic,unmeasured,0.18322492967180468,,-94.38469519624121,,1240
a25_d0.5,25.0,0.5,prova2,random,7,0.6388888888888888,PbLg,ensemble,footprint,0.7683116762159482,0.6239159978143322,-2.3375131770192015,0.9236140198448609,3466
a25_d0.5,25.0,0.5,prova2,random,7,0.6388888888888888,PbLg,ensemble,unmeasured,0.4885798912969056,,-14.239991644046771,,1240
a25_d0.5,25.0,0.5,prova2,random,7,0.6388888888888888,PbLg,deterministic,footprint,0.30898713934973904,0.22588692273105807,-8.542718071646938,2.4303247809193387,3466
a25_d0.5,25.0,0.5,prova2,random,7,0.6388888888888888,PbLg,deterministic,unmeasured,0.1570858815877899,,-94.32283350218566,,1240
a25_d0.5,25.0,0.5,prova2,random,8,0.6944444444444444,Ca,ensemble,footprint,0.797332550116329,0.6764060583912525,0.15725436334710352,0.8187746063724941,3466
a25_d0.5,25.0,0.5,prova2,random,8,0.6944444444444444,Ca,ensemble,unmeasured,0.015728353947118988,,-2.0163953622119126,,1049
a25_d0.5,25.0,0.5,prova2,random,8,0.6944444444444444,Ca,deterministic,footprint,0.5737742282301459,0.497054817553136,-5.151932326996278,1.7356151060026774,3466
a25_d0.5,25.0,0.5,prova2,random,8,0.6944444444444444,Ca,deterministic,unmeasured,0.13975418459432215,,-94.68963872869611,,1049
a25_d0.5,25.0,0.5,prova2,random,8,0.6944444444444444,Ti,ensemble,footprint,0.764307938593426,0.6763727919647765,0.2536446310607232,0.8213222358001254,3466
a25_d0.5,25.0,0.5,prova2,random,8,0.6944444444444444,Ti,ensemble,unmeasured,0.16611969372208016,,1.1500416812068335,,1049
a25_d0.5,25.0,0.5,prova2,random,8,0.6944444444444444,Ti,deterministic,footprint,0.42285847263624715,0.39424922056031,-6.812011081784142,2.05902481878836,3466
a25_d0.5,25.0,0.5,prova2,random,8,0.6944444444444444,Ti,deterministic,unmeasured,0.1622358171464802,,-94.48365388454954,,1049
a25_d0.5,25.0,0.5,prova2,random,8,0.6944444444444444,Fe,ensemble,footprint,0.8439361694008262,0.7659945621955514,0.9698381732492045,0.9418567642968902,3466
a25_d0.5,25.0,0.5,prova2,random,8,0.6944444444444444,Fe,ensemble,unmeasured,0.5572415441922939,,-39.756930228156456,,1049
a25_d0.5,25.0,0.5,prova2,random,8,0.6944444444444444,Fe,deterministic,footprint,0.7379270589024254,0.5983054014248524,-8.707737115738901,1.272320627444469,3466
a25_d0.5,25.0,0.5,prova2,random,8,0.6944444444444444,Fe,deterministic,unmeasured,0.12429308035307765,,-95.3736657148686,,1049
a25_d0.5,25.0,0.5,prova2,random,8,0.6944444444444444,Cu,ensemble,footprint,0.770728850133845,0.562787604028913,-6.723254522177746,0.9388904738602986,3466
a25_d0.5,25.0,0.5,prova2,random,8,0.6944444444444444,Cu,ensemble,unmeasured,0.46159444454551096,,-50.29887982798602,,1049
a25_d0.5,25.0,0.5,prova2,random,8,0.6944444444444444,Cu,deterministic,footprint,0.6619962049239441,0.6346598686157979,-8.58266954006659,1.2291454406923976,3466
a25_d0.5,25.0,0.5,prova2,random,8,0.6944444444444444,Cu,deterministic,unmeasured,0.2939836643783455,,-94.9204176620827,,1049
a25_d0.5,25.0,0.5,prova2,random,8,0.6944444444444444,PbLl,ensemble,footprint,0.812149255554061,0.6220460284727413,-5.176356850500985,0.8724229646175422,3466
a25_d0.5,25.0,0.5,prova2,random,8,0.6944444444444444,PbLl,ensemble,unmeasured,0.504766805200257,,-15.644976197548752,,1049
a25_d0.5,25.0,0.5,prova2,random,8,0.6944444444444444,PbLl,deterministic,footprint,0.5572852181666818,0.4071747418618883,-11.523357089680886,1.4962780692514246,3466
a25_d0.5,25.0,0.5,prova2,random,8,0.6944444444444444,PbLl,deterministic,unmeasured,0.2527773999817935,,-93.90543349280371,,1049
a25_d0.5,25.0,0.5,prova2,random,8,0.6944444444444444,PbLa,ensemble,footprint,0.8051526504620619,0.6781961529099781,-0.46331646706870844,0.9186534083560796,3466
a25_d0.5,25.0,0.5,prova2,random,8,0.6944444444444444,PbLa,ensemble,unmeasured,0.48675934108443475,,-16.545983025543183,,1049
a25_d0.5,25.0,0.5,prova2,random,8,0.6944444444444444,PbLa,deterministic,footprint,0.34416793238428106,0.2960026025439992,-3.4565664084129533,2.1334814942779796,3466
a25_d0.5,25.0,0.5,prova2,random,8,0.6944444444444444,PbLa,deterministic,unmeasured,0.18910218657258102,,-94.31800680584335,,1049
a25_d0.5,25.0,0.5,prova2,random,8,0.6944444444444444,PbLb,ensemble,footprint,0.7936526918747856,0.6791696439118258,-0.43046171478984263,0.9225753471066709,3466
a25_d0.5,25.0,0.5,prova2,random,8,0.6944444444444444,PbLb,ensemble,unmeasured,0.4744494596062955,,-17.43535424327665,,1049
a25_d0.5,25.0,0.5,prova2,random,8,0.6944444444444444,PbLb,deterministic,footprint,0.3224220304438034,0.2871250986765796,-3.4697528009709044,2.1588369325361,3466
a25_d0.5,25.0,0.5,prova2,random,8,0.6944444444444444,PbLb,deterministic,unmeasured,0.18823688016273224,,-94.32935987980393,,1049
a25_d0.5,25.0,0.5,prova2,random,8,0.6944444444444444,PbLg,ensemble,footprint,0.7833330067932722,0.6443055342371189,-1.980491322949507,0.9199137463286374,3466
a25_d0.5,25.0,0.5,prova2,random,8,0.6944444444444444,PbLg,ensemble,unmeasured,0.46121938884106645,,-15.563642638143914,,1049
a25_d0.5,25.0,0.5,prova2,random,8,0.6944444444444444,PbLg,deterministic,footprint,0.3207901138379856,0.2754103394865272,-5.982998976124954,2.195658922959973,3466
a25_d0.5,25.0,0.5,prova2,random,8,0.6944444444444444,PbLg,deterministic,unmeasured,0.1639574623842971,,-94.28084168131203,,1049
a25_d0.5,25.0,0.5,prova2,random,9,0.75,Ca,ensemble,footprint,0.8588216247635603,0.7357109223480117,0.23674741753316741,0.8704150765629135,3466
a25_d0.5,25.0,0.5,prova2,random,9,0.75,Ca,ensemble,unmeasured,0.16641225145750224,,-6.862458627518633,,860
a25_d0.5,25.0,0.5,prova2,random,9,0.75,Ca,deterministic,footprint,0.6026643303322586,0.530263844357163,-3.5371526932505226,1.5956810698672947,3466
a25_d0.5,25.0,0.5,prova2,random,9,0.75,Ca,deterministic,unmeasured,0.16457753961605384,,-93.54543199074645,,860
a25_d0.5,25.0,0.5,prova2,random,9,0.75,Ti,ensemble,footprint,0.8115790697187772,0.7167396544237425,0.28557124417358803,0.8425790047180518,3466
a25_d0.5,25.0,0.5,prova2,random,9,0.75,Ti,ensemble,unmeasured,0.2162735048864349,,0.793504721213759,,860
a25_d0.5,25.0,0.5,prova2,random,9,0.75,Ti,deterministic,footprint,0.4914470158665368,0.4490544207199263,-4.914144826228006,1.839271914034982,3466
a25_d0.5,25.0,0.5,prova2,random,9,0.75,Ti,deterministic,unmeasured,0.21172096788485625,,-93.09615855443809,,860
a25_d0.5,25.0,0.5,prova2,random,9,0.75,Fe,ensemble,footprint,0.9172219027199668,0.8070619484142381,1.5860332145095413,0.956260087363829,3466
a25_d0.5,25.0,0.5,prova2,random,9,0.75,Fe,ensemble,unmeasured,0.6546096878907127,,-28.889476260434062,,860
a25_d0.5,25.0,0.5,prova2,random,9,0.75,Fe,deterministic,footprint,0.8528914351364694,0.6574748796597251,-6.235067146241846,1.1911226388070892,3466
a25_d0.5,25.0,0.5,prova2,random,9,0.75,Fe,deterministic,unmeasured,0.3947788468241055,,-91.62522454015586,,860
a25_d0.5,25.0,0.5,prova2,random,9,0.75,Cu,ensemble,footprint,0.7884182638979877,0.6203816918753227,-6.701674501420629,0.9742832415563784,3466
a25_d0.5,25.0,0.5,prova2,random,9,0.75,Cu,ensemble,unmeasured,0.4564217892608984,,-56.00596961445007,,860
a25_d0.5,25.0,0.5,prova2,random,9,0.75,Cu,deterministic,footprint,0.6726190655737604,0.6610245191766192,-7.882204569406337,1.2081513100312955,3466
a25_d0.5,25.0,0.5,prova2,random,9,0.75,Cu,deterministic,unmeasured,0.27109015078509974,,-94.75277816962385,,860
a25_d0.5,25.0,0.5,prova2,random,9,0.75,PbLl,ensemble,footprint,0.854615811718226,0.6638090285196241,-4.918404713721891,0.9215051365221398,3466
a25_d0.5,25.0,0.5,prova2,random,9,0.75,PbLl,ensemble,unmeasured,0.47665504469377595,,-16.433204968581798,,860
a25_d0.5,25.0,0.5,prova2,random,9,0.75,PbLl,deterministic,footprint,0.6475701222948547,0.4587081257062014,-9.368317974785768,1.4102967471032875,3466
a25_d0.5,25.0,0.5,prova2,random,9,0.75,PbLl,deterministic,unmeasured,0.2737411284787578,,-93.1065202234892,,860
a25_d0.5,25.0,0.5,prova2,random,9,0.75,PbLa,ensemble,footprint,0.8657860167602576,0.7267781050047518,-0.5687953289328807,0.9591275404602321,3466
a25_d0.5,25.0,0.5,prova2,random,9,0.75,PbLa,ensemble,unmeasured,0.47820435444081405,,-16.582096298998596,,860
a25_d0.5,25.0,0.5,prova2,random,9,0.75,PbLa,deterministic,footprint,0.468000431537933,0.35842624402263307,-2.4552931441054637,1.9337407855726683,3466
a25_d0.5,25.0,0.5,prova2,random,9,0.75,PbLa,deterministic,unmeasured,0.19254754020865358,,-93.23399689188503,,860
a25_d0.5,25.0,0.5,prova2,random,9,0.75,PbLb,ensemble,footprint,0.8586922262841498,0.7263821085349385,-0.4680292812863307,0.9621290014308588,3466
a25_d0.5,25.0,0.5,prova2,random,9,0.75,PbLb,ensemble,unmeasured,0.4660822119623205,,-17.000897962574257,,860
a25_d0.5,25.0,0.5,prova2,random,9,0.75,PbLb,deterministic,footprint,0.45766643367551657,0.3507072789624706,-2.6480926570225938,1.9536304562751705,3466
a25_d0.5,25.0,0.5,prova2,random,9,0.75,PbLb,deterministic,unmeasured,0.19735362029563433,,-93.1708193642757,,860
a25_d0.5,25.0,0.5,prova2,random,9,0.75,PbLg,ensemble,footprint,0.8444933084678011,0.6884766080596768,-1.9257458604909239,0.9575683393224137,3466
a25_d0.5,25.0,0.5,prova2,random,9,0.75,PbLg,ensemble,unmeasured,0.4520932185603354,,-15.68521969167378,,860
a25_d0.5,25.0,0.5,prova2,random,9,0.75,PbLg,deterministic,footprint,0.44216095546453854,0.33212613032047067,-4.6202576119858785,1.984924332188405,3466
a25_d0.5,25.0,0.5,prova2,random,9,0.75,PbLg,deterministic,unmeasured,0.17064986264002138,,-93.21618882386696,,860
a25_d0.5,25.0,0.5,prova2,random,10,0.8055555555555556,Ca,ensemble,footprint,0.8969085883963311,0.8055805671084948,0.4740355918851247,0.8871640237068825,3466
a25_d0.5,25.0,0.5,prova2,random,10,0.8055555555555556,Ca,ensemble,unmeasured,0.2581539498579963,,-4.713767437541843,,660
a25_d0.5,25.0,0.5,prova2,random,10,0.8055555555555556,Ca,deterministic,footprint,0.6757292069643841,0.61884518869853,-2.36560925389806,1.4357080327203724,3466
a25_d0.5,25.0,0.5,prova2,random,10,0.8055555555555556,Ca,deterministic,unmeasured,0.1734795954900584,,-92.99815007830486,,660
a25_d0.5,25.0,0.5,prova2,random,10,0.8055555555555556,Ti,ensemble,footprint,0.8528627924211166,0.7758046208657136,0.5300393452210894,0.8593255958755538,3466
a25_d0.5,25.0,0.5,prova2,random,10,0.8055555555555556,Ti,ensemble,unmeasured,0.2825441475940636,,0.8898683399225022,,660
a25_d0.5,25.0,0.5,prova2,random,10,0.8055555555555556,Ti,deterministic,footprint,0.5393865257112126,0.5314141180262297,-3.2586621864068688,1.628668797335684,3466
a25_d0.5,25.0,0.5,prova2,random,10,0.8055555555555556,Ti,deterministic,unmeasured,0.1794667271733344,,-92.5289334903796,,660
a25_d0.5,25.0,0.5,prova2,random,10,0.8055555555555556,Fe,ensemble,footprint,0.9200047970173847,0.8264335010376969,1.2318472580201245,0.9624757954284093,3466
a25_d0.5,25.0,0.5,prova2,random,10,0.8055555555555556,Fe,ensemble,unmeasured,0.6529724376589015,,-34.41262256295463,,660
a25_d0.5,25.0,0.5,prova2,random,10,0.8055555555555556,Fe,deterministic,footprint,0.8549049079274929,0.708565780547794,-4.195692257334005,1.1418305338802668,3466
a25_d0.5,25.0,0.5,prova2,random,10,0.8055555555555556,Fe,deterministic,unmeasured,0.37429102481602133,,-91.20811674837952,,660
a25_d0.5,25.0,0.5,prova2,random,10,0.8055555555555556,Cu,ensemble,footprint,0.826498527605664,0.6715759744713583,-4.600453024671802,0.9630448975012121,3466
a25_d0.5,25.0,0.5,prova2,random,10,0.8055555555555556,Cu,ensemble,unmeasured,0.45954950677159806,,-56.0388953893759,,660
a25_d0.5,25.0,0.5,prova2,random,10,0.8055555555555556,Cu,deterministic,footprint,0.7397152413558283,0.7299752175990971,-4.605095532343473,1.1177837695575197,3466
a25_d0.5,25.0,0.5,prova2,random,10,0.8055555555555556,Cu,deterministic,unmeasured,0.2857755875309824,,-94.65856604188413,,660
a25_d0.5,25.0,0.5,prova2,random,10,0.8055555555555556,PbLl,ensemble,footprint,0.8722610701345258,0.7041820156606653,-4.028203955100162,0.9181340921831314,3466
a25_d0.5,25.0,0.5,prova2,random,10,0.8055555555555556,PbLl,ensemble,unmeasured,0.495279877156946,,-14.7154936587372,,660
a25_d0.5,25.0,0.5,prova2,random,10,0.8055555555555556,PbLl,deterministic,footprint,0.7034874328547487,0.5374005263073042,-6.683578898680742,1.2708734347514863,3466
a25_d0.5,25.0,0.5,prova2,random,10,0.8055555555555556,PbLl,deterministic,unmeasured,0.3262740132741791,,-91.96620288631996,,660
a25_d0.5,25.0,0.5,prova2,random,10,0.8055555555555556,PbLa,ensemble,footprint,0.8902160444651533,0.7944068618800536,-0.40670963088234036,0.9535779811466782,3466
a25_d0.5,25.0,0.5,prova2,random,10,0.8055555555555556,PbLa,ensemble,unmeasured,0.4974296111081171,,-16.578043377370072,,660
a25_d0.5,25.0,0.5,prova2,random,10,0.8055555555555556,PbLa,deterministic,footprint,0.5276342009228645,0.4735349483157914,-1.5628764169412168,1.6988605094388256,3466
a25_d0.5,25.0,0.5,prova2,random,10,0.8055555555555556,PbLa,deterministic,unmeasured,0.24675230830943953,,-92.33756325302096,,660
a25_d0.5,25.0,0.5,prova2,random,10,0.8055555555555556,PbLb,ensemble,footprint,0.8851591018627861,0.7926511656327173,-0.3990747338826872,0.956985481962136,3466
a25_d0.5,25.0,0.5,prova2,random,10,0.8055555555555556,PbLb,ensemble,unmeasured,0.494516902335024,,-17.268584343010012,,660
a25_d0.5,25.0,0.5,prova2,random,10,0.8055555555555556,PbLb,deterministic,footprint,0.5138562628819122,0.46597094244593584,-1.837627113095186,1.7150679539493974,3466
a25_d0.5,25.0,0.5,prova2,random,10,0.8055555555555556,PbLb,deterministic,unmeasured,0.25244282343237434,,-92.26592638203937,,660
a25_d0.5,25.0,0.5,prova2,random,10,0.8055555555555556,PbLg,ensemble,footprint,0.8701448721276954,0.7421046207880844,-1.432138763221713,0.9511546747590652,3466
a25_d0.5,25.0,0.5,prova2,random,10,0.8055555555555556,PbLg,ensemble,unmeasured,0.4805720570777336,,-15.589377173551007,,660
a25_d0.5,25.0,0.5,prova2,random,10,0.8055555555555556,PbLg,deterministic,footprint,0.5010224215357523,0.43100687114600295,-3.075165795110868,1.7393764405114116,3466
a25_d0.5,25.0,0.5,prova2,random,10,0.8055555555555556,PbLg,deterministic,unmeasured,0.22119625396333564,,-92.3265398182118,,660
a25_d0.5,25.0,0.5,prova2,random,11,0.8611111111111112,Ca,ensemble,footprint,0.9248994683740053,0.8483981132173732,0.5720925488065243,0.9115012989940788,3466
a25_d0.5,25.0,0.5,prova2,random,11,0.8611111111111112,Ca,ensemble,unmeasured,0.3134421885776234,,-8.774905964313538,,467
a25_d0.5,25.0,0.5,prova2,random,11,0.8611111111111112,Ca,deterministic,footprint,0.7093069419742625,0.6969573435129351,-1.4916336532668883,1.2975308247455029,3466
a25_d0.5,25.0,0.5,prova2,random,11,0.8611111111111112,Ca,deterministic,unmeasured,0.19374632289650767,,-93.89760117379741,,467
a25_d0.5,25.0,0.5,prova2,random,11,0.8611111111111112,Ti,ensemble,footprint,0.8840219826099983,0.8185613543471744,0.8921412615325197,0.8708302285208881,3466
a25_d0.5,25.0,0.5,prova2,random,11,0.8611111111111112,Ti,ensemble,unmeasured,0.32478297292240654,,0.5063022462674168,,467
a25_d0.5,25.0,0.5,prova2,random,11,0.8611111111111112,Ti,deterministic,footprint,0.5990418706457973,0.6401226152415704,-1.87644117483321,1.429275835214637,3466
a25_d0.5,25.0,0.5,prova2,random,11,0.8611111111111112,Ti,deterministic,unmeasured,0.23565998931371093,,-93.41416100948256,,467
a25_d0.5,25.0,0.5,prova2,random,11,0.8611111111111112,Fe,ensemble,footprint,0.9337619501138696,0.8684480719420768,1.6510734634874513,0.9485822496858328,3466
a25_d0.5,25.0,0.5,prova2,random,11,0.8611111111111112,Fe,ensemble,unmeasured,0.6631237141216776,,-33.09525838855149,,467
a25_d0.5,25.0,0.5,prova2,random,11,0.8611111111111112,Fe,deterministic,footprint,0.8791500918192471,0.7875515695852174,-1.9610096124841325,1.0664926427727124,3466
a25_d0.5,25.0,0.5,prova2,random,11,0.8611111111111112,Fe,deterministic,unmeasured,0.34610915543973153,,-92.121919908899,,467
a25_d0.5,25.0,0.5,prova2,random,11,0.8611111111111112,Cu,ensemble,footprint,0.8800322925627965,0.7480805603365643,-3.6874196265474835,0.988506987286499,3466
a25_d0.5,25.0,0.5,prova2,random,11,0.8611111111111112,Cu,ensemble,unmeasured,0.49968984838167807,,-58.20748550466069,,467
a25_d0.5,25.0,0.5,prova2,random,11,0.8611111111111112,Cu,deterministic,footprint,0.8072838475500448,0.7816246912851311,-3.625049261841906,1.0881880434965152,3466
a25_d0.5,25.0,0.5,prova2,random,11,0.8611111111111112,Cu,deterministic,unmeasured,0.2959020297724952,,-95.07968086732177,,467
a25_d0.5,25.0,0.5,prova2,random,11,0.8611111111111112,PbLl,ensemble,footprint,0.8957838936333623,0.7427863777828291,-3.422517448108331,0.9327477650241974,3466
a25_d0.5,25.0,0.5,prova2,random,11,0.8611111111111112,PbLl,ensemble,unmeasured,0.467810892418814,,-12.689064547226467,,467
a25_d0.5,25.0,0.5,prova2,random,11,0.8611111111111112,PbLl,deterministic,footprint,0.768693532315886,0.6154171450468714,-4.49665666899246,1.1692125591077382,3466
a25_d0.5,25.0,0.5,prova2,random,11,0.8611111111111112,PbLl,deterministic,unmeasured,0.32601777066432747,,-93.0241702781697,,467
a25_d0.5,25.0,0.5,prova2,random,11,0.8611111111111112,PbLa,ensemble,footprint,0.9259275681491863,0.8472048149361581,-0.2736789737057488,0.9636084709364119,3466
a25_d0.5,25.0,0.5,prova2,random,11,0.8611111111111112,PbLa,ensemble,unmeasured,0.48586713882945737,,-14.62498887202538,,467
a25_d0.5,25.0,0.5,prova2,random,11,0.8611111111111112,PbLa,deterministic,footprint,0.636716250836587,0.5980915907503241,-0.9503972274164885,1.501796934380709,3466
a25_d0.5,25.0,0.5,prova2,random,11,0.8611111111111112,PbLa,deterministic,unmeasured,0.24679053331693357,,-93.42477001294846,,467
a25_d0.5,25.0,0.5,prova2,random,11,0.8611111111111112,PbLb,ensemble,footprint,0.9241258921321182,0.845178573409738,-0.2545006163064967,0.9670661029780654,3466
a25_d0.5,25.0,0.5,prova2,random,11,0.8611111111111112,PbLb,ensemble,unmeasured,0.48638847396723756,,-15.136096280179286,,467
a25_d0.5,25.0,0.5,prova2,random,11,0.8611111111111112,PbLb,deterministic,footprint,0.6291816515324593,0.5920289661503221,-1.110129740098742,1.5147739266900389,3466
a25_d0.5,25.0,0.5,prova2,random,11,0.8611111111111112,PbLb,deterministic,unmeasured,0.2572943223694854,,-93.36844297503511,,467
a25_d0.5,25.0,0.5,prova2,random,11,0.8611111111111112,PbLg,ensemble,footprint,0.9058836280033471,0.7907946914482534,-0.9033457643171872,0.9612595761784073,3466
a25_d0.5,25.0,0.5,prova2,random,11,0.8611111111111112,PbLg,ensemble,unmeasured,0.4707814126635924,,-13.416494131159677,,467
a25_d0.5,25.0,0.5,prova2,random,11,0.8611111111111112,PbLg,deterministic,footprint,0.6120952916323347,0.5536640939508461,-1.8868016638388663,1.5319572730815951,3466
a25_d0.5,25.0,0.5,prova2,random,11,0.8611111111111112,PbLg,deterministic,unmeasured,0.22161438638955616,,-93.31564598849447,,467
a25_d0.5,25.0,0.5,prova2,random,12,0.9166666666666666,Ca,ensemble,footprint,0.9542666513810601,0.9008095998368957,0.9229679961596071,0.9300032970215825,3466
a25_d0.5,25.0,0.5,prova2,random,12,0.9166666666666666,Ca,ensemble,unmeasured,0.23448756753476893,,-4.998404468939926,,278
a25_d0.5,25.0,0.5,prova2,random,12,0.9166666666666666,Ca,deterministic,footprint,0.8172985960931066,0.7980181577603214,-0.7551640096288503,1.150703860065789,3466
a25_d0.5,25.0,0.5,prova2,random,12,0.9166666666666666,Ca,deterministic,unmeasured,0.33704059541901477,,-93.85187515813682,,278
a25_d0.5,25.0,0.5,prova2,random,12,0.9166666666666666,Ti,ensemble,footprint,0.9048371433495408,0.8535298547961544,1.1701401771220254,0.8911559121859527,3466
a25_d0.5,25.0,0.5,prova2,random,12,0.9166666666666666,Ti,ensemble,unmeasured,0.07615736670205128,,6.179600238659376,,278
a25_d0.5,25.0,0.5,prova2,random,12,0.9166666666666666,Ti,deterministic,footprint,0.7377909764681682,0.7519796219842595,-0.9131288252231529,1.2258655592859036,3466
a25_d0.5,25.0,0.5,prova2,random,12,0.9166666666666666,Ti,deterministic,unmeasured,0.29627589228708634,,-93.32788919414794,,278
a25_d0.5,25.0,0.5,prova2,random,12,0.9166666666666666,Fe,ensemble,footprint,0.9866900514377579,0.9189115448598247,1.883040941110048,0.9673624044682355,3466
a25_d0.5,25.0,0.5,prova2,random,12,0.9166666666666666,Fe,ensemble,unmeasured,0.49195783707833735,,1.3203042770504072,,278
a25_d0.5,25.0,0.5,prova2,random,12,0.9166666666666666,Fe,deterministic,footprint,0.9759628215056038,0.8733128893092182,-0.3338440523864117,1.0252660627596923,3466
a25_d0.5,25.0,0.5,prova2,random,12,0.9166666666666666,Fe,deterministic,unmeasured,0.3877059817576014,,-92.35749316106588,,278
a25_d0.5,25.0,0.5,prova2,random,12,0.9166666666666666,Cu,ensemble,footprint,0.9106593234632093,0.8128203034215568,-2.292440005771934,0.9788383601152258,3466
a25_d0.5,25.0,0.5,prova2,random,12,0.9166666666666666,Cu,ensemble,unmeasured,0.4594533131138996,,-59.89896084986575,,278
a25_d0.5,25.0,0.5,prova2,random,12,0.9166666666666666,Cu,deterministic,footprint,0.8509337738838331,0.8250883421530141,-2.3179870312102224,1.0342465877731006,3466
a25_d0.5,25.0,0.5,prova2,random,12,0.9166666666666666,Cu,deterministic,unmeasured,0.2563641532160009,,-95.73919950737195,,278
a25_d0.5,25.0,0.5,prova2,random,12,0.9166666666666666,PbLl,ensemble,footprint,0.9178900555023739,0.7842485679122161,-3.1927811171683085,0.951003430608386,3466
a25_d0.5,25.0,0.5,prova2,random,12,0.9166666666666666,PbLl,ensemble,unmeasured,0.25479583948616685,,-15.646705578904339,,278
a25_d0.5,25.0,0.5,prova2,random,12,0.9166666666666666,PbLl,deterministic,footprint,0.8204394662679735,0.6921578424304138,-2.669765884817399,1.0833165705214791,3466
a25_d0.5,25.0,0.5,prova2,random,12,0.9166666666666666,PbLl,deterministic,unmeasured,0.27679812533085923,,-93.84224505154201,,278
a25_d0.5,25.0,0.5,prova2,random,12,0.9166666666666666,PbLa,ensemble,footprint,0.9548681753997171,0.9014605784578341,-0.17799102914126674,0.9695812707214678,3466
a25_d0.5,25.0,0.5,prova2,random,12,0.9166666666666666,PbLa,ensemble,unmeasured,0.4568685591485246,,-16.75646254616154,,278
a25_d0.5,25.0,0.5,prova2,random,12,0.9166666666666666,PbLa,deterministic,footprint,0.7135926311668659,0.7348978839897865,-0.4665156134738835,1.295190552278805,3466
a25_d0.5,25.0,0.5,prova2,random,12,0.9166666666666666,PbLa,deterministic,unmeasured,0.24142095191437346,,-94.14001015491763,,278
a25_d0.5,25.0,0.5,prova2,random,12,0.9166666666666666,PbLb,ensemble,footprint,0.9530628406699371,0.898400106978046,-0.21230112040504512,0.9689372502146659,3466
a25_d0.5,25.0,0.5,prova2,random,12,0.9166666666666666,PbLb,ensemble,unmeasured,0.490028039830761,,-16.76441651558012,,278
a25_d0.5,25.0,0.5,prova2,random,12,0.9166666666666666,PbLb,deterministic,footprint,0.7080897838405797,0.7295186962210656,-0.6067740940676636,1.3004960684267244,3466
a25_d0.5,25.0,0.5,prova2,random,12,0.9166666666666666,PbLb,deterministic,unmeasured,0.26347311098388077,,-94.06333288406496,,278
a25_d0.5,25.0,0.5,prova2,random,12,0.9166666666666666,PbLg,ensemble,footprint,0.9332580925111785,0.8392617141311591,-0.466823359651114,0.9636525038377483,3466
a25_d0.5,25.0,0.5,prova2,random,12,0.9166666666666666,PbLg,ensemble,unmeasured,0.4401293009032251,,-15.404835429620855,,278
a25_d0.5,25.0,0.5,prova2,random,12,0.9166666666666666,PbLg,deterministic,footprint,0.6854241320744189,0.6821232503210203,-0.8242182956478716,1.3118514929863796,3466
a25_d0.5,25.0,0.5,prova2,random,12,0.9166666666666666,PbLg,deterministic,unmeasured,0.2052756338575117,,-94.10996854663449,,278
a25_d0.5,25.0,0.5,prova2,random,13,0.9722222222222222,Ca,ensemble,footprint,0.9721909620703685,0.9355116118754081,1.0916984104087035,0.9441992177157464,3466
a25_d0.5,25.0,0.5,prova2,random,13,0.9722222222222222,Ca,ensemble,unmeasured,0.3774181395294491,,-18.8359389837843,,99
a25_d0.5,25.0,0.5,prova2,random,13,0.9722222222222222,Ca,deterministic,footprint,0.8946712963376123,0.8655402614441257,0.008002518719218976,1.0014997019665246,3466
a25_d0.5,25.0,0.5,prova2,random,13,0.9722222222222222,Ca,deterministic,unmeasured,0.44828132748825855,,-90.27437656863896,,99
a25_d0.5,25.0,0.5,prova2,random,13,0.9722222222222222,Ti,ensemble,footprint,0.9524858105244357,0.8929751751858077,1.0929376015321512,0.9267590768714536,3466
a25_d0.5,25.0,0.5,prova2,random,13,0.9722222222222222,Ti,ensemble,unmeasured,0.3007428983854397,,-4.2588292236976395,,99
a25_d0.5,25.0,0.5,prova2,random,13,0.9722222222222222,Ti,deterministic,footprint,0.8578383189203431,0.8264290443809369,0.07566338053428545,1.0263016153451936,3466
a25_d0.5,25.0,0.5,prova2,random,13,0.9722222222222222,Ti,deterministic,unmeasured,0.5695406326314796,,-90.0353302884231,,99
a25_d0.5,25.0,0.5,prova2,random,13,0.9722222222222222,Fe,ensemble,footprint,0.9917954992198252,0.9460658764205626,1.8707522292845447,0.9703103625927547,3466
a25_d0.5,25.0,0.5,prova2,random,13,0.9722222222222222,Fe,ensemble,unmeasured,0.6533531362527277,,7.052867786634169,,99
a25_d0.5,25.0,0.5,prova2,random,13,0.9722222222222222,Fe,deterministic,footprint,0.9872631646173918,0.9227880567548556,0.9005629428059603,0.9832322779391618,3466
a25_d0.5,25.0,0.5,prova2,random,13,0.9722222222222222,Fe,deterministic,unmeasured,0.736177959608791,,-87.54738451529232,,99
a25_d0.5,25.0,0.5,prova2,random,13,0.9722222222222222,Cu,ensemble,footprint,0.9497831124296613,0.8997565389092804,-1.2178931411678695,0.9687807415804819,3466
a25_d0.5,25.0,0.5,prova2,random,13,0.9722222222222222,Cu,ensemble,unmeasured,0.6920902568236365,,-66.05534740796793,,99
a25_d0.5,25.0,0.5,prova2,random,13,0.9722222222222222,Cu,deterministic,footprint,0.915593967980015,0.8687822710434283,-0.5733486388565856,0.972053174771339,3466
a25_d0.5,25.0,0.5,prova2,random,13,0.9722222222222222,Cu,deterministic,unmeasured,0.128877804526536,,-94.19578726204016,,99
a25_d0.5,25.0,0.5,prova2,random,13,0.9722222222222222,PbLl,ensemble,footprint,0.9423105200699295,0.8208322647902111,-2.8728977901956387,0.9604226993799727,3466
a25_d0.5,25.0,0.5,prova2,random,13,0.9722222222222222,PbLl,ensemble,unmeasured,0.32051966815105326,,-23.611121481739104,,99
a25_d0.5,25.0,0.5,prova2,random,13,0.9722222222222222,PbLl,deterministic,footprint,0.8983420701786327,0.7606547874250702,-0.6791040926170888,0.980215184792114,3466
a25_d0.5,25.0,0.5,prova2,random,13,0.9722222222222222,PbLl,deterministic,unmeasured,-0.1783766885872606,,-93.11119560487788,,99
a25_d0.5,25.0,0.5,prova2,random,13,0.9722222222222222,PbLa,ensemble,footprint,0.9791299780248272,0.9445250854105229,-0.09026828819006516,0.9682994521906916,3466
a25_d0.5,25.0,0.5,prova2,random,13,0.9722222222222222,PbLa,ensemble,unmeasured,0.34474986827054976,,-21.400678702858414,,99
a25_d0.5,25.0,0.5,prova2,random,13,0.9722222222222222,PbLa,deterministic,footprint,0.8717041844918308,0.8478336559310805,-0.0012420485614894616,1.069066158332651,3466
a25_d0.5,25.0,0.5,prova2,random,13,0.9722222222222222,PbLa,deterministic,unmeasured,-0.2327642687822716,,-93.13854321746722,,99
a25_d0.5,25.0,0.5,prova2,random,13,0.9722222222222222,PbLb,ensemble,footprint,0.9772678243640317,0.9409162633427266,-0.11461666032323015,0.9679563599318485,3466
a25_d0.5,25.0,0.5,prova2,random,13,0.9722222222222222,PbLb,ensemble,unmeasured,0.3045691009265549,,-21.34492057858762,,99
a25_d0.5,25.0,0.5,prova2,random,13,0.9722222222222222,PbLb,deterministic,footprint,0.8689243422893158,0.8432692801679339,-0.1814188265396144,1.0696660154682567,3466
a25_d0.5,25.0,0.5,prova2,random,13,0.9722222222222222,PbLb,deterministic,unmeasured,-0.20278699857779534,,-93.10286164738288,,99
a25_d0.5,25.0,0.5,prova2,random,13,0.9722222222222222,PbLg,ensemble,footprint,0.9566628534439892,0.8778470376249997,-0.3537948245549094,0.9618779534451336,3466
a25_d0.5,25.0,0.5,prova2,random,13,0.9722222222222222,PbLg,ensemble,unmeasured,0.27901494422596573,,-19.40029193564029,,99
a25_d0.5,25.0,0.5,prova2,random,13,0.9722222222222222,PbLg,deterministic,footprint,0.8469691601630872,0.7888958020512673,-0.22130956642145705,1.0717615468590538,3466
a25_d0.5,25.0,0.5,prova2,random,13,0.9722222222222222,PbLg,deterministic,unmeasured,-0.20881082910635324,,-92.9270212009293,,99
a25_d0.5,25.0,0.5,prova2,random,14,1.0,Ca,ensemble,footprint,0.986994399053154,0.9669192402508501,1.273555091607692,0.9480590579897618,3466
a25_d0.5,25.0,0.5,prova2,random,14,1.0,Ca,deterministic,footprint,0.980206035683238,0.9501931902116473,0.32370896482767364,0.9224788084722235,3466
a25_d0.5,25.0,0.5,prova2,random,14,1.0,Ti,ensemble,footprint,0.9624545784060747,0.9104412660924375,1.309510111221246,0.9303964505950837,3466
a25_d0.5,25.0,0.5,prova2,random,14,1.0,Ti,deterministic,footprint,0.9552591250192519,0.8964469711885972,0.5904760505723194,0.9041772752708972,3466
a25_d0.5,25.0,0.5,prova2,random,14,1.0,Fe,ensemble,footprint,0.9928022854635402,0.9547095178929589,1.934929720847367,0.9721835154795427,3466
a25_d0.5,25.0,0.5,prova2,random,14,1.0,Fe,deterministic,footprint,0.990503369461687,0.9493385759524153,1.6112721087446769,0.963034606799225,3466
a25_d0.5,25.0,0.5,prova2,random,14,1.0,Cu,ensemble,footprint,0.9861150903528646,0.9529119105367921,-0.474460407839028,0.9623448832989235,3466
a25_d0.5,25.0,0.5,prova2,random,14,1.0,Cu,deterministic,footprint,0.9808535575398776,0.9402700223560552,0.1692954269976621,0.9415924817234497,3466
a25_d0.5,25.0,0.5,prova2,random,14,1.0,PbLl,ensemble,footprint,0.9499181909022533,0.8434325133058377,-2.4550137872176303,0.954208842623515,3466
a25_d0.5,25.0,0.5,prova2,random,14,1.0,PbLl,deterministic,footprint,0.9436299750697679,0.8280379474015123,0.2795671414671741,0.9176204265957751,3466
a25_d0.5,25.0,0.5,prova2,random,14,1.0,PbLa,ensemble,footprint,0.9921747454200518,0.9753037121825591,0.009085860269797408,0.9594563237116429,3466
a25_d0.5,25.0,0.5,prova2,random,14,1.0,PbLa,deterministic,footprint,0.9857144860637074,0.9586154811877502,0.19151599478481884,0.9323113826386912,3466
a25_d0.5,25.0,0.5,prova2,random,14,1.0,PbLb,ensemble,footprint,0.9911668833046771,0.971317651876316,0.034943566864042985,0.9593165367362851,3466
a25_d0.5,25.0,0.5,prova2,random,14,1.0,PbLb,deterministic,footprint,0.9849114213176229,0.9547292264271546,0.06005809473648149,0.9295458863689983,3466
a25_d0.5,25.0,0.5,prova2,random,14,1.0,PbLg,ensemble,footprint,0.9691819729092761,0.9037892515075435,-0.09218910272814629,0.9530372545674712,3466
a25_d0.5,25.0,0.5,prova2,random,14,1.0,PbLg,deterministic,footprint,0.9632785953083088,0.8886673655211199,0.20799891564315942,0.9251717004158114,3466
a25_d0.5,25.0,0.5,prova2,raster,0,0.25,Ca,ensemble,footprint,0.2957811539841705,0.2679940714504929,-2.801786708411913,0.7794260610250096,3466
a25_d0.5,25.0,0.5,prova2,raster,0,0.25,Ca,ensemble,unmeasured,-0.2283153531242775,,-11.408188618500905,,2591
a25_d0.5,25.0,0.5,prova2,raster,0,0.25,Ca,deterministic,footprint,0.38811833621813474,0.14337942715286278,-100.0,3.9282359085484924,3466
a25_d0.5,25.0,0.5,prova2,raster,0,0.25,Ca,deterministic,unmeasured,0.13151333726978123,,-97.93524969264186,,2591
a25_d0.5,25.0,0.5,prova2,raster,0,0.25,Ti,ensemble,footprint,0.19329267777190848,0.29838078916361116,-0.87414609713381,0.8575254286357548,3466
a25_d0.5,25.0,0.5,prova2,raster,0,0.25,Ti,ensemble,unmeasured,-0.0943396642662746,,-7.855214090431529,,2591
a25_d0.5,25.0,0.5,prova2,raster,0,0.25,Ti,deterministic,footprint,0.20974018363102587,0.08040996660781843,-100.0,4.88409628826331,3466
a25_d0.5,25.0,0.5,prova2,raster,0,0.25,Ti,deterministic,unmeasured,0.05178643985581491,,-98.05892329624602,,2591
a25_d0.5,25.0,0.5,prova2,raster,0,0.25,Fe,ensemble,footprint,0.3772080337231304,0.4649584144482957,1.0255811131024917,0.7479237503265692,3466
a25_d0.5,25.0,0.5,prova2,raster,0,0.25,Fe,ensemble,unmeasured,-0.01493803043790768,,-47.85442286477179,,2591
a25_d0.5,25.0,0.5,prova2,raster,0,0.25,Fe,deterministic,footprint,0.3309483517715509,0.21607577575393302,-100.0,2.262556171840963,3466
a25_d0.5,25.0,0.5,prova2,raster,0,0.25,Fe,deterministic,unmeasured,0.09702075574386333,,-98.36657843044314,,2591
a25_d0.5,25.0,0.5,prova2,raster,0,0.25,Cu,ensemble,footprint,0.43264298361189785,0.18072255799693399,-55.63208647393485,0.8842209826572335,3466
a25_d0.5,25.0,0.5,prova2,raster,0,0.25,Cu,ensemble,unmeasured,0.25291299757009705,,-56.69403679387725,,2591
a25_d0.5,25.0,0.5,prova2,raster,0,0.25,Cu,deterministic,footprint,0.31790906982594863,0.2878604880372165,-100.0,2.3092094770680385,3466
a25_d0.5,25.0,0.5,prova2,raster,0,0.25,Cu,deterministic,unmeasured,0.17436409410426457,,-98.12341854416694,,2591
a25_d0.5,25.0,0.5,prova2,raster,0,0.25,PbLl,ensemble,footprint,0.6129378380785796,0.3390097531945431,-20.852373917241817,0.8381855769072989,3466
a25_d0.5,25.0,0.5,prova2,raster,0,0.25,PbLl,ensemble,unmeasured,0.5058337933289074,,-27.530969263907462,,2591
a25_d0.5,25.0,0.5,prova2,raster,0,0.25,PbLl,deterministic,footprint,0.22224317000130267,0.10561502251973327,-100.0,3.294860038455138,3466
a25_d0.5,25.0,0.5,prova2,raster,0,0.25,PbLl,deterministic,unmeasured,0.17370136598259825,,-97.71293665762926,,2591
a25_d0.5,25.0,0.5,prova2,raster,0,0.25,PbLa,ensemble,footprint,0.5548317509363696,0.33769264835113344,-15.042647208990745,1.0620430289406277,3466
a25_d0.5,25.0,0.5,prova2,raster,0,0.25,PbLa,ensemble,unmeasured,0.4757918073929272,,-24.809593121259613,,2591
a25_d0.5,25.0,0.5,prova2,raster,0,0.25,PbLa,deterministic,footprint,0.05416093833360182,0.02060305816643179,-100.0,5.11829080513398,3466
a25_d0.5,25.0,0.5,prova2,raster,0,0.25,PbLa,deterministic,unmeasured,0.11835902049339325,,-97.93254778413528,,2591
a25_d0.5,25.0,0.5,prova2,raster,0,0.25,PbLb,ensemble,footprint,0.5321741134778468,0.33601962895245174,-15.03462623148547,1.073794924825873,3466
a25_d0.5,25.0,0.5,prova2,raster,0,0.25,PbLb,ensemble,unmeasured,0.4503236541819272,,-25.019967310868278,,2591
a25_d0.5,25.0,0.5,prova2,raster,0,0.25,PbLb,deterministic,footprint,0.04026536132595555,0.016439935631572068,-100.0,5.198885689098479,3466
a25_d0.5,25.0,0.5,prova2,raster,0,0.25,PbLb,deterministic,unmeasured,0.11242684215518492,,-97.95042762879838,,2591
a25_d0.5,25.0,0.5,prova2,raster,0,0.25,PbLg,ensemble,footprint,0.5330889222313292,0.34167272391820547,-14.789417011108574,1.0843169340700627,3466
a25_d0.5,25.0,0.5,prova2,raster,0,0.25,PbLg,ensemble,unmeasured,0.44945950070862034,,-23.922977922312352,,2591
a25_d0.5,25.0,0.5,prova2,raster,0,0.25,PbLg,deterministic,footprint,0.04123423739756423,0.021385966128146652,-100.0,5.300509750052899,3466
a25_d0.5,25.0,0.5,prova2,raster,0,0.25,PbLg,deterministic,unmeasured,0.10011014127886352,,-97.93763986040217,,2591
a25_d0.5,25.0,0.5,prova2,raster,1,0.3055555555555556,Ca,ensemble,footprint,0.31921435723803687,0.2834830154333701,-1.0885425572641494,0.7513956749222308,3466
a25_d0.5,25.0,0.5,prova2,raster,1,0.3055555555555556,Ca,ensemble,unmeasured,-0.23907122048686108,,-9.26868681485213,,2411
a25_d0.5,25.0,0.5,prova2,raster,1,0.3055555555555556,Ca,deterministic,footprint,0.38646676994314294,0.15137811616830077,-100.0,3.4601419053986335,3466
a25_d0.5,25.0,0.5,prova2,raster,1,0.3055555555555556,Ca,deterministic,unmeasured,0.13869708845115758,,-97.69678334349523,,2411
a25_d0.5,25.0,0.5,prova2,raster,1,0.3055555555555556,Ti,ensemble,footprint,0.22276994284298407,0.3138236644964249,-0.23326066531041967,0.8259423381390038,3466
a25_d0.5,25.0,0.5,prova2,raster,1,0.3055555555555556,Ti,ensemble,unmeasured,-0.09014875079545843,,-6.818464266918603,,2411
a25_d0.5,25.0,0.5,prova2,raster,1,0.3055555555555556,Ti,deterministic,footprint,0.16795971824235365,0.08112057685800365,-100.0,4.309829995095228,3466
a25_d0.5,25.0,0.5,prova2,raster,1,0.3055555555555556,Ti,deterministic,unmeasured,0.04685216937125763,,-97.86944363298825,,2411
a25_d0.5,25.0,0.5,prova2,raster,1,0.3055555555555556,Fe,ensemble,footprint,0.3934642859686787,0.4644736984151393,-1.4472452486864906,0.7579210617321749,3466
a25_d0.5,25.0,0.5,prova2,raster,1,0.3055555555555556,Fe,ensemble,unmeasured,-0.01553372066209554,,-49.23459998970664,,2411
a25_d0.5,25.0,0.5,prova2,raster,1,0.3055555555555556,Fe,deterministic,footprint,0.31819176575234137,0.23283487508140316,-100.0,2.128137605454265,3466
a25_d0.5,25.0,0.5,prova2,raster,1,0.3055555555555556,Fe,deterministic,unmeasured,0.0876094528357684,,-98.31418417062268,,2411
a25_d0.5,25.0,0.5,prova2,raster,1,0.3055555555555556,Cu,ensemble,footprint,0.43817646500943275,0.18781025280191088,-47.919381084706124,0.8420471175694277,3466
a25_d0.5,25.0,0.5,prova2,raster,1,0.3055555555555556,Cu,ensemble,unmeasured,0.24362901443339552,,-54.493684756786436,,2411
a25_d0.5,25.0,0.5,prova2,raster,1,0.3055555555555556,Cu,deterministic,footprint,0.32645575462716714,0.3002671875134761,-100.0,1.9578253796402016,3466
a25_d0.5,25.0,0.5,prova2,raster,1,0.3055555555555556,Cu,deterministic,unmeasured,0.17348189788593787,,-97.92306845521264,,2411
a25_d0.5,25.0,0.5,prova2,raster,1,0.3055555555555556,PbLl,ensemble,footprint,0.6251337310968113,0.3372268454012985,-15.893107184796474,0.816804404196987,3466
a25_d0.5,25.0,0.5,prova2,raster,1,0.3055555555555556,PbLl,ensemble,unmeasured,0.5132375652303992,,-24.171401542552832,,2411
a25_d0.5,25.0,0.5,prova2,raster,1,0.3055555555555556,PbLl,deterministic,footprint,0.24410716022969653,0.10099846569417137,-100.0,2.8621541175802387,3466
a25_d0.5,25.0,0.5,prova2,raster,1,0.3055555555555556,PbLl,deterministic,unmeasured,0.18701462606092925,,-97.37809858204369,,2411
a25_d0.5,25.0,0.5,prova2,raster,1,0.3055555555555556,PbLa,ensemble,footprint,0.5692422239683632,0.3394543956584851,-10.840901463358287,1.0170222561874103,3466
a25_d0.5,25.0,0.5,prova2,raster,1,0.3055555555555556,PbLa,ensemble,unmeasured,0.4853167966403766,,-22.8347793397693,,2411
a25_d0.5,25.0,0.5,prova2,raster,1,0.3055555555555556,PbLa,deterministic,footprint,0.04902710929378979,0.013950456759428052,-100.0,4.493881874213801,3466
a25_d0.5,25.0,0.5,prova2,raster,1,0.3055555555555556,PbLa,deterministic,unmeasured,0.12303921322086642,,-97.69100588895256,,2411
a25_d0.5,25.0,0.5,prova2,raster,1,0.3055555555555556,PbLb,ensemble,footprint,0.5469858727934038,0.33972461195200454,-11.234210845760618,1.027415978511747,3466
a25_d0.5,25.0,0.5,prova2,raster,1,0.3055555555555556,PbLb,ensemble,unmeasured,0.4613250107858539,,-23.28946209628222,,2411
a25_d0.5,25.0,0.5,prova2,raster,1,0.3055555555555556,PbLb,deterministic,footprint,0.029190590563487606,0.01103801153595051,-100.0,4.565055059882134,3466
a25_d0.5,25.0,0.5,prova2,raster,1,0.3055555555555556,PbLb,deterministic,unmeasured,0.11664157703110992,,-97.71476313187219,,2411
a25_d0.5,25.0,0.5,prova2,raster,1,0.3055555555555556,PbLg,ensemble,footprint,0.551623909239696,0.35142574045537556,-10.52516159704686,1.0404862921798799,3466
a25_d0.5,25.0,0.5,prova2,raster,1,0.3055555555555556,PbLg,ensemble,unmeasured,0.4605987197336301,,-21.79807962908051,,2411
a25_d0.5,25.0,0.5,prova2,raster,1,0.3055555555555556,PbLg,deterministic,footprint,0.047462059155224556,0.019524075869207434,-100.0,4.660407530322698,3466
a25_d0.5,25.0,0.5,prova2,raster,1,0.3055555555555556,PbLg,deterministic,unmeasured,0.10622863308686036,,-97.69364849895639,,2411
a25_d0.5,25.0,0.5,prova2,raster,2,0.3611111111111111,Ca,ensemble,footprint,0.3766364271243085,0.30958463593251745,-0.2996018687831947,0.7279976905042362,3466
a25_d0.5,25.0,0.5,prova2,raster,2,0.3611111111111111,Ca,ensemble,unmeasured,-0.24410890431847115,,-6.394967889252273,,2223
a25_d0.5,25.0,0.5,prova2,raster,2,0.3611111111111111,Ca,deterministic,footprint,0.39474812956097033,0.19978490055663753,-100.0,3.106493917930884,3466
a25_d0.5,25.0,0.5,prova2,raster,2,0.3611111111111111,Ca,deterministic,unmeasured,0.1481115518723207,,-97.60111128589102,,2223
a25_d0.5,25.0,0.5,prova2,raster,2,0.3611111111111111,Ti,ensemble,footprint,0.28821549118984136,0.3370916010316551,0.23482078767140813,0.7809422476419547,3466
a25_d0.5,25.0,0.5,prova2,raster,2,0.3611111111111111,Ti,ensemble,unmeasured,-0.07275812247338173,,-5.078767329908,,2223
a25_d0.5,25.0,0.5,prova2,raster,2,0.3611111111111111,Ti,deterministic,footprint,0.13775799410506157,0.11459859112581718,-100.0,3.84505827529554,3466
a25_d0.5,25.0,0.5,prova2,raster,2,0.3611111111111111,Ti,deterministic,unmeasured,0.044319792764905365,,-97.75675335736696,,2223
a25_d0.5,25.0,0.5,prova2,raster,2,0.3611111111111111,Fe,ensemble,footprint,0.4289656313209783,0.4891207533291189,-1.6717052228057305,0.7536656045292872,3466
a25_d0.5,25.0,0.5,prova2,raster,2,0.3611111111111111,Fe,ensemble,unmeasured,0.037322560714681444,,-49.8788639011393,,2223
a25_d0.5,25.0,0.5,prova2,raster,2,0.3611111111111111,Fe,deterministic,footprint,0.31178367779792365,0.2668614483187194,-100.0,1.9479742580468704,3466
a25_d0.5,25.0,0.5,prova2,raster,2,0.3611111111111111,Fe,deterministic,unmeasured,0.08120436371488603,,-98.2493268313726,,2223
a25_d0.5,25.0,0.5,prova2,raster,2,0.3611111111111111,Cu,ensemble,footprint,0.502765813240266,0.2495751463228394,-35.14371042094181,0.8403339177781359,3466
a25_d0.5,25.0,0.5,prova2,raster,2,0.3611111111111111,Cu,ensemble,unmeasured,0.2738194823150968,,-51.19943975500724,,2223
a25_d0.5,25.0,0.5,prova2,raster,2,0.3611111111111111,Cu,deterministic,footprint,0.39090871587984316,0.3685975899820251,-100.0,1.751662433649567,3466
a25_d0.5,25.0,0.5,prova2,raster,2,0.3611111111111111,Cu,deterministic,unmeasured,0.16666551454248787,,-97.97456285476271,,2223
a25_d0.5,25.0,0.5,prova2,raster,2,0.3611111111111111,PbLl,ensemble,footprint,0.6476364297226452,0.3796869177592751,-11.967478624485173,0.7750050423929107,3466
a25_d0.5,25.0,0.5,prova2,raster,2,0.3611111111111111,PbLl,ensemble,unmeasured,0.5167114117388056,,-20.26039816628988,,2223
a25_d0.5,25.0,0.5,prova2,raster,2,0.3611111111111111,PbLl,deterministic,footprint,0.2870817345384621,0.15638902257380358,-100.0,2.543091851678001,3466
a25_d0.5,25.0,0.5,prova2,raster,2,0.3611111111111111,PbLl,deterministic,unmeasured,0.19965266858111014,,-97.2476103525109,,2223
a25_d0.5,25.0,0.5,prova2,raster,2,0.3611111111111111,PbLa,ensemble,footprint,0.6136501370336109,0.40302845023669287,-4.745801379816772,0.9582264943694063,3466
a25_d0.5,25.0,0.5,prova2,raster,2,0.3611111111111111,PbLa,ensemble,unmeasured,0.5011341472873619,,-19.67964684386823,,2223
a25_d0.5,25.0,0.5,prova2,raster,2,0.3611111111111111,PbLa,deterministic,footprint,0.10981113554278125,0.06886918529848375,-100.0,4.027323265550938,3466
a25_d0.5,25.0,0.5,prova2,raster,2,0.3611111111111111,PbLa,deterministic,unmeasured,0.14335763953248395,,-97.55291123848492,,2223
a25_d0.5,25.0,0.5,prova2,raster,2,0.3611111111111111,PbLb,ensemble,footprint,0.5968748106270705,0.40023966993560883,-5.110310286904141,0.9681370901308093,3466
a25_d0.5,25.0,0.5,prova2,raster,2,0.3611111111111111,PbLb,ensemble,unmeasured,0.4845876177307401,,-20.355398649273507,,2223
a25_d0.5,25.0,0.5,prova2,raster,2,0.3611111111111111,PbLb,deterministic,footprint,0.08544711048769582,0.06278087907529963,-100.0,4.0906375894169384,3466
a25_d0.5,25.0,0.5,prova2,raster,2,0.3611111111111111,PbLb,deterministic,unmeasured,0.13983569025008377,,-97.57941660316769,,2223
a25_d0.5,25.0,0.5,prova2,raster,2,0.3611111111111111,PbLg,ensemble,footprint,0.599448232538229,0.4003411514058927,-7.030465676179887,0.9766238727049374,3466
a25_d0.5,25.0,0.5,prova2,raster,2,0.3611111111111111,PbLg,ensemble,unmeasured,0.47993061370486734,,-18.722060117102032,,2223
a25_d0.5,25.0,0.5,prova2,raster,2,0.3611111111111111,PbLg,deterministic,footprint,0.10527102636010889,0.06426747395518331,-100.0,4.1742698387681365,3466
a25_d0.5,25.0,0.5,prova2,raster,2,0.3611111111111111,PbLg,deterministic,unmeasured,0.13179687222939987,,-97.55165213905696,,2223
a25_d0.5,25.0,0.5,prova2,raster,3,0.4166666666666667,Ca,ensemble,footprint,0.4843433533825969,0.3784158348124935,-0.5896350991502208,0.7254621187748188,3466
a25_d0.5,25.0,0.5,prova2,raster,3,0.4166666666666667,Ca,ensemble,unmeasured,-0.20065663897578392,,-5.743274029191076,,2029
a25_d0.5,25.0,0.5,prova2,raster,3,0.4166666666666667,Ca,deterministic,footprint,0.3812733920539563,0.2634490824931049,-100.0,2.841916800104267,3466
a25_d0.5,25.0,0.5,prova2,raster,3,0.4166666666666667,Ca,deterministic,unmeasured,0.1409948486754701,,-97.55998952018078,,2029
a25_d0.5,25.0,0.5,prova2,raster,3,0.4166666666666667,Ti,ensemble,footprint,0.4046997289056874,0.40099571724820116,0.2748431770918325,0.7326916664783445,3466
a25_d0.5,25.0,0.5,prova2,raster,3,0.4166666666666667,Ti,ensemble,unmeasured,0.02042065372680257,,-3.58696622852523,,2029
a25_d0.5,25.0,0.5,prova2,raster,3,0.4166666666666667,Ti,deterministic,footprint,0.10892485025779643,0.16681652720593085,-100.0,3.443943784821953,3466
a25_d0.5,25.0,0.5,prova2,raster,3,0.4166666666666667,Ti,deterministic,unmeasured,0.039005111504178964,,-97.68291060629788,,2029
a25_d0.5,25.0,0.5,prova2,raster,3,0.4166666666666667,Fe,ensemble,footprint,0.4744728927062019,0.5173624803926199,-1.503581324690284,0.7541563330940242,3466
a25_d0.5,25.0,0.5,prova2,raster,3,0.4166666666666667,Fe,ensemble,unmeasured,0.13597134048903603,,-50.503442527418194,,2029
a25_d0.5,25.0,0.5,prova2,raster,3,0.4166666666666667,Fe,deterministic,footprint,0.3081730425396996,0.3073124853324074,-100.0,1.7814919168934766,3466
a25_d0.5,25.0,0.5,prova2,raster,3,0.4166666666666667,Fe,deterministic,unmeasured,0.07703780089951558,,-98.17913633043219,,2029
a25_d0.5,25.0,0.5,prova2,raster,3,0.4166666666666667,Cu,ensemble,footprint,0.5237210897058425,0.29021616532491556,-22.034321490951093,0.8300794181431178,3466
a25_d0.5,25.0,0.5,prova2,raster,3,0.4166666666666667,Cu,ensemble,unmeasured,0.25461025404247745,,-50.231074225611,,2029
a25_d0.5,25.0,0.5,prova2,raster,3,0.4166666666666667,Cu,deterministic,footprint,0.40876895707391375,0.41982584948918145,-84.41316078206972,1.6276948975214738,3466
a25_d0.5,25.0,0.5,prova2,raster,3,0.4166666666666667,Cu,deterministic,unmeasured,0.17367462027302194,,-98.01286874231758,,2029
a25_d0.5,25.0,0.5,prova2,raster,3,0.4166666666666667,PbLl,ensemble,footprint,0.6676649977346769,0.4314642130810768,-8.431841709915776,0.7644605133650811,3466
a25_d0.5,25.0,0.5,prova2,raster,3,0.4166666666666667,PbLl,ensemble,unmeasured,0.4507685697855474,,-14.071211183124818,,2029
a25_d0.5,25.0,0.5,prova2,raster,3,0.4166666666666667,PbLl,deterministic,footprint,0.39707286996804697,0.21083958446544926,-100.0,2.295169744494978,3466
a25_d0.5,25.0,0.5,prova2,raster,3,0.4166666666666667,PbLl,deterministic,unmeasured,0.20595150233850618,,-97.08619233570698,,2029
a25_d0.5,25.0,0.5,prova2,raster,3,0.4166666666666667,PbLa,ensemble,footprint,0.6816322880400257,0.46815656041232906,-1.8559628862842015,0.9295215656150697,3466
a25_d0.5,25.0,0.5,prova2,raster,3,0.4166666666666667,PbLa,ensemble,unmeasured,0.4901374680802396,,-15.293055931774669,,2029
a25_d0.5,25.0,0.5,prova2,raster,3,0.4166666666666667,PbLa,deterministic,footprint,0.24831039275391445,0.12875760397793187,-100.0,3.650288908190235,3466
a25_d0.5,25.0,0.5,prova2,raster,3,0.4166666666666667,PbLa,deterministic,unmeasured,0.14934868139533455,,-97.45832608051286,,2029
a25_d0.5,25.0,0.5,prova2,raster,3,0.4166666666666667,PbLb,ensemble,footprint,0.6823590899306576,0.46532229452649704,-1.871689068793092,0.9468164208972959,3466
a25_d0.5,25.0,0.5,prova2,raster,3,0.4166666666666667,PbLb,ensemble,unmeasured,0.4937169159389726,,-16.14477704150895,,2029
a25_d0.5,25.0,0.5,prova2,raster,3,0.4166666666666667,PbLb,deterministic,footprint,0.22975179688454833,0.12038739152089169,-100.0,3.7161794859838704,3466
a25_d0.5,25.0,0.5,prova2,raster,3,0.4166666666666667,PbLb,deterministic,unmeasured,0.1440169325764125,,-97.49217622141084,,2029
a25_d0.5,25.0,0.5,prova2,raster,3,0.4166666666666667,PbLg,ensemble,footprint,0.6673696180178782,0.4551540592703731,-4.486801484861225,0.9452867781189666,3466
a25_d0.5,25.0,0.5,prova2,raster,3,0.4166666666666667,PbLg,ensemble,unmeasured,0.4692906052570571,,-14.404803987855368,,2029
a25_d0.5,25.0,0.5,prova2,raster,3,0.4166666666666667,PbLg,deterministic,footprint,0.24060896942521043,0.11462618202214796,-100.0,3.7829297848695194,3466
a25_d0.5,25.0,0.5,prova2,raster,3,0.4166666666666667,PbLg,deterministic,unmeasured,0.13203814442899633,,-97.47129914707398,,2029
a25_d0.5,25.0,0.5,prova2,raster,4,0.4722222222222222,Ca,ensemble,footprint,0.5540372230556385,0.45417032062677676,-0.33266664972324556,0.7347393223332062,3466
a25_d0.5,25.0,0.5,prova2,raster,4,0.4722222222222222,Ca,ensemble,unmeasured,-0.15071215787887063,,-6.388542584380041,,1830
a25_d0.5,25.0,0.5,prova2,raster,4,0.4722222222222222,Ca,deterministic,footprint,0.36832077086727677,0.3399115308769708,-76.48099418449146,2.5792820464635895,3466
a25_d0.5,25.0,0.5,prova2,raster,4,0.4722222222222222,Ca,deterministic,unmeasured,0.11977351567018363,,-97.60999628219297,,1830
a25_d0.5,25.0,0.5,prova2,raster,4,0.4722222222222222,Ti,ensemble,footprint,0.44715721272113423,0.44707841364950723,0.16550264057411113,0.708528813993408,3466
a25_d0.5,25.0,0.5,prova2,raster,4,0.4722222222222222,Ti,ensemble,unmeasured,0.036240585819124996,,-3.5275840582095395,,1830
a25_d0.5,25.0,0.5,prova2,raster,4,0.4722222222222222,Ti,deterministic,footprint,0.08517864613666234,0.22818008630886782,-79.06548010558502,3.0791633280277764,3466
a25_d0.5,25.0,0.5,prova2,raster,4,0.4722222222222222,Ti,deterministic,unmeasured,0.03805169978202456,,-97.6533689087756,,1830
a25_d0.5,25.0,0.5,prova2,raster,4,0.4722222222222222,Fe,ensemble,footprint,0.49268492571035405,0.5506625151831018,-1.8597925119976155,0.7607337984562289,3466
a25_d0.5,25.0,0.5,prova2,raster,4,0.4722222222222222,Fe,ensemble,unmeasured,0.15568267648621037,,-52.190069306970074,,1830
a25_d0.5,25.0,0.5,prova2,raster,4,0.4722222222222222,Fe,deterministic,footprint,0.30123311158840194,0.36268778831119874,-80.16046715850366,1.6324607720375803,3466
a25_d0.5,25.0,0.5,prova2,raster,4,0.4722222222222222,Fe,deterministic,unmeasured,0.06271669635551613,,-98.23370109447342,,1830
a25_d0.5,25.0,0.5,prova2,raster,4,0.4722222222222222,Cu,ensemble,footprint,0.5666801432485055,0.36584032471195704,-12.58402649377115,0.8228040586156242,3466
a25_d0.5,25.0,0.5,prova2,raster,4,0.4722222222222222,Cu,ensemble,unmeasured,0.32988170370532544,,-49.209806825004016,,1830
a25_d0.5,25.0,0.5,prova2,raster,4,0.4722222222222222,Cu,deterministic,footprint,0.44050765938411635,0.5105835100326979,-23.09956531384165,1.4759582462149772,3466
a25_d0.5,25.0,0.5,prova2,raster,4,0.4722222222222222,Cu,deterministic,unmeasured,0.19938766653367773,,-97.79615420303534,,1830
a25_d0.5,25.0,0.5,prova2,raster,4,0.4722222222222222,PbLl,ensemble,footprint,0.6905463643418854,0.4633140167286708,-5.906793158319235,0.7551268557622449,3466
a25_d0.5,25.0,0.5,prova2,raster,4,0.4722222222222222,PbLl,ensemble,unmeasured,0.4276377009573733,,-8.824697180425373,,1830
a25_d0.5,25.0,0.5,prova2,raster,4,0.4722222222222222,PbLl,deterministic,footprint,0.4639067885660749,0.26250743627419154,-60.79058549848775,2.054978538272689,3466
a25_d0.5,25.0,0.5,prova2,raster,4,0.4722222222222222,PbLl,deterministic,unmeasured,0.21300134399076165,,-96.99658475526984,,1830
a25_d0.5,25.0,0.5,prova2,raster,4,0.4722222222222222,PbLa,ensemble,footprint,0.7056302464072902,0.5135749875273752,-0.3074552645522699,0.9083538888551504,3466
a25_d0.5,25.0,0.5,prova2,raster,4,0.4722222222222222,PbLa,ensemble,unmeasured,0.4650306384694409,,-12.373573951509188,,1830
a25_d0.5,25.0,0.5,prova2,raster,4,0.4722222222222222,PbLa,deterministic,footprint,0.3176725569719294,0.20936359299935373,-79.60448597951086,3.27044599522228,3466
a25_d0.5,25.0,0.5,prova2,raster,4,0.4722222222222222,PbLa,deterministic,unmeasured,0.16646963283060126,,-97.3648794788044,,1830
a25_d0.5,25.0,0.5,prova2,raster,4,0.4722222222222222,PbLb,ensemble,footprint,0.7081162054234683,0.5072231136091188,-0.3930461388218176,0.9268524393059677,3466
a25_d0.5,25.0,0.5,prova2,raster,4,0.4722222222222222,PbLb,ensemble,unmeasured,0.4690068717481625,,-13.470874542175144,,1830
a25_d0.5,25.0,0.5,prova2,raster,4,0.4722222222222222,PbLb,deterministic,footprint,0.29811177429620717,0.2008475459818513,-79.09725557266043,3.331148242953579,3466
a25_d0.5,25.0,0.5,prova2,raster,4,0.4722222222222222,PbLb,deterministic,unmeasured,0.1620518683288251,,-97.39998697043612,,1830
a25_d0.5,25.0,0.5,prova2,raster,4,0.4722222222222222,PbLg,ensemble,footprint,0.6896256234261744,0.4887654519676906,-2.7563745220782865,0.9194861391879374,3466
a25_d0.5,25.0,0.5,prova2,raster,4,0.4722222222222222,PbLg,ensemble,unmeasured,0.4493349016027342,,-11.763425553599234,,1830
a25_d0.5,25.0,0.5,prova2,raster,4,0.4722222222222222,PbLg,deterministic,footprint,0.29958266459391847,0.18192834531164934,-79.4319836364207,3.3870228300856553,3466
a25_d0.5,25.0,0.5,prova2,raster,4,0.4722222222222222,PbLg,deterministic,unmeasured,0.1462849023281746,,-97.38291668698999,,1830
a25_d0.5,25.0,0.5,prova2,raster,5,0.5277777777777778,Ca,ensemble,footprint,0.6491653545401627,0.5286060266096798,-0.3206228561437041,0.7667619984438283,3466
a25_d0.5,25.0,0.5,prova2,raster,5,0.5277777777777778,Ca,ensemble,unmeasured,-0.05961732887506137,,-7.01936093914122,,1635
a25_d0.5,25.0,0.5,prova2,raster,5,0.5277777777777778,Ca,deterministic,footprint,0.36641198904108657,0.3934083636764966,-23.59454048165288,2.366200194076048,3466
a25_d0.5,25.0,0.5,prova2,raster,5,0.5277777777777778,Ca,deterministic,unmeasured,0.13578876248943342,,-97.2806284411353,,1635
a25_d0.5,25.0,0.5,prova2,raster,5,0.5277777777777778,Ti,ensemble,footprint,0.5606992886685788,0.5068245609078736,0.21038181024866098,0.7069943249054246,3466
a25_d0.5,25.0,0.5,prova2,raster,5,0.5277777777777778,Ti,ensemble,unmeasured,0.1288341857046688,,-1.1675415334843342,,1635
a25_d0.5,25.0,0.5,prova2,raster,5,0.5277777777777778,Ti,deterministic,footprint,0.1418656809416077,0.3010888569570213,-25.431929984848445,2.7807880797000375,3466
a25_d0.5,25.0,0.5,prova2,raster,5,0.5277777777777778,Ti,deterministic,unmeasured,0.05405084847479481,,-97.33694419252905,,1635
a25_d0.5,25.0,0.5,prova2,raster,5,0.5277777777777778,Fe,ensemble,footprint,0.6495231702072445,0.5974156484232712,-0.2038025933777221,0.8403387272336172,3466
a25_d0.5,25.0,0.5,prova2,raster,5,0.5277777777777778,Fe,ensemble,unmeasured,0.4456753582612858,,-48.55482888336241,,1635
a25_d0.5,25.0,0.5,prova2,raster,5,0.5277777777777778,Fe,deterministic,footprint,0.4500695603580769,0.4173806608742023,-30.654995786529526,1.5461768824143458,3466
a25_d0.5,25.0,0.5,prova2,raster,5,0.5277777777777778,Fe,deterministic,unmeasured,0.09852767489106942,,-97.81520842415088,,1635
a25_d0.5,25.0,0.5,prova2,raster,5,0.5277777777777778,Cu,ensemble,footprint,0.6231618489118743,0.4262186514460616,-12.945256310026544,0.8778167036587824,3466
a25_d0.5,25.0,0.5,prova2,raster,5,0.5277777777777778,Cu,ensemble,unmeasured,0.4844487144056212,,-53.519625473751425,,1635
a25_d0.5,25.0,0.5,prova2,raster,5,0.5277777777777778,Cu,deterministic,footprint,0.4402115347526255,0.5106949517181741,-23.01528550387144,1.4745708056804736,3466
a25_d0.5,25.0,0.5,prova2,raster,5,0.5277777777777778,Cu,deterministic,unmeasured,0.1885775635008364,,-97.79252189029269,,1635
a25_d0.5,25.0,0.5,prova2,raster,5,0.5277777777777778,PbLl,ensemble,footprint,0.7418151779749874,0.5079569786325261,-3.624198184958516,0.7839782988403446,3466
a25_d0.5,25.0,0.5,prova2,raster,5,0.5277777777777778,PbLl,ensemble,unmeasured,0.41068815268020326,,-6.106554015299227,,1635
a25_d0.5,25.0,0.5,prova2,raster,5,0.5277777777777778,PbLl,deterministic,footprint,0.5389809703410171,0.3235583502215381,-27.379992305697986,1.9079273029525874,3466
a25_d0.5,25.0,0.5,prova2,raster,5,0.5277777777777778,PbLl,deterministic,unmeasured,0.18906474532143555,,-96.84271251387638,,1635
a25_d0.5,25.0,0.5,prova2,raster,5,0.5277777777777778,PbLa,ensemble,footprint,0.7565936173056539,0.5709456955568811,-0.004321459012801565,0.9030059743543561,3466
a25_d0.5,25.0,0.5,prova2,raster,5,0.5277777777777778,PbLa,ensemble,unmeasured,0.42621175178955617,,-9.953318952145812,,1635
a25_d0.5,25.0,0.5,prova2,raster,5,0.5277777777777778,PbLa,deterministic,footprint,0.4031460772089452,0.2825596871957842,-23.488810020037775,2.9754387772691975,3466
a25_d0.5,25.0,0.5,prova2,raster,5,0.5277777777777778,PbLa,deterministic,unmeasured,0.13640419918380092,,-97.1663090897053,,1635
a25_d0.5,25.0,0.5,prova2,raster,5,0.5277777777777778,PbLb,ensemble,footprint,0.756091837017381,0.5636932355770473,-0.0015964518039868203,0.9207160207046011,3466
a25_d0.5,25.0,0.5,prova2,raster,5,0.5277777777777778,PbLb,ensemble,unmeasured,0.4206580276297599,,-10.949931688614765,,1635
a25_d0.5,25.0,0.5,prova2,raster,5,0.5277777777777778,PbLb,deterministic,footprint,0.3893876312342428,0.27298290510105266,-23.09050612540302,3.029164610362386,3466
a25_d0.5,25.0,0.5,prova2,raster,5,0.5277777777777778,PbLb,deterministic,unmeasured,0.1305549253064059,,-97.1984708592703,,1635
a25_d0.5,25.0,0.5,prova2,raster,5,0.5277777777777778,PbLg,ensemble,footprint,0.7363142137927915,0.5391658241628026,-1.858283592663179,0.9063828867201758,3466
a25_d0.5,25.0,0.5,prova2,raster,5,0.5277777777777778,PbLg,ensemble,unmeasured,0.4061113168964316,,-9.472347735464252,,1635
a25_d0.5,25.0,0.5,prova2,raster,5,0.5277777777777778,PbLg,deterministic,footprint,0.3813679721182194,0.24915687549322646,-24.520869847469996,3.0767836390196677,3466
a25_d0.5,25.0,0.5,prova2,raster,5,0.5277777777777778,PbLg,deterministic,unmeasured,0.11705067711251523,,-97.19049138382701,,1635
a25_d0.5,25.0,0.5,prova2,raster,6,0.5833333333333334,Ca,ensemble,footprint,0.710789675662561,0.6033039516421987,-0.42264457838814273,0.8003191226462681,3466
a25_d0.5,25.0,0.5,prova2,raster,6,0.5833333333333334,Ca,ensemble,unmeasured,-0.06482020070095752,,-9.681576083835797,,1435
a25_d0.5,25.0,0.5,prova2,raster,6,0.5833333333333334,Ca,deterministic,footprint,0.3553928121320881,0.47184771925976743,-9.136969472281574,2.1789756565194276,3466
a25_d0.5,25.0,0.5,prova2,raster,6,0.5833333333333334,Ca,deterministic,unmeasured,0.15617625677001634,,-97.62820435344251,,1435
a25_d0.5,25.0,0.5,prova2,raster,6,0.5833333333333334,Ti,ensemble,footprint,0.6157814573531358,0.5704516274662084,0.5960229530477257,0.7015015069971706,3466
a25_d0.5,25.0,0.5,prova2,raster,6,0.5833333333333334,Ti,ensemble,unmeasured,0.14122010088269552,,-1.3203858602161909,,1435
a25_d0.5,25.0,0.5,prova2,raster,6,0.5833333333333334,Ti,deterministic,footprint,0.1546925959486371,0.3937959017578651,-12.216472925014266,2.513260063026827,3466
a25_d0.5,25.0,0.5,prova2,raster,6,0.5833333333333334,Ti,deterministic,unmeasured,0.08500708781594807,,-97.68704395047111,,1435
a25_d0.5,25.0,0.5,prova2,raster,6,0.5833333333333334,Fe,ensemble,footprint,0.6627291983841174,0.6521923013356937,1.2544227469262204,0.8319583964782634,3466
a25_d0.5,25.0,0.5,prova2,raster,6,0.5833333333333334,Fe,ensemble,unmeasured,0.4500038607626092,,-49.11568936124335,,1435
a25_d0.5,25.0,0.5,prova2,raster,6,0.5833333333333334,Fe,deterministic,footprint,0.46564414912715646,0.5107985768366321,-16.35142975500723,1.398460082984762,3466
a25_d0.5,25.0,0.5,prova2,raster,6,0.5833333333333334,Fe,deterministic,unmeasured,0.10460270595014959,,-98.10659619507192,,1435
a25_d0.5,25.0,0.5,prova2,raster,6,0.5833333333333334,Cu,ensemble,footprint,0.6575563834215333,0.4934353569521844,-11.807281311306205,0.9241396580489745,3466
a25_d0.5,25.0,0.5,prova2,raster,6,0.5833333333333334,Cu,ensemble,unmeasured,0.5109493166076078,,-56.917592484799215,,1435
a25_d0.5,25.0,0.5,prova2,raster,6,0.5833333333333334,Cu,deterministic,footprint,0.46093560039868636,0.5481849987149783,-17.445981632558592,1.441157567218043,3466
a25_d0.5,25.0,0.5,prova2,raster,6,0.5833333333333334,Cu,deterministic,unmeasured,0.15680440712411853,,-98.27022439479676,,1435
a25_d0.5,25.0,0.5,prova2,raster,6,0.5833333333333334,PbLl,ensemble,footprint,0.799483836202015,0.5721529354913565,-2.473787647413117,0.8156046880934289,3466
a25_d0.5,25.0,0.5,prova2,raster,6,0.5833333333333334,PbLl,ensemble,unmeasured,0.35746863890507985,,0.9599989447470209,,1435
a25_d0.5,25.0,0.5,prova2,raster,6,0.5833333333333334,PbLl,deterministic,footprint,0.6505826861856623,0.41958046399143745,-17.180995578722047,1.7613248790048819,3466
a25_d0.5,25.0,0.5,prova2,raster,6,0.5833333333333334,PbLl,deterministic,unmeasured,0.17445282503750634,,-97.47161822085694,,1435
a25_d0.5,25.0,0.5,prova2,raster,6,0.5833333333333334,PbLa,ensemble,footprint,0.8240475177176798,0.6481101823608689,0.25554740939133236,0.9262956724964624,3466
a25_d0.5,25.0,0.5,prova2,raster,6,0.5833333333333334,PbLa,ensemble,unmeasured,0.3823842405340248,,-5.873019719554862,,1435
a25_d0.5,25.0,0.5,prova2,raster,6,0.5833333333333334,PbLa,deterministic,footprint,0.5346299870269187,0.40420265718070336,-6.031681485177365,2.715485257491564,3466
a25_d0.5,25.0,0.5,prova2,raster,6,0.5833333333333334,PbLa,deterministic,unmeasured,0.11223566475692046,,-97.7407420790251,,1435
a25_d0.5,25.0,0.5,prova2,raster,6,0.5833333333333334,PbLb,ensemble,footprint,0.8298695665927966,0.6414918206486547,0.2988443055822909,0.9485824591047254,3466
a25_d0.5,25.0,0.5,prova2,raster,6,0.5833333333333334,PbLb,ensemble,unmeasured,0.37676959926571885,,-6.858567168983402,,1435
a25_d0.5,25.0,0.5,prova2,raster,6,0.5833333333333334,PbLb,deterministic,footprint,0.5305929768570283,0.3963773769502089,-5.916915657062061,2.767375725075021,3466
a25_d0.5,25.0,0.5,prova2,raster,6,0.5833333333333334,PbLb,deterministic,unmeasured,0.10836600427441122,,-97.76175457207682,,1435
a25_d0.5,25.0,0.5,prova2,raster,6,0.5833333333333334,PbLg,ensemble,footprint,0.8004077740495473,0.6076431531575704,-1.0716874844774682,0.9230299544368235,3466
a25_d0.5,25.0,0.5,prova2,raster,6,0.5833333333333334,PbLg,ensemble,unmeasured,0.3656653449510306,,-5.784625360060444,,1435
a25_d0.5,25.0,0.5,prova2,raster,6,0.5833333333333334,PbLg,deterministic,footprint,0.5053621366284502,0.3673911953976661,-10.31666287436398,2.8022105130447614,3466
a25_d0.5,25.0,0.5,prova2,raster,6,0.5833333333333334,PbLg,deterministic,unmeasured,0.09776864794270196,,-97.74266491965356,,1435
a25_d0.5,25.0,0.5,prova2,raster,7,0.6388888888888888,Ca,ensemble,footprint,0.7657960245573638,0.6451426467885137,-0.0008055167851073186,0.8177693360337938,3466
a25_d0.5,25.0,0.5,prova2,raster,7,0.6388888888888888,Ca,ensemble,unmeasured,-0.0606396416401371,,-7.122892784008781,,1240
a25_d0.5,25.0,0.5,prova2,raster,7,0.6388888888888888,Ca,deterministic,footprint,0.4239694630058098,0.5121192386907608,-6.3919941566285114,1.9848143424588398,3466
a25_d0.5,25.0,0.5,prova2,raster,7,0.6388888888888888,Ca,deterministic,unmeasured,0.18307462056703463,,-97.66873552269278,,1240
a25_d0.5,25.0,0.5,prova2,raster,7,0.6388888888888888,Ti,ensemble,footprint,0.6911916516462252,0.6314804683936817,0.9878084218455596,0.7236917769210359,3466
a25_d0.5,25.0,0.5,prova2,raster,7,0.6388888888888888,Ti,ensemble,unmeasured,0.20237921368117476,,2.330069736900232,,1240
a25_d0.5,25.0,0.5,prova2,raster,7,0.6388888888888888,Ti,deterministic,footprint,0.25888222144548373,0.46076585521463004,-8.429085223217214,2.2823527088384643,3466
a25_d0.5,25.0,0.5,prova2,raster,7,0.6388888888888888,Ti,deterministic,unmeasured,0.1181393933312968,,-97.77780777705598,,1240
a25_d0.5,25.0,0.5,prova2,raster,7,0.6388888888888888,Fe,ensemble,footprint,0.8173563246022022,0.7173565611106534,2.837998475349668,0.9208415757905908,3466
a25_d0.5,25.0,0.5,prova2,raster,7,0.6388888888888888,Fe,ensemble,unmeasured,0.6361043702523749,,-39.25688814722161,,1240
a25_d0.5,25.0,0.5,prova2,raster,7,0.6388888888888888,Fe,deterministic,footprint,0.6825300891679795,0.5910912233954546,-10.984861287875525,1.358633880656567,3466
a25_d0.5,25.0,0.5,prova2,raster,7,0.6388888888888888,Fe,deterministic,unmeasured,0.17065145553909442,,-97.84467028178682,,1240
a25_d0.5,25.0,0.5,prova2,raster,7,0.6388888888888888,Cu,ensemble,footprint,0.685193774237372,0.5601154672790601,-11.458477561264823,0.9506395868959903,3466
a25_d0.5,25.0,0.5,prova2,raster,7,0.6388888888888888,Cu,ensemble,unmeasured,0.5177237267307359,,-59.15995399622953,,1240
a25_d0.5,25.0,0.5,prova2,raster,7,0.6388888888888888,Cu,deterministic,footprint,0.4830822379853026,0.5850659538887996,-14.84890508603196,1.3927123370757,3466
a25_d0.5,25.0,0.5,prova2,raster,7,0.6388888888888888,Cu,deterministic,unmeasured,0.18346994624783491,,-98.1764846673941,,1240
a25_d0.5,25.0,0.5,prova2,raster,7,0.6388888888888888,PbLl,ensemble,footprint,0.8442867353127654,0.6215530809459583,-2.3160068584844207,0.8527075610015107,3466
a25_d0.5,25.0,0.5,prova2,raster,7,0.6388888888888888,PbLl,ensemble,unmeasured,0.42021801712716955,,0.5716745302384016,,1240
a25_d0.5,25.0,0.5,prova2,raster,7,0.6388888888888888,PbLl,deterministic,footprint,0.6722301753877808,0.47258602991251814,-13.928503945556937,1.6619660293146308,3466
a25_d0.5,25.0,0.5,prova2,raster,7,0.6388888888888888,PbLl,deterministic,unmeasured,0.14305055094575067,,-97.73588663105114,,1240
a25_d0.5,25.0,0.5,prova2,raster,7,0.6388888888888888,PbLa,ensemble,footprint,0.8660995068301501,0.709105463174202,0.1594907958018421,0.9351160608262344,3466
a25_d0.5,25.0,0.5,prova2,raster,7,0.6388888888888888,PbLa,ensemble,unmeasured,0.41649998837477686,,-5.211728612592818,,1240
a25_d0.5,25.0,0.5,prova2,raster,7,0.6388888888888888,PbLa,deterministic,footprint,0.5384329955895549,0.48230857916037334,-4.029537344297918,2.4750142610993517,3466
a25_d0.5,25.0,0.5,prova2,raster,7,0.6388888888888888,PbLa,deterministic,unmeasured,0.08576717423341147,,-97.9109636371053,,1240
a25_d0.5,25.0,0.5,prova2,raster,7,0.6388888888888888,PbLb,ensemble,footprint,0.8674191265862345,0.7055217696234434,0.19740377206418636,0.9493513498772304,3466
a25_d0.5,25.0,0.5,prova2,raster,7,0.6388888888888888,PbLb,ensemble,unmeasured,0.40379515654992054,,-5.938204669974451,,1240
a25_d0.5,25.0,0.5,prova2,raster,7,0.6388888888888888,PbLb,deterministic,footprint,0.5348207166787129,0.4762969865184699,-4.162333180254397,2.5154244926316416,3466
a25_d0.5,25.0,0.5,prova2,raster,7,0.6388888888888888,PbLb,deterministic,unmeasured,0.08570143377455428,,-97.9204872961558,,1240
a25_d0.5,25.0,0.5,prova2,raster,7,0.6388888888888888,PbLg,ensemble,footprint,0.8416430373518722,0.6611593139747323,-0.7931373320258395,0.9289503845257561,3466
a25_d0.5,25.0,0.5,prova2,raster,7,0.6388888888888888,PbLg,ensemble,unmeasured,0.4045380890740827,,-5.130817737215277,,1240
a25_d0.5,25.0,0.5,prova2,raster,7,0.6388888888888888,PbLg,deterministic,footprint,0.5042421769059559,0.44087552647619993,-7.3678787270529345,2.5479518679063333,3466
a25_d0.5,25.0,0.5,prova2,raster,7,0.6388888888888888,PbLg,deterministic,unmeasured,0.06600625948468107,,-97.91891258167915,,1240
a25_d0.5,25.0,0.5,prova2,raster,8,0.6944444444444444,Ca,ensemble,footprint,0.8372750062066717,0.7171778624162132,0.5042911588687415,0.8559619418535716,3466
a25_d0.5,25.0,0.5,prova2,raster,8,0.6944444444444444,Ca,ensemble,unmeasured,-0.010983030329191613,,-1.8658979942328437,,1045
a25_d0.5,25.0,0.5,prova2,raster,8,0.6944444444444444,Ca,deterministic,footprint,0.5450346714030586,0.5951592311159146,-4.393714828414841,1.8158189638058737,3466
a25_d0.5,25.0,0.5,prova2,raster,8,0.6944444444444444,Ca,deterministic,unmeasured,0.274568917130698,,-97.3268787375663,,1045
a25_d0.5,25.0,0.5,prova2,raster,8,0.6944444444444444,Ti,ensemble,footprint,0.7474424926430774,0.6851575007375649,1.485506304649964,0.7559807865684781,3466
a25_d0.5,25.0,0.5,prova2,raster,8,0.6944444444444444,Ti,ensemble,unmeasured,0.24077471733749617,,6.2409222350449,,1045
a25_d0.5,25.0,0.5,prova2,raster,8,0.6944444444444444,Ti,deterministic,footprint,0.366430424198071,0.5235305393748299,-5.768348099596066,2.061465215400225,3466
a25_d0.5,25.0,0.5,prova2,raster,8,0.6944444444444444,Ti,deterministic,unmeasured,0.15209470026866892,,-97.60762891040342,,1045
a25_d0.5,25.0,0.5,prova2,raster,8,0.6944444444444444,Fe,ensemble,footprint,0.9155040620463728,0.7781364026056423,3.6516281369301185,0.9490315624808788,3466
a25_d0.5,25.0,0.5,prova2,raster,8,0.6944444444444444,Fe,ensemble,unmeasured,0.7592639572575041,,-26.737750830317513,,1045
a25_d0.5,25.0,0.5,prova2,raster,8,0.6944444444444444,Fe,deterministic,footprint,0.8287308963254122,0.6529720523398995,-7.4313502915418495,1.272622754190176,3466
a25_d0.5,25.0,0.5,prova2,raster,8,0.6944444444444444,Fe,deterministic,unmeasured,0.29654078858438015,,-97.2755957427259,,1045
a25_d0.5,25.0,0.5,prova2,raster,8,0.6944444444444444,Cu,ensemble,footprint,0.7279963690901236,0.643416535497021,-9.607287686901334,0.9707490452810742,3466
a25_d0.5,25.0,0.5,prova2,raster,8,0.6944444444444444,Cu,ensemble,unmeasured,0.5524578073549441,,-60.000554574431554,,1045
a25_d0.5,25.0,0.5,prova2,raster,8,0.6944444444444444,Cu,deterministic,footprint,0.5252573262707921,0.6303784895889998,-12.724166995439191,1.3393637116468506,3466
a25_d0.5,25.0,0.5,prova2,raster,8,0.6944444444444444,Cu,deterministic,unmeasured,0.20534313333081292,,-97.8640315039421,,1045
a25_d0.5,25.0,0.5,prova2,raster,8,0.6944444444444444,PbLl,ensemble,footprint,0.8755459995659858,0.6662284934386119,-1.7352839021590905,0.8951459290463831,3466
a25_d0.5,25.0,0.5,prova2,raster,8,0.6944444444444444,PbLl,ensemble,unmeasured,0.3156157593445138,,0.9550118862581963,,1045
a25_d0.5,25.0,0.5,prova2,raster,8,0.6944444444444444,PbLl,deterministic,footprint,0.714241610939809,0.5326249956463335,-11.269612057754607,1.5756459427702465,3466
a25_d0.5,25.0,0.5,prova2,raster,8,0.6944444444444444,PbLl,deterministic,unmeasured,0.10190787478362748,,-97.91234885741476,,1045
a25_d0.5,25.0,0.5,prova2,raster,8,0.6944444444444444,PbLa,ensemble,footprint,0.8978552693265295,0.7551957296223131,0.16495930267810266,0.9583556309513208,3466
a25_d0.5,25.0,0.5,prova2,raster,8,0.6944444444444444,PbLa,ensemble,unmeasured,0.2851804844870199,,-5.025144029275987,,1045
a25_d0.5,25.0,0.5,prova2,raster,8,0.6944444444444444,PbLa,deterministic,footprint,0.5615536459666568,0.5463230320525436,-2.905986658587556,2.2574633207454196,3466
a25_d0.5,25.0,0.5,prova2,raster,8,0.6944444444444444,PbLa,deterministic,unmeasured,0.010309384658244566,,-97.96727735986127,,1045
a25_d0.5,25.0,0.5,prova2,raster,8,0.6944444444444444,PbLb,ensemble,footprint,0.8958727303998205,0.7502158160008984,0.17885949694709247,0.9652429678925479,3466
a25_d0.5,25.0,0.5,prova2,raster,8,0.6944444444444444,PbLb,ensemble,unmeasured,0.255503663059904,,-5.4226423847739404,,1045
a25_d0.5,25.0,0.5,prova2,raster,8,0.6944444444444444,PbLb,deterministic,footprint,0.55880008396477,0.5388069717241301,-3.041227696180504,2.287417530594575,3466
a25_d0.5,25.0,0.5,prova2,raster,8,0.6944444444444444,PbLb,deterministic,unmeasured,-0.002177447828794526,,-97.97488360825439,,1045
a25_d0.5,25.0,0.5,prova2,raster,8,0.6944444444444444,PbLg,ensemble,footprint,0.8726309693756228,0.7060579293127549,-0.5418060186378248,0.9489197323290236,3466
a25_d0.5,25.0,0.5,prova2,raster,8,0.6944444444444444,PbLg,ensemble,unmeasured,0.27359089022202937,,-4.9543508409030785,,1045
a25_d0.5,25.0,0.5,prova2,raster,8,0.6944444444444444,PbLg,deterministic,footprint,0.5231757037434351,0.5047094577688407,-5.4047925940046255,2.316284192299653,3466
a25_d0.5,25.0,0.5,prova2,raster,8,0.6944444444444444,PbLg,deterministic,unmeasured,-0.013053520944777982,,-97.95148979489903,,1045
a25_d0.5,25.0,0.5,prova2,raster,9,0.75,Ca,ensemble,footprint,0.8749433808908159,0.7726724790641362,0.7101305185129636,0.8743499130481925,3466
a25_d0.5,25.0,0.5,prova2,raster,9,0.75,Ca,ensemble,unmeasured,-0.09522692847776086,,1.5781686939923356,,846
a25_d0.5,25.0,0.5,prova2,raster,9,0.75,Ca,deterministic,footprint,0.6246234098071222,0.6845056451814906,-2.8828201308567003,1.6436869038261175,3466
a25_d0.5,25.0,0.5,prova2,raster,9,0.75,Ca,deterministic,unmeasured,0.16856464505776608,,-97.81365813189001,,846
a25_d0.5,25.0,0.5,prova2,raster,9,0.75,Ti,ensemble,footprint,0.7872025160387047,0.7374677474283894,1.5738414211479146,0.7831886962416862,3466
a25_d0.5,25.0,0.5,prova2,raster,9,0.75,Ti,ensemble,unmeasured,0.21738132692299816,,11.1027066452372,,846
a25_d0.5,25.0,0.5,prova2,raster,9,0.75,Ti,deterministic,footprint,0.4867285049479495,0.6234736582186292,-3.7886836285260017,1.846451429060922,3466
a25_d0.5,25.0,0.5,prova2,raster,9,0.75,Ti,deterministic,unmeasured,0.20687147652353674,,-97.75559549801135,,846
a25_d0.5,25.0,0.5,prova2,raster,9,0.75,Fe,ensemble,footprint,0.9372803765895483,0.8252856530855197,3.6485326961623876,0.9463065255279259,3466
a25_d0.5,25.0,0.5,prova2,raster,9,0.75,Fe,ensemble,unmeasured,0.6809836162563876,,-19.928468988136395,,846
a25_d0.5,25.0,0.5,prova2,raster,9,0.75,Fe,deterministic,footprint,0.875439894496976,0.7294212561666509,-4.910469556011754,1.18849602356419,3466
a25_d0.5,25.0,0.5,prova2,raster,9,0.75,Fe,deterministic,unmeasured,0.1363906567774328,,-98.01238499066676,,846
a25_d0.5,25.0,0.5,prova2,raster,9,0.75,Cu,ensemble,footprint,0.7580148707264773,0.7112123759899804,-7.3719660061793535,0.9891966490026086,3466
a25_d0.5,25.0,0.5,prova2,raster,9,0.75,Cu,ensemble,unmeasured,0.4808038782762842,,-61.860215692002114,,846
a25_d0.5,25.0,0.5,prova2,raster,9,0.75,Cu,deterministic,footprint,0.5862415011031991,0.6781299590288001,-9.294519263556356,1.2728849330367935,3466
a25_d0.5,25.0,0.5,prova2,raster,9,0.75,Cu,deterministic,unmeasured,0.10876057271096647,,-98.42240694587393,,846
a25_d0.5,25.0,0.5,prova2,raster,9,0.75,PbLl,ensemble,footprint,0.889735269606421,0.6990881299868971,-2.3943900880075697,0.9045293931909126,3466
a25_d0.5,25.0,0.5,prova2,raster,9,0.75,PbLl,ensemble,unmeasured,0.2502603016484273,,0.16575232374099047,,846
a25_d0.5,25.0,0.5,prova2,raster,9,0.75,PbLl,deterministic,footprint,0.7350321799672119,0.584921958253885,-8.402767952271372,1.4467303323297933,3466
a25_d0.5,25.0,0.5,prova2,raster,9,0.75,PbLl,deterministic,unmeasured,0.026329425834497447,,-98.33521947216164,,846
a25_d0.5,25.0,0.5,prova2,raster,9,0.75,PbLa,ensemble,footprint,0.9202177495976643,0.8015480132933166,0.09624030037636011,0.9533153544719689,3466
a25_d0.5,25.0,0.5,prova2,raster,9,0.75,PbLa,ensemble,unmeasured,0.26752716303888757,,-5.842560600420576,,846
a25_d0.5,25.0,0.5,prova2,raster,9,0.75,PbLa,deterministic,footprint,0.5796505267030465,0.627689473151727,-1.9124842189114366,2.014374610948714,3466
a25_d0.5,25.0,0.5,prova2,raster,9,0.75,PbLa,deterministic,unmeasured,-0.06686461623967004,,-98.30906715732071,,846
a25_d0.5,25.0,0.5,prova2,raster,9,0.75,PbLb,ensemble,footprint,0.9188939596416761,0.7973744828370968,0.1256383438365205,0.9591383922900425,3466
a25_d0.5,25.0,0.5,prova2,raster,9,0.75,PbLb,ensemble,unmeasured,0.25023146295108195,,-6.285335683857297,,846
a25_d0.5,25.0,0.5,prova2,raster,9,0.75,PbLb,deterministic,footprint,0.5747933062532278,0.6211193792134677,-2.0888649476100474,2.0392813259305824,3466
a25_d0.5,25.0,0.5,prova2,raster,9,0.75,PbLb,deterministic,unmeasured,-0.07569070825988646,,-98.31151480940954,,846
a25_d0.5,25.0,0.5,prova2,raster,9,0.75,PbLg,ensemble,footprint,0.8958835134063634,0.7472158880935343,-0.6734195083676342,0.944016683579264,3466
a25_d0.5,25.0,0.5,prova2,raster,9,0.75,PbLg,ensemble,unmeasured,0.27578970527488417,,-6.155518282815235,,846
a25_d0.5,25.0,0.5,prova2,raster,9,0.75,PbLg,deterministic,footprint,0.5349747464650291,0.5834403313045151,-3.889964700048587,2.063734622919454,3466
a25_d0.5,25.0,0.5,prova2,raster,9,0.75,PbLg,deterministic,unmeasured,-0.08256979604160751,,-98.30727090581345,,846
a25_d0.5,25.0,0.5,prova2,raster,10,0.8055555555555556,Ca,ensemble,footprint,0.9009783246755907,0.824750577130858,1.0571233606858854,0.8836751615854189,3466
a25_d0.5,25.0,0.5,prova2,raster,10,0.8055555555555556,Ca,ensemble,unmeasured,-0.1669482683420616,,8.165419302669937,,650
a25_d0.5,25.0,0.5,prova2,raster,10,0.8055555555555556,Ca,deterministic,footprint,0.7112366916602492,0.7489175518274512,-2.044382623880092,1.4694951304695711,3466
a25_d0.5,25.0,0.5,prova2,raster,10,0.8055555555555556,Ca,deterministic,unmeasured,0.2009475374493783,,-98.15173349417863,,650
a25_d0.5,25.0,0.5,prova2,raster,10,0.8055555555555556,Ti,ensemble,footprint,0.8404262177601102,0.7834224589172262,1.9812434737560114,0.8174197475013019,3466
a25_d0.5,25.0,0.5,prova2,raster,10,0.8055555555555556,Ti,ensemble,unmeasured,0.24434962783669176,,19.20237429823512,,650
a25_d0.5,25.0,0.5,prova2,raster,10,0.8055555555555556,Ti,deterministic,footprint,0.6167310521326135,0.7016272950157835,-2.507964500294879,1.6408764879111455,3466
a25_d0.5,25.0,0.5,prova2,raster,10,0.8055555555555556,Ti,deterministic,unmeasured,0.27912768230391954,,-97.99482935477839,,650
a25_d0.5,25.0,0.5,prova2,raster,10,0.8055555555555556,Fe,ensemble,footprint,0.9715704724759354,0.873178513758195,3.4613417349024234,0.9506457183358028,3466
a25_d0.5,25.0,0.5,prova2,raster,10,0.8055555555555556,Fe,ensemble,unmeasured,0.5707012904106104,,-2.5144723434672205,,650
a25_d0.5,25.0,0.5,prova2,raster,10,0.8055555555555556,Fe,deterministic,footprint,0.9406186749598803,0.8166987545185848,-2.846077447458417,1.125126773908859,3466
a25_d0.5,25.0,0.5,prova2,raster,10,0.8055555555555556,Fe,deterministic,unmeasured,0.24159771506824115,,-97.59870324456368,,650
a25_d0.5,25.0,0.5,prova2,raster,10,0.8055555555555556,Cu,ensemble,footprint,0.8102023448060178,0.7760181324777852,-5.3843690494893455,0.998025710555243,3466
a25_d0.5,25.0,0.5,prova2,raster,10,0.8055555555555556,Cu,ensemble,unmeasured,0.3996459998715948,,-61.99975230344936,,650
a25_d0.5,25.0,0.5,prova2,raster,10,0.8055555555555556,Cu,deterministic,footprint,0.6793166712240117,0.7506940032907652,-6.526175665478995,1.1933868975750324,3466
a25_d0.5,25.0,0.5,prova2,raster,10,0.8055555555555556,Cu,deterministic,unmeasured,0.024686311125123254,,-99.071110816713,,650
a25_d0.5,25.0,0.5,prova2,raster,10,0.8055555555555556,PbLl,ensemble,footprint,0.9026719635377168,0.7470329083103174,-2.3148592212060226,0.9269641255513362,3466
a25_d0.5,25.0,0.5,prova2,raster,10,0.8055555555555556,PbLl,ensemble,unmeasured,0.06248615211998252,,-1.1971927150330641,,650
a25_d0.5,25.0,0.5,prova2,raster,10,0.8055555555555556,PbLl,deterministic,footprint,0.7634268417622065,0.6586485248759079,-6.16052752266415,1.335039432279111,3466
a25_d0.5,25.0,0.5,prova2,raster,10,0.8055555555555556,PbLl,deterministic,unmeasured,-0.038110537984353085,,-98.76811874662867,,650
a25_d0.5,25.0,0.5,prova2,raster,10,0.8055555555555556,PbLa,ensemble,footprint,0.9382433504134094,0.8607813272108196,-0.09974093716800247,0.9664992518109328,3466
a25_d0.5,25.0,0.5,prova2,raster,10,0.8055555555555556,PbLa,ensemble,unmeasured,0.20531063020890655,,-6.832560941947767,,650
a25_d0.5,25.0,0.5,prova2,raster,10,0.8055555555555556,PbLa,deterministic,footprint,0.6043145066206191,0.7231461087493827,-1.2425463818020233,1.7889496732063492,3466
a25_d0.5,25.0,0.5,prova2,raster,10,0.8055555555555556,PbLa,deterministic,unmeasured,-0.1486786651877191,,-98.69356339521335,,650
a25_d0.5,25.0,0.5,prova2,raster,10,0.8055555555555556,PbLb,ensemble,footprint,0.9359271612367897,0.8540296476951952,-0.037210533746456775,0.9673427024834663,3466
a25_d0.5,25.0,0.5,prova2,raster,10,0.8055555555555556,PbLb,ensemble,unmeasured,0.2116442860050016,,-7.102690981901588,,650
a25_d0.5,25.0,0.5,prova2,raster,10,0.8055555555555556,PbLb,deterministic,footprint,0.5968894542023857,0.7158948349791663,-1.4490836821092312,1.8056363395292752,3466
a25_d0.5,25.0,0.5,prova2,raster,10,0.8055555555555556,PbLb,deterministic,unmeasured,-0.13147245190676707,,-98.66691441117617,,650
a25_d0.5,25.0,0.5,prova2,raster,10,0.8055555555555556,PbLg,ensemble,footprint,0.9107897120684508,0.7916450605877021,-0.7049954335959008,0.9588384399339467,3466
a25_d0.5,25.0,0.5,prova2,raster,10,0.8055555555555556,PbLg,ensemble,unmeasured,0.1938575527346909,,-7.915594081564047,,650
a25_d0.5,25.0,0.5,prova2,raster,10,0.8055555555555556,PbLg,deterministic,footprint,0.548965718668645,0.6630060248305946,-2.5222636830425804,1.8288112414967945,3466
a25_d0.5,25.0,0.5,prova2,raster,10,0.8055555555555556,PbLg,deterministic,unmeasured,-0.1439808335821776,,-98.67236496164922,,650
a25_d0.5,25.0,0.5,prova2,raster,11,0.8611111111111112,Ca,ensemble,footprint,0.9401092066987249,0.8941695101282705,1.0324290311795714,0.9050340133244607,3466
a25_d0.5,25.0,0.5,prova2,raster,11,0.8611111111111112,Ca,ensemble,unmeasured,-0.11964314765464464,,11.014430579502362,,455
a25_d0.5,25.0,0.5,prova2,raster,11,0.8611111111111112,Ca,deterministic,footprint,0.7872334266813898,0.8289649810499577,-1.3135345633528028,1.3084412271027706,3466
a25_d0.5,25.0,0.5,prova2,raster,11,0.8611111111111112,Ca,deterministic,unmeasured,0.17754682083344747,,-98.17710175916338,,455
a25_d0.5,25.0,0.5,prova2,raster,11,0.8611111111111112,Ti,ensemble,footprint,0.891161946289282,0.8368886235692335,1.851205994772842,0.8580204457044606,3466
a25_d0.5,25.0,0.5,prova2,raster,11,0.8611111111111112,Ti,ensemble,unmeasured,0.20649534400009154,,23.21858376098877,,455
a25_d0.5,25.0,0.5,prova2,raster,11,0.8611111111111112,Ti,deterministic,footprint,0.7153222889717276,0.7813446514314061,-1.4372919258355488,1.4412794562416014,3466
a25_d0.5,25.0,0.5,prova2,raster,11,0.8611111111111112,Ti,deterministic,unmeasured,0.05809659751045204,,-98.408611812541,,455
a25_d0.5,25.0,0.5,prova2,raster,11,0.8611111111111112,Fe,ensemble,footprint,0.9813918150094245,0.9007657367483412,3.196299356060983,0.9577207791914513,3466
a25_d0.5,25.0,0.5,prova2,raster,11,0.8611111111111112,Fe,ensemble,unmeasured,0.5867780629650688,,-0.09392167595087514,,455
a25_d0.5,25.0,0.5,prova2,raster,11,0.8611111111111112,Fe,deterministic,footprint,0.9607276881782404,0.8627242861638383,-0.9201020101444746,1.0686526797829115,3466
a25_d0.5,25.0,0.5,prova2,raster,11,0.8611111111111112,Fe,deterministic,unmeasured,0.12029126058747026,,-98.85436456280398,,455
a25_d0.5,25.0,0.5,prova2,raster,11,0.8611111111111112,Cu,ensemble,footprint,0.8523472405485194,0.8267292328135217,-4.096532061014868,0.9824823192465812,3466
a25_d0.5,25.0,0.5,prova2,raster,11,0.8611111111111112,Cu,ensemble,unmeasured,0.3946414572412341,,-61.86400496547668,,455
a25_d0.5,25.0,0.5,prova2,raster,11,0.8611111111111112,Cu,deterministic,footprint,0.7523045515771736,0.7990329507565439,-4.403824872234896,1.1068183215907872,3466
a25_d0.5,25.0,0.5,prova2,raster,11,0.8611111111111112,Cu,deterministic,unmeasured,0.0442716181341927,,-98.66944508742118,,455
a25_d0.5,25.0,0.5,prova2,raster,11,0.8611111111111112,PbLl,ensemble,footprint,0.9215886548788738,0.7855539049257145,-2.4896699617759976,0.9312300153212301,3466
a25_d0.5,25.0,0.5,prova2,raster,11,0.8611111111111112,PbLl,ensemble,unmeasured,0.04276714137735096,,2.524171881194287,,455
a25_d0.5,25.0,0.5,prova2,raster,11,0.8611111111111112,PbLl,deterministic,footprint,0.8051727271232001,0.7112851751515863,-4.370627206653466,1.2093984115384577,3466
a25_d0.5,25.0,0.5,prova2,raster,11,0.8611111111111112,PbLl,deterministic,unmeasured,-0.002500436919925957,,-98.56684348395093,,455
a25_d0.5,25.0,0.5,prova2,raster,11,0.8611111111111112,PbLa,ensemble,footprint,0.9584465073850729,0.9026474453474626,-0.09727859734411926,0.9614767904568308,3466
a25_d0.5,25.0,0.5,prova2,raster,11,0.8611111111111112,PbLa,ensemble,unmeasured,0.22028770876027404,,-6.356262560101013,,455
a25_d0.5,25.0,0.5,prova2,raster,11,0.8611111111111112,PbLa,deterministic,footprint,0.6602432378618841,0.789321760668233,-0.751309116586163,1.5479861421478858,3466
a25_d0.5,25.0,0.5,prova2,raster,11,0.8611111111111112,PbLa,deterministic,unmeasured,-0.10439796449543455,,-98.71830626001913,,455
a25_d0.5,25.0,0.5,prova2,raster,11,0.8611111111111112,PbLb,ensemble,footprint,0.9566845066879676,0.8993628504805135,-0.0880212831338878,0.96168862003723,3466
a25_d0.5,25.0,0.5,prova2,raster,11,0.8611111111111112,PbLb,ensemble,unmeasured,0.2546987712432082,,-6.526724378115585,,455
a25_d0.5,25.0,0.5,prova2,raster,11,0.8611111111111112,PbLb,deterministic,footprint,0.6539317841167909,0.7842997565549195,-0.8830582080088467,1.5598092352873998,3466
a25_d0.5,25.0,0.5,prova2,raster,11,0.8611111111111112,PbLb,deterministic,unmeasured,-0.1111823259599806,,-98.73308310280946,,455
a25_d0.5,25.0,0.5,prova2,raster,11,0.8611111111111112,PbLg,ensemble,footprint,0.9331582969190295,0.8355534158388976,-0.5224993616747442,0.9532953464436709,3466
a25_d0.5,25.0,0.5,prova2,raster,11,0.8611111111111112,PbLg,ensemble,unmeasured,0.22196869125877303,,-7.298358897994592,,455
a25_d0.5,25.0,0.5,prova2,raster,11,0.8611111111111112,PbLg,deterministic,footprint,0.6107562450822457,0.7321365991267038,-1.4704213654359033,1.575841022992304,3466
a25_d0.5,25.0,0.5,prova2,raster,11,0.8611111111111112,PbLg,deterministic,unmeasured,-0.10008570956687517,,-98.72617553240863,,455
a25_d0.5,25.0,0.5,prova2,raster,12,0.9166666666666666,Ca,ensemble,footprint,0.9661787304858,0.9449149030031077,1.0719880785082792,0.9297415469187037,3466
a25_d0.5,25.0,0.5,prova2,raster,12,0.9166666666666666,Ca,ensemble,unmeasured,-0.01922764152839894,,7.3825973574776524,,264
a25_d0.5,25.0,0.5,prova2,raster,12,0.9166666666666666,Ca,deterministic,footprint,0.8537241100043449,0.8955768923370223,-0.6370209607691413,1.1511173809317208,3466
a25_d0.5,25.0,0.5,prova2,raster,12,0.9166666666666666,Ca,deterministic,unmeasured,0.06100728525723043,,-98.06190832840794,,264
a25_d0.5,25.0,0.5,prova2,raster,12,0.9166666666666666,Ti,ensemble,footprint,0.9255580559596718,0.8799185678961817,1.5569589796706529,0.8847443013769615,3466
a25_d0.5,25.0,0.5,prova2,raster,12,0.9166666666666666,Ti,ensemble,unmeasured,0.29025168220368164,,22.528828676634003,,264
a25_d0.5,25.0,0.5,prova2,raster,12,0.9166666666666666,Ti,deterministic,footprint,0.7911145705408035,0.8417673696619803,-0.5471832164871682,1.2222113953257667,3466
a25_d0.5,25.0,0.5,prova2,raster,12,0.9166666666666666,Ti,deterministic,unmeasured,-0.01622502038706011,,-98.14143139958233,,264
a25_d0.5,25.0,0.5,prova2,raster,12,0.9166666666666666,Fe,ensemble,footprint,0.9889616122413907,0.9352474327304409,2.6071304306573895,0.9607065346415863,3466
a25_d0.5,25.0,0.5,prova2,raster,12,0.9166666666666666,Fe,ensemble,unmeasured,0.5663673894649984,,14.992415856948046,,264
a25_d0.5,25.0,0.5,prova2,raster,12,0.9166666666666666,Fe,deterministic,footprint,0.9789996810210343,0.9196005932247925,0.25439661747514997,1.0164690987707468,3466
a25_d0.5,25.0,0.5,prova2,raster,12,0.9166666666666666,Fe,deterministic,unmeasured,0.15208781811904445,,-98.61223229703006,,264
a25_d0.5,25.0,0.5,prova2,raster,12,0.9166666666666666,Cu,ensemble,footprint,0.8925893252397199,0.9009496820541251,-2.7523862035553903,0.977494345896371,3466
a25_d0.5,25.0,0.5,prova2,raster,12,0.9166666666666666,Cu,ensemble,unmeasured,0.41846152151183946,,-66.15340033075782,,264
a25_d0.5,25.0,0.5,prova2,raster,12,0.9166666666666666,Cu,deterministic,footprint,0.8257475768163661,0.8789394236755794,-2.55001267964714,1.0310713981764221,3466
a25_d0.5,25.0,0.5,prova2,raster,12,0.9166666666666666,Cu,deterministic,unmeasured,0.06920319378634207,,-98.2342002204635,,264
a25_d0.5,25.0,0.5,prova2,raster,12,0.9166666666666666,PbLl,ensemble,footprint,0.9366793168096473,0.8241576032722561,-2.5183654705296488,0.9479009736535168,3466
a25_d0.5,25.0,0.5,prova2,raster,12,0.9166666666666666,PbLl,ensemble,unmeasured,0.13621927268109396,,-3.475345596473059,,264
a25_d0.5,25.0,0.5,prova2,raster,12,0.9166666666666666,PbLl,deterministic,footprint,0.851235853129057,0.7696743554949704,-2.3604278983962113,1.0893804786504377,3466
a25_d0.5,25.0,0.5,prova2,raster,12,0.9166666666666666,PbLl,deterministic,unmeasured,0.1474296209451938,,-98.07781337160861,,264
a25_d0.5,25.0,0.5,prova2,raster,12,0.9166666666666666,PbLa,ensemble,footprint,0.9727217477524557,0.9512138105206595,-0.10805158782383195,0.9668722442341838,3466
a25_d0.5,25.0,0.5,prova2,raster,12,0.9166666666666666,PbLa,ensemble,unmeasured,0.19153102480672687,,-11.212040134048742,,264
a25_d0.5,25.0,0.5,prova2,raster,12,0.9166666666666666,PbLa,deterministic,footprint,0.7487725247368855,0.8700386058900982,-0.3719364252692481,1.3042237763731441,3466
a25_d0.5,25.0,0.5,prova2,raster,12,0.9166666666666666,PbLa,deterministic,unmeasured,-0.02067681638818217,,-98.31725023061693,,264
a25_d0.5,25.0,0.5,prova2,raster,12,0.9166666666666666,PbLb,ensemble,footprint,0.9710343358167524,0.9482632669998906,-0.08036646659446145,0.9665029800993857,3466
a25_d0.5,25.0,0.5,prova2,raster,12,0.9166666666666666,PbLb,ensemble,unmeasured,0.19312239636739859,,-10.812757033483539,,264
a25_d0.5,25.0,0.5,prova2,raster,12,0.9166666666666666,PbLb,deterministic,footprint,0.7459816943823109,0.8675479356808027,-0.46976855493139347,1.3105958434115972,3466
a25_d0.5,25.0,0.5,prova2,raster,12,0.9166666666666666,PbLb,deterministic,unmeasured,-0.03610901906664527,,-98.32967714884701,,264
a25_d0.5,25.0,0.5,prova2,raster,12,0.9166666666666666,PbLg,ensemble,footprint,0.9470747011635459,0.8811523912379893,-0.4055048792450555,0.9582673971104952,3466
a25_d0.5,25.0,0.5,prova2,raster,12,0.9166666666666666,PbLg,ensemble,unmeasured,0.17398605416384064,,-11.882295617281885,,264
a25_d0.5,25.0,0.5,prova2,raster,12,0.9166666666666666,PbLg,deterministic,footprint,0.705333539611439,0.8093808657539764,-0.7355096821924478,1.31908917459993,3466
a25_d0.5,25.0,0.5,prova2,raster,12,0.9166666666666666,PbLg,deterministic,unmeasured,0.03804216042296904,,-98.2222198358987,,264
a25_d0.5,25.0,0.5,prova2,raster,13,0.9722222222222222,Ca,ensemble,footprint,0.9788790702631502,0.9596990620786153,1.2355464765709812,0.9384318097526795,3466
a25_d0.5,25.0,0.5,prova2,raster,13,0.9722222222222222,Ca,ensemble,unmeasured,-0.04956104280017945,,13.660476561435019,,94
a25_d0.5,25.0,0.5,prova2,raster,13,0.9722222222222222,Ca,deterministic,footprint,0.9308407765002606,0.9313168766515064,0.008002518719218976,1.0010599900073258,3466
a25_d0.5,25.0,0.5,prova2,raster,13,0.9722222222222222,Ca,deterministic,unmeasured,0.02890760464412316,,-96.68880485384763,,94
a25_d0.5,25.0,0.5,prova2,raster,13,0.9722222222222222,Ti,ensemble,footprint,0.9443633798548755,0.89928765466571,1.4674293736433697,0.9099076806175662,3466
a25_d0.5,25.0,0.5,prova2,raster,13,0.9722222222222222,Ti,ensemble,unmeasured,0.1501717764305754,,35.22665917142688,,94
a25_d0.5,25.0,0.5,prova2,raster,13,0.9722222222222222,Ti,deterministic,footprint,0.8883116143650948,0.877651342185005,0.27626906140287844,1.0168135593951522,3466
a25_d0.5,25.0,0.5,prova2,raster,13,0.9722222222222222,Ti,deterministic,unmeasured,0.0016119399078312548,,-96.64481756300096,,94
a25_d0.5,25.0,0.5,prova2,raster,13,0.9722222222222222,Fe,ensemble,footprint,0.9907550715667133,0.9488114325248087,2.1853680318695723,0.9699641473604728,3466
a25_d0.5,25.0,0.5,prova2,raster,13,0.9722222222222222,Fe,ensemble,unmeasured,0.4287022437102563,,-2.1238885704885715,,94
a25_d0.5,25.0,0.5,prova2,raster,13,0.9722222222222222,Fe,deterministic,footprint,0.9845473198794574,0.9392993488829257,1.2880837239520382,0.984278993937988,3466
a25_d0.5,25.0,0.5,prova2,raster,13,0.9722222222222222,Fe,deterministic,unmeasured,0.223309976594637,,-97.65984700129296,,94
a25_d0.5,25.0,0.5,prova2,raster,13,0.9722222222222222,Cu,ensemble,footprint,0.9340296352138917,0.9356582170565653,-0.9588386002910454,0.9586758424049374,3466
a25_d0.5,25.0,0.5,prova2,raster,13,0.9722222222222222,Cu,ensemble,unmeasured,0.25179616474000827,,-69.64461270443567,,94
a25_d0.5,25.0,0.5,prova2,raster,13,0.9722222222222222,Cu,deterministic,footprint,0.9043405527754604,0.9185821815512099,-0.5378272095937664,0.9626663027265672,3466
a25_d0.5,25.0,0.5,prova2,raster,13,0.9722222222222222,Cu,deterministic,unmeasured,0.07543517422445675,,-97.28663796025701,,94
a25_d0.5,25.0,0.5,prova2,raster,13,0.9722222222222222,PbLl,ensemble,footprint,0.9457725024057783,0.8379105251978572,-2.397614933890524,0.9489532880200916,3466
a25_d0.5,25.0,0.5,prova2,raster,13,0.9722222222222222,PbLl,ensemble,unmeasured,0.21379661625839602,,4.0811308995532025,,94
a25_d0.5,25.0,0.5,prova2,raster,13,0.9722222222222222,PbLl,deterministic,footprint,0.907804323327598,0.8107073474822173,-0.5841585103608216,0.9759851096851,3466
a25_d0.5,25.0,0.5,prova2,raster,13,0.9722222222222222,PbLl,deterministic,unmeasured,0.2974361865756163,,-96.20393367475714,,94
a25_d0.5,25.0,0.5,prova2,raster,13,0.9722222222222222,PbLa,ensemble,footprint,0.9877702372602392,0.970234850013683,-0.03977115730358083,0.9592527504087762,3466
a25_d0.5,25.0,0.5,prova2,raster,13,0.9722222222222222,PbLa,ensemble,unmeasured,0.4260685660917082,,-7.005364872245134,,94
a25_d0.5,25.0,0.5,prova2,raster,13,0.9722222222222222,PbLa,deterministic,footprint,0.8727701712104107,0.9314272753782735,0.03574716829697344,1.0678047977815666,3466
a25_d0.5,25.0,0.5,prova2,raster,13,0.9722222222222222,PbLa,deterministic,unmeasured,0.040254290572003804,,-96.90113204952061,,94
a25_d0.5,25.0,0.5,prova2,raster,13,0.9722222222222222,PbLb,ensemble,footprint,0.9865409172932509,0.9663501903993608,-0.009505833113410134,0.9590253795391783,3466
a25_d0.5,25.0,0.5,prova2,raster,13,0.9722222222222222,PbLb,ensemble,unmeasured,0.44850461539558956,,-7.057341552345462,,94
a25_d0.5,25.0,0.5,prova2,raster,13,0.9722222222222222,PbLb,deterministic,footprint,0.8687414050130642,0.9278424809417943,-0.13312473181883444,1.06891769346106,3466
a25_d0.5,25.0,0.5,prova2,raster,13,0.9722222222222222,PbLb,deterministic,unmeasured,0.007721352357005651,,-96.9282095676836,,94
a25_d0.5,25.0,0.5,prova2,raster,13,0.9722222222222222,PbLg,ensemble,footprint,0.9636507236854192,0.8981257135489775,-0.2348473977192067,0.9512722011402508,3466
a25_d0.5,25.0,0.5,prova2,raster,13,0.9722222222222222,PbLg,ensemble,unmeasured,0.4389363726142915,,-8.233297109015664,,94
a25_d0.5,25.0,0.5,prova2,raster,13,0.9722222222222222,PbLg,deterministic,footprint,0.8360236708504168,0.8621688998541959,-0.15115133602597863,1.0686060969160716,3466
a25_d0.5,25.0,0.5,prova2,raster,13,0.9722222222222222,PbLg,deterministic,unmeasured,0.08632719004112031,,-96.73346576447082,,94
a25_d0.5,25.0,0.5,prova2,raster,14,1.0,Ca,ensemble,footprint,0.986994399053154,0.9669192402508501,1.273555091607692,0.9480590579897618,3466
a25_d0.5,25.0,0.5,prova2,raster,14,1.0,Ca,deterministic,footprint,0.980206035683238,0.9501931902116473,0.32370896482767364,0.9224788084722235,3466
a25_d0.5,25.0,0.5,prova2,raster,14,1.0,Ti,ensemble,footprint,0.9624545784060747,0.9104412660924375,1.309510111221246,0.9303964505950837,3466
a25_d0.5,25.0,0.5,prova2,raster,14,1.0,Ti,deterministic,footprint,0.9552591250192519,0.8964469711885972,0.5904760505723194,0.9041772752708972,3466
a25_d0.5,25.0,0.5,prova2,raster,14,1.0,Fe,ensemble,footprint,0.9928022854635402,0.9547095178929589,1.934929720847367,0.9721835154795427,3466
a25_d0.5,25.0,0.5,prova2,raster,14,1.0,Fe,deterministic,footprint,0.990503369461687,0.9493385759524153,1.6112721087446769,0.963034606799225,3466
a25_d0.5,25.0,0.5,prova2,raster,14,1.0,Cu,ensemble,footprint,0.9861150903528646,0.9529119105367921,-0.474460407839028,0.9623448832989235,3466
a25_d0.5,25.0,0.5,prova2,raster,14,1.0,Cu,deterministic,footprint,0.9808535575398776,0.9402700223560552,0.1692954269976621,0.9415924817234497,3466
a25_d0.5,25.0,0.5,prova2,raster,14,1.0,PbLl,ensemble,footprint,0.9499181909022533,0.8434325133058377,-2.4550137872176303,0.954208842623515,3466
a25_d0.5,25.0,0.5,prova2,raster,14,1.0,PbLl,deterministic,footprint,0.9436299750697679,0.8280379474015123,0.2795671414671741,0.9176204265957751,3466
a25_d0.5,25.0,0.5,prova2,raster,14,1.0,PbLa,ensemble,footprint,0.9921747454200518,0.9753037121825591,0.009085860269797408,0.9594563237116429,3466
a25_d0.5,25.0,0.5,prova2,raster,14,1.0,PbLa,deterministic,footprint,0.9857144860637074,0.9586154811877502,0.19151599478481884,0.9323113826386912,3466
a25_d0.5,25.0,0.5,prova2,raster,14,1.0,PbLb,ensemble,footprint,0.9911668833046771,0.971317651876316,0.034943566864042985,0.9593165367362851,3466
a25_d0.5,25.0,0.5,prova2,raster,14,1.0,PbLb,deterministic,footprint,0.9849114213176229,0.9547292264271546,0.06005809473648149,0.9295458863689983,3466
a25_d0.5,25.0,0.5,prova2,raster,14,1.0,PbLg,ensemble,footprint,0.9691819729092761,0.9037892515075435,-0.09218910272814629,0.9530372545674712,3466
a25_d0.5,25.0,0.5,prova2,raster,14,1.0,PbLg,deterministic,footprint,0.9632785953083088,0.8886673655211199,0.20799891564315942,0.9251717004158114,3466
a25_d0.5,25.0,0.5,prova2,oracle,0,0.25,Ca,ensemble,footprint,0.2957811539841705,0.2679940714504929,-2.801786708411913,0.7794260610250096,3466
a25_d0.5,25.0,0.5,prova2,oracle,0,0.25,Ca,ensemble,unmeasured,-0.2283153531242775,,-11.408188618500905,,2591
a25_d0.5,25.0,0.5,prova2,oracle,0,0.25,Ca,deterministic,footprint,0.38811833621813474,0.14337942715286278,-100.0,3.9282359085484924,3466
a25_d0.5,25.0,0.5,prova2,oracle,0,0.25,Ca,deterministic,unmeasured,0.13151333726978123,,-97.93524969264186,,2591
a25_d0.5,25.0,0.5,prova2,oracle,0,0.25,Ti,ensemble,footprint,0.19329267777190848,0.29838078916361116,-0.87414609713381,0.8575254286357548,3466
a25_d0.5,25.0,0.5,prova2,oracle,0,0.25,Ti,ensemble,unmeasured,-0.0943396642662746,,-7.855214090431529,,2591
a25_d0.5,25.0,0.5,prova2,oracle,0,0.25,Ti,deterministic,footprint,0.20974018363102587,0.08040996660781843,-100.0,4.88409628826331,3466
a25_d0.5,25.0,0.5,prova2,oracle,0,0.25,Ti,deterministic,unmeasured,0.05178643985581491,,-98.05892329624602,,2591
a25_d0.5,25.0,0.5,prova2,oracle,0,0.25,Fe,ensemble,footprint,0.3772080337231304,0.4649584144482957,1.0255811131024917,0.7479237503265692,3466
a25_d0.5,25.0,0.5,prova2,oracle,0,0.25,Fe,ensemble,unmeasured,-0.01493803043790768,,-47.85442286477179,,2591
a25_d0.5,25.0,0.5,prova2,oracle,0,0.25,Fe,deterministic,footprint,0.3309483517715509,0.21607577575393302,-100.0,2.262556171840963,3466
a25_d0.5,25.0,0.5,prova2,oracle,0,0.25,Fe,deterministic,unmeasured,0.09702075574386333,,-98.36657843044314,,2591
a25_d0.5,25.0,0.5,prova2,oracle,0,0.25,Cu,ensemble,footprint,0.43264298361189785,0.18072255799693399,-55.63208647393485,0.8842209826572335,3466
a25_d0.5,25.0,0.5,prova2,oracle,0,0.25,Cu,ensemble,unmeasured,0.25291299757009705,,-56.69403679387725,,2591
a25_d0.5,25.0,0.5,prova2,oracle,0,0.25,Cu,deterministic,footprint,0.31790906982594863,0.2878604880372165,-100.0,2.3092094770680385,3466
a25_d0.5,25.0,0.5,prova2,oracle,0,0.25,Cu,deterministic,unmeasured,0.17436409410426457,,-98.12341854416694,,2591
a25_d0.5,25.0,0.5,prova2,oracle,0,0.25,PbLl,ensemble,footprint,0.6129378380785796,0.3390097531945431,-20.852373917241817,0.8381855769072989,3466
a25_d0.5,25.0,0.5,prova2,oracle,0,0.25,PbLl,ensemble,unmeasured,0.5058337933289074,,-27.530969263907462,,2591
a25_d0.5,25.0,0.5,prova2,oracle,0,0.25,PbLl,deterministic,footprint,0.22224317000130267,0.10561502251973327,-100.0,3.294860038455138,3466
a25_d0.5,25.0,0.5,prova2,oracle,0,0.25,PbLl,deterministic,unmeasured,0.17370136598259825,,-97.71293665762926,,2591
a25_d0.5,25.0,0.5,prova2,oracle,0,0.25,PbLa,ensemble,footprint,0.5548317509363696,0.33769264835113344,-15.042647208990745,1.0620430289406277,3466
a25_d0.5,25.0,0.5,prova2,oracle,0,0.25,PbLa,ensemble,unmeasured,0.4757918073929272,,-24.809593121259613,,2591
a25_d0.5,25.0,0.5,prova2,oracle,0,0.25,PbLa,deterministic,footprint,0.05416093833360182,0.02060305816643179,-100.0,5.11829080513398,3466
a25_d0.5,25.0,0.5,prova2,oracle,0,0.25,PbLa,deterministic,unmeasured,0.11835902049339325,,-97.93254778413528,,2591
a25_d0.5,25.0,0.5,prova2,oracle,0,0.25,PbLb,ensemble,footprint,0.5321741134778468,0.33601962895245174,-15.03462623148547,1.073794924825873,3466
a25_d0.5,25.0,0.5,prova2,oracle,0,0.25,PbLb,ensemble,unmeasured,0.4503236541819272,,-25.019967310868278,,2591
a25_d0.5,25.0,0.5,prova2,oracle,0,0.25,PbLb,deterministic,footprint,0.04026536132595555,0.016439935631572068,-100.0,5.198885689098479,3466
a25_d0.5,25.0,0.5,prova2,oracle,0,0.25,PbLb,deterministic,unmeasured,0.11242684215518492,,-97.95042762879838,,2591
a25_d0.5,25.0,0.5,prova2,oracle,0,0.25,PbLg,ensemble,footprint,0.5330889222313292,0.34167272391820547,-14.789417011108574,1.0843169340700627,3466
a25_d0.5,25.0,0.5,prova2,oracle,0,0.25,PbLg,ensemble,unmeasured,0.44945950070862034,,-23.922977922312352,,2591
a25_d0.5,25.0,0.5,prova2,oracle,0,0.25,PbLg,deterministic,footprint,0.04123423739756423,0.021385966128146652,-100.0,5.300509750052899,3466
a25_d0.5,25.0,0.5,prova2,oracle,0,0.25,PbLg,deterministic,unmeasured,0.10011014127886352,,-97.93763986040217,,2591
a25_d0.5,25.0,0.5,prova2,oracle,1,0.3055555555555556,Ca,ensemble,footprint,0.4936315046665396,0.3272998260446157,-1.71035467845142,0.7035797288265584,3466
a25_d0.5,25.0,0.5,prova2,oracle,1,0.3055555555555556,Ca,ensemble,unmeasured,-0.08685900705318718,,-6.004152795926959,,2415
a25_d0.5,25.0,0.5,prova2,oracle,1,0.3055555555555556,Ca,deterministic,footprint,0.4112420530377944,0.15639646097072332,-100.0,3.5259478183025883,3466
a25_d0.5,25.0,0.5,prova2,oracle,1,0.3055555555555556,Ca,deterministic,unmeasured,0.17841993411919124,,-97.29927380659844,,2415
a25_d0.5,25.0,0.5,prova2,oracle,1,0.3055555555555556,Ti,ensemble,footprint,0.5043175749945182,0.3532488387437204,-0.18331667495818937,0.7305546066295987,3466
a25_d0.5,25.0,0.5,prova2,oracle,1,0.3055555555555556,Ti,ensemble,unmeasured,0.1693190238112296,,-2.4191702514481017,,2415
a25_d0.5,25.0,0.5,prova2,oracle,1,0.3055555555555556,Ti,deterministic,footprint,0.23706363316229795,0.0834490210057167,-100.0,4.379423122408633,3466
a25_d0.5,25.0,0.5,prova2,oracle,1,0.3055555555555556,Ti,deterministic,unmeasured,0.06592526629614863,,-97.49541357871678,,2415
a25_d0.5,25.0,0.5,prova2,oracle,1,0.3055555555555556,Fe,ensemble,footprint,0.5068048388745608,0.49088605776444355,2.616809051900093,0.7097592628847497,3466
a25_d0.5,25.0,0.5,prova2,oracle,1,0.3055555555555556,Fe,ensemble,unmeasured,0.38251848228239527,,-45.2918512971534,,2415
a25_d0.5,25.0,0.5,prova2,oracle,1,0.3055555555555556,Fe,deterministic,footprint,0.3472031495372095,0.22558639980604803,-100.0,1.9953559004190942,3466
a25_d0.5,25.0,0.5,prova2,oracle,1,0.3055555555555556,Fe,deterministic,unmeasured,0.19095220155507217,,-97.57390502865137,,2415
a25_d0.5,25.0,0.5,prova2,oracle,1,0.3055555555555556,Cu,ensemble,footprint,0.5310057551015764,0.20602828068016715,-49.511055902600944,0.8931047903150903,3466
a25_d0.5,25.0,0.5,prova2,oracle,1,0.3055555555555556,Cu,ensemble,unmeasured,0.28388845472449364,,-50.37254890324659,,2415
a25_d0.5,25.0,0.5,prova2,oracle,1,0.3055555555555556,Cu,deterministic,footprint,0.4229788874454769,0.3148819128216906,-100.0,2.0801799134436436,3466
a25_d0.5,25.0,0.5,prova2,oracle,1,0.3055555555555556,Cu,deterministic,unmeasured,0.20142245447020724,,-97.49173756684401,,2415
a25_d0.5,25.0,0.5,prova2,oracle,1,0.3055555555555556,PbLl,ensemble,footprint,0.6265995182469086,0.3756967077320733,-17.2913638062532,0.7776629236866474,3466
a25_d0.5,25.0,0.5,prova2,oracle,1,0.3055555555555556,PbLl,ensemble,unmeasured,0.43164062612578386,,-20.194610673696143,,2415
a25_d0.5,25.0,0.5,prova2,oracle,1,0.3055555555555556,PbLl,deterministic,footprint,0.3072467289814354,0.15629815374554218,-100.0,2.925622036590571,3466
a25_d0.5,25.0,0.5,prova2,oracle,1,0.3055555555555556,PbLl,deterministic,unmeasured,0.19931143097368995,,-97.05432266869404,,2415
a25_d0.5,25.0,0.5,prova2,oracle,1,0.3055555555555556,PbLa,ensemble,footprint,0.6312157540951988,0.3896383719987299,-10.342189330773955,0.9097970083454934,3466
a25_d0.5,25.0,0.5,prova2,oracle,1,0.3055555555555556,PbLa,ensemble,unmeasured,0.4694251166452668,,-18.006694549765804,,2415
a25_d0.5,25.0,0.5,prova2,oracle,1,0.3055555555555556,PbLa,deterministic,footprint,0.16567690281568428,0.05316406234043331,-100.0,4.548917432910214,3466
a25_d0.5,25.0,0.5,prova2,oracle,1,0.3055555555555556,PbLa,deterministic,unmeasured,0.13997088679617492,,-97.27200241319102,,2415
a25_d0.5,25.0,0.5,prova2,oracle,1,0.3055555555555556,PbLb,ensemble,footprint,0.634699911324048,0.3916725459216703,-9.65487094339743,0.9251171056161827,3466
a25_d0.5,25.0,0.5,prova2,oracle,1,0.3055555555555556,PbLb,ensemble,unmeasured,0.47476633298917176,,-18.25098287736745,,2415
a25_d0.5,25.0,0.5,prova2,oracle,1,0.3055555555555556,PbLb,deterministic,footprint,0.1625448905227507,0.047264928155669066,-100.0,4.627966322163598,3466
a25_d0.5,25.0,0.5,prova2,oracle,1,0.3055555555555556,PbLb,deterministic,unmeasured,0.14162201162519403,,-97.27261905470861,,2415
a25_d0.5,25.0,0.5,prova2,oracle,1,0.3055555555555556,PbLg,ensemble,footprint,0.6118460047697794,0.39266458154044165,-10.180391615705119,0.9187093532884122,3466
a25_d0.5,25.0,0.5,prova2,oracle,1,0.3055555555555556,PbLg,ensemble,unmeasured,0.44183662013046904,,-17.08069598287103,,2415
a25_d0.5,25.0,0.5,prova2,oracle,1,0.3055555555555556,PbLg,deterministic,footprint,0.15354251183789885,0.05432649299212503,-100.0,4.7026592311498066,3466
a25_d0.5,25.0,0.5,prova2,oracle,1,0.3055555555555556,PbLg,deterministic,unmeasured,0.11775994457145038,,-97.29413391852141,,2415
a25_d0.5,25.0,0.5,prova2,oracle,2,0.3611111111111111,Ca,ensemble,footprint,0.5504711530526122,0.39142687520227665,-0.5937713302273662,0.7097493474397274,3466
a25_d0.5,25.0,0.5,prova2,oracle,2,0.3611111111111111,Ca,ensemble,unmeasured,-0.06979819481773589,,-2.78065432594597,,2215
a25_d0.5,25.0,0.5,prova2,oracle,2,0.3611111111111111,Ca,deterministic,footprint,0.4297196811746425,0.1902405196614938,-100.0,3.1338710270440537,3466
a25_d0.5,25.0,0.5,prova2,oracle,2,0.3611111111111111,Ca,deterministic,unmeasured,0.18465502417540777,,-97.04511819179103,,2215
a25_d0.5,25.0,0.5,prova2,oracle,2,0.3611111111111111,Ti,ensemble,footprint,0.5694938114368208,0.4247149438554338,0.7062174728596604,0.7566581869818093,3466
a25_d0.5,25.0,0.5,prova2,oracle,2,0.3611111111111111,Ti,ensemble,unmeasured,0.17958708695280964,,-0.49876731708154376,,2215
a25_d0.5,25.0,0.5,prova2,oracle,2,0.3611111111111111,Ti,deterministic,footprint,0.2342798317764903,0.09968987084795698,-100.0,3.899270263431263,3466
a25_d0.5,25.0,0.5,prova2,oracle,2,0.3611111111111111,Ti,deterministic,unmeasured,0.05382857206208037,,-97.29414845726389,,2215
a25_d0.5,25.0,0.5,prova2,oracle,2,0.3611111111111111,Fe,ensemble,footprint,0.5205124441878607,0.5145897750562018,2.4857923256086156,0.7148180435108918,3466
a25_d0.5,25.0,0.5,prova2,oracle,2,0.3611111111111111,Fe,ensemble,unmeasured,0.38888499103471824,,-46.015342655505194,,2215
a25_d0.5,25.0,0.5,prova2,oracle,2,0.3611111111111111,Fe,deterministic,footprint,0.3442372590998217,0.2657920721035382,-100.0,1.805542333193837,3466
a25_d0.5,25.0,0.5,prova2,oracle,2,0.3611111111111111,Fe,deterministic,unmeasured,0.1875569385486861,,-97.49345955375767,,2215
a25_d0.5,25.0,0.5,prova2,oracle,2,0.3611111111111111,Cu,ensemble,footprint,0.6562176807067852,0.3015958537848634,-36.652119572353705,0.9121122809352776,3466
a25_d0.5,25.0,0.5,prova2,oracle,2,0.3611111111111111,Cu,ensemble,unmeasured,0.3575750676968881,,-41.926824682180225,,2215
a25_d0.5,25.0,0.5,prova2,oracle,2,0.3611111111111111,Cu,deterministic,footprint,0.561927103687735,0.39572269564037404,-100.0,1.8343092088405764,3466
a25_d0.5,25.0,0.5,prova2,oracle,2,0.3611111111111111,Cu,deterministic,unmeasured,0.2526241976086819,,-96.82358957134825,,2215
a25_d0.5,25.0,0.5,prova2,oracle,2,0.3611111111111111,PbLl,ensemble,footprint,0.6741882688212724,0.4469993479296629,-13.008391207343784,0.75817364313261,3466
a25_d0.5,25.0,0.5,prova2,oracle,2,0.3611111111111111,PbLl,ensemble,unmeasured,0.48066844070468884,,-15.134616145953569,,2215
a25_d0.5,25.0,0.5,prova2,oracle,2,0.3611111111111111,PbLl,deterministic,footprint,0.3338054131157001,0.21180172361236005,-100.0,2.5658305354227924,3466
a25_d0.5,25.0,0.5,prova2,oracle,2,0.3611111111111111,PbLl,deterministic,unmeasured,0.21145268597467481,,-96.61704244556897,,2215
a25_d0.5,25.0,0.5,prova2,oracle,2,0.3611111111111111,PbLa,ensemble,footprint,0.6803889377925784,0.47588766856786485,-4.332076972809751,0.8888749933565872,3466
a25_d0.5,25.0,0.5,prova2,oracle,2,0.3611111111111111,PbLa,ensemble,unmeasured,0.5001904542424853,,-13.860474742155137,,2215
a25_d0.5,25.0,0.5,prova2,oracle,2,0.3611111111111111,PbLa,deterministic,footprint,0.20046925984410288,0.10039644449401222,-100.0,4.008807485992577,3466
a25_d0.5,25.0,0.5,prova2,oracle,2,0.3611111111111111,PbLa,deterministic,unmeasured,0.15821038236514137,,-96.90273120082175,,2215
a25_d0.5,25.0,0.5,prova2,oracle,2,0.3611111111111111,PbLb,ensemble,footprint,0.6816289085197802,0.47875999222132726,-4.128122576590698,0.903802654713184,3466
a25_d0.5,25.0,0.5,prova2,oracle,2,0.3611111111111111,PbLb,ensemble,unmeasured,0.49999870896437393,,-14.247982563778828,,2215
a25_d0.5,25.0,0.5,prova2,oracle,2,0.3611111111111111,PbLb,deterministic,footprint,0.19735239013712708,0.0937224181510288,-100.0,4.078792718317271,3466
a25_d0.5,25.0,0.5,prova2,oracle,2,0.3611111111111111,PbLb,deterministic,unmeasured,0.15939938756329308,,-96.9104074302147,,2215
a25_d0.5,25.0,0.5,prova2,oracle,2,0.3611111111111111,PbLg,ensemble,footprint,0.6576392443923081,0.46840285196865145,-6.292334966344781,0.8966911218181904,3466
a25_d0.5,25.0,0.5,prova2,oracle,2,0.3611111111111111,PbLg,ensemble,unmeasured,0.4682597514091799,,-12.947087719393675,,2215
a25_d0.5,25.0,0.5,prova2,oracle,2,0.3611111111111111,PbLg,deterministic,footprint,0.18912110235468166,0.09836762476072666,-100.0,4.143728866346054,3466
a25_d0.5,25.0,0.5,prova2,oracle,2,0.3611111111111111,PbLg,deterministic,unmeasured,0.13596555064110127,,-96.93280985876059,,2215
a25_d0.5,25.0,0.5,prova2,oracle,3,0.4166666666666667,Ca,ensemble,footprint,0.6251513177592359,0.4389659427725622,-0.24350275417178713,0.7465034727956257,3466
a25_d0.5,25.0,0.5,prova2,oracle,3,0.4166666666666667,Ca,ensemble,unmeasured,-0.012218497082412771,,-2.135274802998558,,2025
a25_d0.5,25.0,0.5,prova2,oracle,3,0.4166666666666667,Ca,deterministic,footprint,0.42604073422972216,0.19759559871373325,-100.0,2.875376623909826,3466
a25_d0.5,25.0,0.5,prova2,oracle,3,0.4166666666666667,Ca,deterministic,unmeasured,0.16013006994198647,,-96.90071431182413,,2025
a25_d0.5,25.0,0.5,prova2,oracle,3,0.4166666666666667,Ti,ensemble,footprint,0.6239294824450433,0.4708468640916552,1.332389678482171,0.7640462486351254,3466
a25_d0.5,25.0,0.5,prova2,oracle,3,0.4166666666666667,Ti,ensemble,unmeasured,0.2258790259284263,,1.0970620892109546,,2025
a25_d0.5,25.0,0.5,prova2,oracle,3,0.4166666666666667,Ti,deterministic,footprint,0.21348140010246158,0.10149237460526042,-100.0,3.494510016646456,3466
a25_d0.5,25.0,0.5,prova2,oracle,3,0.4166666666666667,Ti,deterministic,unmeasured,0.031924227040037834,,-96.99150473943462,,2025
a25_d0.5,25.0,0.5,prova2,oracle,3,0.4166666666666667,Fe,ensemble,footprint,0.5543377429159653,0.5304492942062291,3.415608778721557,0.7107140668768215,3466
a25_d0.5,25.0,0.5,prova2,oracle,3,0.4166666666666667,Fe,ensemble,unmeasured,0.47749693031715956,,-45.56902415831476,,2025
a25_d0.5,25.0,0.5,prova2,oracle,3,0.4166666666666667,Fe,deterministic,footprint,0.3524088046662335,0.28201429034848674,-100.0,1.6159012337545529,3466
a25_d0.5,25.0,0.5,prova2,oracle,3,0.4166666666666667,Fe,deterministic,unmeasured,0.1778602395709009,,-97.12675301576613,,2025
a25_d0.5,25.0,0.5,prova2,oracle,3,0.4166666666666667,Cu,ensemble,footprint,0.7198591363574223,0.3367191292296392,-28.145487173243065,0.9330964138534744,3466
a25_d0.5,25.0,0.5,prova2,oracle,3,0.4166666666666667,Cu,ensemble,unmeasured,0.4101671689670966,,-38.9279226220432,,2025
a25_d0.5,25.0,0.5,prova2,oracle,3,0.4166666666666667,Cu,deterministic,footprint,0.6137051490936191,0.41847355899191363,-96.021681051755,1.7576739640184025,3466
a25_d0.5,25.0,0.5,prova2,oracle,3,0.4166666666666667,Cu,deterministic,unmeasured,0.26111453564621895,,-96.92480161599057,,2025
a25_d0.5,25.0,0.5,prova2,oracle,3,0.4166666666666667,PbLl,ensemble,footprint,0.7222509955225886,0.5028043282775144,-9.530341903339835,0.7624039968236638,3466
a25_d0.5,25.0,0.5,prova2,oracle,3,0.4166666666666667,PbLl,ensemble,unmeasured,0.5125945969262409,,-8.905263533291478,,2025
a25_d0.5,25.0,0.5,prova2,oracle,3,0.4166666666666667,PbLl,deterministic,footprint,0.40217298997981393,0.27762443709536755,-96.35459650402916,2.306860789891493,3466
a25_d0.5,25.0,0.5,prova2,oracle,3,0.4166666666666667,PbLl,deterministic,unmeasured,0.2328580459363841,,-95.88874075737267,,2025
a25_d0.5,25.0,0.5,prova2,oracle,3,0.4166666666666667,PbLa,ensemble,footprint,0.7364094303142642,0.5415708881940672,-1.6185751152400618,0.8926723188326913,3466
a25_d0.5,25.0,0.5,prova2,oracle,3,0.4166666666666667,PbLa,ensemble,unmeasured,0.5278956092050867,,-8.574623275611646,,2025
a25_d0.5,25.0,0.5,prova2,oracle,3,0.4166666666666667,PbLa,deterministic,footprint,0.28964460002530956,0.14808319536148512,-100.0,3.598749496419349,3466
a25_d0.5,25.0,0.5,prova2,oracle,3,0.4166666666666667,PbLa,deterministic,unmeasured,0.19329806090208934,,-96.337525049546,,2025
a25_d0.5,25.0,0.5,prova2,oracle,3,0.4166666666666667,PbLb,ensemble,footprint,0.7402310708179319,0.5436250146705042,-1.3638450879767117,0.9089430892915746,3466
a25_d0.5,25.0,0.5,prova2,oracle,3,0.4166666666666667,PbLb,ensemble,unmeasured,0.529762801387671,,-9.080237018077726,,2025
a25_d0.5,25.0,0.5,prova2,oracle,3,0.4166666666666667,PbLb,deterministic,footprint,0.28910927131850617,0.13954085248475093,-100.0,3.662303018873595,3466
a25_d0.5,25.0,0.5,prova2,oracle,3,0.4166666666666667,PbLb,deterministic,unmeasured,0.19649938075229914,,-96.34412863043968,,2025
a25_d0.5,25.0,0.5,prova2,oracle,3,0.4166666666666667,PbLg,ensemble,footprint,0.7125786028138362,0.5221460653993356,-3.3307816142824187,0.8964363658285245,3466
a25_d0.5,25.0,0.5,prova2,oracle,3,0.4166666666666667,PbLg,ensemble,unmeasured,0.4974453534279451,,-7.725340558293748,,2025
a25_d0.5,25.0,0.5,prova2,oracle,3,0.4166666666666667,PbLg,deterministic,footprint,0.2767355974431867,0.1418051023107652,-100.0,3.714964003655917,3466
a25_d0.5,25.0,0.5,prova2,oracle,3,0.4166666666666667,PbLg,deterministic,unmeasured,0.17448297016854344,,-96.34701061013887,,2025
a25_d0.5,25.0,0.5,prova2,oracle,4,0.4722222222222222,Ca,ensemble,footprint,0.7163515060459488,0.5221508877300997,-0.15549341706659892,0.79470238105996,3466
a25_d0.5,25.0,0.5,prova2,oracle,4,0.4722222222222222,Ca,ensemble,unmeasured,0.0704910349901879,,-3.593966910708017,,1824
a25_d0.5,25.0,0.5,prova2,oracle,4,0.4722222222222222,Ca,deterministic,footprint,0.41711484872358,0.2462006830028741,-67.94128439620162,2.647144791314195,3466
a25_d0.5,25.0,0.5,prova2,oracle,4,0.4722222222222222,Ca,deterministic,unmeasured,0.15594518550074618,,-96.56851222491477,,1824
a25_d0.5,25.0,0.5,prova2,oracle,4,0.4722222222222222,Ti,ensemble,footprint,0.6549096324114515,0.5203161447841415,1.1293086481263481,0.7644378647804453,3466
a25_d0.5,25.0,0.5,prova2,oracle,4,0.4722222222222222,Ti,ensemble,unmeasured,0.22337190803085924,,1.8678328374848396,,1824
a25_d0.5,25.0,0.5,prova2,oracle,4,0.4722222222222222,Ti,deterministic,footprint,0.20781338661493268,0.13684624558550004,-68.28200540224816,3.1251096535347145,3466
a25_d0.5,25.0,0.5,prova2,oracle,4,0.4722222222222222,Ti,deterministic,unmeasured,0.04876611349897811,,-96.6546258855841,,1824
a25_d0.5,25.0,0.5,prova2,oracle,4,0.4722222222222222,Fe,ensemble,footprint,0.5723128963124486,0.5742559519767908,3.9382459320557395,0.7136010255955633,3466
a25_d0.5,25.0,0.5,prova2,oracle,4,0.4722222222222222,Fe,ensemble,unmeasured,0.4917471762221532,,-45.090277072123214,,1824
a25_d0.5,25.0,0.5,prova2,oracle,4,0.4722222222222222,Fe,deterministic,footprint,0.37297311575615893,0.35102738068899186,-68.2738709639334,1.451486843185457,3466
a25_d0.5,25.0,0.5,prova2,oracle,4,0.4722222222222222,Fe,deterministic,unmeasured,0.17548094671926207,,-97.00093584371336,,1824
a25_d0.5,25.0,0.5,prova2,oracle,4,0.4722222222222222,Cu,ensemble,footprint,0.7681682043371202,0.408907608057337,-22.074414329829484,0.9685958210176626,3466
a25_d0.5,25.0,0.5,prova2,oracle,4,0.4722222222222222,Cu,ensemble,unmeasured,0.5149626997369018,,-40.47067003347754,,1824
a25_d0.5,25.0,0.5,prova2,oracle,4,0.4722222222222222,Cu,deterministic,footprint,0.6391275806814622,0.44663403814385466,-82.87274566890524,1.707592529300258,3466
a25_d0.5,25.0,0.5,prova2,oracle,4,0.4722222222222222,Cu,deterministic,unmeasured,0.2860248223766689,,-96.55589120147798,,1824
a25_d0.5,25.0,0.5,prova2,oracle,4,0.4722222222222222,PbLl,ensemble,footprint,0.7789074416642302,0.5593456201226608,-6.722471355318427,0.800434453919644,3466
a25_d0.5,25.0,0.5,prova2,oracle,4,0.4722222222222222,PbLl,ensemble,unmeasured,0.5239421550099023,,-3.681690294394754,,1824
a25_d0.5,25.0,0.5,prova2,oracle,4,0.4722222222222222,PbLl,deterministic,footprint,0.5200946249190266,0.35341146949530045,-57.48215473140099,2.1278269989584335,3466
a25_d0.5,25.0,0.5,prova2,oracle,4,0.4722222222222222,PbLl,deterministic,unmeasured,0.25695128609304463,,-95.42760369207963,,1824
a25_d0.5,25.0,0.5,prova2,oracle,4,0.4722222222222222,PbLa,ensemble,footprint,0.7923096187480052,0.6073105902111309,-0.3355568948438914,0.9117173594993998,3466
a25_d0.5,25.0,0.5,prova2,oracle,4,0.4722222222222222,PbLa,ensemble,unmeasured,0.4899093063645466,,-4.1120962822285225,,1824
a25_d0.5,25.0,0.5,prova2,oracle,4,0.4722222222222222,PbLa,deterministic,footprint,0.4361795717610464,0.22270934261387784,-65.65690899845173,3.2679382748722317,3466
a25_d0.5,25.0,0.5,prova2,oracle,4,0.4722222222222222,PbLa,deterministic,unmeasured,0.21013058510883575,,-95.94223098995256,,1824
a25_d0.5,25.0,0.5,prova2,oracle,4,0.4722222222222222,PbLb,ensemble,footprint,0.7982761219851489,0.6113362214990797,0.20468033599334579,0.9338930607846888,3466
a25_d0.5,25.0,0.5,prova2,oracle,4,0.4722222222222222,PbLb,ensemble,unmeasured,0.47952680574723205,,-4.541054612513606,,1824
a25_d0.5,25.0,0.5,prova2,oracle,4,0.4722222222222222,PbLb,deterministic,footprint,0.44549451776817117,0.21432149808875947,-66.07991416923838,3.329856734969777,3466
a25_d0.5,25.0,0.5,prova2,oracle,4,0.4722222222222222,PbLb,deterministic,unmeasured,0.21086634393888562,,-95.96804993947019,,1824
a25_d0.5,25.0,0.5,prova2,oracle,4,0.4722222222222222,PbLg,ensemble,footprint,0.7662954776772218,0.5848757761983698,-1.0793309272767893,0.9115092160561589,3466
a25_d0.5,25.0,0.5,prova2,oracle,4,0.4722222222222222,PbLg,ensemble,unmeasured,0.4541250528028116,,-3.3674053658733363,,1824
a25_d0.5,25.0,0.5,prova2,oracle,4,0.4722222222222222,PbLg,deterministic,footprint,0.4208719871853553,0.2170914993550887,-65.78208773802794,3.3680519636760082,3466
a25_d0.5,25.0,0.5,prova2,oracle,4,0.4722222222222222,PbLg,deterministic,unmeasured,0.19404085700236395,,-95.91599078375522,,1824
a25_d0.5,25.0,0.5,prova2,oracle,5,0.5277777777777778,Ca,ensemble,footprint,0.7637191825722369,0.581424637336572,-0.22621946723855313,0.8286413306824973,3466
a25_d0.5,25.0,0.5,prova2,oracle,5,0.5277777777777778,Ca,ensemble,unmeasured,0.08665205965197935,,-2.9497268716002765,,1632
a25_d0.5,25.0,0.5,prova2,oracle,5,0.5277777777777778,Ca,deterministic,footprint,0.46924798307695104,0.28627301438192704,-33.408729682805905,2.4013520008419973,3466
a25_d0.5,25.0,0.5,prova2,oracle,5,0.5277777777777778,Ca,deterministic,unmeasured,0.16190272971921513,,-95.85070459975626,,1632
a25_d0.5,25.0,0.5,prova2,oracle,5,0.5277777777777778,Ti,ensemble,footprint,0.6974273732228273,0.5717405972894637,0.7879523504959351,0.7981304127294107,3466
a25_d0.5,25.0,0.5,prova2,oracle,5,0.5277777777777778,Ti,ensemble,unmeasured,0.23723842879972099,,2.720584381197042,,1632
a25_d0.5,25.0,0.5,prova2,oracle,5,0.5277777777777778,Ti,deterministic,footprint,0.2667584139261989,0.17672030580140843,-35.857815978340334,2.8166605151545987,3466
a25_d0.5,25.0,0.5,prova2,oracle,5,0.5277777777777778,Ti,deterministic,unmeasured,0.05476136046468342,,-95.9148758619546,,1632
a25_d0.5,25.0,0.5,prova2,oracle,5,0.5277777777777778,Fe,ensemble,footprint,0.6546767554391919,0.6229716380411398,3.394116016492177,0.758110475162759,3466
a25_d0.5,25.0,0.5,prova2,oracle,5,0.5277777777777778,Fe,ensemble,unmeasured,0.6248832193067132,,-43.356124421116135,,1632
a25_d0.5,25.0,0.5,prova2,oracle,5,0.5277777777777778,Fe,deterministic,footprint,0.44973791254372436,0.4076480265564555,-35.66961776220972,1.3613762210056326,3466
a25_d0.5,25.0,0.5,prova2,oracle,5,0.5277777777777778,Fe,deterministic,unmeasured,0.20014319686891807,,-96.43143829577369,,1632
a25_d0.5,25.0,0.5,prova2,oracle,5,0.5277777777777778,Cu,ensemble,footprint,0.8207437397179427,0.47380796693123317,-15.596819569106145,0.9860222892696658,3466
a25_d0.5,25.0,0.5,prova2,oracle,5,0.5277777777777778,Cu,ensemble,unmeasured,0.5951124768760762,,-39.03218222571253,,1632
a25_d0.5,25.0,0.5,prova2,oracle,5,0.5277777777777778,Cu,deterministic,footprint,0.694977784837981,0.4949693269737006,-49.607764831382994,1.5904572908190504,3466
a25_d0.5,25.0,0.5,prova2,oracle,5,0.5277777777777778,Cu,deterministic,unmeasured,0.3497488671029773,,-95.26911177380683,,1632
a25_d0.5,25.0,0.5,prova2,oracle,5,0.5277777777777778,PbLl,ensemble,footprint,0.8201148135940326,0.6006174025873003,-5.687504838498159,0.824541594038776,3466
a25_d0.5,25.0,0.5,prova2,oracle,5,0.5277777777777778,PbLl,ensemble,unmeasured,0.605217182318374,,-3.5891371539218335,,1632
a25_d0.5,25.0,0.5,prova2,oracle,5,0.5277777777777778,PbLl,deterministic,footprint,0.5411081089778587,0.38655153094479155,-31.934827162431557,1.941568415952669,3466
a25_d0.5,25.0,0.5,prova2,oracle,5,0.5277777777777778,PbLl,deterministic,unmeasured,0.28249910634557,,-94.52585687401096,,1632
a25_d0.5,25.0,0.5,prova2,oracle,5,0.5277777777777778,PbLa,ensemble,footprint,0.8361675500403579,0.6556685770252385,-0.26352366688906503,0.9326790110443687,3466
a25_d0.5,25.0,0.5,prova2,oracle,5,0.5277777777777778,PbLa,ensemble,unmeasured,0.5595074300553209,,-3.71028908823228,,1632
a25_d0.5,25.0,0.5,prova2,oracle,5,0.5277777777777778,PbLa,deterministic,footprint,0.45409001563794943,0.247900557524508,-32.56514401219137,2.9444210584815607,3466
a25_d0.5,25.0,0.5,prova2,oracle,5,0.5277777777777778,PbLa,deterministic,unmeasured,0.23589982715417884,,-95.07444716822756,,1632
a25_d0.5,25.0,0.5,prova2,oracle,5,0.5277777777777778,PbLb,ensemble,footprint,0.8375819884029551,0.6608161235902783,0.1131452863796234,0.9521985050019417,3466
a25_d0.5,25.0,0.5,prova2,oracle,5,0.5277777777777778,PbLb,ensemble,unmeasured,0.5414176496945601,,-4.083589047994638,,1632
a25_d0.5,25.0,0.5,prova2,oracle,5,0.5277777777777778,PbLb,deterministic,footprint,0.4631541474118715,0.24024326156824402,-33.21567872111786,2.998061298944325,3466
a25_d0.5,25.0,0.5,prova2,oracle,5,0.5277777777777778,PbLb,deterministic,unmeasured,0.23591075189711294,,-95.11160333172636,,1632
a25_d0.5,25.0,0.5,prova2,oracle,5,0.5277777777777778,PbLg,ensemble,footprint,0.810319790665186,0.6313871477114881,-1.1376439395901383,0.9298437242675677,3466
a25_d0.5,25.0,0.5,prova2,oracle,5,0.5277777777777778,PbLg,ensemble,unmeasured,0.5273685139355118,,-2.9122582000551107,,1632
a25_d0.5,25.0,0.5,prova2,oracle,5,0.5277777777777778,PbLg,deterministic,footprint,0.4356964624017097,0.24187619703454005,-33.12433628505299,3.0302485774351355,3466
a25_d0.5,25.0,0.5,prova2,oracle,5,0.5277777777777778,PbLg,deterministic,unmeasured,0.21048557177938965,,-95.06681751616345,,1632
a25_d0.5,25.0,0.5,prova2,oracle,6,0.5833333333333334,Ca,ensemble,footprint,0.8152332931700057,0.6405444597192843,-0.16483187590835557,0.8603671888479487,3466
a25_d0.5,25.0,0.5,prova2,oracle,6,0.5833333333333334,Ca,ensemble,unmeasured,0.16334332161829887,,-5.483243296416875,,1442
a25_d0.5,25.0,0.5,prova2,oracle,6,0.5833333333333334,Ca,deterministic,footprint,0.462565309960798,0.3328031279629856,-13.527890127087394,2.214829952840251,3466
a25_d0.5,25.0,0.5,prova2,oracle,6,0.5833333333333334,Ca,deterministic,unmeasured,0.14825172837678408,,-95.90527464858488,,1442
a25_d0.5,25.0,0.5,prova2,oracle,6,0.5833333333333334,Ti,ensemble,footprint,0.7522032452725188,0.6281947555479446,0.7449544559034571,0.8185980192733473,3466
a25_d0.5,25.0,0.5,prova2,oracle,6,0.5833333333333334,Ti,ensemble,unmeasured,0.27896398759573476,,1.242541178749448,,1442
a25_d0.5,25.0,0.5,prova2,oracle,6,0.5833333333333334,Ti,deterministic,footprint,0.2594512654186927,0.23159544270728893,-14.764277949470571,2.566309223145654,3466
a25_d0.5,25.0,0.5,prova2,oracle,6,0.5833333333333334,Ti,deterministic,unmeasured,0.02887040705186269,,-95.89530176189318,,1442
a25_d0.5,25.0,0.5,prova2,oracle,6,0.5833333333333334,Fe,ensemble,footprint,0.6600335036194936,0.6507599510668379,2.8779696906119367,0.762783036587094,3466
a25_d0.5,25.0,0.5,prova2,oracle,6,0.5833333333333334,Fe,ensemble,unmeasured,0.6276384386290715,,-45.7276032071878,,1442
a25_d0.5,25.0,0.5,prova2,oracle,6,0.5833333333333334,Fe,deterministic,footprint,0.4485856404771734,0.46533529183064704,-17.975120840678606,1.2746494167099667,3466
a25_d0.5,25.0,0.5,prova2,oracle,6,0.5833333333333334,Fe,deterministic,unmeasured,0.19638384204890583,,-96.41153640637106,,1442
a25_d0.5,25.0,0.5,prova2,oracle,6,0.5833333333333334,Cu,ensemble,footprint,0.8641661804657685,0.5303465906503063,-10.958560626614,0.9990503946403215,3466
a25_d0.5,25.0,0.5,prova2,oracle,6,0.5833333333333334,Cu,ensemble,unmeasured,0.6194418215571227,,-36.56138185297861,,1442
a25_d0.5,25.0,0.5,prova2,oracle,6,0.5833333333333334,Cu,deterministic,footprint,0.7528452269999674,0.5457296511481345,-23.25076373022319,1.4921709172474098,3466
a25_d0.5,25.0,0.5,prova2,oracle,6,0.5833333333333334,Cu,deterministic,unmeasured,0.3461152750248845,,-95.3089748870675,,1442
a25_d0.5,25.0,0.5,prova2,oracle,6,0.5833333333333334,PbLl,ensemble,footprint,0.8377286106721058,0.6302264053333422,-4.977450172237063,0.8293179430561662,3466
a25_d0.5,25.0,0.5,prova2,oracle,6,0.5833333333333334,PbLl,ensemble,unmeasured,0.6023246851187364,,-0.449148622801059,,1442
a25_d0.5,25.0,0.5,prova2,oracle,6,0.5833333333333334,PbLl,deterministic,footprint,0.5953481597541954,0.4545159529379514,-20.944070338658815,1.7765305331734735,3466
a25_d0.5,25.0,0.5,prova2,oracle,6,0.5833333333333334,PbLl,deterministic,unmeasured,0.29031456936525396,,-94.39520170426631,,1442
a25_d0.5,25.0,0.5,prova2,oracle,6,0.5833333333333334,PbLa,ensemble,footprint,0.8628768754419819,0.7109011249101825,0.14725336514151977,0.9315242228191573,3466
a25_d0.5,25.0,0.5,prova2,oracle,6,0.5833333333333334,PbLa,ensemble,unmeasured,0.5378299682917208,,-0.580782338426591,,1442
a25_d0.5,25.0,0.5,prova2,oracle,6,0.5833333333333334,PbLa,deterministic,footprint,0.5383832688499952,0.33317777915989016,-9.907743535385126,2.673065801375271,3466
a25_d0.5,25.0,0.5,prova2,oracle,6,0.5833333333333334,PbLa,deterministic,unmeasured,0.28891980765560715,,-94.86342682339537,,1442
a25_d0.5,25.0,0.5,prova2,oracle,6,0.5833333333333334,PbLb,ensemble,footprint,0.8659542901376994,0.7151166123694793,0.544529374963787,0.9513402269374057,3466
a25_d0.5,25.0,0.5,prova2,oracle,6,0.5833333333333334,PbLb,ensemble,unmeasured,0.5174798811036188,,-1.1238707636620848,,1442
a25_d0.5,25.0,0.5,prova2,oracle,6,0.5833333333333334,PbLb,deterministic,footprint,0.5458106102696115,0.3244157862620105,-9.74200152887339,2.7213421617402687,3466
a25_d0.5,25.0,0.5,prova2,oracle,6,0.5833333333333334,PbLb,deterministic,unmeasured,0.29541792971859815,,-94.90245760678134,,1442
a25_d0.5,25.0,0.5,prova2,oracle,6,0.5833333333333334,PbLg,ensemble,footprint,0.836162834007303,0.6777059272335773,-0.398359401456605,0.929514748502065,3466
a25_d0.5,25.0,0.5,prova2,oracle,6,0.5833333333333334,PbLg,ensemble,unmeasured,0.5029229750448326,,-0.07260839072633829,,1442
a25_d0.5,25.0,0.5,prova2,oracle,6,0.5833333333333334,PbLg,deterministic,footprint,0.5165705746963674,0.31796574761835134,-13.069191771601163,2.751867419817747,3466
a25_d0.5,25.0,0.5,prova2,oracle,6,0.5833333333333334,PbLg,deterministic,unmeasured,0.2643743814274283,,-94.88649794206286,,1442
a25_d0.5,25.0,0.5,prova2,oracle,7,0.6388888888888888,Ca,ensemble,footprint,0.8583548889219629,0.7195990592431203,0.25292064258546354,0.8782522351346693,3466
a25_d0.5,25.0,0.5,prova2,oracle,7,0.6388888888888888,Ca,ensemble,unmeasured,0.24626113361971566,,-3.2869196006921846,,1245
a25_d0.5,25.0,0.5,prova2,oracle,7,0.6388888888888888,Ca,deterministic,footprint,0.5441926995107608,0.4432669229055451,-7.911304757509097,2.001437405051131,3466
a25_d0.5,25.0,0.5,prova2,oracle,7,0.6388888888888888,Ca,deterministic,unmeasured,0.216727491217908,,-95.26486348661452,,1245
a25_d0.5,25.0,0.5,prova2,oracle,7,0.6388888888888888,Ti,ensemble,footprint,0.7851861845162122,0.6875604350441379,0.8512374800220268,0.8248946048149383,3466
a25_d0.5,25.0,0.5,prova2,oracle,7,0.6388888888888888,Ti,ensemble,unmeasured,0.2821787956010076,,2.1837085977171617,,1245
a25_d0.5,25.0,0.5,prova2,oracle,7,0.6388888888888888,Ti,deterministic,footprint,0.3374867561374259,0.31789244421433543,-10.201587275211121,2.308319757476195,3466
a25_d0.5,25.0,0.5,prova2,oracle,7,0.6388888888888888,Ti,deterministic,unmeasured,0.08829485756633544,,-95.22203922273884,,1245
a25_d0.5,25.0,0.5,prova2,oracle,7,0.6388888888888888,Fe,ensemble,footprint,0.7345616707039149,0.6866543463704224,2.5502949281977827,0.8080475605271779,3466
a25_d0.5,25.0,0.5,prova2,oracle,7,0.6388888888888888,Fe,ensemble,unmeasured,0.7494992542188506,,-45.06914411443027,,1245
a25_d0.5,25.0,0.5,prova2,oracle,7,0.6388888888888888,Fe,deterministic,footprint,0.5319059797243356,0.5160182519845571,-12.438149322149773,1.2180833780516764,3466
a25_d0.5,25.0,0.5,prova2,oracle,7,0.6388888888888888,Fe,deterministic,unmeasured,0.25322580181597065,,-95.47088896775901,,1245
a25_d0.5,25.0,0.5,prova2,oracle,7,0.6388888888888888,Cu,ensemble,footprint,0.8942356062972273,0.603391954833065,-7.640844695390148,0.9951121322799464,3466
a25_d0.5,25.0,0.5,prova2,oracle,7,0.6388888888888888,Cu,ensemble,unmeasured,0.621499676295603,,-34.03827225992609,,1245
a25_d0.5,25.0,0.5,prova2,oracle,7,0.6388888888888888,Cu,deterministic,footprint,0.7939784789604324,0.6422173296863747,-13.181958814582506,1.3834848355560834,3466
a25_d0.5,25.0,0.5,prova2,oracle,7,0.6388888888888888,Cu,deterministic,unmeasured,0.2667003132860088,,-95.70599049614756,,1245
a25_d0.5,25.0,0.5,prova2,oracle,7,0.6388888888888888,PbLl,ensemble,footprint,0.8706830814279141,0.6679761822178479,-4.298112309738922,0.862331800492916,3466
a25_d0.5,25.0,0.5,prova2,oracle,7,0.6388888888888888,PbLl,ensemble,unmeasured,0.6945100076388276,,-2.838506373889281,,1245
a25_d0.5,25.0,0.5,prova2,oracle,7,0.6388888888888888,PbLl,deterministic,footprint,0.606572920760149,0.5188252592249347,-15.147568619881646,1.6352876119218822,3466
a25_d0.5,25.0,0.5,prova2,oracle,7,0.6388888888888888,PbLl,deterministic,unmeasured,0.28959234644645776,,-94.19315817695491,,1245
a25_d0.5,25.0,0.5,prova2,oracle,7,0.6388888888888888,PbLa,ensemble,footprint,0.8886354588097354,0.7548104009675981,0.11256546074074336,0.9550235687371867,3466
a25_d0.5,25.0,0.5,prova2,oracle,7,0.6388888888888888,PbLa,ensemble,unmeasured,0.5937581209777079,,-2.3628635942532012,,1245
a25_d0.5,25.0,0.5,prova2,oracle,7,0.6388888888888888,PbLa,deterministic,footprint,0.5367039957577848,0.41442207777968904,-5.442549525239448,2.415264413708325,3466
a25_d0.5,25.0,0.5,prova2,oracle,7,0.6388888888888888,PbLa,deterministic,unmeasured,0.2747552309196375,,-94.53949698895843,,1245
a25_d0.5,25.0,0.5,prova2,oracle,7,0.6388888888888888,PbLb,ensemble,footprint,0.8869802784719262,0.758161868326386,0.4425574786262043,0.9724967464657103,3466
a25_d0.5,25.0,0.5,prova2,oracle,7,0.6388888888888888,PbLb,ensemble,unmeasured,0.5562806013745041,,-3.008599154103088,,1245
a25_d0.5,25.0,0.5,prova2,oracle,7,0.6388888888888888,PbLb,deterministic,footprint,0.5415808300460381,0.4039199490543492,-5.503052360803595,2.4573233284543394,3466
a25_d0.5,25.0,0.5,prova2,oracle,7,0.6388888888888888,PbLb,deterministic,unmeasured,0.2842609906673567,,-94.56142065201239,,1245
a25_d0.5,25.0,0.5,prova2,oracle,7,0.6388888888888888,PbLg,ensemble,footprint,0.8637370988890345,0.7190330087635215,-0.4525026429703871,0.9536980378894303,3466
a25_d0.5,25.0,0.5,prova2,oracle,7,0.6388888888888888,PbLg,ensemble,unmeasured,0.5595419640035876,,-1.9353390107461068,,1245
a25_d0.5,25.0,0.5,prova2,oracle,7,0.6388888888888888,PbLg,deterministic,footprint,0.5122124825760629,0.3897606627515023,-8.526144039817407,2.484287811573095,3466
a25_d0.5,25.0,0.5,prova2,oracle,7,0.6388888888888888,PbLg,deterministic,unmeasured,0.2519207395553882,,-94.55807328795066,,1245
a25_d0.5,25.0,0.5,prova2,oracle,8,0.6944444444444444,Ca,ensemble,footprint,0.8880139181531884,0.7764969183287079,-0.05472228833458548,0.9048927066395819,3466
a25_d0.5,25.0,0.5,prova2,oracle,8,0.6944444444444444,Ca,ensemble,unmeasured,0.28152735077640806,,-6.072255983982247,,1054
a25_d0.5,25.0,0.5,prova2,oracle,8,0.6944444444444444,Ca,deterministic,footprint,0.5579942455047422,0.502180097687908,-5.254291063637573,1.8310557905872167,3466
a25_d0.5,25.0,0.5,prova2,oracle,8,0.6944444444444444,Ca,deterministic,unmeasured,0.198205497679679,,-95.35464929897678,,1054
a25_d0.5,25.0,0.5,prova2,oracle,8,0.6944444444444444,Ti,ensemble,footprint,0.8164401876934225,0.7300221190203022,0.647585666710726,0.8339322846661684,3466
a25_d0.5,25.0,0.5,prova2,oracle,8,0.6944444444444444,Ti,ensemble,unmeasured,0.3357285329140535,,0.48517283411480927,,1054
a25_d0.5,25.0,0.5,prova2,oracle,8,0.6944444444444444,Ti,deterministic,footprint,0.35754636060914174,0.3962628039613811,-6.9042008432695035,2.078118084377842,3466
a25_d0.5,25.0,0.5,prova2,oracle,8,0.6944444444444444,Ti,deterministic,unmeasured,0.0581373893246982,,-95.34190171147537,,1054
a25_d0.5,25.0,0.5,prova2,oracle,8,0.6944444444444444,Fe,ensemble,footprint,0.7416783502111958,0.7153535935982487,1.7389856629760558,0.822302572749221,3466
a25_d0.5,25.0,0.5,prova2,oracle,8,0.6944444444444444,Fe,ensemble,unmeasured,0.780440703872883,,-50.268562397839375,,1054
a25_d0.5,25.0,0.5,prova2,oracle,8,0.6944444444444444,Fe,deterministic,footprint,0.5264514997382508,0.5613963002856786,-8.760813705935156,1.1522980790442765,3466
a25_d0.5,25.0,0.5,prova2,oracle,8,0.6944444444444444,Fe,deterministic,unmeasured,0.25005929001739946,,-95.70986898869857,,1054
a25_d0.5,25.0,0.5,prova2,oracle,8,0.6944444444444444,Cu,ensemble,footprint,0.9253919015319267,0.6990864761586085,-5.814522692625879,0.9808902500843073,3466
a25_d0.5,25.0,0.5,prova2,oracle,8,0.6944444444444444,Cu,ensemble,unmeasured,0.7310353232022062,,-29.776458292580095,,1054
a25_d0.5,25.0,0.5,prova2,oracle,8,0.6944444444444444,Cu,deterministic,footprint,0.8317701895703536,0.7168859947627106,-9.718428894491293,1.2855886316359877,3466
a25_d0.5,25.0,0.5,prova2,oracle,8,0.6944444444444444,Cu,deterministic,unmeasured,0.2799833982186422,,-95.21967035528809,,1054
a25_d0.5,25.0,0.5,prova2,oracle,8,0.6944444444444444,PbLl,ensemble,footprint,0.8865003003091692,0.6941391575159068,-3.635957488622643,0.853689656424048,3466
a25_d0.5,25.0,0.5,prova2,oracle,8,0.6944444444444444,PbLl,ensemble,unmeasured,0.7334794412871474,,1.0848906939971468,,1054
a25_d0.5,25.0,0.5,prova2,oracle,8,0.6944444444444444,PbLl,deterministic,footprint,0.6596284537422951,0.5792222617079528,-11.09033757865433,1.4857830764261042,3466
a25_d0.5,25.0,0.5,prova2,oracle,8,0.6944444444444444,PbLl,deterministic,unmeasured,0.29534023776398505,,-93.97147087130423,,1054
a25_d0.5,25.0,0.5,prova2,oracle,8,0.6944444444444444,PbLa,ensemble,footprint,0.9130992880778991,0.792627635327334,0.1710292264101021,0.9456649729240669,3466
a25_d0.5,25.0,0.5,prova2,oracle,8,0.6944444444444444,PbLa,ensemble,unmeasured,0.5892099269667643,,-0.4872482691870064,,1054
a25_d0.5,25.0,0.5,prova2,oracle,8,0.6944444444444444,PbLa,deterministic,footprint,0.6052132598900828,0.5048744068434278,-3.834949820709266,2.1788055305501457,3466
a25_d0.5,25.0,0.5,prova2,oracle,8,0.6944444444444444,PbLa,deterministic,unmeasured,0.2730052438649724,,-94.44541098519056,,1054
a25_d0.5,25.0,0.5,prova2,oracle,8,0.6944444444444444,PbLb,ensemble,footprint,0.912637617312116,0.7943221572823469,0.43840133881700716,0.9656373033723874,3466
a25_d0.5,25.0,0.5,prova2,oracle,8,0.6944444444444444,PbLb,ensemble,unmeasured,0.5406617832693722,,-1.4095394700340722,,1054
a25_d0.5,25.0,0.5,prova2,oracle,8,0.6944444444444444,PbLb,deterministic,footprint,0.6095595424144538,0.49328921846429313,-3.700551114721473,2.218956019280626,3466
a25_d0.5,25.0,0.5,prova2,oracle,8,0.6944444444444444,PbLb,deterministic,unmeasured,0.27980486471588545,,-94.48443667000699,,1054
a25_d0.5,25.0,0.5,prova2,oracle,8,0.6944444444444444,PbLg,ensemble,footprint,0.889863904291141,0.7559051662819812,-0.1567349582739963,0.944531060875412,3466
a25_d0.5,25.0,0.5,prova2,oracle,8,0.6944444444444444,PbLg,ensemble,unmeasured,0.5556267562297309,,-0.4770054041207135,,1054
a25_d0.5,25.0,0.5,prova2,oracle,8,0.6944444444444444,PbLg,deterministic,footprint,0.577597639810538,0.4735687452192917,-5.982998976124954,2.239998599548107,3466
a25_d0.5,25.0,0.5,prova2,oracle,8,0.6944444444444444,PbLg,deterministic,unmeasured,0.25032392738430514,,-94.45010622376371,,1054
a25_d0.5,25.0,0.5,prova2,oracle,9,0.75,Ca,ensemble,footprint,0.9213144195606676,0.8298672784570622,0.1625454463772824,0.925854512142115,3466
a25_d0.5,25.0,0.5,prova2,oracle,9,0.75,Ca,ensemble,unmeasured,0.30314138677814123,,-6.286217451046059,,855
a25_d0.5,25.0,0.5,prova2,oracle,9,0.75,Ca,deterministic,footprint,0.6059677595132238,0.5656182948658594,-3.498667008154299,1.6627297346874714,3466
a25_d0.5,25.0,0.5,prova2,oracle,9,0.75,Ca,deterministic,unmeasured,0.15078224278673272,,-95.16593508565902,,855
a25_d0.5,25.0,0.5,prova2,oracle,9,0.75,Ti,ensemble,footprint,0.8541695448569889,0.7762415090544216,1.0118952707565132,0.858360509310559,3466
a25_d0.5,25.0,0.5,prova2,oracle,9,0.75,Ti,ensemble,unmeasured,0.32451131664709465,,4.0951256579394455,,855
a25_d0.5,25.0,0.5,prova2,oracle,9,0.75,Ti,deterministic,footprint,0.47217466374782857,0.4863071994691112,-4.521080268181588,1.8658482298260868,3466
a25_d0.5,25.0,0.5,prova2,oracle,9,0.75,Ti,deterministic,unmeasured,0.11586486521177478,,-94.94528446789288,,855
a25_d0.5,25.0,0.5,prova2,oracle,9,0.75,Fe,ensemble,footprint,0.8054788324776805,0.786215672572982,2.1813564263717833,0.8517540915297982,3466
a25_d0.5,25.0,0.5,prova2,oracle,9,0.75,Fe,ensemble,unmeasured,0.8090680303838302,,-46.07850406429961,,855
a25_d0.5,25.0,0.5,prova2,oracle,9,0.75,Fe,deterministic,footprint,0.6485357943076825,0.6551056761876839,-5.9436762305913104,1.0897215189600455,3466
a25_d0.5,25.0,0.5,prova2,oracle,9,0.75,Fe,deterministic,unmeasured,0.3197155571477326,,-94.73967944184984,,855
a25_d0.5,25.0,0.5,prova2,oracle,9,0.75,Cu,ensemble,footprint,0.9394340705154799,0.7415006605508001,-4.719312345576365,0.9845463454001194,3466
a25_d0.5,25.0,0.5,prova2,oracle,9,0.75,Cu,ensemble,unmeasured,0.7473950886846918,,-30.683492786647093,,855
a25_d0.5,25.0,0.5,prova2,oracle,9,0.75,Cu,deterministic,footprint,0.8507493760587815,0.7498507589150448,-7.354537797822824,1.2261871674810216,3466
a25_d0.5,25.0,0.5,prova2,oracle,9,0.75,Cu,deterministic,unmeasured,0.24069952061929212,,-95.53725658484744,,855
a25_d0.5,25.0,0.5,prova2,oracle,9,0.75,PbLl,ensemble,footprint,0.9081520580362099,0.7367857893498385,-3.4946099286814247,0.8879914291395351,3466
a25_d0.5,25.0,0.5,prova2,oracle,9,0.75,PbLl,ensemble,unmeasured,0.7566164006029138,,-0.14943786477929683,,855
a25_d0.5,25.0,0.5,prova2,oracle,9,0.75,PbLl,deterministic,footprint,0.685775272768057,0.6321224627998062,-8.421932121919573,1.3890688543013994,3466
a25_d0.5,25.0,0.5,prova2,oracle,9,0.75,PbLl,deterministic,unmeasured,0.24931330551147676,,-94.44454276697469,,855
a25_d0.5,25.0,0.5,prova2,oracle,9,0.75,PbLa,ensemble,footprint,0.9350234351154968,0.8338520821614128,0.14818331542729712,0.9531339642928885,3466
a25_d0.5,25.0,0.5,prova2,oracle,9,0.75,PbLa,ensemble,unmeasured,0.6140166719342198,,1.2106028831324602,,855
a25_d0.5,25.0,0.5,prova2,oracle,9,0.75,PbLa,deterministic,footprint,0.631728968478716,0.5840766127457548,-2.650015984516063,1.9525202407276208,3466
a25_d0.5,25.0,0.5,prova2,oracle,9,0.75,PbLa,deterministic,unmeasured,0.2270566454552897,,-94.48902194826195,,855
a25_d0.5,25.0,0.5,prova2,oracle,9,0.75,PbLb,ensemble,footprint,0.9339145824643849,0.8349019059577925,0.4026412876624086,0.966893420596032,3466
a25_d0.5,25.0,0.5,prova2,oracle,9,0.75,PbLb,ensemble,unmeasured,0.5640582211353242,,0.7464744711639095,,855
a25_d0.5,25.0,0.5,prova2,oracle,9,0.75,PbLb,deterministic,footprint,0.6393044426947428,0.5766814126093573,-2.5721532008117887,1.983496013701171,3466
a25_d0.5,25.0,0.5,prova2,oracle,9,0.75,PbLb,deterministic,unmeasured,0.2378645324999568,,-94.49167772828982,,855
a25_d0.5,25.0,0.5,prova2,oracle,9,0.75,PbLg,ensemble,footprint,0.9102774560054324,0.7913728163801051,-0.05448095895254079,0.9491504632372294,3466
a25_d0.5,25.0,0.5,prova2,oracle,9,0.75,PbLg,ensemble,unmeasured,0.5701884641020841,,1.0750495562403568,,855
a25_d0.5,25.0,0.5,prova2,oracle,9,0.75,PbLg,deterministic,footprint,0.5999845661497087,0.5482049737908552,-4.220896873126034,2.0012666654634534,3466
a25_d0.5,25.0,0.5,prova2,oracle,9,0.75,PbLg,deterministic,unmeasured,0.21180378938337044,,-94.48063110850985,,855
a25_d0.5,25.0,0.5,prova2,oracle,10,0.8055555555555556,Ca,ensemble,footprint,0.9351948029404371,0.8634963729472759,0.32693425342560367,0.9302714395357722,3466
a25_d0.5,25.0,0.5,prova2,oracle,10,0.8055555555555556,Ca,ensemble,unmeasured,0.30067793924976516,,-8.376191203938182,,671
a25_d0.5,25.0,0.5,prova2,oracle,10,0.8055555555555556,Ca,deterministic,footprint,0.6274507979931787,0.6388172115927423,-2.4806555566459276,1.4956624772844302,3466
a25_d0.5,25.0,0.5,prova2,oracle,10,0.8055555555555556,Ca,deterministic,unmeasured,0.13917395579372516,,-94.24890708112349,,671
a25_d0.5,25.0,0.5,prova2,oracle,10,0.8055555555555556,Ti,ensemble,footprint,0.8868017760587433,0.8136369741114315,0.8293443917213317,0.872534041028176,3466
a25_d0.5,25.0,0.5,prova2,oracle,10,0.8055555555555556,Ti,ensemble,unmeasured,0.3707306087874702,,3.0406276545670554,,671
a25_d0.5,25.0,0.5,prova2,oracle,10,0.8055555555555556,Ti,deterministic,footprint,0.49966273500678393,0.5692277085007135,-3.236692914704564,1.658245744803498,3466
a25_d0.5,25.0,0.5,prova2,oracle,10,0.8055555555555556,Ti,deterministic,unmeasured,0.10384497692127265,,-93.90401757008975,,671
a25_d0.5,25.0,0.5,prova2,oracle,10,0.8055555555555556,Fe,ensemble,footprint,0.8140190762445996,0.808869107397391,2.165465716481285,0.8550538768329052,3466
a25_d0.5,25.0,0.5,prova2,oracle,10,0.8055555555555556,Fe,ensemble,unmeasured,0.8227866628629411,,-49.57094642204534,,671
a25_d0.5,25.0,0.5,prova2,oracle,10,0.8055555555555556,Fe,deterministic,footprint,0.6592823379378413,0.7048073476110684,-3.8179621626444726,1.0370349281708091,3466
a25_d0.5,25.0,0.5,prova2,oracle,10,0.8055555555555556,Fe,deterministic,unmeasured,0.3087097119365814,,-94.25224564267154,,671
a25_d0.5,25.0,0.5,prova2,oracle,10,0.8055555555555556,Cu,ensemble,footprint,0.9615595929873464,0.7811476051992379,-3.001382149090215,0.9678192289367856,3466
a25_d0.5,25.0,0.5,prova2,oracle,10,0.8055555555555556,Cu,ensemble,unmeasured,0.7843536546137494,,-21.23725664292175,,671
a25_d0.5,25.0,0.5,prova2,oracle,10,0.8055555555555556,Cu,deterministic,footprint,0.9003192766768975,0.8117816403423969,-4.553953003580624,1.1346661937481608,3466
a25_d0.5,25.0,0.5,prova2,oracle,10,0.8055555555555556,Cu,deterministic,unmeasured,0.3022065511937744,,-94.14785896378596,,671
a25_d0.5,25.0,0.5,prova2,oracle,10,0.8055555555555556,PbLl,ensemble,footprint,0.9172160926147817,0.7595832004700904,-3.1624879416103258,0.8930893446770146,3466
a25_d0.5,25.0,0.5,prova2,oracle,10,0.8055555555555556,PbLl,ensemble,unmeasured,0.789391211436856,,2.085512348152381,,671
a25_d0.5,25.0,0.5,prova2,oracle,10,0.8055555555555556,PbLl,deterministic,footprint,0.7320071141390189,0.6856214714288114,-6.030711112430165,1.261859676194012,3466
a25_d0.5,25.0,0.5,prova2,oracle,10,0.8055555555555556,PbLl,deterministic,unmeasured,0.2894835340383952,,-93.09222868731374,,671
a25_d0.5,25.0,0.5,prova2,oracle,10,0.8055555555555556,PbLa,ensemble,footprint,0.9526832579957338,0.871677389209309,0.2172059368755308,0.9420030444383027,3466
a25_d0.5,25.0,0.5,prova2,oracle,10,0.8055555555555556,PbLa,ensemble,unmeasured,0.6857305665874526,,4.595530721408629,,671
a25_d0.5,25.0,0.5,prova2,oracle,10,0.8055555555555556,PbLa,deterministic,footprint,0.6884029393783485,0.671221203929986,-1.7578852900543618,1.7227174335692037,3466
a25_d0.5,25.0,0.5,prova2,oracle,10,0.8055555555555556,PbLa,deterministic,unmeasured,0.2733402686497318,,-93.22032468347452,,671
a25_d0.5,25.0,0.5,prova2,oracle,10,0.8055555555555556,PbLb,ensemble,footprint,0.953232013744699,0.8741802065150241,0.4336434575491044,0.9548781628418038,3466
a25_d0.5,25.0,0.5,prova2,oracle,10,0.8055555555555556,PbLb,ensemble,unmeasured,0.6499675457073906,,3.778917787215772,,671
a25_d0.5,25.0,0.5,prova2,oracle,10,0.8055555555555556,PbLb,deterministic,footprint,0.6924350671185606,0.6640572721983338,-1.7788342604872165,1.7495693560890004,3466
a25_d0.5,25.0,0.5,prova2,oracle,10,0.8055555555555556,PbLb,deterministic,unmeasured,0.28637578125676494,,-93.25341945090776,,671
a25_d0.5,25.0,0.5,prova2,oracle,10,0.8055555555555556,PbLg,ensemble,footprint,0.9315202049844522,0.8268955325697592,0.14372565778209,0.9383266417298198,3466
a25_d0.5,25.0,0.5,prova2,oracle,10,0.8055555555555556,PbLg,ensemble,unmeasured,0.6650801460636121,,4.124328221387301,,671
a25_d0.5,25.0,0.5,prova2,oracle,10,0.8055555555555556,PbLg,deterministic,footprint,0.6563204526629554,0.6284884548947192,-2.9030325680073243,1.7627450359190706,3466
a25_d0.5,25.0,0.5,prova2,oracle,10,0.8055555555555556,PbLg,deterministic,unmeasured,0.25648071929319555,,-93.23540392353794,,671
a25_d0.5,25.0,0.5,prova2,oracle,11,0.8611111111111112,Ca,ensemble,footprint,0.9552301155729573,0.8923247443055135,0.5772327567618918,0.9379093130378684,3466
a25_d0.5,25.0,0.5,prova2,oracle,11,0.8611111111111112,Ca,ensemble,unmeasured,0.3088896755325602,,-7.842644483122463,,477
a25_d0.5,25.0,0.5,prova2,oracle,11,0.8611111111111112,Ca,deterministic,footprint,0.7227305328703804,0.6916844756779699,-1.6274986854886375,1.3257002239457163,3466
a25_d0.5,25.0,0.5,prova2,oracle,11,0.8611111111111112,Ca,deterministic,unmeasured,0.18121229327487104,,-92.4049268162721,,477
a25_d0.5,25.0,0.5,prova2,oracle,11,0.8611111111111112,Ti,ensemble,footprint,0.9162342214202255,0.83772290997653,0.9349163495322443,0.8960691623041405,3466
a25_d0.5,25.0,0.5,prova2,oracle,11,0.8611111111111112,Ti,ensemble,unmeasured,0.3657206847207868,,2.636868301171955,,477
a25_d0.5,25.0,0.5,prova2,oracle,11,0.8611111111111112,Ti,deterministic,footprint,0.6187168894180058,0.6295800162634094,-1.8795254059583488,1.4473586830002845,3466
a25_d0.5,25.0,0.5,prova2,oracle,11,0.8611111111111112,Ti,deterministic,unmeasured,0.27980459156032084,,-91.70085249615187,,477
a25_d0.5,25.0,0.5,prova2,oracle,11,0.8611111111111112,Fe,ensemble,footprint,0.9235382930230412,0.8535472955654204,2.2429860178442507,0.9329774845269463,3466
a25_d0.5,25.0,0.5,prova2,oracle,11,0.8611111111111112,Fe,ensemble,unmeasured,0.870760510294973,,-39.18752141881438,,477
a25_d0.5,25.0,0.5,prova2,oracle,11,0.8611111111111112,Fe,deterministic,footprint,0.8538095928860449,0.7678523412358842,-1.8278986350929394,1.0409631004028554,3466
a25_d0.5,25.0,0.5,prova2,oracle,11,0.8611111111111112,Fe,deterministic,unmeasured,0.5000438917282047,,-90.38466209179924,,477
a25_d0.5,25.0,0.5,prova2,oracle,11,0.8611111111111112,Cu,ensemble,footprint,0.9695145637830727,0.8157358745797996,-2.583364521942788,0.9704883656894003,3466
a25_d0.5,25.0,0.5,prova2,oracle,11,0.8611111111111112,Cu,ensemble,unmeasured,0.7891814796525769,,-21.5367320616427,,477
a25_d0.5,25.0,0.5,prova2,oracle,11,0.8611111111111112,Cu,deterministic,footprint,0.9182967303582085,0.8336196710038761,-3.4606228013984497,1.0873623755046065,3466
a25_d0.5,25.0,0.5,prova2,oracle,11,0.8611111111111112,Cu,deterministic,unmeasured,0.2880123590497956,,-93.33160387004305,,477
a25_d0.5,25.0,0.5,prova2,oracle,11,0.8611111111111112,PbLl,ensemble,footprint,0.9308823560385582,0.7913574850582974,-3.229578929787258,0.9223336268090205,3466
a25_d0.5,25.0,0.5,prova2,oracle,11,0.8611111111111112,PbLl,ensemble,unmeasured,0.808567693127689,,-1.4377894827652253,,477
a25_d0.5,25.0,0.5,prova2,oracle,11,0.8611111111111112,PbLl,deterministic,footprint,0.7699000183142027,0.718061586428137,-4.483893054338517,1.1700008503608956,3466
a25_d0.5,25.0,0.5,prova2,oracle,11,0.8611111111111112,PbLl,deterministic,unmeasured,0.28950827382857625,,-91.49683819605912,,477
a25_d0.5,25.0,0.5,prova2,oracle,11,0.8611111111111112,PbLa,ensemble,footprint,0.9702788302518509,0.9059693490246198,-0.013040216972104446,0.9584791410540552,3466
a25_d0.5,25.0,0.5,prova2,oracle,11,0.8611111111111112,PbLa,ensemble,unmeasured,0.7444372284505694,,1.5122567005617455,,477
a25_d0.5,25.0,0.5,prova2,oracle,11,0.8611111111111112,PbLa,deterministic,footprint,0.7124584733211695,0.7194165634964849,-1.1262818738873692,1.5081521431127123,3466
a25_d0.5,25.0,0.5,prova2,oracle,11,0.8611111111111112,PbLa,deterministic,unmeasured,0.24004510833975645,,-91.80176815623288,,477
a25_d0.5,25.0,0.5,prova2,oracle,11,0.8611111111111112,PbLb,ensemble,footprint,0.9690437725890911,0.9057792058687938,0.11494980719040093,0.965938580581078,3466
a25_d0.5,25.0,0.5,prova2,oracle,11,0.8611111111111112,PbLb,ensemble,unmeasured,0.7058538128146764,,1.1104727980121774,,477
a25_d0.5,25.0,0.5,prova2,oracle,11,0.8611111111111112,PbLb,deterministic,footprint,0.7156918226143141,0.7136300172190838,-1.1868811755348263,1.5258594705865198,3466
a25_d0.5,25.0,0.5,prova2,oracle,11,0.8611111111111112,PbLb,deterministic,unmeasured,0.24683731179344282,,-91.76832530994808,,477
a25_d0.5,25.0,0.5,prova2,oracle,11,0.8611111111111112,PbLg,ensemble,footprint,0.9480066321115909,0.8555999368121764,-0.2611294063246339,0.9547982517868578,3466
a25_d0.5,25.0,0.5,prova2,oracle,11,0.8611111111111112,PbLg,ensemble,unmeasured,0.7058785593660524,,1.3183595637020522,,477
a25_d0.5,25.0,0.5,prova2,oracle,11,0.8611111111111112,PbLg,deterministic,footprint,0.6813024177059428,0.6744239709534127,-2.0048236833368316,1.5372979738155073,3466
a25_d0.5,25.0,0.5,prova2,oracle,11,0.8611111111111112,PbLg,deterministic,unmeasured,0.23748745707209942,,-91.83091049682045,,477
a25_d0.5,25.0,0.5,prova2,oracle,12,0.9166666666666666,Ca,ensemble,footprint,0.9768966219920137,0.9306647728437999,0.9798305089222747,0.942549573611439,3466
a25_d0.5,25.0,0.5,prova2,oracle,12,0.9166666666666666,Ca,ensemble,unmeasured,0.5878137169401784,,-3.738058968531302,,285
a25_d0.5,25.0,0.5,prova2,oracle,12,0.9166666666666666,Ca,deterministic,footprint,0.8043415571445773,0.7871507640060708,-0.8192738268500754,1.173328934892351,3466
a25_d0.5,25.0,0.5,prova2,oracle,12,0.9166666666666666,Ca,deterministic,unmeasured,0.22128857333142374,,-93.220205854103,,285
a25_d0.5,25.0,0.5,prova2,oracle,12,0.9166666666666666,Ti,ensemble,footprint,0.9408152137164901,0.8720054994017745,1.370731957740312,0.9033942571869866,3466
a25_d0.5,25.0,0.5,prova2,oracle,12,0.9166666666666666,Ti,ensemble,unmeasured,0.6053398565078879,,9.443612595580877,,285
a25_d0.5,25.0,0.5,prova2,oracle,12,0.9166666666666666,Ti,deterministic,footprint,0.7236306344179029,0.7416824488500483,-0.8131965155073306,1.2426950608183525,3466
a25_d0.5,25.0,0.5,prova2,oracle,12,0.9166666666666666,Ti,deterministic,unmeasured,0.2133170028710532,,-92.81540415002101,,285
a25_d0.5,25.0,0.5,prova2,oracle,12,0.9166666666666666,Fe,ensemble,footprint,0.9487308053155612,0.9039476743801632,2.4991163995109478,0.9322265205038383,3466
a25_d0.5,25.0,0.5,prova2,oracle,12,0.9166666666666666,Fe,ensemble,unmeasured,0.9025059625951154,,-34.42853498584254,,285
a25_d0.5,25.0,0.5,prova2,oracle,12,0.9166666666666666,Fe,deterministic,footprint,0.901909688445437,0.854861422260984,-0.08529159886697668,0.9880044069299775,3466
a25_d0.5,25.0,0.5,prova2,oracle,12,0.9166666666666666,Fe,deterministic,unmeasured,0.5100442394923372,,-90.73015875834278,,285
a25_d0.5,25.0,0.5,prova2,oracle,12,0.9166666666666666,Cu,ensemble,footprint,0.9769131016464769,0.8841835979853628,-2.0554102997475288,0.9744404358951415,3466
a25_d0.5,25.0,0.5,prova2,oracle,12,0.9166666666666666,Cu,ensemble,unmeasured,0.8565565124108258,,-26.111940222274665,,285
a25_d0.5,25.0,0.5,prova2,oracle,12,0.9166666666666666,Cu,deterministic,footprint,0.9325805062425168,0.8707134686081796,-2.222718996643336,1.0413965240530532,3466
a25_d0.5,25.0,0.5,prova2,oracle,12,0.9166666666666666,Cu,deterministic,unmeasured,0.26288176433893057,,-93.64717930507565,,285
a25_d0.5,25.0,0.5,prova2,oracle,12,0.9166666666666666,PbLl,ensemble,footprint,0.9413464813856393,0.8041406786937287,-3.209835257913096,0.9402186971844779,3466
a25_d0.5,25.0,0.5,prova2,oracle,12,0.9166666666666666,PbLl,ensemble,unmeasured,0.8460740702483165,,-4.398051604558141,,285
a25_d0.5,25.0,0.5,prova2,oracle,12,0.9166666666666666,PbLl,deterministic,footprint,0.8114312331600326,0.7524645754283443,-2.713369433174395,1.0802440005674687,3466
a25_d0.5,25.0,0.5,prova2,oracle,12,0.9166666666666666,PbLl,deterministic,unmeasured,0.26557540419469466,,-93.30103549765775,,285
a25_d0.5,25.0,0.5,prova2,oracle,12,0.9166666666666666,PbLa,ensemble,footprint,0.9803713504796666,0.9267430608579793,0.02713230260704691,0.9535033542168411,3466
a25_d0.5,25.0,0.5,prova2,oracle,12,0.9166666666666666,PbLa,ensemble,unmeasured,0.7538259209770792,,4.259914299728264,,285
a25_d0.5,25.0,0.5,prova2,oracle,12,0.9166666666666666,PbLa,deterministic,footprint,0.7716956754795339,0.8014685489701884,-0.5595706653452659,1.2972730117451823,3466
a25_d0.5,25.0,0.5,prova2,oracle,12,0.9166666666666666,PbLa,deterministic,unmeasured,0.2342735243563216,,-92.83374250929911,,285
a25_d0.5,25.0,0.5,prova2,oracle,12,0.9166666666666666,PbLb,ensemble,footprint,0.9794719101400221,0.9274718093028129,0.09990185645645244,0.9581865783539615,3466
a25_d0.5,25.0,0.5,prova2,oracle,12,0.9166666666666666,PbLb,ensemble,unmeasured,0.7116611740678221,,4.4745514489005185,,285
a25_d0.5,25.0,0.5,prova2,oracle,12,0.9166666666666666,PbLb,deterministic,footprint,0.7758007866812299,0.7982420739365557,-0.6033371504837293,1.3086595635790366,3466
a25_d0.5,25.0,0.5,prova2,oracle,12,0.9166666666666666,PbLb,deterministic,unmeasured,0.24743922521458206,,-92.7776321074734,,285
a25_d0.5,25.0,0.5,prova2,oracle,12,0.9166666666666666,PbLg,ensemble,footprint,0.9588765234328741,0.876677695848345,-0.1197193372539429,0.94970551539547,3466
a25_d0.5,25.0,0.5,prova2,oracle,12,0.9166666666666666,PbLg,ensemble,unmeasured,0.7277807366969613,,4.188592759582456,,285
a25_d0.5,25.0,0.5,prova2,oracle,12,0.9166666666666666,PbLg,deterministic,footprint,0.7415862488077973,0.7541689902417682,-0.9796776739275259,1.3157800206038666,3466
a25_d0.5,25.0,0.5,prova2,oracle,12,0.9166666666666666,PbLg,deterministic,unmeasured,0.2056182438737625,,-92.98942998321328,,285
a25_d0.5,25.0,0.5,prova2,oracle,13,0.9722222222222222,Ca,ensemble,footprint,0.985593445674473,0.9612101102668664,1.117514784179141,0.9488749158082437,3466
a25_d0.5,25.0,0.5,prova2,oracle,13,0.9722222222222222,Ca,ensemble,unmeasured,0.5290242882261851,,-1.0652389948088306,,93
a25_d0.5,25.0,0.5,prova2,oracle,13,0.9722222222222222,Ca,deterministic,footprint,0.9194126447643799,0.9081595089160313,-0.08440267217471042,1.007878975947639,3466
a25_d0.5,25.0,0.5,prova2,oracle,13,0.9722222222222222,Ca,deterministic,unmeasured,-0.02490282748285815,,-93.04306746701273,,93
a25_d0.5,25.0,0.5,prova2,oracle,13,0.9722222222222222,Ti,ensemble,footprint,0.9586965734755842,0.9021830677454761,1.5123428351291324,0.9238458674958213,3466
a25_d0.5,25.0,0.5,prova2,oracle,13,0.9722222222222222,Ti,ensemble,unmeasured,0.33618554095653247,,18.580466699222033,,93
a25_d0.5,25.0,0.5,prova2,oracle,13,0.9722222222222222,Ti,deterministic,footprint,0.8878352830475842,0.86493776247901,0.2591646438687034,1.0260295117015363,3466
a25_d0.5,25.0,0.5,prova2,oracle,13,0.9722222222222222,Ti,deterministic,unmeasured,0.01581655521923935,,-93.18411664348096,,93
a25_d0.5,25.0,0.5,prova2,oracle,13,0.9722222222222222,Fe,ensemble,footprint,0.9925505848216949,0.9480889468319195,2.278531235034631,0.9655083384756782,3466
a25_d0.5,25.0,0.5,prova2,oracle,13,0.9722222222222222,Fe,ensemble,unmeasured,-0.09682532765151018,,59.97603528362032,,93
a25_d0.5,25.0,0.5,prova2,oracle,13,0.9722222222222222,Fe,deterministic,footprint,0.9897495607733261,0.9344033606759979,1.0838792796634245,0.9743059066148128,3466
a25_d0.5,25.0,0.5,prova2,oracle,13,0.9722222222222222,Fe,deterministic,unmeasured,0.21119882871972467,,-92.40671949808001,,93
a25_d0.5,25.0,0.5,prova2,oracle,13,0.9722222222222222,Cu,ensemble,footprint,0.9840407838842944,0.9433585760657077,-1.080214509269939,0.9708607464300729,3466
a25_d0.5,25.0,0.5,prova2,oracle,13,0.9722222222222222,Cu,ensemble,unmeasured,0.6330140896535844,,-28.20974606590668,,93
a25_d0.5,25.0,0.5,prova2,oracle,13,0.9722222222222222,Cu,deterministic,footprint,0.9636308488447906,0.911074406645815,-0.694200955839186,0.9821242674818651,3466
a25_d0.5,25.0,0.5,prova2,oracle,13,0.9722222222222222,Cu,deterministic,unmeasured,0.3829288194679548,,-91.35016440103574,,93
a25_d0.5,25.0,0.5,prova2,oracle,13,0.9722222222222222,PbLl,ensemble,footprint,0.9481246066313653,0.8349701336690761,-2.8904147623292964,0.9550732726575717,3466
a25_d0.5,25.0,0.5,prova2,oracle,13,0.9722222222222222,PbLl,ensemble,unmeasured,0.21965750369440593,,-9.808691821364834,,93
a25_d0.5,25.0,0.5,prova2,oracle,13,0.9722222222222222,PbLl,deterministic,footprint,0.8925371481438578,0.7989666238523102,-0.7786794815744402,0.9798305739335877,3466
a25_d0.5,25.0,0.5,prova2,oracle,13,0.9722222222222222,PbLl,deterministic,unmeasured,0.19835660550354312,,-92.46350542780753,,93
a25_d0.5,25.0,0.5,prova2,oracle,13,0.9722222222222222,PbLa,ensemble,footprint,0.9899450296850077,0.9633366493581738,-0.003913549307243969,0.9600805645928069,3466
a25_d0.5,25.0,0.5,prova2,oracle,13,0.9722222222222222,PbLa,ensemble,unmeasured,0.29724786857378693,,3.073271247164079,,93
a25_d0.5,25.0,0.5,prova2,oracle,13,0.9722222222222222,PbLa,deterministic,footprint,0.8930349454391382,0.9042277047852081,0.02155554747580446,1.0643362998613997,3466
a25_d0.5,25.0,0.5,prova2,oracle,13,0.9722222222222222,PbLa,deterministic,unmeasured,0.2943812382341421,,-92.30786507899876,,93
a25_d0.5,25.0,0.5,prova2,oracle,13,0.9722222222222222,PbLb,ensemble,footprint,0.9889785425464835,0.9605892612645005,0.08485190595082237,0.9593205996935364,3466
a25_d0.5,25.0,0.5,prova2,oracle,13,0.9722222222222222,PbLb,ensemble,unmeasured,0.2630252771553175,,5.2765078599118205,,93
a25_d0.5,25.0,0.5,prova2,oracle,13,0.9722222222222222,PbLb,deterministic,footprint,0.8958085263890799,0.9027277904457532,-0.15591762476077076,1.0650169052810832,3466
a25_d0.5,25.0,0.5,prova2,oracle,13,0.9722222222222222,PbLb,deterministic,unmeasured,0.2877678992344727,,-92.20234303241966,,93
a25_d0.5,25.0,0.5,prova2,oracle,13,0.9722222222222222,PbLg,ensemble,footprint,0.9670068900044557,0.8971281646298467,-0.09582741931151162,0.9532881455252065,3466
a25_d0.5,25.0,0.5,prova2,oracle,13,0.9722222222222222,PbLg,ensemble,unmeasured,0.10932023042555249,,2.1107996627515107,,93
a25_d0.5,25.0,0.5,prova2,oracle,13,0.9722222222222222,PbLg,deterministic,footprint,0.8621681447065359,0.8441168231828836,-0.1633976215160149,1.0659750698556252,3466
a25_d0.5,25.0,0.5,prova2,oracle,13,0.9722222222222222,PbLg,deterministic,unmeasured,0.17083009247474049,,-92.3730789954401,,93
a25_d0.5,25.0,0.5,prova2,oracle,14,1.0,Ca,ensemble,footprint,0.986994399053154,0.9669192402508501,1.273555091607692,0.9480590579897618,3466
a25_d0.5,25.0,0.5,prova2,oracle,14,1.0,Ca,deterministic,footprint,0.980206035683238,0.9501931902116473,0.32370896482767364,0.9224788084722235,3466
a25_d0.5,25.0,0.5,prova2,oracle,14,1.0,Ti,ensemble,footprint,0.9624545784060747,0.9104412660924375,1.309510111221246,0.9303964505950837,3466
a25_d0.5,25.0,0.5,prova2,oracle,14,1.0,Ti,deterministic,footprint,0.9552591250192519,0.8964469711885972,0.5904760505723194,0.9041772752708972,3466
a25_d0.5,25.0,0.5,prova2,oracle,14,1.0,Fe,ensemble,footprint,0.9928022854635402,0.9547095178929589,1.934929720847367,0.9721835154795427,3466
a25_d0.5,25.0,0.5,prova2,oracle,14,1.0,Fe,deterministic,footprint,0.990503369461687,0.9493385759524153,1.6112721087446769,0.963034606799225,3466
a25_d0.5,25.0,0.5,prova2,oracle,14,1.0,Cu,ensemble,footprint,0.9861150903528646,0.9529119105367921,-0.474460407839028,0.9623448832989235,3466
a25_d0.5,25.0,0.5,prova2,oracle,14,1.0,Cu,deterministic,footprint,0.9808535575398776,0.9402700223560552,0.1692954269976621,0.9415924817234497,3466
a25_d0.5,25.0,0.5,prova2,oracle,14,1.0,PbLl,ensemble,footprint,0.9499181909022533,0.8434325133058377,-2.4550137872176303,0.954208842623515,3466
a25_d0.5,25.0,0.5,prova2,oracle,14,1.0,PbLl,deterministic,footprint,0.9436299750697679,0.8280379474015123,0.2795671414671741,0.9176204265957751,3466
a25_d0.5,25.0,0.5,prova2,oracle,14,1.0,PbLa,ensemble,footprint,0.9921747454200518,0.9753037121825591,0.009085860269797408,0.9594563237116429,3466
a25_d0.5,25.0,0.5,prova2,oracle,14,1.0,PbLa,deterministic,footprint,0.9857144860637074,0.9586154811877502,0.19151599478481884,0.9323113826386912,3466
a25_d0.5,25.0,0.5,prova2,oracle,14,1.0,PbLb,ensemble,footprint,0.9911668833046771,0.971317651876316,0.034943566864042985,0.9593165367362851,3466
a25_d0.5,25.0,0.5,prova2,oracle,14,1.0,PbLb,deterministic,footprint,0.9849114213176229,0.9547292264271546,0.06005809473648149,0.9295458863689983,3466
a25_d0.5,25.0,0.5,prova2,oracle,14,1.0,PbLg,ensemble,footprint,0.9691819729092761,0.9037892515075435,-0.09218910272814629,0.9530372545674712,3466
a25_d0.5,25.0,0.5,prova2,oracle,14,1.0,PbLg,deterministic,footprint,0.9632785953083088,0.8886673655211199,0.20799891564315942,0.9251717004158114,3466
