case,case_angle,case_hole,case_sim,case_dose,source,element,region,n_px,var_control,var_jitter,var_sim,var_alea,var_alea_det,frac_sim,spread_ratio,mse_jitter,mse_control,truth_var,spearman_jitter,spearman_control,spearman_sim,spearman_total_jitter,spearman_total_control,ause_jitter,ause_control,ause_total_jitter,ause_total_control
a8_h0x0_validated_d1,8.0,0x0,validated,1.0,prova2,Ca,footprint,3466,1159.367803426877,7494.388019724552,6335.020216297675,1830.680893344783,1558.5653155394714,0.8453018711633924,2.54247955714591,16020.438420056798,13611.179787390109,695262.1960424241,0.23685011517895002,0.25011533573140987,0.18501737536750887,0.2513363546619981,0.25802559630675387,0.348393990560644,0.3427648333675989,0.34391961281979416,0.3517777806976536
a8_h0x0_validated_d1,8.0,0x0,validated,1.0,prova2,Ti,footprint,3466,109.35934801746197,593.2240485722612,483.8647005547992,717.4264764462056,678.072272685289,0.8156525375519385,2.3290639755418607,2458.735309052039,2302.621176421791,40680.11154970666,0.11171913709964754,0.15488425876606515,0.06498497314757266,0.13671136228104402,0.14731205892459032,0.4473009632676293,0.4313942965129485,0.42882552189938256,0.42660550557395843
a8_h0x0_validated_d1,8.0,0x0,validated,1.0,prova2,Fe,footprint,3466,261.0519450669121,1460.2629295332272,1199.210984466315,723.2187598413294,671.720356784148,0.8212294924515017,2.365113915991946,5087.271853034381,4628.383978038752,416581.2030856491,0.5141853818343101,0.4909845554978272,0.4451054591746803,0.5232189427285521,0.5089212464108005,0.20295442877913325,0.22499410661665692,0.2018020618106333,0.219712483630841
a8_h0x0_validated_d1,8.0,0x0,validated,1.0,prova2,Cu,footprint,3466,157.33795285679415,951.7251345247358,794.3871816679417,573.0070916261717,503.82221249725626,0.8346813096037816,2.4594557988693584,3242.2752544174355,2777.759485485795,143406.16742330242,0.6922672118497367,0.6327852544907887,0.6027723685626561,0.7213357076001335,0.7078034537586815,0.24229189696831369,0.27726437804225584,0.2119090520805606,0.22510713706027982
a8_h0x0_validated_d1,8.0,0x0,validated,1.0,prova2,PbLl,footprint,3466,30.52492473045436,225.8727173681062,195.34779263765185,484.5966135947296,485.4566564577738,0.8648578496503069,2.720223495742979,1461.648241002802,1386.8264485305317,19845.188349203247,0.21823801840152526,0.18578591917398782,0.1989877805494463,0.26730171933610974,0.241424502122958,0.42148344099183915,0.4359356265899338,0.3913813074823221,0.41719686785234394
a8_h0x0_validated_d1,8.0,0x0,validated,1.0,prova2,PbLa,footprint,3466,7453.578332718896,107905.45040341381,100451.87207069491,11039.797088761477,9263.738436206588,0.9309249133861816,3.804865251424193,120505.9635325758,91093.66298396121,8436202.36916504,0.3802063884466077,0.39621106807132966,0.35195159546927984,0.37901323625504685,0.32020701907380544,0.3065377981994329,0.2868013396017708,0.3091142420425997,0.33777916055694407
a8_h0x0_validated_d1,8.0,0x0,validated,1.0,prova2,PbLb,footprint,3466,3948.3304043598505,48889.470222451666,44941.13981809182,7561.67848718503,6487.328966760652,0.9192396565887383,3.51885135463805,69009.92187628153,54035.63243092863,4383784.7360636955,0.33497937018107665,0.3006929955690431,0.3086332380668899,0.33945437645775395,0.26501471146560257,0.31523168431041354,0.3310919974287279,0.31566482121062617,0.3615157997231882
a8_h0x0_validated_d1,8.0,0x0,validated,1.0,prova2,PbLg,footprint,3466,77.81915515174882,840.6701476249428,762.8509924731941,995.6791552554097,962.2604805238417,0.9074319988980184,3.2867718377561967,3231.6136344044303,2945.404105815576,71919.6602092125,0.08043472893907568,0.08409354168170581,0.06896459303309888,0.08408574151941965,0.07306482694774014,0.4408468705536971,0.4411005895867819,0.4464263448988946,0.4685407984641294
a8_h14x20_validated_d1,8.0,14x20,validated,1.0,prova2,Ca,footprint,3466,7140.470586314924,12303.954265387636,5163.483679072712,1681.1357104337276,1432.1888831339468,0.4196605065087209,1.3126802068795587,79629.96510269638,73989.10759515932,695262.1960424241,0.3965443659941165,0.41803702653458935,0.11824009154731664,0.4054526182106795,0.42700419713936494,0.1628295338579767,0.14723761613834485,0.16323605739193184,0.14726047721112195
a8_h14x20_validated_d1,8.0,14x20,validated,1.0,prova2,Ca,hole,278,70400.23413984862,60820.37481097984,0.0,54.427650551711416,37.454433596381094,-0.15751069207714477,0.9294745318119019,773810.4305614087,729098.5169029281,659329.3700870238,-0.05454092531262052,-0.041144957563703316,0.026153685747728205,-0.05546698078825864,-0.04217099128429874,0.3869884530606671,0.38174768230834416,0.38689649589165,0.38213077867180884
a8_h14x20_validated_d1,8.0,14x20,validated,1.0,prova2,Ti,footprint,3466,634.2214704225522,939.2980158176035,305.0765453950513,655.6796467711321,620.0450438759058,0.32479206839322466,1.2169738108742256,4464.405010805774,4106.4743458346575,40680.11154970666,0.22959260843940918,0.27232787358070487,-0.02456451937492451,0.23159030104246492,0.2701843394138783,0.3332897770200912,0.30977411051736586,0.3632448654384211,0.3076717458293109
a8_h14x20_validated_d1,8.0,14x20,validated,1.0,prova2,Ti,hole,278,6193.029806757724,4344.655046721369,0.0,22.64590691986087,21.768181566116315,-0.42543648233504844,0.8375795496757928,26783.926473959946,24025.17048831893,21440.304521850143,-0.006980324672368777,0.016705024241931713,0.023529301511676048,-0.007150120127491812,0.01715911537684956,0.5336387316421244,0.4861906597834616,0.5339425137056126,0.48593719580893235
a8_h14x20_validated_d1,8.0,14x20,validated,1.0,prova2,Fe,footprint,3466,1171.115276471422,2013.4362613555245,842.3209848841025,679.8910576693554,630.2753205733408,0.4183499627234382,1.311200541353146,21044.392529808738,19163.539538251167,416581.2030856491,0.5534551681648594,0.5647733535066598,0.2838328718972836,0.5562610408708755,0.5800737970716855,0.20467137164245855,0.12310963353197817,0.2629356494731779,0.1247121955502442
a8_h14x20_validated_d1,8.0,14x20,validated,1.0,prova2,Fe,hole,278,11080.456626404746,7924.113475474363,0.0,15.40477501469153,12.622774018785833,-0.39832129621811524,0.8456614121649564,206054.30452958576,187576.66829181658,161639.3731000811,0.03859802573685781,0.22545401433598666,-0.10495289042544698,0.04014294096340489,0.22558024385196626,0.7392472352364701,0.5696374657918057,0.7386350517921023,0.569410563447811
a8_h14x20_validated_d1,8.0,14x20,validated,1.0,prova2,Cu,footprint,3466,1564.0297045976008,1398.7685011635133,0.0,533.9190778870959,469.7470773714838,-0.11814764437190368,0.9456935421924227,14618.093254011488,14308.937747827922,143406.16742330242,0.7472406298715056,0.7184189391525531,0.2756153749972315,0.7659509320322484,0.7668046167804585,0.1313299841889315,0.12202839088557832,0.1271964256758382,0.10721121153207382
a8_h14x20_validated_d1,8.0,14x20,validated,1.0,prova2,Cu,hole,278,17161.254595498365,6293.154316296605,0.0,20.624616201282066,16.83432713775189,-1.726971838440062,0.6055634764102783,145174.28220340004,145790.5286804482,143895.2829678703,0.08018394879996782,-0.07912272720544886,-0.14055083490298562,0.0854571030493644,-0.07796767128046718,0.284773344960442,0.4174741510138772,0.2806199934465901,0.4147291957426728
a8_h14x20_validated_d1,8.0,14x20,validated,1.0,prova2,PbLl,footprint,3466,181.53528522861865,322.4540884580589,140.91880322944024,449.30887128861485,449.7799986037874,0.43701974412326094,1.3327645054011625,2792.007831253792,2678.2425481774358,19845.188349203247,0.3005783774223025,0.29512714214451524,0.10675796443816774,0.3191119114493587,0.34194747404003717,0.3082086781811705,0.30422117157918493,0.3473894567636173,0.2962303958628744
a8_h14x20_validated_d1,8.0,14x20,validated,1.0,prova2,PbLl,hole,278,1777.6078466389013,1210.8557464917344,0.0,16.98386754123767,15.990710648834165,-0.46805914064432746,0.8253311262993029,18221.59656315824,17595.916976394292,20679.994684827678,0.2719723836628845,0.18142951575620833,0.1260120404154916,0.25990852828392924,0.17004093243397594,0.4290146845315197,0.459352714211924,0.4353629703681071,0.46624353140422053
a8_h14x20_validated_d1,8.0,14x20,validated,1.0,prova2,PbLa,footprint,3466,112716.08597669874,172267.3436687142,59551.25769201545,10373.109210091696,8634.209612086213,0.34569092681046937,1.2362563310227856,578478.1894036153,537612.1862203698,8436202.36916504,0.4857451157368389,0.4966526018558445,0.14919799397327818,0.4862102596024491,0.4515294867090239,0.15033407734267984,0.12472584798126281,0.15086824018417486,0.13745021376549124
a8_h14x20_validated_d1,8.0,14x20,validated,1.0,prova2,PbLa,hole,278,1202158.9834180207,763419.4112102274,0.0,1646.9697462755246,351.0093786905992,-0.5747031916732006,0.7968941636729817,5683170.775322073,5570471.038451139,8451230.516870316,0.203332012391717,0.1304914377569797,0.03777706346899185,0.20335267828592601,0.13025964461922948,0.4916523477616253,0.577044149930665,0.4912993893111167,0.5789295311098976
a8_h14x20_validated_d1,8.0,14x20,validated,1.0,prova2,PbLb,footprint,3466,59019.29520861465,80261.14719377125,21241.8519851566,7060.4646347636735,6012.119596627948,0.2646592121823683,1.166153370844113,309737.02028215467,288014.4598691506,4383784.7360636955,0.44160671336638097,0.42320577402855936,0.09732661992965129,0.4446534394632954,0.39458681403777124,0.16217353216656277,0.14838113085458135,0.16293264873958596,0.1579718948072151
a8_h14x20_validated_d1,8.0,14x20,validated,1.0,prova2,PbLb,hole,278,628853.4125362887,365613.2166042108,0.0,866.075321255105,201.6317641831432,-0.7199963895644527,0.7624936519350088,2987018.421100081,2919786.3632434127,4604671.416226731,0.16466109748744615,0.11065832323078302,0.014645676063013901,0.163515536703047,0.1106555305423764,0.49719852181524493,0.6270620644798439,0.496837642695088,0.6273273370991251
a8_h14x20_validated_d1,8.0,14x20,validated,1.0,prova2,PbLg,footprint,3466,1053.5319010720013,1385.9217531398322,332.3898520678308,921.2291570074921,890.1975394835831,0.23983305790157003,1.146952706077912,7176.2284923923935,6745.8267385002055,71919.6602092125,0.20368773890883515,0.2138209814668973,-0.06662379038449885,0.20768228948461295,0.2072714329040275,0.297938665412663,0.2834618385697357,0.3068087089674626,0.2984636500755976
a8_h14x20_validated_d1,8.0,14x20,validated,1.0,prova2,PbLg,hole,278,11203.115398395486,6583.49147916859,0.0,45.15915910952965,36.625603863443075,-0.701698169405134,0.7665822060488588,51199.804577978735,49804.271447086925,76282.2322075593,0.11647716879483486,0.07568548631457009,0.0064387776948113835,0.1127779737314143,0.06841276716602727,0.48890039313255074,0.5879475430719208,0.48518630144940983,0.5884897314985597
a14_h0x0_validated_d1,14.0,0x0,validated,1.0,prova2,Ca,footprint,3466,1151.6245900721283,7818.878958199266,6667.254368127138,1739.2452759268222,1479.9455515946404,0.8527123138459028,2.605654204992429,16023.839661181237,13514.859483690996,695262.1960424241,0.2382219062174211,0.25296537035383443,0.1883008007431379,0.24987448291691366,0.2646320622777234,0.3433835719403625,0.34134842388879777,0.34201057230796583,0.3499143379313222
a14_h0x0_validated_d1,14.0,0x0,validated,1.0,prova2,Ti,footprint,3466,109.19663993550533,645.725513474272,536.5288735387667,685.3048574278567,647.3204424489192,0.8308930998436441,2.4317523018869034,2429.6692777393423,2270.7694039066478,40680.11154970666,0.11809656044826296,0.15841241583634078,0.07633479266514731,0.1431636444197212,0.15600736109081964,0.44351899201273515,0.4308755354657401,0.4279042430422263,0.42327451436499575
a14_h0x0_validated_d1,14.0,0x0,validated,1.0,prova2,Fe,footprint,3466,261.6880652078564,1598.469087510588,1336.7810223027316,725.4538560396844,672.41413695385,0.8362883165820852,2.471497428050181,5076.523746731299,4622.937039084177,416581.2030856491,0.5160755345092009,0.4916023793624837,0.4503996510472373,0.5238820248265332,0.5093947054540306,0.20080812345678986,0.22532923632494653,0.20115904532669884,0.2194785660958884
a14_h0x0_validated_d1,14.0,0x0,validated,1.0,prova2,Cu,footprint,3466,155.2164423217697,995.4978320405451,840.2813897187754,581.9500264303886,509.8059240379692,0.8440815867940052,2.5325107460896645,3235.5349563193768,2786.201729091976,143406.16742330242,0.6947038808129554,0.6319932433331357,0.6182854262760846,0.7193485988936157,0.7069882392437101,0.23837881673236103,0.28049872049009583,0.2122995138347806,0.22527678449212762
a14_h0x0_validated_d1,14.0,0x0,validated,1.0,prova2,PbLl,footprint,3466,30.12920122497266,255.61600703870153,225.48680581372886,481.6537951136577,483.7467790876215,0.8821310074669504,2.9127299018268884,1461.9930415694841,1385.200123631109,19845.188349203247,0.22898416667277832,0.18702902987032086,0.2124683411988465,0.2688757479906939,0.2416022466819105,0.41202660515154876,0.43635383860482474,0.38837225662626484,0.41728025565666227
a14_h0x0_validated_d1,14.0,0x0,validated,1.0,prova2,PbLa,footprint,3466,7350.044351362554,143217.74543316444,135867.70108180188,11230.943259010452,9421.908175037956,0.9486792343425584,4.414214535317713,120677.12790479796,91267.719631983,8436202.36916504,0.3739268854504401,0.39440934989847154,0.35173199379564457,0.37257652562083377,0.3153456994206915,0.3145712758875519,0.2886255576457519,0.31544767107138066,0.34174634770329604
a14_h0x0_validated_d1,14.0,0x0,validated,1.0,prova2,PbLb,footprint,3466,3892.4034458553742,55359.219564014194,51466.81611815882,7727.810676075288,6625.790367617923,0.9296882528960795,3.771256357416091,68634.27272637545,54192.96818235664,4383784.7360636955,0.33727026012015915,0.29953204321977844,0.31453931019624665,0.3401551218259441,0.2603004054900603,0.31582620116022614,0.3310290277971963,0.3164575957619718,0.36505386207359203
a14_h0x0_validated_d1,14.0,0x0,validated,1.0,prova2,PbLg,footprint,3466,76.7084683599135,934.8212092773531,858.1127409174396,1010.6521302952513,977.160761235951,0.9179431664593793,3.490941916510604,3245.7494927697708,2960.4913885763294,71919.6602092125,0.08339951312793431,0.08363173893123992,0.07296012719861353,0.08566468140864339,0.07081700577836181,0.44005724452507594,0.44137444877096266,0.4448723547011604,0.46876845595320815
a14_h14x20_validated_d1,14.0,14x20,validated,1.0,prova2,Ca,footprint,3466,7000.019839110809,12468.241391680362,5468.221552569553,1594.6030008809794,1358.2500284019616,0.4385719991127468,1.3346056696806343,78191.15892621377,73625.8686401741,695262.1960424241,0.3972789548153739,0.42093222745419345,0.10979257535165209,0.4040441178475811,0.4327790372729458,0.16312575172201257,0.14620739907548916,0.16427319622666786,0.14523169130547944
a14_h14x20_validated_d1,14.0,14x20,validated,1.0,prova2,Ca,hole,278,68802.02722293911,59612.27604285545,0.0,52.89449834531384,36.00741844285058,-0.1541587033764174,0.9308232758237449,756045.6604783939,725997.8430225528,659329.3700870238,-0.046554953545024695,-0.030380260831511796,-0.009783320972750111,-0.04736259903222176,-0.030564578266349306,0.39573796815423545,0.3773100447699022,0.3956486442254409,0.37690237752647415
a14_h14x20_validated_d1,14.0,14x20,validated,1.0,prova2,Ti,footprint,3466,617.0198347609687,972.9472625360202,355.92742777505146,625.4865204651626,591.2315864599194,0.3658239675265795,1.255726581764227,4322.708745509354,4058.0595186201967,40680.11154970666,0.23085958679655477,0.27510913103230145,-0.021981634855287716,0.2352309435714739,0.27773173695843145,0.33561247502277924,0.30900790020307484,0.365332300913829,0.3060372698083822
a14_h14x20_validated_d1,14.0,14x20,validated,1.0,prova2,Ti,hole,278,5978.816558886813,4212.651642105616,0.0,21.920655880278503,21.0119131738254,-0.4192525437252658,0.8394023086871475,25359.330800084375,23824.316592767376,21440.304521850143,0.02031876304010943,0.01857277424828508,-0.010236400039109415,0.01869788668890205,0.02040030954158299,0.5258251987637812,0.48232538439965644,0.5266211196611321,0.48177964247645394
a14_h14x20_validated_d1,14.0,14x20,validated,1.0,prova2,Fe,footprint,3466,1177.5669121455257,2140.7380267766785,963.1711146311527,681.8653896094276,630.9367238266865,0.44992479349815867,1.348307544901295,20817.048910405756,19180.737281260517,416581.2030856491,0.5540939451127854,0.5655067843359695,0.2836345788962056,0.5563821438301638,0.580546340788279,0.2097927944683556,0.12278770632508688,0.2595192008660431,0.12464138707093902
a14_h14x20_validated_d1,14.0,14x20,validated,1.0,prova2,Fe,hole,278,11141.563439797521,7940.456769406899,0.0,15.416500912881137,12.633161309396273,-0.40313885754329515,0.8442084096109487,203315.79309477308,187846.97953684482,161639.3731000811,0.042245276795915075,0.2205891511316392,-0.1011152573579346,0.04308140770485974,0.2204394630330439,0.7497776291601075,0.5708178615728874,0.7481379082818448,0.5716889266278542
a14_h14x20_validated_d1,14.0,14x20,validated,1.0,prova2,Cu,footprint,3466,1584.2426028677278,1438.1584960021723,0.0,542.3435305234453,475.4447930670006,-0.10157719560927642,0.9527797793296646,14632.204039349288,14344.086372819616,143406.16742330242,0.7509173932185323,0.7178611127009603,0.2910998264936375,0.7657878289528682,0.7661182523580626,0.12815591964273956,0.12224551075240352,0.12669475965575888,0.10721016363300215
a14_h14x20_validated_d1,14.0,14x20,validated,1.0,prova2,Cu,hole,278,17424.712647026474,6328.41297371183,0.0,20.758779593760227,16.98069407083321,-1.7534095387593336,0.6026492129089724,145399.67157614866,146113.53510112793,143895.2829678703,0.08785937361674652,-0.0724387067730234,-0.14017009728583238,0.0932587573821227,-0.07150985860897865,0.27717449792451554,0.4159642403762726,0.275478564922798,0.41555952224161075
a14_h14x20_validated_d1,14.0,14x20,validated,1.0,prova2,PbLl,footprint,3466,184.24339665256434,345.56990570780295,161.3265090552386,446.5807687911985,448.1636068941029,0.4668418933205614,1.3695313919982468,2799.742111566072,2676.9013773045435,19845.188349203247,0.3097492378884438,0.2958825246738439,0.10653001961791952,0.31436598261008647,0.3439060816769461,0.3052323101908439,0.3042691605251659,0.36269705713194456,0.29400558197531906
a14_h14x20_validated_d1,14.0,14x20,validated,1.0,prova2,PbLl,hole,278,1815.1317857810866,1169.1555565486417,0.0,16.842460492616638,15.947049733720148,-0.5525152111831662,0.8025684221868123,18319.792709630412,17605.274674365402,20679.994684827678,0.2758106546089552,0.18310848002627358,0.06321562315139598,0.261850563801899,0.17316036538418036,0.433834230998623,0.44671118320283576,0.44053049926345933,0.4535445612170639
a14_h14x20_validated_d1,14.0,14x20,validated,1.0,prova2,PbLa,footprint,3466,115742.33894070885,197941.74388738815,82199.4049466793,10547.491475474926,8784.356490006352,0.4152706919337019,1.3077434962849845,581397.9618680197,538409.5368347006,8436202.36916504,0.4811812337222723,0.4961833583298418,0.13709541989342544,0.4805935283116973,0.4490011767185335,0.16732916029735756,0.12511364436960995,0.16936692642231183,0.13840109909360182
a14_h14x20_validated_d1,14.0,14x20,validated,1.0,prova2,PbLa,hole,278,1240241.7854474357,677663.4770529117,0.0,1631.7692990660462,355.5955030256676,-0.8301735705768281,0.739186216873715,5727152.346680918,5580046.057816774,8451230.516870316,0.19583922939673182,0.15259444942008427,-0.004307883345175331,0.1955420873502665,0.1522610024243328,0.5014175489268902,0.552345156631723,0.5012123097227684,0.5546963944745855
a14_h14x20_validated_d1,14.0,14x20,validated,1.0,prova2,PbLb,footprint,3466,60573.19082403353,83420.87290384511,22847.68207981158,7212.860730887128,6142.955011001477,0.27388447620473727,1.1735379519048945,309860.55581401946,288415.30125272507,4383784.7360636955,0.4432341122501469,0.42290582414117966,0.09489272158412826,0.4442414467940443,0.3911235016345588,0.1735985989270674,0.1480812909884248,0.17544511511036184,0.15905404361971828
a14_h14x20_validated_d1,14.0,14x20,validated,1.0,prova2,PbLb,hole,278,648477.5990526649,330774.2780899214,0.0,860.2526526318933,204.9600979908753,-0.9604837558631917,0.7141975826652264,2998608.234058295,2923632.806866264,4604671.416226731,0.13542444255844885,0.13313387952733188,0.0030321287135085424,0.13511277853226908,0.13318303084328856,0.5217884971963683,0.5967240915613842,0.5218151879277532,0.5967605201443791
a14_h14x20_validated_d1,14.0,14x20,validated,1.0,prova2,PbLg,footprint,3466,1083.3903633562436,1421.1440966480643,337.7537332918207,935.3620964154929,904.2658743116649,0.23766325602622046,1.145319285207894,7229.2270678419445,6768.994874138911,71919.6602092125,0.20334059580606573,0.21343096816496912,-0.06580629367375368,0.20189095243289343,0.2053058003657432,0.30141468802017274,0.2830592470707494,0.3166268672123773,0.2986524856861483
a14_h14x20_validated_d1,14.0,14x20,validated,1.0,prova2,PbLg,hole,278,11580.564439894531,6061.765260636791,0.0,45.236654830264996,37.057253712172255,-0.910427728882063,0.7234935995894733,51788.65009892345,49925.95123520753,76282.2322075593,0.10981828255806905,0.09819623048504249,-0.024778280898761572,0.10481881177252213,0.09256226089350947,0.49358450885960964,0.5640577602973565,0.4952051485571485,0.5664122434623751
a20_h0x0_validated_d1,20.0,0x0,validated,1.0,prova2,Ca,footprint,3466,1156.7831728792617,8187.61745562003,7030.834282740769,1648.373320800882,1405.2947154108622,0.8587155324305926,2.660435843380243,16182.172720198252,13437.651051099952,695262.1960424241,0.23973920047159267,0.25608861383803794,0.19086287875097732,0.2489160307349479,0.27127094741201274,0.3401361350327363,0.3401663743463722,0.34043704073571324,0.34696009449430426
a20_h0x0_validated_d1,20.0,0x0,validated,1.0,prova2,Ti,footprint,3466,110.17541507422231,715.3905411814976,605.2151261072753,653.8929234893736,617.9880213165976,0.8459926309729187,2.5481749917793706,2408.0931122271795,2240.71261844341,40680.11154970666,0.12641848889023843,0.1618116294368905,0.08781349864278538,0.15059450641573474,0.16465866359784967,0.43916447520540686,0.4299589417735283,0.4234864580176879,0.4202419335039322
a20_h0x0_validated_d1,20.0,0x0,validated,1.0,prova2,Fe,footprint,3466,264.291057537593,1754.8455441047588,1490.554486567166,726.8004280995851,673.1086787272584,0.849393550090232,2.5767851813523444,5083.728068469457,4617.869827481898,416581.2030856491,0.5170619306680839,0.4922777414203707,0.4565258190121879,0.5239602855421677,0.5096535296234014,0.19992398136471237,0.225547292335364,0.20064833212624175,0.21873178594612125
a20_h0x0_validated_d1,20.0,0x0,validated,1.0,prova2,Cu,footprint,3466,154.6893266343753,1037.490715247673,882.8013886132977,589.8297584419768,515.8585694912265,0.8509005195314472,2.5897744081915866,3244.0547382829523,2798.2935044858564,143406.16742330242,0.6990560575176618,0.6310519062606297,0.6350481312074165,0.7197519417837906,0.7057149487064649,0.23537656873739238,0.2803964792425413,0.21166699042487064,0.22603589992076986
a20_h0x0_validated_d1,20.0,0x0,validated,1.0,prova2,PbLl,footprint,3466,30.05606266107094,288.82932534302796,258.773262681957,478.7142675808338,482.04312154582084,0.895938327504055,3.099949358577591,1466.0942768552432,1383.9448724774998,19845.188349203247,0.23977539823929933,0.1878050896744836,0.22415832834391766,0.27062041848856316,0.2418504339257443,0.4048429103396404,0.4342418781255988,0.38572693528261265,0.41671264913323797
a20_h0x0_validated_d1,20.0,0x0,validated,1.0,prova2,PbLa,footprint,3466,7359.016460514948,195348.9125969088,187989.89613639386,11383.591646338384,9582.902874698202,0.9623288588470423,5.152234387115844,122525.30254363391,91646.64321548757,8436202.36916504,0.36243289254915984,0.39219836860881074,0.3436581601792706,0.3611382321898805,0.31187400958842554,0.32688488209279115,0.28973154235440307,0.3289594884547519,0.34420032250308147
a20_h0x0_validated_d1,20.0,0x0,validated,1.0,prova2,PbLb,footprint,3466,3894.0187546611046,62873.06488239974,58979.046127738635,7870.895386501787,6767.379708000804,0.9380653899735184,4.0182161635806946,69027.32974495478,54465.98489734682,4383784.7360636955,0.3376590053373263,0.298553543482343,0.31716473518900395,0.3396616558635968,0.25659530995925867,0.3172378887279284,0.3311951091639011,0.31680036378732124,0.3659301889503163
a20_h0x0_validated_d1,20.0,0x0,validated,1.0,prova2,PbLg,footprint,3466,76.7428719283592,1056.591507713958,979.8486357855988,1025.0659704147315,992.3022612106811,0.9273675101795962,3.7105179258663856,3270.827396053537,2977.2065178506195,71919.6602092125,0.09000044275611736,0.08398503109229634,0.0801380652085354,0.08962660733373003,0.0688425012579671,0.43654564122114425,0.44237348524908016,0.4413898023145306,0.4697673820092438
a20_h14x20_validated_d1,20.0,14x20,validated,1.0,prova2,Ca,footprint,3466,6924.701277713814,12774.034040617078,5849.332762903264,1508.88205991464,1288.0511975561387,0.4579080300165459,1.3581993332775362,77405.32107351911,73435.05137820114,695262.1960424241,0.39649281171995293,0.4237291630446545,0.10809345842486513,0.4021126524121792,0.43870870997945477,0.16350789052466222,0.14510843669692916,0.16506776283774247,0.14361360904383258
a20_h14x20_validated_d1,20.0,14x20,validated,1.0,prova2,Ca,hole,278,67784.96609192976,59851.67388256128,0.0,51.32604352545898,34.63116447052888,-0.13254921198920674,0.9396615555264004,744766.5326673321,724793.556243267,659329.3700870238,-0.024677591105175714,-0.020636012443102463,-0.035678718822831336,-0.025089233376312806,-0.021696675499940095,0.3963744811806895,0.3739726884784331,0.39632404939683874,0.3742021876130919
a20_h14x20_validated_d1,20.0,14x20,validated,1.0,prova2,Ti,footprint,3466,607.5291991117814,1039.8037586962373,432.2745595844559,596.0412537295963,563.7510705726311,0.4157270600045391,1.3082541273963877,4229.535061644422,4015.9105541512126,40680.11154970666,0.23498959072810027,0.27759340793226694,-0.01931396712013765,0.24505272059152008,0.2852981142734453,0.33289373923147736,0.308052778598273,0.3497496985892441,0.30365918842516804
a20_h14x20_validated_d1,20.0,14x20,validated,1.0,prova2,Ti,hole,278,5842.702984101087,4315.495958041702,0.0,21.215216716474348,20.289380664198543,-0.35388911052355754,0.8594259292794958,24459.47888914386,23680.1564285186,21440.304521850143,0.02655707040283692,0.01889058218895944,-0.031942003615378675,0.023326488454048687,0.0206650564025314,0.5253841126128099,0.48056494632039126,0.5264982578103882,0.4798171373801133
a20_h14x20_validated_d1,20.0,14x20,validated,1.0,prova2,Fe,footprint,3466,1194.2757934895155,2288.311061220009,1094.0352677304934,683.0092681783835,631.5988531425486,0.47809726844881417,1.384220303342496,20645.738128621753,19204.935466371116,416581.2030856491,0.5551446294224422,0.5659210209388454,0.2753161677996318,0.5570415853720763,0.5806380261985172,0.21029285661262553,0.12307437785464477,0.24852837076290815,0.12247385910598578
a20_h14x20_validated_d1,20.0,14x20,validated,1.0,prova2,Fe,hole,278,11310.008616190753,8019.90777317993,0.0,15.391742282021225,12.643560002480312,-0.41024173046148177,0.8420797410662587,201073.49948773684,188198.07642748798,161639.3731000811,0.053150166486119366,0.21895822110216798,-0.1473033041912566,0.05334788882530868,0.21864990830207615,0.7475925126707125,0.5664808537810203,0.7479738189618489,0.5675305847330501
a20_h14x20_validated_d1,20.0,14x20,validated,1.0,prova2,Cu,footprint,3466,1608.889337428873,1482.3220541645019,0.0,549.7294371459888,481.20815089241205,-0.08538447020253616,0.9598606730225753,14682.992766670532,14389.325812538833,143406.16742330242,0.755357237522192,0.7173952849341824,0.30244574965665727,0.7667776950527794,0.7654185009954044,0.12693414058486902,0.12323255414300983,0.12655364996413737,0.107291664348214
a20_h14x20_validated_d1,20.0,14x20,validated,1.0,prova2,Cu,hole,278,17725.283488752957,6465.072154866471,0.0,20.885876757032385,17.128747574055804,-1.7416992516333416,0.6039348527781213,145922.18561046725,146522.2661021565,143895.2829678703,0.09836379178944023,-0.06451696683878004,-0.1268208584184899,0.10327501362133767,-0.06339765732540321,0.2765911107673164,0.41587630592701796,0.27253791041669395,0.4146062556208989
a20_h14x20_validated_d1,20.0,14x20,validated,1.0,prova2,PbLl,footprint,3466,189.87648474946218,376.4128373390102,186.53635258954802,443.8654586894993,446.5530949257195,0.4955632063673403,1.4079804407164376,2805.8940521319964,2674.945127649538,19845.188349203247,0.31889096641280745,0.29649794177126404,0.1127546884417415,0.31343293218329316,0.3461123390626707,0.3010054420235783,0.30363451672113023,0.36696924451874374,0.2905064715092847
a20_h14x20_validated_d1,20.0,14x20,validated,1.0,prova2,PbLl,hole,278,1884.2535815126407,1189.740030321571,0.0,16.717008611498215,15.903547636160157,-0.583752360592046,0.7946142743397655,18357.90798700763,17607.500135738508,20679.994684827678,0.2801119532928449,0.19297337255384928,0.06841961746959482,0.2681648322892868,0.18172442365194835,0.43296638822970596,0.43365794837104665,0.43873560745762646,0.43923814441975906
a20_h14x20_validated_d1,20.0,14x20,validated,1.0,prova2,PbLa,footprint,3466,120267.68675057725,242411.39894895305,122143.7121983758,10687.608674736593,8937.185038148766,0.5038695074900202,1.4197178413021292,586081.7382235291,538249.3687670148,8436202.36916504,0.46732238320959346,0.49541242158811394,0.1284505827231797,0.46540373234710464,0.44714743219813946,0.19255795210588025,0.12450436787794827,0.19793996410428988,0.13862076702104384
a20_h14x20_validated_d1,20.0,14x20,validated,1.0,prova2,PbLa,hole,278,1294804.6423359937,651229.5317150931,0.0,1612.0571225848835,360.26353667549165,-0.9882462008839901,0.7091937822916933,5771951.241010645,5576186.878261026,8451230.516870316,0.21665760439278714,0.17090554876466824,0.0014829429061464384,0.2156181657678399,0.1711362248270558,0.48235772476022826,0.533594166230637,0.48243605463848643,0.5333627817313508
a20_h14x20_validated_d1,20.0,14x20,validated,1.0,prova2,PbLb,footprint,3466,62893.837594517376,89425.16588284515,26531.32828832777,7344.990274555689,6276.746090578797,0.29668749312789816,1.1924106046907261,311203.2492692717,288276.97219463764,4383784.7360636955,0.4411572626260914,0.4222463797172563,0.09583042130364113,0.4410732531634729,0.38839366963124206,0.1763708893831516,0.14736579655729626,0.1792643301853516,0.15936374777081172
a20_h14x20_validated_d1,20.0,14x20,validated,1.0,prova2,PbLb,hole,278,676510.947746714,322756.75202136487,0.0,851.8683044845401,208.36362013977336,-1.096039644437655,0.690717172798713,3015116.70505372,2919854.958991395,4604671.416226731,0.1506094065006525,0.1514030885458164,0.008851128694975638,0.14977383412938916,0.1516521963516877,0.5013815535236339,0.581486091878555,0.5019812243282313,0.5816379065500344
a20_h14x20_validated_d1,20.0,14x20,validated,1.0,prova2,PbLg,footprint,3466,1126.3097322840458,1518.6539724146,392.3442401305542,949.036027092367,918.5619601994009,0.25834999101654627,1.1611825396098976,7279.29589251779,6783.075121002864,71919.6602092125,0.207463052327674,0.21346317722969999,-0.05972640286585353,0.20051021995585117,0.20339876458326386,0.2999282939269549,0.2841108193383547,0.3183485287241314,0.2999548588381008
a20_h14x20_validated_d1,20.0,14x20,validated,1.0,prova2,PbLg,hole,278,12100.555772426944,6029.411478121626,0.0,45.258882084602654,37.49589144885516,-1.0069215405740883,0.705886380849454,52192.93448615183,49923.39934548252,76282.2322075593,0.12955979690452832,0.11121574383674612,-0.020291311583150187,0.12514064676987882,0.10807732060537663,0.4724665951699084,0.544268161549494,0.47194108480892366,0.5479442588533716
a25_h0x0_validated_d1,25.0,0x0,validated,1.0,prova2,Ca,footprint,3466,1169.5329689385708,8519.250192025213,7349.717223086642,1573.930630656631,1346.0095945760463,0.8627187906708786,2.698947594017584,16407.632836967154,13392.232214539039,695262.1960424241,0.24019396506343335,0.25905506296454767,0.19204968566105124,0.24749331860009055,0.2763696081494378,0.33998251816229064,0.3386232586612174,0.3381435771282663,0.3449800220769448
a25_h0x0_validated_d1,25.0,0x0,validated,1.0,prova2,Ti,footprint,3466,111.70999130064185,783.0078261936621,671.2978348930203,628.3388287347603,594.6022535466776,0.8573322161495069,2.64750654513708,2395.3185183164815,2217.1951628278416,40680.11154970666,0.13222722089466835,0.16488687216627232,0.09564814354223569,0.1561592920552535,0.17216539222310895,0.436543005082107,0.429714764082583,0.4207022242854314,0.4178980139627167
a25_h0x0_validated_d1,25.0,0x0,validated,1.0,prova2,Fe,footprint,3466,267.9547929477743,1891.3374085500366,1623.3826156022624,727.298644310505,673.6880462239283,0.8583252296832655,2.656768671152944,5101.626059489045,4614.537709314562,416581.2030856491,0.5168452060481784,0.49291418163392337,0.4616181547888662,0.5236986675515074,0.5098562237500285,0.20113562620914271,0.22453412009215282,0.20083553140458751,0.21858589845505338
a25_h0x0_validated_d1,25.0,0x0,validated,1.0,prova2,Cu,footprint,3466,155.24263891191913,1069.939705999359,914.6970670874398,595.5000711714797,520.9559628832636,0.8549052455559472,2.6252710176433425,3263.00380036984,2811.9873867851247,143406.16742330242,0.7010186898826818,0.6293986741846714,0.643247093579057,0.7189463658658081,0.7041403456671241,0.23314052257848164,0.2837514866739104,0.21217217834841723,0.22665628250807196
a25_h0x0_validated_d1,25.0,0x0,validated,1.0,prova2,PbLl,footprint,3466,30.22542595417199,314.89952778497195,284.67410183079994,476.3489150510243,480.6281337191284,0.904015651700782,3.2277492563441763,1471.8501639073497,1383.2559204645886,19845.188349203247,0.2462595144930996,0.18810360547327892,0.23089731982376788,0.27145985976289533,0.24208590689064155,0.39797652541458534,0.43613215791614757,0.3835675571847109,0.4162159511286516
a25_h0x0_validated_d1,25.0,0x0,validated,1.0,prova2,PbLa,footprint,3466,7443.124616661331,244531.31579387365,237088.1911772123,11485.029725174527,9719.278091658629,0.9695616710992735,5.731781115436116,125207.46308005226,92166.61271517612,8436202.36916504,0.35289184759193887,0.39047887823948185,0.33658487875165405,0.35198811096180593,0.3101399757278922,0.3382375006011931,0.29167023570843875,0.33943820906709943,0.34410340520331667
a25_h0x0_validated_d1,25.0,0x0,validated,1.0,prova2,PbLb,footprint,3466,3934.358373332372,68909.64996976661,64975.29159643424,7973.355003781704,6887.837412328288,0.9429055527773174,4.18507325007667,69906.24695014794,54806.44077147543,4383784.7360636955,0.33728225476099377,0.29736169107766214,0.31755128855280285,0.3384070528609152,0.2544388009797174,0.3187570643641778,0.33129311257320054,0.3184880559407938,0.3683643799065078
a25_h0x0_validated_d1,25.0,0x0,validated,1.0,prova2,PbLg,footprint,3466,77.53132212221885,1169.1648291739298,1091.633507051711,1036.6770205534885,1005.1086969421369,0.9336865767874677,3.883285098493739,3298.781128981987,2992.7218667544644,71919.6602092125,0.09663034379807531,0.08458040351625754,0.08754818448500719,0.09394036798700106,0.06759488194390614,0.43405757879916135,0.44329029116267255,0.4382957160241864,0.4711204087066582
a25_h14x20_validated_d1,25.0,14x20,validated,1.0,prova2,Ca,footprint,3466,6913.322557266202,13087.789127960863,6174.466570694661,1438.8648760122887,1232.313095734489,0.47177307873210444,1.3759090724193088,77133.23447601906,73409.95380645213,695262.1960424241,0.39600318805443174,0.426210641223912,0.10623239843970778,0.4011415726998026,0.4436632632590199,0.16445226683901581,0.14399787219902768,0.1647364733510527,0.14199955019254437
a25_h14x20_validated_d1,25.0,14x20,validated,1.0,prova2,Ca,hole,278,67431.57289169158,60566.64150154511,0.0,50.05333987758614,33.53466993156874,-0.11334508930912636,0.9477310317540115,739198.6122002449,725214.6716681705,659329.3700870238,-0.000739224621234653,-0.010613612289392893,-0.034875472294628576,-0.0016703069360047072,-0.012428859753701636,0.39166650642943884,0.3675788111079395,0.3916894609991992,0.36780834629129777
a25_h14x20_validated_d1,25.0,14x20,validated,1.0,prova2,Ti,footprint,3466,605.9969728685273,1109.4682109021408,503.4712380336134,572.1504305674094,541.8466035245148,0.4537951002888369,1.3530760414548089,4178.771773852921,3985.9881706467145,40680.11154970666,0.23817733995489443,0.28024983310257323,-0.0160038397336073,0.25250319294196183,0.29177973614688024,0.33074651774719577,0.3081493058452781,0.3408842969855924,0.30101300868552466
a25_h14x20_validated_d1,25.0,14x20,validated,1.0,prova2,Ti,hole,278,5797.607380436053,4476.851170555915,0.0,20.64031913526056,19.711441855771913,-0.29501901215003595,0.8787430998509149,23993.896528686182,23606.26888597914,21440.304521850143,0.0021618200955713825,0.017259652159488197,-0.08203127779840766,0.0025617330754006316,0.01790197049301283,0.5319055099770699,0.48277734524147303,0.5311082307076829,0.4833428163890978
a25_h14x20_validated_d1,25.0,14x20,validated,1.0,prova2,Fe,footprint,3466,1216.6862459921865,2418.9220727232737,1202.2358267310872,683.3855683078887,632.1511830661702,0.4970130457231244,1.4100082035941053,20547.166171425157,19228.949363040265,416581.2030856491,0.5553568722273206,0.5665573193574657,0.27003963633233413,0.5576186962226733,0.5808813679175583,0.20827437633128168,0.1204331313091364,0.24229976713650314,0.12118099129539507
a25_h14x20_validated_d1,25.0,14x20,validated,1.0,prova2,Fe,hole,278,11540.544330035884,8112.741599390201,0.0,15.343161264920369,12.652234303824839,-0.4225208813384781,0.8384374624756119,199625.01127097366,188527.27601893755,161639.3731000811,0.05797481497741133,0.21953965882842813,-0.1713156717175695,0.05855010878917687,0.21956646863713172,0.7429777676365191,0.5563373128800947,0.7428857804336472,0.5539412751374467
a25_h14x20_validated_d1,25.0,14x20,validated,1.0,prova2,Cu,footprint,3466,1631.8505342253272,1519.5134465323185,0.0,555.0240826262557,486.0619126387433,-0.07392964369573245,0.9649661628724057,14747.849747130851,14436.952428812654,143406.16742330242,0.756511690648855,0.716999020262583,0.302913463730017,0.7658251864417291,0.7647354753825442,0.12680093252232058,0.12385774897208264,0.12564149698148508,0.10765055121283723
a25_h14x20_validated_d1,25.0,14x20,validated,1.0,prova2,Cu,hole,278,17995.479848939125,6629.931993318033,0.0,20.989595753180012,17.25343497821657,-1.7142781957757396,0.6069778193248746,146516.4140826162,146948.42903814578,143895.2829678703,0.11022657360311819,-0.05618470170876225,-0.1597593621411942,0.11466974085806468,-0.05485705764025091,0.27318247073051344,0.41613849206140635,0.27091103855888227,0.41667780377294883
a25_h14x20_validated_d1,25.0,14x20,validated,1.0,prova2,PbLl,footprint,3466,196.6797795304055,403.02074630764304,206.34096677723753,441.68003292635103,445.2154699582288,0.5119859676398113,1.431475255014197,2810.3123837101903,2673.2528861344044,19845.188349203247,0.324893765820875,0.29739075241017465,0.11757899286628154,0.3144274181465499,0.34803011321746785,0.29661058512812916,0.30364220515280066,0.3669931128615514,0.2893492499929979
a25_h14x20_validated_d1,25.0,14x20,validated,1.0,prova2,PbLl,hole,278,1964.7666775567818,1239.4193167905248,0.0,16.626816847810996,15.86741658292857,-0.5852316088186711,0.7942434433239053,18356.74865886511,17607.059136271593,20679.994684827678,0.2764669363845129,0.20279972598141352,0.015437026889201743,0.26594743769442347,0.19281642346539676,0.42960045674172154,0.4237076110892737,0.4350423792360498,0.43131973794791056
a25_h14x20_validated_d1,25.0,14x20,validated,1.0,prova2,PbLa,footprint,3466,125213.10000598697,286366.0449976479,161152.94499166094,10781.97342247963,9066.642880468647,0.5627515824824294,1.512292773273683,590953.3867084789,537742.0648279969,8436202.36916504,0.4503929334633671,0.49509488884091835,0.11760432131514813,0.4480537966457387,0.4462848060113581,0.220383336930248,0.12482115914458904,0.22550302649429513,0.13956330111127405
a25_h14x20_validated_d1,25.0,14x20,validated,1.0,prova2,PbLa,hole,278,1353352.4939845058,660345.1038827524,0.0,1593.1517053824668,364.21772934050847,-1.0494624492965128,0.6985218849279115,5806823.166841139,5566230.25322237,8451230.516870316,0.23439564407633082,0.18312914592048263,-0.006325132544090842,0.23364832065871702,0.18275604274935706,0.46026261841285554,0.5172756171816608,0.4619842711826914,0.5172766414332367
a25_h14x20_validated_d1,25.0,14x20,validated,1.0,prova2,PbLb,footprint,3466,65429.727361526384,95146.94287233152,29717.215510805137,7440.853496370736,6390.569394218013,0.3123296935633528,1.2058960262105698,313069.032504249,287948.556242891,4383784.7360636955,0.4387127568990492,0.42136423626499625,0.09236060186159159,0.438021127907487,0.3862477955598302,0.17514099306442285,0.14741597938664597,0.17891200999482157,0.16069658405190598
a25_h14x20_validated_d1,25.0,14x20,validated,1.0,prova2,PbLb,hole,278,706559.3843484317,329957.7157056593,0.0,843.8660118240123,211.25917971912398,-1.1413634254236447,0.6833682697077245,3030996.4506266527,2912875.060026076,4604671.416226731,0.17578493394873015,0.1627179448941138,0.014224933221216167,0.17598600751400742,0.1625179884041992,0.46022892268247484,0.563323031201544,0.46045888059417545,0.5730239507188684
a25_h14x20_validated_d1,25.0,14x20,validated,1.0,prova2,PbLg,footprint,3466,1172.0851634201997,1628.922450275027,456.8372868548272,960.1162581071352,930.6533584279734,0.28045367462256715,1.1788827696661823,7318.329630722455,6790.478514634286,71919.6602092125,0.21237025186384667,0.21373418855822812,-0.05422475559004454,0.2024368312204278,0.20182495121488794,0.29806307695726114,0.2860692104311825,0.3160990830103384,0.3011823694744603
a25_h14x20_validated_d1,25.0,14x20,validated,1.0,prova2,PbLg,hole,278,12644.979793343246,6247.867441495465,0.0,45.26907147000665,37.8668841189591,-1.0238873362390981,0.7029215103477428,52399.42177571877,49851.644820418,76282.2322075593,0.14733302446199553,0.11947316491746626,0.002104203872004123,0.1440091667204259,0.11400005417815508,0.44708372559346726,0.5307757109705217,0.44786466012991266,0.5317037436680433
a8_h0x0_validated_d0.5,8.0,0x0,validated,0.5,prova2,Ca,footprint,3466,357.4672377550132,1834.268312892774,1476.8010751377608,899.543229274082,779.2826577697356,0.8051172583408687,2.265235241798868,4758.591659364214,4232.42376441072,173815.54901060602,0.18297815183405827,0.22139275419436852,0.12684123228852184,0.21672007454211473,0.2386391989045713,0.38439459940695003,0.3679143871658255,0.37123394395954834,0.37695708361262237
a8_h0x0_validated_d0.5,8.0,0x0,validated,0.5,prova2,Ti,footprint,3466,31.68837777928759,151.29228837837462,119.60391059908703,356.0545623930451,339.0361363426445,0.7905486253203038,2.185034972551036,802.865816941628,764.6226251863569,10170.027887426664,0.0856717045808123,0.1219752827209565,0.0381458807781263,0.1243749221681456,0.1289994578296399,0.46565010419363684,0.44937510024645,0.4364068880873114,0.43695070397343905
a8_h0x0_validated_d0.5,8.0,0x0,validated,0.5,prova2,Fe,footprint,3466,76.72815906810622,354.72712600567274,277.99896693756654,357.7026054902953,335.860178392074,0.7836980782042612,2.1501552107922683,1518.4190554626628,1422.7335404162084,104145.30077141228,0.4769385930264254,0.4662770490648242,0.39474851819455004,0.4911773406948507,0.4858778885343422,0.22393373215017745,0.23798673753061603,0.2188991233199396,0.23159302339097035
a8_h0x0_validated_d0.5,8.0,0x0,validated,0.5,prova2,Cu,footprint,3466,45.19213010344246,232.31675392673918,187.12462382329673,277.52200779911146,251.86913294896542,0.8054719285648518,2.2672993285301484,1013.6406242969141,922.4743939836569,35851.541855825606,0.667488425219508,0.6112209235288251,0.5646335460030334,0.7112118794186184,0.6870956221166955,0.2651317415957429,0.2943993441165077,0.2146362919907143,0.22684278681179534
a8_h0x0_validated_d0.5,8.0,0x0,validated,0.5,prova2,PbLl,footprint,3466,8.516594227842017,49.80479427370675,41.28820004586473,241.62749944716538,242.60910933678522,0.8290005138654262,2.4182578005421704,493.24439535718585,480.43996463920917,4961.297087300812,0.19451071987377117,0.15253638138601983,0.17377921954927208,0.2685187437997005,0.25589424526426957,0.43785743202521377,0.4633619336839723,0.39190937182503816,0.40990737023497564
a8_h0x0_validated_d0.5,8.0,0x0,validated,0.5,prova2,PbLa,footprint,3466,2427.7885489620353,25997.36351915016,23569.574970188125,5397.047196713762,4631.869218103294,0.9066140477216592,3.27234605103079,35040.33669395918,27957.710661119687,2109050.59229126,0.32882982108762865,0.29879602117453985,0.29563752372942775,0.3261204758582308,0.23614414962456035,0.3451083854852824,0.35137181705419696,0.3510764126630665,0.39571181224620644
a8_h0x0_validated_d0.5,8.0,0x0,validated,0.5,prova2,PbLb,footprint,3466,1290.0221892856496,11945.162099293964,10655.139910008314,3721.426697685487,3243.664483380326,0.8920046309491356,3.0429683379113808,20468.015814399503,16764.61276202439,1095946.1840159239,0.29367024244449863,0.2111453952476496,0.26831705046109433,0.29912770834147906,0.20632212505419467,0.33560377603853103,0.3923376028720077,0.3391128465918231,0.4001961417916154
a8_h0x0_validated_d0.5,8.0,0x0,validated,0.5,prova2,PbLg,footprint,3466,25.049312441892845,197.17012510655934,172.1208126646665,496.5741077922162,481.13024026192085,0.8729558424312248,2.805579962303366,1075.0853017177274,1007.3014413042163,17979.915052303124,0.06840783379218224,0.0461972075806646,0.0613391882459989,0.08063099157035539,0.07141852293759378,0.4464783336569541,0.46391129710393625,0.447215039025445,0.4632455691470806
a8_h14x20_validated_d0.5,8.0,14x20,validated,0.5,prova2,Ca,footprint,3466,2777.654396113301,4398.381746264445,1620.7273501511436,828.1530418207294,716.0944415669734,0.3684826474026796,1.2583671018678606,17441.963197984147,16615.687047497682,173815.54901060602,0.33818428495251984,0.3735707029207315,0.1211351714998848,0.366894753686283,0.39468529321211715,0.19657205403580974,0.1795077993181482,0.18838050811282137,0.17590995036332657
a8_h14x20_validated_d0.5,8.0,14x20,validated,0.5,prova2,Ca,hole,278,29227.807415310024,30707.941546176186,1480.1341308661613,31.255749233782193,18.72721679819054,0.04820036955718612,1.0250079506413399,154022.10828973047,149160.4395995873,164832.34252175596,0.014171497319438031,0.19367880564536372,-0.2776231894317941,0.013472766680099498,0.19432726789338295,0.44079533568247486,0.3423139533781282,0.44079533568247486,0.3428298415561159
a8_h14x20_validated_d0.5,8.0,14x20,validated,0.5,prova2,Ti,footprint,3466,316.28921298428446,419.915767805816,103.62655482153156,325.9248926377433,310.0225219379529,0.24677938473949412,1.1522292637784572,1225.4297872965751,1131.3319555931182,10170.027887426664,0.20516715921780673,0.229498925507471,0.013997108825940519,0.23024915039023497,0.23453216690487533,0.35722725247160336,0.3511735301015481,0.3420253874095808,0.34701895781274494
a8_h14x20_validated_d0.5,8.0,14x20,validated,0.5,prova2,Ti,hole,278,3435.991112548265,3217.455438799394,0.0,11.906110107080222,10.884090783058161,-0.06792189601557261,0.9676766339067446,5906.539789156804,5126.098173378286,5360.076130462536,-0.049067256035628,-0.04930016624874085,0.02492417597816981,-0.050867981520222275,-0.049006933966044816,0.5218461661002278,0.4915731948235493,0.5212858851799376,0.4930782911954106
a8_h14x20_validated_d0.5,8.0,14x20,validated,0.5,prova2,Fe,footprint,3466,440.04298482709163,745.7393077426487,305.6963229155571,336.4490802315103,315.1376602866704,0.40992384301278045,1.301805094253287,4951.721124284368,4580.33132139414,104145.30077141228,0.5469384872061931,0.5463591128242974,0.33459149521857473,0.5581051003939066,0.570955977420889,0.13976551295521983,0.13904315083194435,0.15116457470579933,0.1370125072665548
a8_h14x20_validated_d0.5,8.0,14x20,validated,0.5,prova2,Fe,hole,278,4383.554756430584,4822.40602595655,438.851269525966,8.143178567909182,6.311387009392914,0.09100255498268989,1.048862766598779,45005.01273689724,41334.72430365267,40409.84327502028,0.15930695527425737,0.3060275431686792,-0.040498702526796174,0.15965269009899802,0.3051009291553597,0.6506864904918367,0.4941040692792189,0.6506964905829348,0.493940825552473
a8_h14x20_validated_d0.5,8.0,14x20,validated,0.5,prova2,Cu,footprint,3466,399.1287262056114,407.4916467328524,8.362920527241045,258.61775629780703,234.84149260254628,0.020522925056973486,1.0104221596384582,3571.7083130497517,3674.572403202427,35851.541855825606,0.7237638907706918,0.695167227168417,0.26288231559178377,0.7594602594920322,0.7569237694902294,0.15017973919785763,0.1420811433254547,0.1344506442014674,0.11341767063194638
a8_h14x20_validated_d0.5,8.0,14x20,validated,0.5,prova2,Cu,hole,278,4281.115419222477,2202.214591407153,0.0,11.196835424758225,8.417163568875946,-0.94400465600719,0.7172182792947208,33220.8005227248,35357.70594420485,35973.820741967575,0.13139962002681538,0.13467097522634042,-0.1883197808436949,0.1405607550759206,0.1361645049862055,0.3245719077472074,0.3129944193909379,0.32061254362221586,0.31087521553328995
a8_h14x20_validated_d0.5,8.0,14x20,validated,0.5,prova2,PbLl,footprint,3466,61.577033171178684,99.44308375160355,37.86605058042487,224.1024507236306,224.79461905903054,0.38078113783166206,1.2708020638990383,910.5997537334267,834.1979283194329,4961.297087300812,0.28626945106118706,0.2346025366748828,0.11568222762980816,0.3224861071785774,0.31748914655079136,0.31228717821326296,0.33821499774211056,0.3475702002086007,0.3166160986798218
a8_h14x20_validated_d0.5,8.0,14x20,validated,0.5,prova2,PbLl,hole,278,625.2242051809231,569.5629978760276,0.0,9.136178592249278,7.9953553244170825,-0.09772616464282838,0.9544495819346708,5717.973675757217,4879.829920557927,5169.998671206919,0.09724448227606339,0.18709867322166487,0.005076891904624454,0.0865456929902683,0.18816045335386516,0.5370317624864471,0.45266870240683643,0.5523286087120041,0.4649689000332725
a8_h14x20_validated_d0.5,8.0,14x20,validated,0.5,prova2,PbLa,footprint,3466,34913.818337454235,57641.16900029248,22727.350662838246,5097.851423213373,4317.104806043107,0.39429024527109996,1.2848952276494918,240440.33623062327,194746.13533933685,2109050.59229126,0.4706925766903854,0.4437811723739167,0.15870493968277255,0.4736861031731587,0.4111532699099155,0.12848828432204715,0.12980188017087327,0.12677324851207156,0.13737796625024598
a8_h14x20_validated_d0.5,8.0,14x20,validated,0.5,prova2,PbLa,hole,278,381400.6368328842,364005.53303961776,0.0,1000.5911422483158,175.50468934529985,-0.047788020275431387,0.9769296385877629,2509519.377327267,2030982.2294667491,2112807.629217579,0.12200389915155332,0.11709267731965586,-0.05508692724898588,0.12011324910026562,0.11448486488554585,0.36350464381930797,0.4658867721564938,0.36450650072355656,0.4661863434799189
a8_h14x20_validated_d0.5,8.0,14x20,validated,0.5,prova2,PbLb,footprint,3466,18143.630959546623,27800.135342158566,9656.504382611944,3489.876258516185,3006.059798313974,0.3473545816868011,1.2378309953049074,129880.18430930722,105047.16897790722,1095946.1840159239,0.4373878198632942,0.38337772462177805,0.11738912413334698,0.4417597853188987,0.3830081099042376,0.1351274037488959,0.1514813572875623,0.13541391472365633,0.15274751599827407
a8_h14x20_validated_d0.5,8.0,14x20,validated,0.5,prova2,PbLb,hole,278,197586.08829255198,184031.75190030097,0.0,535.0569476843675,100.81588209157142,-0.07365216193558853,0.9650908509327626,1334815.2845051268,1074273.547655567,1151167.8540566827,0.05602272578117777,0.08964055028249437,-0.111374343982139,0.054327005380672755,0.08731535791513521,0.3681084507696956,0.452315552526834,0.3680886506181288,0.4520483778444698
a8_h14x20_validated_d0.5,8.0,14x20,validated,0.5,prova2,PbLg,footprint,3466,319.94456268328474,476.5819519380562,156.63738925477145,459.9875745968653,445.09876974179156,0.32866831951523506,1.2204821409884148,3037.70968699557,2489.716248054904,17979.915052303124,0.24193950275835852,0.22703530138524766,-0.02203384507929543,0.24789685429678932,0.23875486523864747,0.25527561013582484,0.2767379544429558,0.2592292458515583,0.2804923550889869
a8_h14x20_validated_d0.5,8.0,14x20,validated,0.5,prova2,PbLg,hole,278,3474.6427577297327,3263.14051039288,0.0,25.410592396404134,18.31280193172154,-0.06481555013130216,0.9690870890992899,24717.87867886797,18802.08203868943,19070.558051889824,0.043316552068697896,-0.016427431014312807,-0.09963319064915155,0.031003030346190032,-0.024563649418185257,0.36614073536149633,0.47816223834814797,0.36913115944565955,0.4832292147627978
a14_h0x0_validated_d0.5,14.0,0x0,validated,0.5,prova2,Ca,footprint,3466,346.8719646096658,1930.42731100215,1583.5553463924841,854.3841036967068,739.9727757973202,0.8203133769229607,2.3590770549482243,4715.970599647694,4177.78473621916,173815.54901060602,0.1883121898536214,0.22344990988568195,0.13421981881150574,0.21673714123379262,0.24546024095637956,0.37902739637289806,0.3683018733832891,0.36874416725017417,0.3752338114231496
a14_h0x0_validated_d0.5,14.0,0x0,validated,0.5,prova2,Ti,footprint,3466,31.294591616252845,164.45689402030746,133.16230240405463,340.01878004984246,323.6602212244596,0.809709457285576,2.292405267073352,787.2410104389281,748.4298246963248,10170.027887426664,0.09330550711537813,0.12444321343194921,0.05307852123456907,0.13085231411429904,0.13744433342962778,0.46122443102496535,0.44902139674650937,0.43414118973380367,0.4343683568555493
a14_h0x0_validated_d0.5,14.0,0x0,validated,0.5,prova2,Fe,footprint,3466,75.6738994112366,382.3368554424554,306.66295603121876,358.4623507436871,336.207068476925,0.8020753209269774,2.247760449384687,1518.3002485322797,1421.4371595432292,104145.30077141228,0.48098138327572193,0.4670309162328633,0.407093459869511,0.49237336970961276,0.48517054710798674,0.22164642258410416,0.2368273618262738,0.2195319667264686,0.23183777704947456
a14_h0x0_validated_d0.5,14.0,0x0,validated,0.5,prova2,Cu,footprint,3466,44.30368561684641,242.13678179437173,197.8330961775253,281.98240320396843,254.86004970591213,0.8170303359591599,2.337816689342228,1013.9766768649698,924.5159642141872,35851.541855825606,0.6783123759666753,0.6072584370526338,0.595693273080699,0.7122002941378802,0.6860126477578038,0.2557208284373126,0.2974297430598038,0.21504173342924532,0.22845836523846244
a14_h0x0_validated_d0.5,14.0,0x0,validated,0.5,prova2,PbLl,footprint,3466,8.279503648872529,57.81889420812258,49.53939055925005,240.1271781830509,241.75501837465296,0.856802801882202,2.6426079659546984,492.7899327041611,479.3940686394841,4961.297087300812,0.2151077575091745,0.14884724700754529,0.20324142212244908,0.2717222884631995,0.255616763821449,0.4270620767576726,0.46199756109724666,0.38791212175561485,0.40958820399928775
a14_h0x0_validated_d0.5,14.0,0x0,validated,0.5,prova2,PbLa,footprint,3466,2352.739991375568,34515.12185869602,32162.381867320448,5488.956371056773,4710.954087518979,0.9318345158679253,3.830167247550096,35034.6201334859,28003.97500007313,2109050.59229126,0.3266082855861414,0.29009847910950065,0.30412775852055357,0.3240672244269761,0.22743975586699605,0.3513199747628929,0.35671255015057324,0.3545877562635373,0.40052236059920326
a14_h0x0_validated_d0.5,14.0,0x0,validated,0.5,prova2,PbLb,footprint,3466,1250.8306571263647,13574.692604809507,12323.86194768314,3800.2852046956905,3312.8951838089615,0.9078556919452307,3.2943197007232516,20395.53412790674,16819.913137112482,1095946.1840159239,0.2993576374703617,0.20301404005939275,0.2806627642755582,0.30123566350832215,0.19924685275826387,0.33339667756824043,0.396812543666445,0.33661753632374,0.4044043917307174
a14_h0x0_validated_d0.5,14.0,0x0,validated,0.5,prova2,PbLg,footprint,3466,24.29655630218952,217.6573780871902,193.3608217850007,504.33079029676156,488.5803806179756,0.8883724663243132,2.9930525039650515,1082.2516855965607,1014.4185209631261,17979.915052303124,0.074959415613686,0.04726108083644003,0.06841493483839922,0.0817393253188604,0.06959258204019002,0.4410372392382334,0.4636481462121903,0.44484252690532,0.4637372648873449
a14_h14x20_validated_d0.5,14.0,14x20,validated,0.5,prova2,Ca,footprint,3466,2480.676021957014,4085.3365900328376,1604.6605680758234,785.3122805358264,679.1250142009808,0.3927854003488426,1.2833020779415394,17291.577986602642,16485.700532955278,173815.54901060602,0.34643823828727877,0.3769555200126287,0.10809142872109831,0.37024939237827353,0.4010138906862129,0.1938316403669145,0.17819019896715058,0.18781352933555237,0.17468351131064644
a14_h14x20_validated_d0.5,14.0,14x20,validated,0.5,prova2,Ca,hole,278,25696.08765938036,25804.85575375007,108.76809436971234,30.11789943107367,18.00370922142529,0.004215024312000105,1.0021141980557242,152923.4187620067,148233.59630298594,164832.34252175596,0.07919980540547182,0.1874723349304718,-0.19404052376981173,0.07909424178370124,0.18792586752770835,0.420553874296941,0.3365351337616872,0.42010711960663166,0.33623335518945985
a14_h14x20_validated_d0.5,14.0,14x20,validated,0.5,prova2,Ti,footprint,3466,285.20338098343836,392.52201686122913,107.31863587779077,310.85672996614846,295.6157932299598,0.2734079396003201,1.173153055382539,1208.1112783195745,1107.8067765819117,10170.027887426664,0.20967687470360186,0.2340502676047557,0.013383384995916993,0.23524068188603697,0.24264082596971823,0.35398354172718,0.3493194105291241,0.33956414475742625,0.3453651595570428
a14_h14x20_validated_d0.5,14.0,14x20,validated,0.5,prova2,Ti,hole,278,3058.9097142027986,2725.1727268037907,0.0,11.49626835948794,10.5059565869127,-0.12246452641936942,0.9438732707665124,5886.7042372146725,5027.716907791981,5360.076130462536,-0.035491439153323895,-0.0488656239326694,0.0346686574115629,-0.03651412164783138,-0.04981681360396718,0.5122178025522589,0.5008390748869813,0.5137396504359328,0.5005729828611812
a14_h14x20_validated_d0.5,14.0,14x20,validated,0.5,prova2,Fe,footprint,3466,430.6706604395543,758.9936521348728,328.32299169531854,337.1583150189204,315.46836191334324,0.4325767294256312,1.3275363716991482,4946.063467002702,4608.2422178583465,104145.30077141228,0.5507407309987437,0.5455253695735589,0.3429123999578095,0.5605297453197803,0.5695150555888624,0.14131371614501764,0.13791027469364664,0.1550736178982615,0.13734915916925713
a14_h14x20_validated_d0.5,14.0,14x20,validated,0.5,prova2,Fe,hole,278,4287.072214793014,4609.282253479282,322.2100386862685,8.023073218670712,6.3165806546981385,0.06990460140362431,1.0368985140174125,44943.678710387074,41691.31277205728,40409.84327502028,0.15341326566090785,0.2869847594615585,-0.01840896299710443,0.1541510939379392,0.28599167946416126,0.6480739740222994,0.513449616980129,0.6479909409374309,0.5134245170056888
a14_h14x20_validated_d0.5,14.0,14x20,validated,0.5,prova2,Cu,footprint,3466,401.30994568415866,421.65094978111944,20.341004096960773,262.7702422322232,237.6896417709046,0.04824133351892095,1.0250300087197997,3586.7422290937807,3697.33854776435,35851.541855825606,0.7348874553627769,0.6938878088997649,0.2906630575554389,0.7618034072041197,0.7567484746404746,0.14159689386086446,0.14386337052975984,0.12783899338653693,0.11345970105084209
a14_h14x20_validated_d0.5,14.0,14x20,validated,0.5,prova2,Cu,hole,278,4322.103044493206,2270.9779659818028,0.0,11.179501381114664,8.490347035416601,-0.9031902155090475,0.7248679566598268,33398.997592261716,35603.95292154083,35973.820741967575,0.2133292783497669,0.12362980234189264,-0.23459444663182455,0.22307631942658288,0.12645097617026907,0.26796345747541045,0.31856356953671244,0.2666898904252752,0.316873273613938
a14_h14x20_validated_d0.5,14.0,14x20,validated,0.5,prova2,PbLl,footprint,3466,62.079349800840774,103.4077458944252,41.32839609358443,222.68928959639388,223.98718861164235,0.3996644133001305,1.2906335663074298,907.7816816004229,832.7827111515764,4961.297087300812,0.30113517643703747,0.23220314277501564,0.12632796398424992,0.3174473000418761,0.3191802462315257,0.30873115602070705,0.3375765974673129,0.36134375153032255,0.3137205728594605
a14_h14x20_validated_d0.5,14.0,14x20,validated,0.5,prova2,PbLl,hole,278,634.9717638793991,523.7663643987723,0.0,9.048158984393279,7.973524866860074,-0.21231871124118215,0.9082211179334722,5688.186530158632,4872.71586823972,5169.998671206919,0.08926744711136878,0.20846385660773814,0.010835668922645363,0.07780681242824534,0.21054161678227,0.5500091593693901,0.4358068555101342,0.5629630118477118,0.44472259179398443
a14_h14x20_validated_d0.5,14.0,14x20,validated,0.5,prova2,PbLa,footprint,3466,35215.2106222305,61533.31822672978,26318.10760449928,5183.642152054538,4392.178245003176,0.4277049956500935,1.3218738844542894,240261.4412813523,193749.53629710202,2109050.59229126,0.46689791748571163,0.4421688942481225,0.11490781337325057,0.46759590015832914,0.407541411175777,0.13375775406082452,0.12909439390885866,0.13436038620462132,0.13705289350440697
a14_h14x20_validated_d0.5,14.0,14x20,validated,0.5,prova2,PbLa,hole,278,386803.6977535049,304347.7945838639,0.0,983.6495397783947,177.79775151283374,-0.2709265670296159,0.8870329875006187,2509690.5235980246,2016703.2593193706,2112807.629217579,0.05938791531116553,0.20784834808291713,-0.1388713217227691,0.05679518339445131,0.20663408716371492,0.40364033571739216,0.42454081901460783,0.40414605570663603,0.42536632886650866
a14_h14x20_validated_d0.5,14.0,14x20,validated,0.5,prova2,PbLb,footprint,3466,18267.692280177398,26761.664689540674,8493.972409363276,3563.614283623526,3071.4775055007385,0.31739327533996775,1.2103604351130905,129425.56681028177,104584.10827158617,1095946.1840159239,0.43552555208409904,0.3820023840987803,0.08170659280245803,0.43687226530541395,0.37904585053049905,0.13641211440266,0.1504479428265861,0.13845627443036107,0.15266102362146577
a14_h14x20_validated_d0.5,14.0,14x20,validated,0.5,prova2,PbLb,hole,278,200018.11005641843,150545.15104768198,0.0,528.4035326989139,102.48004899543773,-0.328625390219755,0.8675584141026129,1331618.3810779671,1067093.9013517026,1151167.8540566827,0.03061708080839393,0.17030623783260568,-0.11486253555983114,0.028559986528071124,0.16836364377695467,0.3894107014157743,0.41928417700873527,0.3895841516754354,0.4206170905997005
a14_h14x20_validated_d0.5,14.0,14x20,validated,0.5,prova2,PbLg,footprint,3466,323.02739517950585,452.9579867314718,129.93059155196596,467.2830498366374,452.1329371558325,0.2868491015900621,1.1841569906402896,3030.738821793226,2484.1664283081273,17979.915052303124,0.24288184421163556,0.22862683710276321,-0.06852398364696098,0.24232841311474557,0.2355556859569385,0.25605842440684634,0.27540962275889735,0.2647094514800263,0.28150453231728345
a14_h14x20_validated_d0.5,14.0,14x20,validated,0.5,prova2,PbLg,hole,278,3527.880716683642,2734.032996094303,0.0,25.356050979627486,18.52862685608614,-0.290357768806517,0.8803288395179019,24572.418262837746,18636.504565834755,19070.558051889824,0.03526858261847492,0.09732826292826226,-0.08552173466411166,0.02190836128116256,0.09030297597254675,0.3758672872180253,0.4395440958424553,0.3821653421710025,0.442354541745796
a20_h0x0_validated_d0.5,20.0,0x0,validated,0.5,prova2,Ca,footprint,3466,343.0485533227177,2113.977508786562,1770.9289554638442,811.1934308104312,702.6473577054311,0.8377236503714602,2.4824035583628183,4702.533951884149,4132.686132806068,173815.54901060602,0.19370609703676683,0.22768640526985595,0.14316266844256947,0.21773892502484946,0.2532941916492136,0.37494093429073405,0.36438740497404265,0.36733702966568915,0.3710074753272372
a20_h0x0_validated_d0.5,20.0,0x0,validated,0.5,prova2,Ti,footprint,3466,31.42005155668267,188.03520470230197,156.6151531456193,324.65918130530133,308.9940106582988,0.832903356547371,2.4463361721222925,772.8604083738413,733.3022691497576,10170.027887426664,0.10336654521534432,0.12763763105538023,0.06899197934787861,0.13959479450946188,0.14629576420905133,0.4571160405767654,0.44813459993338545,0.42947172256297383,0.43248550770579597
a20_h0x0_validated_d0.5,20.0,0x0,validated,0.5,prova2,Fe,footprint,3466,75.9358794428609,430.3820665873652,354.44618714450434,359.3363162213752,336.5543393636292,0.823561701710807,2.3806939581706814,1517.8662053935334,1420.4839333528685,104145.30077141228,0.4828940251456496,0.4674969621678605,0.41543824230030957,0.49420269062930705,0.4847853113153961,0.22072058853722942,0.23630411513636362,0.2189545906789266,0.2327154390258722
a20_h0x0_validated_d0.5,20.0,0x0,validated,0.5,prova2,Cu,footprint,3466,44.67151040547811,254.83900225428403,210.16749184880592,286.4918512731599,257.8853972741526,0.824706932571868,2.3884581144882326,1015.5580170010311,927.8319032695331,35851.541855825606,0.6861596781510382,0.6053874364924509,0.6181650007158044,0.7117080244982247,0.6864567653370697,0.24600554750122913,0.30149912123079076,0.21475399630965256,0.22939205010468658
a20_h0x0_validated_d0.5,20.0,0x0,validated,0.5,prova2,PbLl,footprint,3466,8.214866949590775,70.88498102635543,62.67011407676466,238.82186430244292,240.90403154775657,0.8841099083240717,2.9374930434732085,492.6922945427497,478.48701547287834,4961.297087300812,0.23094328701941225,0.14563024537092126,0.22402595792740224,0.2742324697410245,0.25566856854235287,0.41573806544009345,0.46381647748105315,0.3847159892386771,0.4095233602816343
a20_h0x0_validated_d0.5,20.0,0x0,validated,0.5,prova2,PbLa,footprint,3466,2322.7946430002085,49517.92205270397,47195.12740970377,5581.546181533825,4791.451437349101,0.9530918393439862,4.617169286383383,35161.804944013646,28129.296279627462,2109050.59229126,0.3190405254823358,0.2832507081365371,0.30324862162068383,0.3168717633455893,0.22095381587674845,0.3592270732392132,0.3601258661752537,0.3620130963848826,0.402695554913169
a20_h0x0_validated_d0.5,20.0,0x0,validated,0.5,prova2,PbLb,footprint,3466,1234.6058796683544,16311.978301736874,15077.37242206852,3880.5511850338617,3383.689854000402,0.9243129277865153,3.6348722096845894,20365.48499901779,16918.362067860293,1095946.1840159239,0.2996303895334255,0.19660672305353982,0.28443858319976073,0.29948190631853644,0.19293387952943025,0.3314130981191683,0.40014940438025093,0.3350436131429362,0.4084790174081947
a20_h0x0_validated_d0.5,20.0,0x0,validated,0.5,prova2,PbLg,footprint,3466,24.011599757694032,253.63732755143425,229.62572779374023,512.1685456242714,496.15113060534054,0.9053309700528018,3.2500948573246404,1090.7098615455118,1021.9602202836359,17979.915052303124,0.08203188486589262,0.04957755957319728,0.0772183907126891,0.0850861894984611,0.0678344355479244,0.43786544691464724,0.46206188994754016,0.44101224683498996,0.4645398142505786
a20_h14x20_validated_d0.5,20.0,14x20,validated,0.5,prova2,Ca,footprint,3466,2230.902971085146,4059.5194261530987,1828.6164550679528,744.4665312905744,644.0255987780695,0.4504514606549857,1.3489534744199594,17242.985635086014,16427.42723460869,173815.54901060602,0.3515397291593298,0.3813067171218572,0.11311959259688731,0.3716689152799567,0.4081048699411164,0.19312098391152677,0.17533165276744592,0.18715953302916624,0.1716516685149595
a20_h14x20_validated_d0.5,20.0,14x20,validated,0.5,prova2,Ca,hole,278,22661.09222553367,23466.111988668916,805.0197631352457,29.09074403989784,17.31558223526444,0.03430563032870403,1.0176071512737954,152858.93497546745,148061.56133648174,164832.34252175596,0.1390929180493965,0.20654807236079073,-0.14472624519368674,0.1396112410176668,0.20743112043496675,0.4144146155700389,0.32646296979322276,0.4143746279147002,0.3269175281095253
a20_h14x20_validated_d0.5,20.0,14x20,validated,0.5,prova2,Ti,footprint,3466,260.1749499877821,398.6955996879294,138.52064970014732,296.43783610943626,281.87553528631554,0.34743460878066235,1.2379068934307644,1205.905854010768,1087.1706908960098,10170.027887426664,0.21836103155758546,0.2390288646359945,0.02538331936942363,0.244290892444991,0.2507644859008828,0.3478571156488363,0.3482554993974674,0.33401273659172104,0.34280576930803935
a20_h14x20_validated_d0.5,20.0,14x20,validated,0.5,prova2,Ti,hole,278,2749.27994206597,2531.9488563181408,0.0,11.105112885142518,10.144690332099275,-0.08583549592856442,0.9596613026649984,6046.415426927963,4952.50869783012,5360.076130462536,-0.018248263855434807,-0.03551769042434621,0.002848221895913332,-0.018488993596086214,-0.036148279466562995,0.49922139020733586,0.5021714780161923,0.4992497694694601,0.5026539336710463
a20_h14x20_validated_d0.5,20.0,14x20,validated,0.5,prova2,Fe,footprint,3466,432.63966233305416,807.5274868139643,374.8878244809101,337.9969928840223,315.7994265712743,0.46424156527476274,1.3662038078439969,4918.884634582466,4637.011134860597,104145.30077141228,0.5551932201248789,0.5445750316930587,0.350548094781784,0.5646538883941209,0.5684172766285859,0.14227473559554835,0.1377675844903058,0.15794788321332992,0.13733747633258836
a20_h14x20_validated_d0.5,20.0,14x20,validated,0.5,prova2,Fe,hole,278,4313.964060355701,4574.477785955591,260.51372559988977,7.922111303452308,6.321780001240156,0.056949391338113026,1.029751658618935,44619.29553705959,42055.54224048051,40409.84327502028,0.15811168463622022,0.2714266923482292,-0.0042765025155096364,0.15806253332026354,0.2707307543972973,0.637887044617267,0.5306951317114037,0.6405452303689144,0.5301394215691617
a20_h14x20_validated_d0.5,20.0,14x20,validated,0.5,prova2,Cu,footprint,3466,410.4827284022825,451.6330771276611,41.15034872537865,266.99743108989065,240.5706072536816,0.09111455916181016,1.0489273915717856,3602.1983808602513,3722.190685918129,35851.541855825606,0.7401005546976687,0.6935095207706595,0.31440802822858,0.7602877378276488,0.7574697843086745,0.13381168606217728,0.1458709848466819,0.1255067754166726,0.1144125643766211
a20_h14x20_validated_d0.5,20.0,14x20,validated,0.5,prova2,Cu,hole,278,4433.238488655986,2499.338069534296,0.0,11.224226491184309,8.5643737870279,-0.7737650391097491,0.750847872674789,33566.63869382275,35860.64664039845,35973.820741967575,0.282908551463243,0.10853532150406377,-0.2271468029968252,0.2907213765496278,0.11064380125106854,0.24249287678208822,0.33259027875431924,0.24035511348938435,0.32964718490849193
a20_h14x20_validated_d0.5,20.0,14x20,validated,0.5,prova2,PbLl,footprint,3466,64.36446985287917,115.4111773305604,51.04670747768124,221.4614171457822,223.1826925798859,0.44230297843226557,1.3390624676457519,907.6638543693732,830.7473088903215,4961.297087300812,0.3133984682332962,0.23004945816607864,0.12958759297824096,0.3147839779314748,0.3215326019681853,0.3058317294893906,0.3383676872262319,0.37157698837162506,0.3108837555425082
a20_h14x20_validated_d0.5,20.0,14x20,validated,0.5,prova2,PbLl,hole,278,663.9379147518971,517.9879259285975,0.0,8.982035295775995,7.95177381808008,-0.28176330280605455,0.8832752945357448,5690.659600057954,4858.634601258301,5169.998671206919,0.07192652771924768,0.24213921049023132,-0.007574415081890515,0.060823915689854076,0.24498384290122346,0.5678003650800374,0.4119972950253271,0.5828763603841786,0.4151055561703249
a20_h14x20_validated_d0.5,20.0,14x20,validated,0.5,prova2,PbLa,footprint,3466,36071.134217979416,75677.86729006482,39606.73307208541,5270.892858583129,4468.592519074383,0.5233595302081812,1.4484534517017755,242597.37411040737,191859.58301881456,2109050.59229126,0.4572549360939643,0.43971746362548036,0.10183333802237576,0.4564424874447775,0.4035916000713761,0.14573813450197093,0.12903059400280806,0.14812605068700233,0.13761614567075817
a20_h14x20_validated_d0.5,20.0,14x20,validated,0.5,prova2,PbLa,hole,278,397570.25569181965,290680.8970375183,0.0,981.5760764871283,180.13176833774568,-0.3677206164686669,0.8550692789573074,2542388.4423368773,1991498.8715343,2112807.629217579,-0.06100320628555965,0.25891433121116936,-0.1393347137447197,-0.06260006551647,0.2589148897488507,0.4774278987990275,0.4043350138469159,0.4793898039265483,0.40463968586364507
a20_h14x20_validated_d0.5,20.0,14x20,validated,0.5,prova2,PbLb,footprint,3466,18656.824419391913,28548.353874905984,9891.529455514072,3639.280711814891,3138.3730452893983,0.346483355883042,1.2370056223197319,130118.57991506251,103612.57000993483,1095946.1840159239,0.4323942046736689,0.3797517849591719,0.07119806542057935,0.43126561528851287,0.37420499344241304,0.1399149325126372,0.1500614195555918,0.14320780212289683,0.1533435096964984
a20_h14x20_validated_d0.5,20.0,14x20,validated,0.5,prova2,PbLb,hole,278,204939.1596365152,138675.85576869614,0.0,528.5627154574054,104.1818100698866,-0.47782869988805166,0.8225985729971047,1343528.2067214067,1053671.2709232504,1151167.8540566827,-0.0474871529351574,0.21661794821741298,-0.1347308885738492,-0.05160413418420962,0.21671513377396373,0.43132329643875367,0.4132789347200687,0.43405679501482913,0.4128768891731596
a20_h14x20_validated_d0.5,20.0,14x20,validated,0.5,prova2,PbLg,footprint,3466,329.6479877186473,475.5364849911021,145.8884972724548,474.6785460111482,459.28098009970057,0.3067871801154954,1.2010655411638491,3052.519338997832,2470.5026713509756,17979.915052303124,0.24659150859419124,0.23091510988781952,-0.07938517527716724,0.2405203061003002,0.2327151971307542,0.25566880316598006,0.27525851975084054,0.26852512619430324,0.2829401312593422
a20_h14x20_validated_d0.5,20.0,14x20,validated,0.5,prova2,PbLg,hole,278,3611.6031059752972,2580.4377552687415,0.0,25.362276067684494,18.747945724427577,-0.3996086898826065,0.8452723928553791,24791.762086208077,18374.070203101102,19070.558051889824,-0.02785958027568861,0.16768948879559445,-0.13491903456807974,-0.03978826953576302,0.1638925496379419,0.4090602391110866,0.4147269859234074,0.4144641518094869,0.42057920896742873
a25_h0x0_validated_d0.5,25.0,0x0,validated,0.5,prova2,Ca,footprint,3466,344.4346128143304,2307.701930931902,1963.2673181175717,776.1121477549277,673.0047972880233,0.8507456235150612,2.588430226936062,4726.804202824631,4104.117605520719,173815.54901060602,0.19884865051078984,0.23286201194957917,0.15240045373591574,0.21976068962328493,0.2594977138885069,0.37288943901441063,0.360782462392194,0.36522351740956494,0.3686092970155054
a25_h0x0_validated_d0.5,25.0,0x0,validated,0.5,prova2,Ti,footprint,3466,31.854259440050814,213.0262602441462,181.17200080409538,312.2651501579536,297.30112677333886,0.8504679216377214,2.5860255724132317,762.7125863374812,721.599975149109,10170.027887426664,0.11058733427242648,0.13183620695858328,0.07942369592612683,0.1475895850385786,0.154346626276092,0.45346397134281324,0.4486839962638928,0.4266673437135026,0.4299768162725169
a25_h0x0_validated_d0.5,25.0,0x0,validated,0.5,prova2,Fe,footprint,3466,77.27638370334058,482.7384457320704,405.4620620287298,360.0173058872981,336.8440231119642,0.8399208010330494,2.4993814876809326,1519.713396790677,1420.096258943613,104145.30077141228,0.4838956711765892,0.4685346298756457,0.42227558786685415,0.49585601694701903,0.48483012024323385,0.22202225323973618,0.23666193032533342,0.218807029314025,0.23200606209391372
a25_h0x0_validated_d0.5,25.0,0x0,validated,0.5,prova2,Cu,footprint,3466,45.706950645937276,267.9434593312545,222.2365086853172,290.0816215975412,260.4332689475182,0.8294156880708536,2.4211988333372134,1019.5660230865774,932.05562219257,35851.541855825606,0.6902697855444809,0.6030324610079554,0.6311030265571231,0.710483218605418,0.68613136642954,0.2405462748135733,0.3030224480505844,0.2143154050476405,0.22915004989432783
a25_h0x0_validated_d0.5,25.0,0x0,validated,0.5,prova2,PbLl,footprint,3466,8.27905814037829,84.66679677627269,76.38773863589441,237.88466483037377,240.19723604774208,0.9022159990030657,3.1979089790012565,493.169594938889,477.8972462761603,4961.297087300812,0.24002787074502235,0.14316635956211538,0.23468283518183383,0.27597421701531827,0.25567437637055873,0.4091102168505686,0.46475794843830753,0.38180595986976074,0.4108669660515049
a25_h0x0_validated_d0.5,25.0,0x0,validated,0.5,prova2,PbLa,footprint,3466,2330.4231416735247,67478.11649681408,65147.69335514055,5653.067044751254,4859.639045829315,0.965464016148353,5.381013525953655,35434.22171876162,28319.69552262408,2109050.59229126,0.30962725216924114,0.27863442770683755,0.2970243291087172,0.3080334828933395,0.21650318881780437,0.36656775114665363,0.36297171555783836,0.3669401554930705,0.40356937874504895
a25_h0x0_validated_d0.5,25.0,0x0,validated,0.5,prova2,PbLb,footprint,3466,1237.6554769527786,19300.87952534155,18063.22404838877,3944.233433582309,3443.918706164144,0.9358756954403156,3.9490139321244846,20412.39138632221,17046.37234330343,1095946.1840159239,0.2957678941344567,0.19186557316461045,0.2826465554379567,0.29449539499738303,0.18839879917820126,0.3350070496626273,0.4018125278043149,0.33850698173987787,0.4110437794226062
a25_h0x0_validated_d0.5,25.0,0x0,validated,0.5,prova2,PbLg,footprint,3466,24.098092431967103,294.9505594089777,270.85246697701064,518.608974228224,502.55434847106847,0.9182978581893356,3.498511285303465,1098.9256344167336,1028.7911794907018,17979.915052303124,0.0890112323136679,0.051159794753593404,0.08570931482182172,0.08853889350804374,0.06656154791579207,0.43699810936166467,0.46129169333943965,0.4379862983136092,0.4652613310998563
a25_h14x20_validated_d0.5,25.0,14x20,validated,0.5,prova2,Ca,footprint,3466,2060.9499439130755,4185.9742989005,2125.0243549874244,711.3862018559875,616.1565478672445,0.5076534644624047,1.4251630595787517,17288.717986942647,16427.528353338854,173815.54901060602,0.3543540767063651,0.3854214899144165,0.1386877448781748,0.3718114638581638,0.41376154273163107,0.19281908937909265,0.17417558212765932,0.1894008637455402,0.16972244917091756
a25_h14x20_validated_d0.5,25.0,14x20,validated,0.5,prova2,Ca,hole,278,20548.73491333943,22944.668093026943,2395.933179687512,28.311126356005428,16.76733496578438,0.10442222001091636,1.0566918189709387,153541.92116646204,148402.95057349754,164832.34252175596,0.15618808086173427,0.2238487770398564,-0.11772571207892323,0.15681866990395105,0.2240174554196168,0.43610953779671086,0.3183095653422079,0.4357029296744581,0.3182037989986883
a25_h14x20_validated_d0.5,25.0,14x20,validated,0.5,prova2,Ti,footprint,3466,244.5597658138474,422.3671946785542,177.8074288647068,284.8164228438408,270.9233017622574,0.42097831248477646,1.3141731342804608,1214.2215358334754,1072.2619579784046,10170.027887426664,0.22631226596896817,0.24318756302007502,0.05113971088480557,0.25403133739047107,0.2581866747735325,0.3428474255572404,0.34791068111945805,0.3270734349036135,0.3399409496146561
a25_h14x20_validated_d0.5,25.0,14x20,validated,0.5,prova2,Ti,hole,278,2551.8732476058,2545.953188578806,0.0,10.79265783127122,9.85572092788596,-0.0023252819625872684,0.9988393826988072,6286.8090808913175,4907.01178570814,5360.076130462536,-0.01760929674799813,-0.021675451068049717,-0.032949777169409465,-0.018711850130935195,-0.022305481572585183,0.48816949237885293,0.49831931743834745,0.488182036526227,0.4963520089837595
a25_h14x20_validated_d0.5,25.0,14x20,validated,0.5,prova2,Fe,footprint,3466,444.3402463408912,865.3492984778247,421.0090521369335,338.63185852474976,316.0755915330852,0.48651920429992956,1.39552588757158,4888.555386463855,4659.311764622418,104145.30077141228,0.557458844627901,0.5449633094480707,0.34780446259974124,0.56757987985273,0.5686653932631547,0.1424438720370364,0.13785456247919245,0.15943253997631454,0.1352805965708243
a25_h14x20_validated_d0.5,25.0,14x20,validated,0.5,prova2,Fe,hole,278,4446.131256973869,4617.452193280222,171.32093630635245,7.850349295569959,6.326117151912416,0.03710291501353838,1.0190841899901242,44225.0142115601,42334.318582386244,40409.84327502028,0.16824746793923892,0.26851391834011534,0.013518344161114217,0.1685468441364295,0.2685155939531593,0.6269105815830552,0.5220189085078877,0.6268585749538885,0.5305078656756012
a25_h14x20_validated_d0.5,25.0,14x20,validated,0.5,prova2,Cu,footprint,3466,423.82723840372836,486.09098335729897,62.26374495357061,270.39161709078104,242.99688949446235,0.1280907218717199,1.0709380532227377,3614.8930846889602,3745.3577723504886,35851.541855825606,0.7437281163559646,0.691654190856113,0.33136594046352913,0.7594034415133057,0.7577552535326858,0.12873731978512706,0.14872661755275374,0.12253616655050602,0.1158038212286796
a25_h14x20_validated_d0.5,25.0,14x20,validated,0.5,prova2,Cu,hole,278,4586.638107012191,2777.386562169834,0.0,11.267690394976123,8.62671748910829,-0.6514223009089805,0.7781636276688385,33676.649170335164,36090.31530850884,35973.820741967575,0.3122798139734398,0.0910692896713257,-0.1993825019406196,0.3181210010447447,0.09329506233140888,0.24346881490180974,0.3437779346322836,0.23957484892704234,0.3434461933197105
a25_h14x20_validated_d0.5,25.0,14x20,validated,0.5,prova2,PbLl,footprint,3466,67.87700399252711,130.0963691176985,62.21936512517138,220.58311976181577,222.51451042930253,0.4782559693797555,1.3844308091992086,908.3874569973436,828.9847875825637,4961.297087300812,0.3204881465485152,0.22894075465558536,0.13400495965244838,0.3149336107804802,0.32408881702844683,0.30285349909922565,0.33865917367890086,0.38004874707668485,0.30722605614644904
a25_h14x20_validated_d0.5,25.0,14x20,validated,0.5,prova2,PbLl,hole,278,705.9856030249605,538.6590773102942,0.0,8.927028799954819,7.933708291464285,-0.3106353030383966,0.873492276114178,5696.242127447286,4845.586048083858,5169.998671206919,0.05362659912829023,0.2702252777956975,-0.07857136522570803,0.04627233347827386,0.2739942900692838,0.5919071735665117,0.3929840954620037,0.5959043462656347,0.39374537389967856
a25_h14x20_validated_d0.5,25.0,14x20,validated,0.5,prova2,PbLa,footprint,3466,37483.237892151585,94623.56226552179,57140.324373370204,5338.519734725504,4533.321440234326,0.6038699347740638,1.5888434109758334,245287.2120893038,190062.53716755545,2109050.59229126,0.44491801526166097,0.4371847288837771,0.08900809501102669,0.4435573401389252,0.40060498609155626,0.16833139097251792,0.12902483785126878,0.17197148304070667,0.1386287040688818
a25_h14x20_validated_d0.5,25.0,14x20,validated,0.5,prova2,PbLa,hole,278,414277.5803291895,303542.7687863423,0.0,981.3370121518257,182.1088646702541,-0.36480793789158333,0.8559812074902896,2576973.1892259554,1967153.566421734,2112807.629217579,-0.18527728184286155,0.2816362026251829,-0.17391288650961004,-0.18801020671758853,0.28186855430061447,0.5615363420203159,0.39786483430318614,0.5620589824227886,0.39794498897402625
a25_h14x20_validated_d0.5,25.0,14x20,validated,0.5,prova2,PbLb,footprint,3466,19319.462625527187,31570.991789387826,12251.52916386064,3699.491431651942,3195.2846971090066,0.3880628535711327,1.2783406271121405,131099.90969081176,102664.79298869266,1095946.1840159239,0.4265394489738403,0.37712872569273975,0.06939181514193797,0.42447310658483484,0.37016890675028546,0.14795273645219092,0.1520092800951469,0.15130104801200037,0.1560483415618894
a25_h14x20_validated_d0.5,25.0,14x20,validated,0.5,prova2,PbLb,hole,278,212750.44053060305,140182.99515739037,0.0,528.7623367733725,105.62958985956173,-0.5176622549100027,0.8117315634397514,1357479.0162868581,1040446.5751677838,1151167.8540566827,-0.1458947899325817,0.23892147490811355,-0.1947873055946434,-0.14861319282759422,0.239453761318417,0.48808227460480746,0.40197034193787756,0.4882616976974289,0.4020069157611014
a25_h14x20_validated_d0.5,25.0,14x20,validated,0.5,prova2,PbLg,footprint,3466,340.4681953102102,521.0542662465487,180.58607093633844,480.7761223939677,465.3266792139867,0.3465782407602245,1.2370954332758195,3079.6394264664614,2456.8095005663426,17979.915052303124,0.25289589429538245,0.23204202626569412,-0.07910588553466581,0.24250925785273791,0.23040948212801002,0.2550749160488083,0.27639423144360376,0.2702832279487398,0.28476296199293866
a25_h14x20_validated_d0.5,25.0,14x20,validated,0.5,prova2,PbLg,hole,278,3738.8588357615704,2647.6604748383893,0.0,25.38673858836134,18.933442059479557,-0.41213681712334616,0.8415145161457432,25070.214520238726,18123.428295384634,19070.558051889824,-0.09958475516081834,0.19788124315965883,-0.16887923971528102,-0.11365264374037044,0.19660889432159873,0.4524720438311037,0.41091425120013647,0.4601796347927222,0.4173003592788552
a8_h0x0_sharp_d1,8.0,0x0,sharp,1.0,prova2,Ca,footprint,3466,1287.5492359764078,8642.190281694908,7354.6410457185,906.9235044760262,786.1348472280663,0.8510158658848815,2.590776740552242,7459.812014052639,5555.183264178343,695262.1960424241,0.21667413817164388,0.2123387180542511,0.1730138685880955,0.2160369748615763,0.19478457574697933,0.3528781483880038,0.36661470164873233,0.352916672498505,0.3751016225426866
a8_h0x0_sharp_d1,8.0,0x0,sharp,1.0,prova2,Ti,footprint,3466,118.09245289844748,684.7436897292106,566.6512368307631,354.9381333630256,337.7520410972421,0.827537727371904,2.407980400091894,1382.753387513142,1252.950978895014,40680.11154970666,0.11266289909605809,0.13087729134927759,0.06937320322092565,0.0928516765832444,0.07055841216985671,0.44531077315288137,0.43758228181731934,0.4507983133179716,0.4604334126705737
a8_h0x0_sharp_d1,8.0,0x0,sharp,1.0,prova2,Fe,footprint,3466,289.81155411107056,1600.0078505243614,1310.1962964132908,338.7550397171038,317.0775490986982,0.8188686674155428,2.349650181693578,2280.2448562594573,1954.3119217330038,416581.2030856491,0.4806374717716857,0.4401499744825681,0.418895814946855,0.4731345972594969,0.43389953108970647,0.21783381209576358,0.25057870181277114,0.22461129629836313,0.2551162441473054
a8_h0x0_sharp_d1,8.0,0x0,sharp,1.0,prova2,Cu,footprint,3466,170.18599725277244,1095.9498418346216,925.7638445818491,301.9747835531865,269.7212048373243,0.8447136987876371,2.53765995956546,1612.7295037512229,1306.7760809805454,143406.16742330242,0.6649379767746977,0.5902782996528977,0.5856089134545146,0.6836892594001039,0.6591318999668367,0.26175955793238215,0.3131167392797039,0.24203923032930244,0.2574943403513264
a8_h0x0_sharp_d1,8.0,0x0,sharp,1.0,prova2,PbLl,footprint,3466,33.499090629328215,256.10233606243077,222.60324543310256,233.99267482664416,235.01791151028596,0.8691964659738127,2.7649689655744476,827.8624488250259,773.8960229150466,19845.188349203247,0.19730969708069762,0.16348381534521203,0.1800696958375726,0.2171402028397114,0.20092697168957036,0.42217306494233986,0.44280512518961385,0.4171198960658623,0.4467244017191038
a8_h0x0_sharp_d1,8.0,0x0,sharp,1.0,prova2,PbLa,footprint,3466,7963.043710122889,120748.05339894615,112785.00968882327,5436.917664827826,4674.791299521457,0.9340524051032661,3.894040994631947,48756.056041927004,29171.021166810533,8436202.36916504,0.33568418062552935,0.27099908502568915,0.3148730898346435,0.33414009577517095,0.25075827660856964,0.30969145758520855,0.3417237052235035,0.31094694353910246,0.3560331563552147
a8_h0x0_sharp_d1,8.0,0x0,sharp,1.0,prova2,PbLb,footprint,3466,4224.328553606434,55322.13720917887,51097.80865557244,3747.536652259284,3280.8106775496326,0.9236412624907494,3.6188504017789946,29314.978921709415,19111.44078159425,4383784.7360636955,0.3179139290076623,0.24886967042068533,0.2946941264613042,0.31835790335099046,0.21771343825035785,0.3231301521687921,0.3574800402895825,0.3235831586177641,0.37101404118353376
a8_h0x0_sharp_d1,8.0,0x0,sharp,1.0,prova2,PbLg,footprint,3466,83.17889017146133,958.0677248384278,874.8888346669664,497.9187757037127,483.4893060605551,0.9131805737579888,3.3938414090444335,1804.1442049180841,1604.2358428120224,71919.6602092125,0.07148676751282208,0.08851920072810603,0.06244983669359401,0.057248604604392274,0.02996999003201079,0.4506580839270242,0.448979142749253,0.46028515339972914,0.4911836039847235
a8_h14x20_sharp_d1,8.0,14x20,sharp,1.0,prova2,Ca,footprint,3466,7415.349916643137,13473.080133106037,6057.730216462901,853.9936521035119,739.4784924413876,0.4496173225881625,1.3479308767391753,71597.19560656942,66448.17629233545,695262.1960424241,0.38398402303696155,0.3869506280802567,0.0934291981880552,0.3821364163350122,0.37441027503835506,0.1352125301660614,0.11687320895740652,0.13732302214117084,0.11895046649810373
a8_h14x20_sharp_d1,8.0,14x20,sharp,1.0,prova2,Ca,hole,278,72503.85768865449,62619.53543131363,0.0,20.74512387126144,14.353501136834367,-0.15784726266745974,0.9293394291349822,771330.4793104628,727785.7126180604,659329.3700870238,-0.034858615960381804,-0.043599730673130055,0.033798751863869915,-0.03526132162861768,-0.04362039656733912,0.38198201048086217,0.38572844833257847,0.38198201048086217,0.38576757169636333
a8_h14x20_sharp_d1,8.0,14x20,sharp,1.0,prova2,Ti,footprint,3466,653.2329430141689,1038.8276666692216,385.5947236550527,332.7297143593938,316.49562948442843,0.37118257053297354,1.2610657033851265,3502.6250506648726,3166.2946985519625,40680.11154970666,0.24749628937684448,0.26765420511053856,-0.028214054937279347,0.22707017429258006,0.23042587385275373,0.2949291507854506,0.2665996555892195,0.3188071313188887,0.27917797236699327
a8_h14x20_sharp_d1,8.0,14x20,sharp,1.0,prova2,Ti,hole,278,6327.841344115882,4545.019393495993,0.0,8.532639402516049,8.252894575760983,-0.3922583813770167,0.8475007271394409,26640.538174430454,23899.199626925118,21440.304521850143,0.0022483934361768763,0.019579259150034112,0.026613658137180946,0.0017060533476095563,0.01990823784433499,0.5337186281312098,0.48235855499704605,0.5334016314938433,0.4808597460893687
a8_h14x20_sharp_d1,8.0,14x20,sharp,1.0,prova2,Fe,footprint,3466,1197.6352060871036,2153.4512156035953,955.8160095164917,323.5033757549274,302.36337551982666,0.44385310546660517,1.3409273279665794,18553.828513520755,16729.633423748106,416581.2030856491,0.5439319570905969,0.5464028009381271,0.257678358581223,0.5336767890473583,0.5432100315366843,0.21997425119323655,0.10178872114657911,0.25940050954877786,0.10314290482127544
a8_h14x20_sharp_d1,8.0,14x20,sharp,1.0,prova2,Fe,hole,278,11107.736997667673,8151.033513480746,0.0,5.818642265284123,4.783077084055749,-0.3627397040261122,0.8566305237544103,205494.57711141295,186481.82513881792,161639.3731000811,0.0343643101124085,0.22545848263743726,-0.10646193462913192,0.035389226757641286,0.22542106061278847,0.7488806642700178,0.5616333449976423,0.7474430039723718,0.5610751275490554
a8_h14x20_sharp_d1,8.0,14x20,sharp,1.0,prova2,Cu,footprint,3466,1532.9491469435961,1518.7839829021714,0.0,287.9889833513371,256.96893822767584,-0.009326648292904187,0.9953690442649502,13251.237951672827,13097.96888416158,143406.16742330242,0.730550078648238,0.6990097052730295,0.260092598492377,0.7416655058827709,0.740908461009601,0.12202046346675313,0.10330372427675226,0.12173059187874531,0.09278854534326372
a8_h14x20_sharp_d1,8.0,14x20,sharp,1.0,prova2,Cu,hole,278,16676.918717814115,6209.341062404813,0.0,7.900818445067072,6.540702127795332,-1.6857791431020732,0.610189670586059,145146.54891969476,146280.8277512048,143895.2829678703,0.07895795858945776,-0.08664678831058827,-0.10704119220680229,0.08108207739153965,-0.08636584385688142,0.285208731633931,0.42312553461487945,0.283585788549726,0.4222827005879492
a8_h14x20_sharp_d1,8.0,14x20,sharp,1.0,prova2,PbLl,footprint,3466,179.5063619844921,351.0395498110865,171.5331878265944,221.47679575025137,222.1329052679158,0.48864348167864774,1.3984215304171324,2251.42553500799,2159.9516478691794,19845.188349203247,0.2975798863876894,0.30319620670369823,0.08685960859397827,0.3050425283170226,0.34251663889860046,0.2746270042390942,0.25858134689236445,0.3011378897978242,0.2569920593039248
a8_h14x20_sharp_d1,8.0,14x20,sharp,1.0,prova2,PbLl,hole,278,1725.0869486832166,1236.7984063375968,0.0,6.399748603582697,6.022080764005931,-0.39480042975761764,0.84672808242878,18261.201809006765,17704.87388423786,20679.994684827678,0.25281621680645466,0.1685809149349904,0.08947937355139879,0.2500168259476499,0.16703767532148728,0.44434236028772567,0.4685338716963114,0.4466832430637724,0.46834936201940147
a8_h14x20_sharp_d1,8.0,14x20,sharp,1.0,prova2,PbLa,footprint,3466,110676.98225062357,185138.16516923226,74461.1829186087,5205.6961373752865,4437.57791151961,0.4021925076903768,1.293359695705323,518316.10936591617,486096.4950340166,8436202.36916504,0.4643247611012429,0.41753206653668695,0.10864658535413475,0.463247229419786,0.40167431211180443,0.130666245304768,0.10003780068463931,0.13097651802900148,0.10263758880549698
a8_h14x20_sharp_d1,8.0,14x20,sharp,1.0,prova2,PbLa,hole,278,1173280.898546992,778466.5646401955,0.0,616.1819420926491,135.6159000096349,-0.507169288753305,0.8145523144108803,5683040.956502794,5578181.898424428,8451230.516870316,0.19900222828607964,0.11612696566864358,0.08477057990950011,0.19879836203239573,0.11586947979755241,0.4943515698893315,0.5899242850093067,0.4943515698893315,0.5899534887293045
a8_h14x20_sharp_d1,8.0,14x20,sharp,1.0,prova2,PbLb,footprint,3466,57948.27239678437,86634.36885588721,28686.09645910284,3569.032541234618,3100.0529620459156,0.3311168170085132,1.2227139340463955,275511.56401222,258125.56825798372,4383784.7360636955,0.44456349075277757,0.3944251459115786,0.08048062831872593,0.44367707443127474,0.3697263102963307,0.13897582024148722,0.11426794773602944,0.14069427641391907,0.11850749024350182
a8_h14x20_sharp_d1,8.0,14x20,sharp,1.0,prova2,PbLb,hole,278,613490.6568981634,371976.741517359,0.0,326.04393101851895,79.0705515510458,-0.6492715496018013,0.7786708489218018,2984830.822959771,2922917.6387929763,4604671.416226731,0.16453989481059844,0.10376205847945376,0.03939306330216469,0.16476275134544743,0.10352523850257164,0.4986985246306767,0.6391434934788784,0.4984895604123387,0.6386968813895862
a8_h14x20_sharp_d1,8.0,14x20,sharp,1.0,prova2,PbLg,footprint,3466,1035.5674844554671,1500.1651354553833,464.59765099991614,470.6482831795732,456.49089066504916,0.30969767262247766,1.2035948788047528,5889.542159108043,5535.502262520608,71919.6602092125,0.2143375957401563,0.229722499802494,-0.0767386010966925,0.20635690833099055,0.19830623878227274,0.26376547069609285,0.24129256095458088,0.2696289865096144,0.2605853381534496
a8_h14x20_sharp_d1,8.0,14x20,sharp,1.0,prova2,PbLg,hole,278,10934.946406069352,6692.936729857238,0.0,17.176084631013985,13.994379787682204,-0.6338039409947622,0.7823480966936749,51155.417516579,49742.745143315384,76282.2322075593,0.11353535082729203,0.05622715057254301,0.027805816596460267,0.11168379841369713,0.05472300859673272,0.4941531861294161,0.6047749491740473,0.4972541376211927,0.6044449752190472
a14_h0x0_sharp_d1,14.0,0x0,sharp,1.0,prova2,Ca,footprint,3466,1278.43798473964,8942.885974137245,7664.447989397606,884.2038172311127,766.4314962332219,0.857044136709685,2.644837620582681,7540.1929759153545,5536.338253013052,695262.1960424241,0.21978168363110823,0.2136406177365109,0.1799058226750161,0.2193818735097973,0.19592799336600883,0.34942437448692476,0.3663710234330768,0.3497648668544808,0.3740518110617293
a14_h0x0_sharp_d1,14.0,0x0,sharp,1.0,prova2,Ti,footprint,3466,118.01469289045411,738.3776698646606,620.3629769742065,346.9515020760502,330.0469088526334,0.8401702845210834,2.50133141065883,1377.6371558644616,1244.9492054858745,40680.11154970666,0.11815880842357668,0.13281744345349408,0.07909446990353874,0.09743367030661247,0.07152806384587163,0.44028230532922397,0.4370932348454744,0.44713402941527386,0.46023440427795104
a14_h0x0_sharp_d1,14.0,0x0,sharp,1.0,prova2,Fe,footprint,3466,290.1869378639706,1735.3865451376466,1445.199607273676,340.3233876446802,317.9447020338114,0.8327825355814582,2.445452227046671,2276.036783695068,1953.3093974295318,416581.2030856491,0.4827558488660586,0.44064333640432485,0.42929946584743583,0.47479939945609584,0.43435802269794055,0.21535156135363787,0.2500197219922213,0.22282281110456242,0.2548106177396171
a14_h0x0_sharp_d1,14.0,0x0,sharp,1.0,prova2,Cu,footprint,3466,167.89318258175607,1139.5366370027991,971.6434544210431,311.4878885361408,277.2199058277646,0.8526653929939915,2.6052392676842486,1615.5247320436163,1316.6129960026144,143406.16742330242,0.6686714338857845,0.5914204293012914,0.601524645544995,0.6844994482646062,0.661132073404807,0.25891809206928373,0.3154719979420179,0.2412407886505174,0.2574407813402126
a14_h0x0_sharp_d1,14.0,0x0,sharp,1.0,prova2,PbLl,footprint,3466,33.107733115554296,286.2029005065719,253.09516739101758,233.0083578319581,234.58972922652356,0.8843207631475626,2.9401689886320024,830.8998189418659,773.5426236006798,19845.188349203247,0.2092079640498489,0.1635258699353085,0.1948950411594784,0.2205053813334743,0.20055673733970347,0.4143689403068513,0.4421490466748655,0.412006061011264,0.4482865968177646
a14_h0x0_sharp_d1,14.0,0x0,sharp,1.0,prova2,PbLa,footprint,3466,7856.012201265165,155737.05830583748,147881.0461045723,5666.175680300252,4872.530623575274,0.949555922741025,4.452407533548955,48999.21707476764,29408.762710468476,8436202.36916504,0.33362819358960366,0.2676214006223721,0.3167649019340634,0.331806066457119,0.24591413979216975,0.3110778552323388,0.34389776473406053,0.3132037790736524,0.3588829654168704
a14_h0x0_sharp_d1,14.0,0x0,sharp,1.0,prova2,PbLb,footprint,3466,4166.002270733791,61763.72463624122,57597.72236550743,3945.990846601015,3453.975349752,0.9325493678486919,3.850410100020339,29350.688982636664,19317.26068825471,4383784.7360636955,0.32095777021174526,0.24802392705329157,0.30108497283444297,0.3213575982015232,0.21559668228707163,0.32289295326266915,0.3580787084208045,0.32401020503387706,0.37384256338659816
a14_h0x0_sharp_d1,14.0,0x0,sharp,1.0,prova2,PbLg,footprint,3466,82.02825638106061,1052.2265527195884,970.1982963385278,516.8929355248689,502.1169150934685,0.9220431606016308,3.581565420892532,1822.59119473863,1623.7412765812576,71919.6602092125,0.07331595326620884,0.08646563976888921,0.06541758200038075,0.05886778918091712,0.030137808369294722,0.4505979957090727,0.45038128401353233,0.4587800955354326,0.4909206558013992
a14_h14x20_sharp_d1,14.0,14x20,sharp,1.0,prova2,Ca,footprint,3466,7277.383907476706,13623.583178285347,6346.199270808642,832.3490781855661,720.9445165705991,0.46582453292639336,1.3682266044156646,70231.16047526029,66138.81715987636,695262.1960424241,0.38614540607320275,0.3885452982727408,0.08950060602128997,0.3840771410947788,0.3762265588939009,0.13631148465508508,0.1157934967367493,0.13907320386418986,0.11773334211129474
a14_h14x20_sharp_d1,14.0,14x20,sharp,1.0,prova2,Ca,hole,278,70941.8775917583,61541.67353831803,0.0,20.438311926614308,13.993751061003053,-0.15274534332556572,0.9313937337450634,753903.837516169,724426.7717360447,659329.3700870238,-0.024250309778961504,-0.03285625837282893,0.012580330598952161,-0.0245385152225256,-0.03308805151057912,0.3900428292680271,0.3825265680234812,0.3901743450801636,0.38233389505898485
a14_h14x20_sharp_d1,14.0,14x20,sharp,1.0,prova2,Ti,footprint,3466,636.2632304544761,1074.6076946291496,438.3444641746735,325.20574052277055,309.2754194389291,0.4079111534055668,1.2995905954957725,3384.6465205940012,3138.6953845647704,40680.11154970666,0.24828237079723398,0.26810783851313214,-0.02486592919740187,0.22715655709110943,0.2309094735392575,0.2977022922149413,0.2671237175316165,0.3207066049648793,0.27978079276004164
a14_h14x20_sharp_d1,14.0,14x20,sharp,1.0,prova2,Ti,hole,278,6114.556343656911,4432.830417202346,0.0,8.362846323662668,8.064621415662613,-0.37937971187175207,0.8514479084365554,25254.026857673995,23676.83025640731,21440.304521850143,0.03166824872464902,0.02438882712393029,0.01016207239429481,0.030385287670643735,0.026042657198335893,0.5220285606442282,0.48296062345630575,0.5223187753676378,0.4807014504731269
a14_h14x20_sharp_d1,14.0,14x20,sharp,1.0,prova2,Fe,footprint,3466,1204.3312971692949,2275.146696221182,1070.8153990518872,324.9389344925293,303.19028770360643,0.4706577386110606,1.374458767085952,18336.593090624712,16749.84832877061,416581.2030856491,0.5454893092777683,0.5472090544168537,0.25401711210839434,0.5352157963710528,0.5441314980091851,0.22407442208534145,0.10140908574804969,0.2554749513085766,0.1030323328942972
a14_h14x20_sharp_d1,14.0,14x20,sharp,1.0,prova2,Fe,hole,278,11173.01982470822,8142.8894990927965,0.0,5.837401968268964,4.796157982858268,-0.37211978941296114,0.8536974535753176,202829.84277367516,186731.6427579902,161639.3731000811,0.03885830429635562,0.21984071063866265,-0.11012069726471636,0.03840477169911909,0.2200015694908845,0.748647822648941,0.5606601147411614,0.7527866773571827,0.5599878823583381
a14_h14x20_sharp_d1,14.0,14x20,sharp,1.0,prova2,Cu,footprint,3466,1551.5922774685425,1557.463036082298,5.87075861375547,297.0469716088075,264.11311426330735,0.0037694368840515153,1.0018900634798962,13273.94729075098,13134.201354155866,143406.16742330242,0.7360859905741488,0.6999730741654553,0.2740678247252111,0.7441158658383932,0.7422465636471869,0.11822599373154213,0.10466035335029972,0.12176041924814977,0.09289676367315104
a14_h14x20_sharp_d1,14.0,14x20,sharp,1.0,prova2,Cu,hole,278,16923.34228661105,6242.482274891673,0.0,8.088131198266595,6.722529456042726,-1.7109956490672968,0.6073451807194868,145383.29319743052,146607.8646846849,143895.2829678703,0.08894908063301309,-0.08130046562493803,-0.14479863188571107,0.09128376814095479,-0.08063077894502843,0.276830450263529,0.41933364789574507,0.27611875119943136,0.41897406504915835
a14_h14x20_sharp_d1,14.0,14x20,sharp,1.0,prova2,PbLl,footprint,3466,182.0769267105548,374.1566955150408,192.07976880448598,220.56607916800687,221.72819985594205,0.513367183073073,1.433505301769444,2261.511895763511,2159.670566801079,19845.188349203247,0.30560520605742963,0.30339442477931977,0.08510432506492308,0.30063874719116435,0.34312240932940163,0.27451276347342296,0.25843980111225356,0.3155934213174562,0.25670305161781637
a14_h14x20_sharp_d1,14.0,14x20,sharp,1.0,prova2,PbLl,hole,278,1761.1329882705704,1193.8201520708628,0.0,6.362037494979437,6.011108077490307,-0.4752079575936267,0.8233289318065385,18359.83378750282,17711.763820943368,20679.994684827678,0.2523079475164482,0.1757056215979819,0.05892562375051354,0.24663376321185976,0.17368427372926395,0.4479473701269168,0.45268525022893163,0.45060043638037944,0.4550348706822335
a14_h14x20_sharp_d1,14.0,14x20,sharp,1.0,prova2,PbLa,footprint,3466,113637.17984224859,210624.89261522694,96987.71277297835,5421.062796582306,4625.283329887669,0.46047602241467783,1.361427832147359,521208.44162037293,486804.05516218074,8436202.36916504,0.45738922309995284,0.41487762851284143,0.09825345624546446,0.4559815193246452,0.3978119296876598,0.1508470067406452,0.10079418242676438,0.15207054373847517,0.10338693840860311
a14_h14x20_sharp_d1,14.0,14x20,sharp,1.0,prova2,PbLa,hole,278,1210596.950327517,694708.3019392757,0.0,620.1892058097045,141.35232644681093,-0.7425975001999257,0.7575328258020118,5727254.801798508,5585834.337448766,8451230.516870316,0.195824148879336,0.1345430700973168,-0.0015919143922808311,0.1957565658198956,0.13419007428271892,0.4979992388448452,0.5699219803909347,0.4981068796831,0.5697994518956313
a14_h14x20_sharp_d1,14.0,14x20,sharp,1.0,prova2,PbLb,footprint,3466,59463.38249072919,89813.19238237521,30349.809891646022,3755.2708279904177,3263.6770500361426,0.3379215133833926,1.228981263460918,275947.87369862146,258487.19723530475,4383784.7360636955,0.44529376549203753,0.3932297956103648,0.07853158742812374,0.44421668484527416,0.36722266570724815,0.15439148434851951,0.1150644417250917,0.15688685867849128,0.11976302601484858
a14_h14x20_sharp_d1,14.0,14x20,sharp,1.0,prova2,PbLb,hole,278,632670.507519856,337955.95957424305,0.0,329.8335955828896,83.24397924496682,-0.8720501580054819,0.7308718914014828,2996684.407007314,2925723.8992823125,4604671.416226731,0.14197273833431218,0.12359070470419983,0.028342363727986115,0.14220899977351298,0.12309025494173194,0.5207815894841136,0.6181038902197623,0.5195268606591592,0.6185276992053834
a14_h14x20_sharp_d1,14.0,14x20,sharp,1.0,prova2,PbLg,footprint,3466,1064.8014673489897,1536.1615705645618,471.36010321557205,488.58054121061014,474.07831965635336,0.30684279065927966,1.2011137196775938,5946.325864187315,5561.922168659633,71919.6602092125,0.2112181225025084,0.22865714980437404,-0.08061715304910122,0.200404726831771,0.1985387718079318,0.2669877342478125,0.24151839621097157,0.2801385336381391,0.26057885769111727
a14_h14x20_sharp_d1,14.0,14x20,sharp,1.0,prova2,PbLg,hole,278,11305.154121872289,6183.18908587683,0.0,17.616510000259954,14.533547525366172,-0.8283694651510272,0.7395508152451304,51739.39328669826,49850.36080221407,76282.2322075593,0.11152517371220062,0.0723906725324294,0.0005246706991647599,0.1099037388233119,0.06964378421566926,0.49315495031267487,0.5811100450063562,0.49336501935341603,0.5800769881391455
a20_h0x0_sharp_d1,20.0,0x0,sharp,1.0,prova2,Ca,footprint,3466,1282.7669998221768,9272.232983448323,7989.465983626145,860.8555093889331,747.691668787602,0.8616550077945605,2.688550995188935,7709.403860536508,5523.207827905607,695262.1960424241,0.22337791408516944,0.21525493171474883,0.18583065758014047,0.22207235713117815,0.19748879445552936,0.34574073558869856,0.3642093460287641,0.3470173587582963,0.37357803307619003
a20_h0x0_sharp_d1,20.0,0x0,sharp,1.0,prova2,Ti,footprint,3466,119.11953620317637,807.192040430215,688.0725042270386,338.97869771368397,322.68548962074107,0.8524272660819495,2.6031364807003925,1373.507792242502,1237.3325408242795,40680.11154970666,0.12494168371788555,0.1344219689701806,0.08983169943375796,0.10359422378197705,0.07281329196013706,0.43492381472197217,0.43732402399442305,0.4443255130053083,0.4591981606847146
a20_h0x0_sharp_d1,20.0,0x0,sharp,1.0,prova2,Fe,footprint,3466,292.6809050668344,1885.9784296753521,1593.2975246085177,341.5341075975985,318.81280686892944,0.8448121672753087,2.5384649192996016,2281.612437181233,1952.580196342051,416581.2030856491,0.4839533618281922,0.44074518234371146,0.4348123643360882,0.4756663783438197,0.4346147095680866,0.21444581656862874,0.2507892339388161,0.22019511279264806,0.254307603076879
a20_h0x0_sharp_d1,20.0,0x0,sharp,1.0,prova2,Cu,footprint,3466,167.31668071369663,1179.2181142272448,1011.9014335135481,320.6191678315654,284.8050076561292,0.8581121857822366,2.654773358908016,1625.6516241138436,1327.9137846965589,143406.16742330242,0.6697756771963317,0.5926822093755197,0.6122672719518034,0.6824939301375691,0.6636252905905392,0.253246076650861,0.3147526821556534,0.2405408683508347,0.2582267709419109
a20_h0x0_sharp_d1,20.0,0x0,sharp,1.0,prova2,PbLl,footprint,3466,33.0494940636363,319.16902332691103,286.1195292632747,232.03888318866754,234.16310358724758,0.8964514359221348,3.1076203703742613,835.644161471629,773.339888919515,19845.188349203247,0.22050461846521008,0.16302977212067968,0.20714397732746762,0.22434730724481372,0.20006194363497107,0.40640435035688877,0.44402703166691637,0.4079309318280161,0.44833828872329523
a20_h0x0_sharp_d1,20.0,0x0,sharp,1.0,prova2,PbLa,footprint,3466,7868.072760627388,206747.72229737334,198879.64953674594,5882.144538726481,5073.8016220822965,0.9619436060857278,5.126089483084232,49752.1055322718,29712.576196351365,8436202.36916504,0.32704359891055124,0.26340480667571925,0.31317992448816073,0.32546259031396035,0.24089754719487436,0.3185661794709832,0.34758568201557954,0.32134850186420455,0.3634358195408166
a20_h0x0_sharp_d1,20.0,0x0,sharp,1.0,prova2,PbLb,footprint,3466,4168.600273331863,69118.8796797211,64950.279406389236,4137.664584143708,3631.0518858555843,0.9396894120297078,4.071957333677181,29530.00003068314,19564.475052831167,4383784.7360636955,0.3205253965383726,0.24659864906420054,0.30214185489425804,0.32095609605165953,0.21357317291928532,0.32414090563529663,0.3590722779555497,0.32435191409598824,0.3769275000068116
a20_h0x0_sharp_d1,20.0,0x0,sharp,1.0,prova2,PbLg,footprint,3466,82.08191665914188,1171.5184770683213,1089.4365604091795,535.8075141226896,521.0460823833844,0.9299354485090593,3.7779032080298593,1843.7354024855658,1643.9181315792039,71919.6602092125,0.0766038984811948,0.08397856703022664,0.06932867972734977,0.0619883005188626,0.030409888923837357,0.44792188946995454,0.45181888100231266,0.4553854993087336,0.4905481540010746
a20_h14x20_sharp_d1,20.0,14x20,sharp,1.0,prova2,Ca,footprint,3466,7204.392814931733,13900.919700108843,6696.526885177111,810.1476971971788,703.3168800436579,0.4817326500436282,1.389066619923326,69441.40084080152,65984.49922677978,695262.1960424241,0.38735293690494915,0.38970151720743357,0.0954703481372526,0.3849382818931832,0.3777788450824517,0.13695931465937886,0.11496187976317039,0.1392132988216814,0.11691504675652077
a20_h14x20_sharp_d1,20.0,14x20,sharp,1.0,prova2,Ca,hole,278,69951.19893535452,61915.41324286448,0.0,20.105088811087192,13.651593305888593,-0.12978651472403982,0.9408097438327283,742710.6758880821,722915.9826600222,659329.3700870238,-0.004198807019366456,-0.019988108732764572,-0.03325603346664958,-0.004498183216557067,-0.02050643170103488,0.38909552620014226,0.3746205882553498,0.3890401312029864,0.3748677935215222
a20_h14x20_sharp_d1,20.0,14x20,sharp,1.0,prova2,Ti,footprint,3466,626.8289148502657,1141.143349347544,514.3144344972783,317.71620774039604,302.3772908410156,0.4507009875589608,1.3492598303015266,3307.912475339546,3115.750054668639,40680.11154970666,0.25256867539801964,0.2682664240405509,-0.017466537243014214,0.23295441987993024,0.2312428708914177,0.2936093484682599,0.2670965396034921,0.313206644716837,0.2794328480109107
a20_h14x20_sharp_d1,20.0,14x20,sharp,1.0,prova2,Ti,hole,278,5976.778019808065,4549.605924005495,0.0,8.199810867511639,7.884746805130514,-0.3136913657229639,0.8724756745274024,24370.36408425999,23508.12820029333,21440.304521850143,0.032643455516243806,0.025292541092315386,-0.04003942003162353,0.03113596231434556,0.026282269863624644,0.5227903182851503,0.4834869531992331,0.524052546305939,0.4817727357298395
a20_h14x20_sharp_d1,20.0,14x20,sharp,1.0,prova2,Fe,footprint,3466,1221.581933473244,2414.152077870905,1192.5701443976611,326.03488095422114,304.01810761390124,0.4939913087204579,1.4057918195900025,18165.331755071446,16776.974718620804,416581.2030856491,0.5458861762896292,0.5485967325399738,0.24673223003518976,0.535548944141076,0.5456097750244642,0.22049269753089354,0.10030167459989939,0.2468367011529998,0.10206099498617549
a20_h14x20_sharp_d1,20.0,14x20,sharp,1.0,prova2,Fe,hole,278,11347.991717946381,8195.095233357157,0.0,5.845550513126519,4.809253240959052,-0.3847296943854582,0.8498015077673605,200628.1492558482,187063.8705789323,161639.3731000811,0.04611370877677735,0.21487307650095133,-0.13595974442709605,0.04601987444631461,0.21467647123712466,0.7555740314928049,0.5578477648358543,0.7555875899145921,0.5590511458875552
a20_h14x20_sharp_d1,20.0,14x20,sharp,1.0,prova2,Cu,footprint,3466,1575.3459206067143,1599.1427628412748,23.796842234560472,305.7124839517288,271.33960657201925,0.01488099923754116,1.007524584545786,13325.429572332128,13178.612882245803,143406.16742330242,0.7400427819087573,0.7006430431164936,0.28215827399740845,0.7455171020932181,0.7430341918427839,0.11650993597502816,0.10498001744307507,0.12049413863783573,0.09300142675154477
a20_h14x20_sharp_d1,20.0,14x20,sharp,1.0,prova2,Cu,hole,278,17213.806073961023,6381.102109524174,0.0,8.2710839889126,6.906451778395385,-1.6976227270001516,0.6088487154411228,145905.01915588777,147020.46929040187,143895.2829678703,0.1000410804464615,-0.07319608386890114,-0.13203863214708658,0.10189710116150703,-0.07253477525421144,0.27478158073402936,0.4217428152681022,0.27290832530359505,0.4205466268000436
a20_h14x20_sharp_d1,20.0,14x20,sharp,1.0,prova2,PbLl,footprint,3466,187.68148232084297,404.31686686349263,216.63538454264966,219.67361328191268,221.324965690695,0.5358059539370914,1.4677436736678018,2268.5944737514033,2158.622574838914,19845.188349203247,0.3134227223717598,0.30339570208651556,0.08900204630737403,0.29995587634228504,0.3437390316837469,0.2719506075281525,0.2588464016542559,0.3211868856011991,0.25628399807098623
a20_h14x20_sharp_d1,20.0,14x20,sharp,1.0,prova2,PbLl,hole,278,1829.9778005747373,1211.4929242776984,0.0,6.32711048078712,6.0001753043785175,-0.5105146418133515,0.8136498155447544,18402.761850169252,17712.15910985865,20679.994684827678,0.2614662898771468,0.1837396276061717,0.054897706043106405,0.2575336260629321,0.17912666489610218,0.441622187386285,0.4411729909249737,0.4437427345367089,0.4446383751607943
a20_h14x20_sharp_d1,20.0,14x20,sharp,1.0,prova2,PbLa,footprint,3466,118160.40467484164,254040.3124850668,135879.90781022515,5624.072569441837,4816.341214609856,0.5348753765928884,1.4662746771981718,524917.1801523094,486448.47113054735,8436202.36916504,0.4411212948428482,0.4117643792657619,0.08899279418656272,0.43937241170976243,0.3938324367538168,0.18634393710975092,0.10162824715398695,0.1885482296355059,0.10454681297189652
a20_h14x20_sharp_d1,20.0,14x20,sharp,1.0,prova2,PbLa,hole,278,1265105.4982051107,667871.7074169944,0.0,622.6448246796108,147.19120691430098,-0.8942343030189563,0.7265795186125033,5773038.286305522,5580490.226096789,8451230.516870316,0.21697652940882414,0.15202250683440668,0.006602550638129911,0.21684806574211923,0.15177395756621673,0.4796060141779028,0.544176966335775,0.47973737176680126,0.5449890275957853
a20_h14x20_sharp_d1,20.0,14x20,sharp,1.0,prova2,PbLb,footprint,3466,61774.963907061785,95630.55114892649,33855.587241864705,3935.2893154591084,3430.9974760555874,0.35402480520206386,1.244205392302824,277068.85687400226,258249.70312903053,4383784.7360636955,0.44280620137053,0.39221710830777007,0.076535858230903,0.4414020972267375,0.3655888508909932,0.1583013514694886,0.11542585266195436,0.16114108804663088,0.12068517446588364
a20_h14x20_sharp_d1,20.0,14x20,sharp,1.0,prova2,PbLb,hole,278,660587.3838929974,329701.70168693055,0.0,332.8863690502208,87.51168645290474,-1.0035910658424825,0.706472818032979,3013620.4985480905,2921107.9363396848,4604671.416226731,0.1560283390848751,0.143337245889791,0.010250151126204936,0.15628079811683435,0.14368242217685034,0.4931135519032585,0.5984297681861548,0.49299583394367236,0.5950126647210925
a20_h14x20_sharp_d1,20.0,14x20,sharp,1.0,prova2,PbLg,footprint,3466,1107.6691086543374,1630.62205609138,522.9529474370427,506.47712083900905,491.950467659228,0.32070763760583915,1.2133096009075994,5994.428478412069,5578.656381021962,71919.6602092125,0.2117274037874353,0.22741488382541253,-0.0772097916568585,0.19806908099384968,0.1985870541352107,0.2692518340886348,0.24297031706221886,0.2806986385221614,0.2606951059409045
a20_h14x20_sharp_d1,20.0,14x20,sharp,1.0,prova2,PbLg,hole,278,11824.232021475766,6143.516840230715,0.0,18.032601065324123,15.081443730719819,-0.9246682851172449,0.720812077791598,52158.50900432293,49838.16686081272,76282.2322075593,0.1297915900422785,0.09085034290024599,-0.010086891079985996,0.1275831320503164,0.08886418290545156,0.4642210441344234,0.5616806667831287,0.4651422879545396,0.5615737387706187
a25_h0x0_sharp_d1,25.0,0x0,sharp,1.0,prova2,Ca,footprint,3466,1295.0314519027386,9563.35590560825,8268.324453705512,841.1962716809952,732.7611993520948,0.8645839949192635,2.7174715201370083,7907.493780687724,5517.651888499025,695262.1960424241,0.22462296495118697,0.21655515435491204,0.18883942948442323,0.22282262668510983,0.19895941944387838,0.3436602204670498,0.36350115923451837,0.34517699348389785,0.3723239655825934
a25_h0x0_sharp_d1,25.0,0x0,sharp,1.0,prova2,Ti,footprint,3466,120.78376527563718,872.7173517714217,751.9335864957845,332.3639180900392,316.7972424984216,0.8616003623275359,2.6880201714374765,1371.4253493959768,1231.2979622385349,40680.11154970666,0.12996434640637147,0.13589573909693825,0.0974727265452222,0.10925395669158101,0.07413350163354283,0.4316604939895712,0.4374613603638288,0.4398659975812407,0.4589685495046634
a25_h0x0_sharp_d1,25.0,0x0,sharp,1.0,prova2,Fe,footprint,3466,296.34395017421525,2017.0546509666012,1720.710700792386,342.28456727667606,319.53695584201347,0.8530808523050166,2.608920226985925,2293.3770809642,1952.4387344032596,416581.2030856491,0.48343213518481576,0.44089296148335705,0.4389358525561721,0.47545705213389194,0.43482272993891147,0.21413556039818554,0.24993788301067016,0.22041404204907733,0.2548144215893639
a25_h0x0_sharp_d1,25.0,0x0,sharp,1.0,prova2,Cu,footprint,3466,167.93468200581344,1208.1918880989206,1040.257206093107,327.87394044974354,291.1930037605044,0.8610033028196727,2.6822407708723053,1639.810601703421,1338.7589035736082,143406.16742330242,0.6707324269745057,0.5919659838626083,0.6179104458558463,0.6812737098121793,0.6642535799010888,0.2522074913999609,0.31790153471015176,0.23872098547950554,0.25712774387587833
a25_h0x0_sharp_d1,25.0,0x0,sharp,1.0,prova2,PbLl,footprint,3466,33.24161738179249,344.7498057872836,311.5081884054911,231.27133654066773,233.80876467618705,0.9035775602371097,3.220408334314885,840.444088759995,773.3002937809119,19845.188349203247,0.22746131474894019,0.16232971785868433,0.21461230147098018,0.22690251129567937,0.1995969790304338,0.4000931843783213,0.4434908852665745,0.40472783291551245,0.4484662919216179
a25_h0x0_sharp_d1,25.0,0x0,sharp,1.0,prova2,PbLa,footprint,3466,7960.398616654626,254723.6813911693,246763.28277451466,6052.754244936338,5244.294032808342,0.9687488867419823,5.656753491570878,50826.28863234255,30028.21941636935,8436202.36916504,0.3239256744655184,0.25961109853461634,0.31197012349649095,0.32268995093932085,0.23674199740761542,0.3254067939425898,0.35045166981876813,0.32697143438415105,0.3659808776618745
a25_h0x0_sharp_d1,25.0,0x0,sharp,1.0,prova2,PbLb,footprint,3466,4212.557185602171,74981.73111980314,70769.17393420097,4291.76396618713,3781.700436641725,0.9438188859780858,4.218954354268862,29815.342020613287,19808.36218217159,4383784.7360636955,0.3179724802276963,0.24471734416252935,0.3007174731500124,0.3182939823683953,0.21190548842366466,0.3253759579769221,0.36073762428685185,0.32622358945907165,0.37892031737609083
a25_h0x0_sharp_d1,25.0,0x0,sharp,1.0,prova2,PbLg,footprint,3466,82.93372226126621,1280.5706317081472,1197.636909446881,551.5209511226735,537.0560643694984,0.9352369012628056,3.92949001734206,1863.4129527816108,1661.2571917396206,71919.6602092125,0.07971568164936985,0.08173127615083933,0.07267887363918572,0.06468321782568999,0.030607366322678,0.44693329925267516,0.4528943514535347,0.4536190965193808,0.4904905027597316
a25_h14x20_sharp_d1,25.0,14x20,sharp,1.0,prova2,Ca,footprint,3466,7194.170196836418,14184.694115990265,6990.523919153848,791.4911630197619,689.2725197554182,0.49282161899236865,1.4041698168781878,69122.48208913516,65969.6733001486,695262.1960424241,0.38903283363322133,0.3904485254779206,0.10003240682805292,0.38635251054098885,0.37897592920137524,0.13546331108049126,0.1149488260201791,0.13734250873551784,0.11628254013657213
a25_h14x20_sharp_d1,25.0,14x20,sharp,1.0,prova2,Ca,hole,278,69605.70120597808,62751.2510188545,0.0,19.820197239604212,13.378988026054385,-0.10923208821867261,0.9494864858453906,737052.7307375667,722994.6762132981,659329.3700870238,0.017914258322001997,-0.012780179955255546,-0.037250850450764456,0.017710950605999417,-0.013375022585867487,0.3893813010061317,0.37236977110441244,0.3893813010061317,0.37236977110441244
a25_h14x20_sharp_d1,25.0,14x20,sharp,1.0,prova2,Ti,footprint,3466,625.3646559536118,1209.2201948216257,583.8555388680139,311.5194032227692,296.8596203230696,0.4828364109103715,1.3905481435848603,3266.6408612650275,3100.247772063859,40680.11154970666,0.2551624586221331,0.2686971892636846,-0.010624791741112284,0.23751967863106582,0.23159576158836687,0.28988287058825807,0.2680350043013027,0.30667997071335484,0.27947763953981525
a25_h14x20_sharp_d1,25.0,14x20,sharp,1.0,prova2,Ti,hole,278,5930.273008603502,4722.472198085642,0.0,8.064016846235688,7.740868821214678,-0.25575604468512664,0.892374930875331,23905.03278444342,23408.68976183086,21440.304521850143,0.014527844360123872,0.02286234364086697,-0.10375393400439356,0.013045485353885283,0.023043309849616517,0.5282302294541306,0.4830147292044591,0.5282711919650228,0.48326776015024486
a25_h14x20_sharp_d1,25.0,14x20,sharp,1.0,prova2,Fe,footprint,3466,1245.096132076511,2537.2074742897594,1292.1113422132485,326.70612821062247,304.70865202016176,0.5092651489113831,1.4275014204369598,18060.439577207224,16802.732004631398,416581.2030856491,0.5466066343236317,0.5491336329991986,0.2405162274641055,0.5363765585076034,0.5461164991011898,0.21607179137819685,0.09856309735240205,0.2415676593721286,0.10118283220993772
a25_h14x20_sharp_d1,25.0,14x20,sharp,1.0,prova2,Fe,hole,278,11591.689056980964,8267.90161627097,0.0,5.843878528796936,4.820176942017186,-0.40201100532798845,0.8445479044187086,199185.37667989405,187374.6357266403,161639.3731000811,0.05151197546679088,0.21546512644315663,-0.16349191179713324,0.0519805885814232,0.2153779945648698,0.7545812961779861,0.5550971650265477,0.7520296223707981,0.5533405358038285
a25_h14x20_sharp_d1,25.0,14x20,sharp,1.0,prova2,Cu,footprint,3466,1598.1260859850427,1633.2611428829543,35.13505689791168,312.5746357081539,277.4255901056412,0.021512210126969016,1.0109328165104543,13384.790670746761,13223.38677551774,143406.16742330242,0.7414196703597667,0.7006647642556469,0.28582914518202696,0.7454233935113836,0.743118537347864,0.11763991370717625,0.10525154315322986,0.11943612999082649,0.09327891195274675
a25_h14x20_sharp_d1,25.0,14x20,sharp,1.0,prova2,Cu,hole,278,17481.70005598301,6553.8090996320125,0.0,8.427905072608182,7.061346976245834,-1.6674106294863824,0.6122870318794891,146488.2586473971,147446.0630556917,143895.2829678703,0.1138749417375381,-0.06524920973899813,-0.11382140504615317,0.11557401336413109,-0.06513191682591972,0.27281000369387765,0.4221794960964883,0.27173399971551515,0.42123077265348563
a25_h14x20_sharp_d1,25.0,14x20,sharp,1.0,prova2,PbLl,footprint,3466,194.54214535053475,430.1412322341217,235.59908688358692,218.9682627457309,220.99005477591345,0.547724954568765,1.4869579494749714,2272.652548700904,2157.5234399930177,19845.188349203247,0.3189802882859717,0.30336993402776785,0.0914897985388047,0.30129132003668796,0.34440102841645304,0.26964132988352574,0.2585078825284097,0.3183859800715033,0.2564794488460546
a25_h14x20_sharp_d1,25.0,14x20,sharp,1.0,prova2,PbLl,hole,278,1911.1113938348344,1259.2042722521578,0.0,6.302072568161565,5.991094992645447,-0.517713556051318,0.811717844412408,18407.217726267576,17710.869773803886,20679.994684827678,0.2592678855634486,0.19139326945337873,0.01300905706372513,0.25688404673955023,0.1880096481799072,0.4438852254750968,0.43123714536806534,0.4448311564545976,0.432141779311709
a25_h14x20_sharp_d1,25.0,14x20,sharp,1.0,prova2,PbLa,footprint,3466,123150.63514843246,296844.38304897206,173693.7479005396,5784.72097906733,4978.182312413962,0.5851340224682116,1.5525517666197508,528406.3076180642,485680.7846718106,8436202.36916504,0.4258241269713212,0.4092499372231397,0.0816532445159476,0.42376454577970113,0.3909156628304156,0.21433942169543665,0.10158611235793512,0.2189121205175292,0.10462840493693648
a25_h14x20_sharp_d1,25.0,14x20,sharp,1.0,prova2,PbLa,hole,278,1324133.5434148668,675987.3481512539,0.0,622.8976616245121,152.13719920443626,-0.9588140917669786,0.7145019035458247,5808989.589793363,5569787.327393028,8451230.516870316,0.23793062906144163,0.16357641731031153,-0.008090937637106561,0.23816465634991715,0.1635646880190037,0.459020516128826,0.5376992108763481,0.4590228942290741,0.5379124690983027
a25_h14x20_sharp_d1,25.0,14x20,sharp,1.0,prova2,PbLb,footprint,3466,64326.03883110913,101135.13689848332,36809.098067374194,4080.3711069265205,3573.34597829873,0.3639595416212484,1.253884774883472,278396.074968358,257783.64107585608,4383784.7360636955,0.43936620126464493,0.39102519076964476,0.0736112377980558,0.43783846836728085,0.36440283657563194,0.15785623798446477,0.115298053851905,0.16027599821710764,0.12144022542416866
a25_h14x20_sharp_d1,25.0,14x20,sharp,1.0,prova2,PbLb,hole,278,690796.0392443038,336401.33190856746,0.0,334.54659156575457,91.14245493416419,-1.053487824572762,0.6978369059334197,3029840.5801459183,2913660.0823781826,4604671.416226731,0.17765771079421544,0.15390980565960646,0.031711085317747946,0.17778226469715105,0.1540600522958831,0.456239674233969,0.5822932803928816,0.4562631435503108,0.5826262757097698
a25_h14x20_sharp_d1,25.0,14x20,sharp,1.0,prova2,PbLg,footprint,3466,1153.84956461525,1736.7186719154079,582.8691073001578,521.3662784538501,507.0664399149975,0.33561515559530314,1.2268462548739916,6028.113214906417,5587.749930374593,71919.6602092125,0.21368481510165255,0.22603907901047146,-0.07233197894642435,0.1984995594569067,0.1984786274123161,0.2657820907046746,0.24379741897166865,0.2789319085480138,0.2616000193826145
a25_h14x20_sharp_d1,25.0,14x20,sharp,1.0,prova2,PbLg,hole,278,12372.939406461819,6351.635458930584,0.0,18.369298098987983,15.544845434747527,-0.9479926841621723,0.7164837405704922,52386.99095330815,49764.5721307388,76282.2322075593,0.14842161440289947,0.09743159239930752,0.012107232498428953,0.14672924522848238,0.09642287334683318,0.44594579962948344,0.5441485272895571,0.4458980963037566,0.5494152084393209
a8_h0x0_sharp_d0.5,8.0,0x0,sharp,0.5,prova2,Ca,footprint,3466,381.6121137090803,2169.5241046060014,1787.911990896921,448.80081726480165,393.0674236140332,0.8241033077720132,2.384356355783776,2279.215836995691,1791.3505088958564,173815.54901060602,0.18952681446680175,0.20401093451909233,0.14287927707979198,0.19388185992507906,0.1915325124313141,0.37320930260340895,0.3716739239707672,0.3684741881940028,0.37974108077431723
a8_h0x0_sharp_d0.5,8.0,0x0,sharp,0.5,prova2,Ti,footprint,3466,33.375572201865175,175.90396419681164,142.52839199494647,176.6809554326188,168.87602054862106,0.8102625352745171,2.295743975866229,441.0273161205674,405.7037617817145,10170.027887426664,0.09096774674611773,0.09160658075785805,0.0545934603864129,0.08167871432569282,0.06702688516432845,0.4556713438502777,0.45480315730563875,0.4494695919866746,0.45651147760963307
a8_h0x0_sharp_d0.5,8.0,0x0,sharp,0.5,prova2,Fe,footprint,3466,84.39419279431064,395.6461381287846,311.251945334474,167.95164266146855,158.5387745493491,0.7866927421724512,2.165195838293744,689.8730981482101,604.3037699417159,104145.30077141228,0.458016945518974,0.43345145276296976,0.3963628821977135,0.4554157241131334,0.4379723299884723,0.23242526071644198,0.2538588677275774,0.23589794509416256,0.2582420885097857
a8_h0x0_sharp_d0.5,8.0,0x0,sharp,0.5,prova2,Cu,footprint,3466,49.57872492408892,276.0404246651213,226.46169974103236,147.33112602255133,134.85124260534124,0.8203932449957813,2.3596015173951823,514.3188234189935,439.73488747760564,35851.541855825606,0.6398869095783752,0.564793831058144,0.541972205842554,0.673368378628143,0.6564071250279071,0.27396008690670803,0.33589948136188613,0.24070606075813852,0.2506601081159207
a8_h0x0_sharp_d0.5,8.0,0x0,sharp,0.5,prova2,PbLl,footprint,3466,9.15792494223845,57.45986152369496,48.30193658145651,116.88812490071459,117.49294838669486,0.8406204835968503,2.504861672936667,269.691284375886,257.1882917096207,4961.297087300812,0.17051113559230396,0.12299912369362835,0.1542748647980002,0.22417848078014474,0.219132634332014,0.4410679771620866,0.4693867883307798,0.41333536577544794,0.4411541458917959
a8_h0x0_sharp_d0.5,8.0,0x0,sharp,0.5,prova2,PbLa,footprint,3466,2531.416120972796,29793.779341603928,27262.36322063113,2684.1583434527256,2337.395649760729,0.9150354142068194,3.430686454009626,14581.943525864028,9441.89251822832,2109050.59229126,0.2989386288339688,0.20638510678946337,0.27721255848142046,0.29796772578885555,0.1746894950542032,0.3363450049405849,0.3825416509943442,0.3389618928721417,0.4003448277869447
a8_h0x0_sharp_d0.5,8.0,0x0,sharp,0.5,prova2,PbLb,footprint,3466,1343.6520395101104,13835.369859434648,12491.717819924537,1859.6522148494903,1640.405338774816,0.9028828247338944,3.208868935604368,8898.057768140216,6209.68495594963,1095946.1840159239,0.28447125729936157,0.18612344443024648,0.26418155733946885,0.2867685254165914,0.17178283064835875,0.3379519938058938,0.4003657999253644,0.3390619235217849,0.4026151439169033
a8_h0x0_sharp_d0.5,8.0,0x0,sharp,0.5,prova2,PbLg,footprint,3466,26.178746897802196,231.1560242488731,204.9772773510709,248.8771417035616,241.74465303027756,0.8867485847151577,2.9715167385831966,584.7442110054477,532.6547330588553,17979.915052303124,0.07084032585711843,0.04323409668728844,0.0651875484247893,0.06645533457720777,0.04788926697100225,0.44628477226613994,0.46532969746688696,0.44713120219772967,0.4738001708884845
a8_h14x20_sharp_d0.5,8.0,14x20,sharp,0.5,prova2,Ca,footprint,3466,2864.9315917233916,4781.41562690469,1916.4840351812982,423.08753504604346,369.7392462206939,0.4008193775076522,1.2918768624710195,15211.03778422519,14355.52292784581,173815.54901060602,0.35175342593866704,0.3593940793011547,0.14040738758977897,0.354199479593721,0.3616609733299432,0.15635377321374044,0.13804688782163685,0.15605067627890384,0.13772388842216662
a8_h14x20_sharp_d0.5,8.0,14x20,sharp,0.5,prova2,Ca,hole,278,30038.21751900844,31376.332676220103,1338.1151572116614,11.907935746761154,7.176750568417185,0.04264727720157714,1.0220308651239594,154086.00349049614,148711.72243866062,164832.34252175596,0.023509130275842206,0.19582023911556673,-0.2714822905147037,0.023348829961301713,0.19615201049827424,0.44568764086124807,0.3472149535708245,0.44618115724646223,0.34723687975859036
a8_h14x20_sharp_d0.5,8.0,14x20,sharp,0.5,prova2,Ti,footprint,3466,323.62961571233853,444.71977851428176,121.09016280194322,165.76896277960913,158.24781474221422,0.27228418580005775,1.1722469018250627,918.4570524735055,822.5156170487767,10170.027887426664,0.23042835353486382,0.22802182060599277,0.012920236658099118,0.22224852292460312,0.21275367804184306,0.30385765664168385,0.30668854606448065,0.30299491018730396,0.3104308821360631
a8_h14x20_sharp_d0.5,8.0,14x20,sharp,0.5,prova2,Ti,hole,278,3508.7927990230255,3220.0372573316986,0.0,4.498280978644381,4.12644728788049,-0.08967459647675188,0.9579692897398985,6032.728014124754,5215.741682943272,5360.076130462536,-0.05454092531262052,-0.045523334447616,0.035494682291872554,-0.05508773370263844,-0.045450724549043656,0.5264669356220807,0.48606214378460594,0.5263440638582167,0.4839173741157155
a8_h14x20_sharp_d0.5,8.0,14x20,sharp,0.5,prova2,Fe,footprint,3466,457.2418557366412,786.1608774982457,328.9190217616045,160.44851247351951,151.18168775991333,0.41838640305824487,1.311241616595017,4217.043353167174,3853.506968397871,104145.30077141228,0.551975210649071,0.5370844126436838,0.3293700215978877,0.5506309260982746,0.5506378518584778,0.11767419117651795,0.1068754219306267,0.1298432359511979,0.10339674811279506
a8_h14x20_sharp_d0.5,8.0,14x20,sharp,0.5,prova2,Fe,hole,278,4515.613714034156,4826.6330042553955,311.0192902212393,3.0913860844556207,2.3915385420278743,0.06443814765842555,1.0338647959694978,44855.69838802744,41225.70179953785,40409.84327502028,0.1545627362090763,0.32497984377142514,-0.05089144199214803,0.15502073710776343,0.32479273364818095,0.6497977422804477,0.4805433868234103,0.6497977422804477,0.481306626784114
a8_h14x20_sharp_d0.5,8.0,14x20,sharp,0.5,prova2,Cu,footprint,3466,397.7384270529035,450.9283767953218,53.18994974241832,140.38881062971353,128.47570654932758,0.11795653695700205,1.0647680405956907,3150.8527238883207,3273.1236115377956,35851.541855825606,0.7047651788702975,0.6736155949225312,0.24727115071259023,0.7336136717134805,0.7400701313268423,0.1323657865017434,0.12068521480676282,0.12283811944454824,0.09465584281493045
a8_h14x20_sharp_d0.5,8.0,14x20,sharp,0.5,prova2,Cu,hole,278,4216.6105791289865,2223.8031113476914,0.0,4.298662067463283,3.270024297904169,-0.8961258564718861,0.7262170144764802,33144.43183865331,35363.401262157386,35973.820741967575,0.12052544990908402,0.12371246591872885,-0.1976307340749476,0.12433244274500042,0.12405317390433755,0.32819573336339863,0.3161707288837917,0.32742467434601813,0.3161707288837916
a8_h14x20_sharp_d0.5,8.0,14x20,sharp,0.5,prova2,PbLl,footprint,3466,61.792538292312805,108.63305125269696,46.84051296038415,110.59725188291762,111.05050423069858,0.43118104867943013,1.3259067188143532,720.8705553078977,642.5487590244244,4961.297087300812,0.28581574791393166,0.2398112533359194,0.09478758694370294,0.3249594168745657,0.32134907004330376,0.26901387860899006,0.2887494332014679,0.2758659666738152,0.2733413553384088
a8_h14x20_sharp_d0.5,8.0,14x20,sharp,0.5,prova2,PbLl,hole,278,621.6171688879231,590.8805770631226,0.0,3.437971010534258,3.011040382002965,-0.05201828088100611,0.9749634988968697,5760.346692792409,4891.231385226279,5169.998671206919,0.09614248743080765,0.20071470481702444,-0.013881469417260255,0.0905922984914735,0.20138662564765933,0.5344155487490804,0.45308024171594513,0.5429821953164609,0.45630062192696536
a8_h14x20_sharp_d0.5,8.0,14x20,sharp,0.5,prova2,PbLa,footprint,3466,34893.63311714835,62497.308034299276,27603.67491715093,2577.487218822266,2218.788955759806,0.44167782237919273,1.338312580300584,226022.29837332905,179207.89559798548,2109050.59229126,0.45629202572946,0.3827315855772106,0.14618355949400905,0.45778831070115095,0.3664701507786861,0.09980601432265493,0.09675805452794962,0.09942428821016287,0.099454527554631
a8_h14x20_sharp_d0.5,8.0,14x20,sharp,0.5,prova2,PbLa,hole,278,380381.31219833123,377280.9707319578,0.0,376.380255331989,67.80795000481754,-0.008217593005972402,0.9959163546339292,2543360.2247455404,2031379.7050340874,2112807.629217579,0.11768863702563044,0.14520387882078173,-0.055437623607823026,0.11607222897587367,0.14425101353643996,0.36237307904744603,0.45063913038010023,0.36408801426525506,0.45170957696422886
a8_h14x20_sharp_d0.5,8.0,14x20,sharp,0.5,prova2,PbLb,footprint,3466,18159.14653363703,30230.107046598154,12070.960512961123,1775.2028964558444,1550.0264810229573,0.3993026056558238,1.290244825295721,121197.3681334613,95871.90803390426,1095946.1840159239,0.444718212080088,0.3723695805282461,0.1233653742146811,0.44601163115730685,0.36434608545955643,0.10534481353315951,0.1106202670340971,0.1064918450912614,0.11174971959632182
a8_h14x20_sharp_d0.5,8.0,14x20,sharp,0.5,prova2,PbLb,hole,278,197384.95305883698,190807.5418504246,0.0,201.7103352557436,39.5352757755229,-0.034471442504974234,0.9831974578200464,1351229.9524647547,1073878.5986468752,1151167.8540566827,0.05321663247019712,0.11219541892979153,-0.13040332629131815,0.051661105027704865,0.11225183123560543,0.3671336926888222,0.43938729283328,0.36572678471959985,0.43961457843902324
a8_h14x20_sharp_d0.5,8.0,14x20,sharp,0.5,prova2,PbLg,footprint,3466,319.24951091546654,521.7581028111842,202.5085918957177,235.34385840017342,228.2454453325246,0.3881273540451412,1.2784080033905985,2622.1531046007444,2062.506935249348,17979.915052303124,0.253769976475176,0.24181349087003937,-0.007531970904913357,0.25202410158498484,0.2425487451475953,0.20916189722777806,0.22635228351459935,0.21250658672634132,0.2349490151822969
a8_h14x20_sharp_d0.5,8.0,14x20,sharp,0.5,prova2,PbLg,hole,278,3456.337630678196,3405.0663892974903,0.0,9.64105836598796,6.9971898938411075,-0.015057339716446376,0.9925552984854078,25069.41701762366,18831.61094150396,19070.558051889824,0.04182134669578881,0.005862690772035916,-0.08306300643118501,0.03810818819033512,0.0037877232859106907,0.36826665825416566,0.47382056444856696,0.3683938586091577,0.475064112718052
a14_h0x0_sharp_d0.5,14.0,0x0,sharp,0.5,prova2,Ca,footprint,3466,370.95773887006305,2260.205759342171,1889.2480204721078,437.51834615131554,383.21574811661094,0.8358743502281714,2.4683785897240016,2279.9626325353156,1779.9920156253615,173815.54901060602,0.19487721250898957,0.20486017722402458,0.15094173732651123,0.199160267930776,0.19241259294022875,0.3704523056487488,0.37262909363928487,0.36845754994649593,0.3803488628800881
a14_h0x0_sharp_d0.5,14.0,0x0,sharp,0.5,prova2,Ti,footprint,3466,32.94718857522763,189.33328486715706,156.38609629192945,172.67666341829627,165.0234544263167,0.8259831143882359,2.3972001936056593,437.7845916633761,401.7573516645938,10170.027887426664,0.0970026433968963,0.0940335589596921,0.06666912915973655,0.08552511628803786,0.06709696241023765,0.4507922358800373,0.45369765780530147,0.4463454588154661,0.45677314837702077
a14_h0x0_sharp_d0.5,14.0,0x0,sharp,0.5,prova2,Fe,footprint,3466,83.15512386043024,423.6959168112301,340.54079295079987,168.5963840366523,158.9723510169057,0.8037386706809392,2.257265438018305,688.5850961140945,604.5505182243035,104145.30077141228,0.4603610036582797,0.4353655535067749,0.4028510404271906,0.4559660512843695,0.43788637862696284,0.23012060148817579,0.2521051092227859,0.23641664245828284,0.2574019908289469
a14_h0x0_sharp_d0.5,14.0,0x0,sharp,0.5,prova2,Cu,footprint,3466,48.27294228723354,286.9527916802657,238.67984939303216,152.05262650097112,138.6001016843032,0.8317739234925402,2.4381102593340773,517.1772805538482,443.7171198998944,35851.541855825606,0.650091877604335,0.5612692822654158,0.5718287060491541,0.6750403074610993,0.6569969317125715,0.2651974909453162,0.3390523197079124,0.23897119979221537,0.25056974245285213
a14_h0x0_sharp_d0.5,14.0,0x0,sharp,0.5,prova2,PbLl,footprint,3466,8.890235216160981,65.70919716342695,56.81896194726597,116.3708159210971,117.27891767682878,0.864703335302517,2.718669748528892,270.43802671709574,256.886115081683,4961.297087300812,0.193237846939894,0.11909660523399061,0.18581769563934594,0.2294345249582753,0.21823415823623205,0.42894274383265296,0.4707087734284413,0.40766998559652107,0.4419233594627043
a14_h0x0_sharp_d0.5,14.0,0x0,sharp,0.5,prova2,PbLa,footprint,3466,2454.4700199414096,38399.90201887064,35945.431998929234,2796.7000656326545,2436.265311787636,0.9360813468030408,3.955361593390312,14600.764802265281,9555.90135747466,2109050.59229126,0.2987595366467566,0.20061329392004854,0.28348653385057027,0.2976137491502292,0.16649329087586695,0.3437017609248082,0.3878101435459028,0.34595849600657946,0.40442776666895053
a14_h0x0_sharp_d0.5,14.0,0x0,sharp,0.5,prova2,PbLb,footprint,3466,1303.6217549908938,15488.926829651184,14185.30507466029,1956.8977746139615,1726.987674876,0.915835243504714,3.4469490523867066,8922.995936536327,6307.020778057568,1095946.1840159239,0.28792616258880904,0.17999365123277317,0.27038483856240725,0.2889243418489325,0.1664538877357255,0.3377946851501525,0.40337449535328873,0.340294364498952,0.40683622858181173
a14_h0x0_sharp_d0.5,14.0,0x0,sharp,0.5,prova2,PbLg,footprint,3466,25.421135358628035,252.05141135269332,226.6302759940653,258.4941825277013,251.05845754673422,0.8991430548942396,3.1488146348728208,593.7487419504869,542.330376249696,17979.915052303124,0.07508719619204579,0.04324680981342063,0.06997615941383131,0.06861086424947216,0.048528986912868846,0.4421201577321559,0.46463029281022933,0.4450538544274985,0.47310208957318023
a14_h14x20_sharp_d0.5,14.0,14x20,sharp,0.5,prova2,Ca,footprint,3466,2565.5894058387685,4462.611717252881,1897.0223114141127,412.3073112901496,360.4722582852996,0.4250923969208533,1.3188669156070612,15100.376011410994,14257.298766599451,173815.54901060602,0.3580789765509232,0.36166881297577763,0.1218162277463809,0.35983577685593443,0.36338302753609814,0.15570000175988336,0.13778707775644983,0.1551518992724383,0.137627578463211
a14_h14x20_sharp_d0.5,14.0,14x20,sharp,0.5,prova2,Ca,hole,278,26479.920669017374,26478.267234690567,0.0,11.674993232894154,6.996875530501525,-6.244495956444215e-05,0.9999687789824065,153059.5065024083,147672.94044517816,164832.34252175596,0.08911161509827889,0.18753321553773633,-0.1871266389178591,0.0890339783605746,0.18769686707836478,0.4219752328218915,0.3436951986093371,0.4221962760655596,0.3436951986093371
a14_h14x20_sharp_d0.5,14.0,14x20,sharp,0.5,prova2,Ti,footprint,3466,291.64244031394094,417.58195737405975,125.93951706011882,161.99944258449233,154.63770971946454,0.3015923337590596,1.1965903636434945,912.8038564244728,809.0571677861524,10170.027887426664,0.23308902765372314,0.231250495827446,0.009921429584303114,0.2231698758458775,0.21338342824367768,0.3010958970079048,0.30613066084784823,0.3026194800572684,0.3113325729877501
a14_h14x20_sharp_d0.5,14.0,14x20,sharp,0.5,prova2,Ti,hole,278,3120.7689341580053,2728.011630263631,0.0,4.402407752920658,4.032310707831306,-0.1439720049347512,0.9349584298608958,6016.69142788052,5100.015269371669,5360.076130462536,-0.044440888421206665,-0.04550490270413225,0.04005990791719806,-0.04473356216622137,-0.04592771572889586,0.5187583593775117,0.4952091260254208,0.5187583593775117,0.4968122818526435
a14_h14x20_sharp_d0.5,14.0,14x20,sharp,0.5,prova2,Fe,footprint,3466,446.99654748218967,799.0483646231451,352.0518171409554,161.06051577245532,151.59514385180321,0.440588871372002,1.337009364586489,4211.0235967333365,3881.876086943994,104145.30077141228,0.5535940153765696,0.538221775157979,0.33730413546223625,0.5515575796138503,0.5502485726047057,0.12006749602823015,0.10542366258009106,0.13111652264591198,0.10289126521290815
a14_h14x20_sharp_d0.5,14.0,14x20,sharp,0.5,prova2,Fe,hole,278,4409.678180096993,4605.71054469845,196.03236460145672,3.0574362935563846,2.3980789914291356,0.042562892891110156,1.0219858254709362,44798.94440308956,41572.50098928032,40409.84327502028,0.1434953120536062,0.30794444449098923,-0.01276612864501881,0.14321939443903128,0.30775007337788785,0.6527823115186784,0.48897059569160484,0.6527823115186784,0.5000055931290235
a14_h14x20_sharp_d0.5,14.0,14x20,sharp,0.5,prova2,Cu,footprint,3466,399.34518934920254,466.128189053906,66.78299970470346,144.85682537954855,132.04733809925807,0.14327174642720492,1.0803847746471416,3167.8673414139316,3297.1688449139488,35851.541855825606,0.7158351507419656,0.6722653448975373,0.27060350414265827,0.7369802096517474,0.7415336141159754,0.12377634225986332,0.12198987916079634,0.11777431534147674,0.09512999168122895
a14_h14x20_sharp_d0.5,14.0,14x20,sharp,0.5,prova2,Cu,hole,278,4255.089034143843,2292.343198978251,0.0,4.369292704216618,3.360933548448507,-0.856218142222522,0.7339821419064836,33320.48133094019,35608.553389581364,35973.820741967575,0.20505789382701362,0.11591695550046512,-0.22721788999258072,0.20828903431348317,0.1165386079397807,0.2736248690368413,0.3205401321496733,0.27162754132057576,0.3200841797528482
a14_h14x20_sharp_d0.5,14.0,14x20,sharp,0.5,prova2,PbLl,footprint,3466,62.38400604577982,112.61470824122655,50.23070219544673,110.1047591857525,110.84821093826118,0.44604033504975177,1.3435719488286246,719.2061553474222,641.802820995845,4961.297087300812,0.3012538654240623,0.23736347220357953,0.10150370843380337,0.3226372917022086,0.3219289395546584,0.2681412898687927,0.2892570855992899,0.2850974544619287,0.2725421549385172
a14_h14x20_sharp_d0.5,14.0,14x20,sharp,0.5,prova2,PbLl,hole,278,632.873434670134,542.7423729596142,0.0,3.416999817965532,3.0055540387451525,-0.16606601253377085,0.9260585194111559,5731.109895614746,4883.695301003293,5169.998671206919,0.08605362129302031,0.21876440852674794,-0.020729323692943613,0.08182828373379089,0.2209527591621823,0.5431618695559508,0.4305468236333509,0.5506122012378006,0.4310145477256175
a14_h14x20_sharp_d0.5,14.0,14x20,sharp,0.5,prova2,PbLa,footprint,3466,35221.65405604821,66324.0642363852,31102.410180336985,2684.2746919426513,2312.6416649438333,0.468946083724379,1.3722419509243713,225839.53825000033,178177.3091580543,2109050.59229126,0.45104207959802484,0.38068915667298975,0.09433570813729929,0.45158879099848537,0.3627684871463697,0.10660697663797812,0.09617725038098075,0.10705294719028491,0.09850605503434916
a14_h14x20_sharp_d0.5,14.0,14x20,sharp,0.5,prova2,PbLa,hole,278,386154.30819167086,315554.33548399026,0.0,378.08553464904185,70.67616322340551,-0.2237331729237563,0.9039754444534324,2543234.597747229,2015886.3824403938,2112807.629217579,0.060816654699996836,0.22871699147029179,-0.17103243995908454,0.059916850495381035,0.22783394339611576,0.3988318932077893,0.4187998678978147,0.3988038456028958,0.4188368061661514
a14_h14x20_sharp_d0.5,14.0,14x20,sharp,0.5,prova2,PbLb,footprint,3466,18293.475859700742,29149.81361483749,10856.337755136748,1867.1996064905557,1631.8385250180713,0.372432493002658,1.26232090722958,120812.10185917473,95394.93670144334,1095946.1840159239,0.44235348387097523,0.37003696454830054,0.08202703822207326,0.4430850785711911,0.36074113548175724,0.109466603656027,0.10963119267579968,0.11055400443505894,0.11087226112945195
a14_h14x20_sharp_d0.5,14.0,14x20,sharp,0.5,prova2,PbLb,hole,278,199963.30278480926,156471.15857497437,0.0,203.97756325495968,41.6219896224834,-0.27795629946074246,0.8845899448975338,1347789.7379204184,1066024.5469321455,1151167.8540566827,0.023240473651124516,0.19295661642340953,-0.15882893942452772,0.021636911968038235,0.19314093385824702,0.39048822691170876,0.4176983953232356,0.3912506955024912,0.41723533146240305
a14_h14x20_sharp_d0.5,14.0,14x20,sharp,0.5,prova2,PbLg,footprint,3466,322.5528440073258,497.31710815979085,174.76426415246505,244.42420021832206,237.03915982817668,0.3514141405654444,1.2416988018462394,2616.831330827311,2058.3299455599235,17979.915052303124,0.25475867939551994,0.24073236762669786,-0.058195701919598344,0.25084952539416866,0.24004060029861624,0.21232128846239712,0.22618645007352575,0.21556219225770087,0.23577539690695493
a14_h14x20_sharp_d0.5,14.0,14x20,sharp,0.5,prova2,PbLg,hole,278,3512.400874278477,2860.162151304309,0.0,9.86192226887319,7.266773762683085,-0.22804256838261075,0.9023879541890898,24919.994041113463,18652.92957337001,19070.558051889824,0.03447936887476161,0.11587562371204699,-0.15412386405168904,0.02735745490017675,0.11256070257337858,0.37377761858332714,0.4363882754901313,0.37729300069102795,0.43899339515013147
a20_h0x0_sharp_d0.5,20.0,0x0,sharp,0.5,prova2,Ca,footprint,3466,367.8719541868949,2437.6813517531873,2069.8093975662923,426.5929511649466,373.8458343938008,0.8490894004984202,2.5741872079521086,2306.8493873375446,1772.425433765903,173815.54901060602,0.1992352532411128,0.20675703057407335,0.1598654252040158,0.20207706548666596,0.1945082459556827,0.3683106480472069,0.37116170282010297,0.3666397189312434,0.3795017655301384
a20_h0x0_sharp_d0.5,20.0,0x0,sharp,0.5,prova2,Ti,footprint,3466,33.106043420488696,212.8689413161093,179.7628978956206,168.81315071503823,161.34274481037053,0.8444768728786677,2.5357270875804754,434.87031690928774,398.0640513999438,10170.027887426664,0.1042424978201605,0.09734976805479648,0.07828805620048188,0.09107520597797981,0.0680581530788852,0.4464175932945284,0.4534522711637042,0.4439751636590229,0.45693583726496945
a20_h0x0_sharp_d0.5,20.0,0x0,sharp,0.5,prova2,Fe,footprint,3466,83.25321510478841,472.1163941200639,388.8631790152755,169.29043222925213,159.4064034344647,0.8236595548435535,2.3813544023839333,687.5339707060748,605.0160342896625,104145.30077141228,0.4591479385011544,0.4377958267115803,0.40474128622741595,0.45520050303827314,0.43861022273547856,0.23019383913194436,0.24964982173369313,0.2358920070869853,0.2564942010467957
a20_h0x0_sharp_d0.5,20.0,0x0,sharp,0.5,prova2,Cu,footprint,3466,48.455007940464434,299.8993835257641,251.44437558529967,156.84481520527075,142.39214635483987,0.8384291178901283,2.487817119240878,520.4913631939153,448.51036620976197,35851.541855825606,0.6565642626330896,0.5587624441201429,0.5923534163678981,0.6745842597980413,0.6580943319766261,0.25363054227810417,0.3402017019244451,0.23501159847621314,0.25005664219400825
a20_h0x0_sharp_d0.5,20.0,0x0,sharp,0.5,prova2,PbLl,footprint,3466,8.811083518964988,78.9908198919879,70.1797363730229,115.93996273143077,117.06566549935324,0.888454335187136,2.9941506768991606,271.50472688325823,256.6659918841142,4961.297087300812,0.21076920003480232,0.11481457090863795,0.206911646823472,0.23449934829485589,0.2174667845244818,0.4164135092976944,0.472022604182549,0.4028875144584122,0.44232481774377747
a20_h0x0_sharp_d0.5,20.0,0x0,sharp,0.5,prova2,PbLa,footprint,3466,2431.3405919897505,53447.18625822906,51015.845666239315,2910.648775131081,2536.9008110411482,0.9545094744512317,4.688560483564732,14703.514791722237,9702.884065388982,2109050.59229126,0.29414502778910845,0.19498830999131164,0.2834482083236857,0.292955539786105,0.1592607610831035,0.3473868670056253,0.39062213228889453,0.3504038216598682,0.4085596043733928
a20_h0x0_sharp_d0.5,20.0,0x0,sharp,0.5,prova2,PbLb,footprint,3466,1291.0975553580442,18236.502626031604,16945.40507067356,2056.0372160848106,1815.5259429277924,0.9292025679575714,3.758298298475202,8980.804153214664,6424.147678865603,1095946.1840159239,0.2880037702407916,0.17436988581821133,0.2740186532338807,0.28950373208188757,0.16107658035850503,0.33991875134604926,0.40601437582231403,0.34064069078764986,0.4087253159932247
a20_h0x0_sharp_d0.5,20.0,0x0,sharp,0.5,prova2,PbLg,footprint,3466,25.218653378975915,288.29421130434855,263.07555792537266,268.23447551231646,260.5230411916922,0.9125245933143178,3.3810922080972663,603.80420639542,552.1944833421747,17979.915052303124,0.07967363167049069,0.043980826267329076,0.07581748215810848,0.07239900924508796,0.049222029530738586,0.43994530611676047,0.46262953869891715,0.4428841673337745,0.47228546496465995
a20_h14x20_sharp_d0.5,20.0,14x20,sharp,0.5,prova2,Ca,footprint,3466,2314.4218328972033,4430.864933728782,2116.4431008315782,401.92798026326284,351.65844002182877,0.4776591325817038,1.38363964439816,15094.632130743315,14227.33889301503,173815.54901060602,0.3606922580192439,0.3625775179043644,0.13239953555965178,0.36171679009811064,0.36403050095167566,0.15419046224823654,0.1371536119794824,0.15506776945378373,0.1369586815807244
a20_h14x20_sharp_d0.5,20.0,14x20,sharp,0.5,prova2,Ca,hole,278,23418.550588385497,24160.61292312065,742.0623347351539,11.460773743909288,6.825796652944306,0.03071372142322733,1.0157199148575202,153141.75121363773,147422.58560968604,164832.34252175596,0.1537830176059455,0.2014380111143413,-0.16303881560372466,0.15391371542337576,0.2014469477172425,0.41754646881486457,0.3324900384327659,0.4175464688148646,0.33173965533486244
a20_h14x20_sharp_d0.5,20.0,14x20,sharp,0.5,prova2,Ti,footprint,3466,265.70853204543766,423.86245859770617,158.1539265522685,158.36839456742538,151.18864542050784,0.37312558200011436,1.2630185422041222,922.0272701672235,797.7707694093683,10170.027887426664,0.23973121816622261,0.23459013595872358,0.02309085242524966,0.22868695498387936,0.21425617288224935,0.29615266404501195,0.30594280570349053,0.2976365987412038,0.3114640496809199
a20_h14x20_sharp_d0.5,20.0,14x20,sharp,0.5,prova2,Ti,hole,278,2799.269581656607,2538.103860689289,0.0,4.307945406411316,3.942373402565258,-0.10289796450504261,0.952209110550119,6189.290443226263,5008.442052749921,5360.076130462536,-0.03203464944359872,-0.03044616827790824,0.0019445809864948,-0.032493767417648506,-0.03084328856933086,0.5065237150408929,0.49603058446577836,0.5065237150408929,0.4969748496442207
a20_h14x20_sharp_d0.5,20.0,14x20,sharp,0.5,prova2,Fe,footprint,3466,447.5203686334076,846.909075917157,399.3887072837494,161.7279426248574,152.0090538069506,0.4715839263515188,1.3756627894388243,4184.444751637198,3911.1610354260397,104145.30077141228,0.5539545921081764,0.5383277997248547,0.3316358452364174,0.5517996633351681,0.5488802004956712,0.12468419877022972,0.10471230027716472,0.13671077135698254,0.10318366305722314
a20_h14x20_sharp_d0.5,20.0,14x20,sharp,0.5,prova2,Fe,hole,278,4419.7930529274745,4563.011927755355,143.21887482788043,3.0276878543953467,2.404626620479526,0.03138691660145033,1.0160728209838703,44484.84141041227,41928.51978841779,40409.84327502028,0.14624052475732233,0.28990758714793624,-0.004019133821403141,0.14633994446459833,0.28931665428109354,0.6474296750422515,0.5161842872907387,0.6474296750422515,0.5221960264685503
a20_h14x20_sharp_d0.5,20.0,14x20,sharp,0.5,prova2,Cu,footprint,3466,407.81047364577216,496.24120020637713,88.43072656060497,149.40602948428148,135.6601132364788,0.17820109761911815,1.103105935893788,3184.6281493757974,3323.1279051013707,35851.541855825606,0.7200129444651407,0.6708228984817863,0.2950534237173551,0.7341264197692237,0.7426026579873642,0.11687668862726817,0.1243414919722988,0.11388570876071055,0.09670991785514953
a20_h14x20_sharp_d0.5,20.0,14x20,sharp,0.5,prova2,Cu,hole,278,4359.425577161344,2521.106431968089,0.0,4.4581466860975985,3.4528898319613894,-0.7291715739895125,0.7604680215374849,33486.18572581717,35868.337932729206,35973.820741967575,0.27822633008068914,0.10253439265589971,-0.22364908913499593,0.28015384361894435,0.10298848379081757,0.24727988410312554,0.33139670774189883,0.24818157701642649,0.33064167942391093
a20_h14x20_sharp_d0.5,20.0,14x20,sharp,0.5,prova2,PbLl,footprint,3466,64.74330284467936,124.69239802028343,59.94909517560407,109.69899297819174,110.64665348359335,0.48077586226108415,1.387786195243276,720.2263056249017,640.3624469606395,4961.297087300812,0.3143795897359753,0.23424197550613443,0.104703074457247,0.3214006430505377,0.3223543053305195,0.2671583939311868,0.2892816487043217,0.2921669815782483,0.2717391088219659
a20_h14x20_sharp_d0.5,20.0,14x20,sharp,0.5,prova2,PbLl,hole,278,662.9338148961218,535.79587370917,0.0,3.4006846398977015,3.000087652189259,-0.2372880184888514,0.8990101526550792,5734.425527647733,4868.948996836199,5169.998671206919,0.06841611839211523,0.24788656323107341,-0.03623065146661118,0.06347585260078882,0.24943427114602715,0.5638230392411301,0.4076844913227803,0.5715201254910532,0.4105723571023965
a20_h14x20_sharp_d0.5,20.0,14x20,sharp,0.5,prova2,PbLa,footprint,3466,36106.77744998157,80434.26863029144,44327.491180309866,2792.679623866752,2408.1706073049286,0.5511020605415959,1.4925407389683734,228232.5673583364,176168.8687889655,2109050.59229126,0.4439755409476851,0.37758418744299804,0.08269993871575672,0.4437443621789106,0.3582228107941574,0.12054398283817427,0.09661016704309776,0.12177526806855676,0.09969295880898889
a20_h14x20_sharp_d0.5,20.0,14x20,sharp,0.5,prova2,PbLa,hole,278,397222.700153941,300829.783678395,0.0,383.3278824148573,73.59560345715059,-0.32042344776139525,0.8702487057945688,2576826.014678504,1988991.1494020806,2112807.629217579,-0.06589599637397336,0.27594861341624266,-0.19457762667791237,-0.06669638087131319,0.2759324158234842,0.47654072170514006,0.40099155565528205,0.4765407217051399,0.40099605733024346
a20_h14x20_sharp_d0.5,20.0,14x20,sharp,0.5,prova2,PbLb,footprint,3466,18694.11764720273,30917.465039719642,12223.347392516913,1961.2169447316458,1715.498738027794,0.3953541267634196,1.2860251249484604,121618.98321915929,94366.73891252793,1095946.1840159239,0.4405617302505297,0.3669533207573765,0.07107162442168276,0.4412532278223984,0.3567878169701877,0.11625034986159147,0.109674685649889,0.11872284347229187,0.11186970569031444
a20_h14x20_sharp_d0.5,20.0,14x20,sharp,0.5,prova2,PbLb,hole,278,204994.1205191127,144253.41238337927,0.0,207.80754801668235,43.75584322645247,-0.42106947164829717,0.8388655223685519,1360092.2094577525,1051693.3488652608,1151167.8540566827,-0.05507153610987999,0.2325072281757684,-0.1670712283648441,-0.055532329696973755,0.23314675382088643,0.4274153584216464,0.4020399053745852,0.42742077532458256,0.4017237329055484
a20_h14x20_sharp_d0.5,20.0,14x20,sharp,0.5,prova2,PbLg,footprint,3466,329.4653434538104,519.6135011422797,190.14815768846927,253.63182124702945,245.975233829614,0.3659415262891778,1.2558429865023961,2640.982865970679,2045.301742050869,17979.915052303124,0.2574975075956134,0.23950028955598743,-0.07461589595357185,0.25228236894986505,0.2378372407747718,0.21439718433684457,0.22830859870257728,0.21869507297740784,0.23784022900046206
a20_h14x20_sharp_d0.5,20.0,14x20,sharp,0.5,prova2,PbLg,hole,278,3598.9096137352344,2699.958086587926,0.0,10.089370172586104,7.540721865359911,-0.3329501786019793,0.866149863758359,25145.92356196456,18371.398614860373,19070.558051889824,-0.030285867963367744,0.18573975104299928,-0.16669395116266814,-0.03582823737516334,0.18477794915575632,0.4073594606495078,0.41870506253944245,0.4126029916041792,0.4201036947213467
a25_h0x0_sharp_d0.5,25.0,0x0,sharp,0.5,prova2,Ca,footprint,3466,370.2930907893306,2624.6997101819193,2254.4066193925887,417.5055106481933,366.38059967604744,0.8589198263889527,2.6623613951334035,2355.6836118229917,1769.5246770419171,173815.54901060602,0.20158467883737097,0.20956518410345285,0.1670470882423989,0.20361996352496844,0.1969844376624918,0.36763923716463226,0.36842379557419125,0.36757132784226854,0.3771993433095262
a25_h0x0_sharp_d0.5,25.0,0x0,sharp,0.5,prova2,Ti,footprint,3466,33.61241244889233,237.5116962537023,203.89928380480995,165.64705082386533,158.3986212492108,0.8584810222862093,2.6582306342874533,433.27193795374825,395.21288832859983,10170.027887426664,0.10840268130441692,0.09993408675537481,0.08438374705466707,0.0959312829652098,0.06914548273252906,0.4438612990362769,0.451761824655314,0.44072415115241326,0.45675961513135455
a25_h0x0_sharp_d0.5,25.0,0x0,sharp,0.5,prova2,Fe,footprint,3466,84.45187298154497,524.5219817085324,440.0701087269874,169.8424178798332,159.76847792100673,0.8389926906276477,2.49216736005312,688.4245282024716,605.6154225755652,104145.30077141228,0.4579430032083532,0.4400213186375221,0.40654148916143135,0.45473012255900164,0.43960489113002027,0.23203195876022095,0.2479222561650701,0.23557313727645396,0.2564509701718387
a25_h0x0_sharp_d0.5,25.0,0x0,sharp,0.5,prova2,Cu,footprint,3466,49.493778267222496,312.52963322981805,263.0358549625955,160.7744064900018,145.58571886730198,0.8416349267244448,2.5128715937424397,524.6768189337723,453.31315411621904,35851.541855825606,0.6612625498160883,0.5573363683904566,0.6045106931950255,0.675676389440707,0.6591108183458846,0.24616192192825342,0.3409091269278049,0.2339414434973949,0.24985553778781106
a25_h0x0_sharp_d0.5,25.0,0x0,sharp,0.5,prova2,PbLl,footprint,3466,8.87474784628926,92.86916760559502,83.99441975930577,115.64968440277401,116.88854700370973,0.9044381674230212,3.234876948704257,272.74181468028615,256.57019018342,4961.297087300812,0.2206626212500409,0.11147270644140896,0.2177915259088681,0.23772010317417172,0.21691698187921502,0.40958187964944304,0.4733432632876435,0.3972641620887053,0.444844781539682
a25_h0x0_sharp_d0.5,25.0,0x0,sharp,0.5,prova2,PbLa,footprint,3466,2449.76972692145,71359.76124077325,68909.9915138518,3004.0130905878295,2622.1470164041707,0.9656701524174703,5.397144706369295,14854.121693905037,9856.98255421658,2109050.59229126,0.28839448704156107,0.1901424258117512,0.27987302402142117,0.2878000875844529,0.15377026532471053,0.3517825385435355,0.3935055325969817,0.3532850395893845,0.4124042283677818
a25_h0x0_sharp_d0.5,25.0,0x0,sharp,0.5,prova2,PbLb,footprint,3466,1299.83877651692,21208.43765042337,19908.59887390645,2138.18981082069,1890.850218320862,0.9387112432352614,4.039332409239818,9058.996752346295,6539.908901407161,1095946.1840159239,0.2858605513659488,0.16883792195892383,0.27469600157367413,0.2878047555773792,0.15658799692885148,0.3416728467200486,0.40803146393416223,0.34135906443853437,0.41168436919722706
a25_h0x0_sharp_d0.5,25.0,0x0,sharp,0.5,prova2,PbLg,footprint,3466,25.422820639195262,329.49033959495034,304.0675189557551,276.37779723258967,268.5280321847492,0.9228419847742787,3.60005782220743,612.7747115452845,560.6117043514442,17979.915052303124,0.08335186599584031,0.044094824493542205,0.08064606058234075,0.07689290681449376,0.04961236215946566,0.4374663601820462,0.46233140253565713,0.4387094108500679,0.47193298792369903
a25_h14x20_sharp_d0.5,25.0,14x20,sharp,0.5,prova2,Ca,footprint,3466,2143.2794459556917,4552.363682507901,2409.0842365522094,393.32069908946846,344.6362598777092,0.5291941515588761,1.4574010411798666,15172.992302614059,14245.948968932244,173815.54901060602,0.3602361210138504,0.36388934986051547,0.15858916853761035,0.36056517546390493,0.36515300842939674,0.15766753592443827,0.13605339901832378,0.1583664276247789,0.1357032366876966
a25_h14x20_sharp_d0.5,25.0,14x20,sharp,0.5,prova2,Ca,hole,278,21277.51970744683,23678.89476107152,2401.375053624688,11.281192827901458,6.689494013027203,0.10141415289249847,1.0549216683932814,154003.93027496725,147701.85835706806,164832.34252175596,0.1653771427949058,0.22417943134720125,-0.14129445894460765,0.16537379156881785,0.22413307271965122,0.43545662368912347,0.32055721243471336,0.43545662368912347,0.32062208648618723
a25_h14x20_sharp_d0.5,25.0,14x20,sharp,0.5,prova2,Ti,footprint,3466,249.34161285797364,447.58665063056327,198.24503777258963,155.3960592678308,148.4298101615348,0.44291990722533975,1.3398037233601452,939.3491493116869,790.193222563135,10170.027887426664,0.24466567547253618,0.23647837786044015,0.05204202996413372,0.234084939924135,0.2151382526420703,0.29052283214848346,0.3067989150972533,0.29203281999686864,0.31209681925883187
a25_h14x20_sharp_d0.5,25.0,14x20,sharp,0.5,prova2,Ti,hole,278,2591.5314679260314,2558.4982570052407,0.0,4.233953801654127,3.8704344106073374,-0.012911171946412241,0.9936062608385435,6445.8977330960115,4951.32972020461,5360.076130462536,-0.034263214792088534,-0.017598125994371615,-0.02555486713194676,-0.03467206437481899,-0.018053334204652112,0.49003665461595447,0.4969273901221742,0.49003665461595447,0.49544283782067955
a25_h14x20_sharp_d0.5,25.0,14x20,sharp,0.5,prova2,Fe,footprint,3466,457.5527231285748,904.0590394179405,446.5063162893657,162.2496345675877,152.35432601008088,0.49389066069937143,1.4056520304290303,4153.598568120603,3934.006992486532,104145.30077141228,0.5527780803588931,0.5384168065942362,0.32573325902834604,0.5507966814922131,0.547928419304152,0.12355444606399373,0.10503532464806638,0.13794588680755893,0.10423644856433073
a25_h14x20_sharp_d0.5,25.0,14x20,sharp,0.5,prova2,Fe,hole,278,4532.466451340576,4603.840420094404,71.3739687538282,3.0092863420979676,2.410088471008593,0.015503136998906802,1.007842879157578,44093.65168394738,42203.95724791114,40409.84327502028,0.15595070234717082,0.2824265334442589,0.017670646609506305,0.15620986383130597,0.28234554548046664,0.6382544715731032,0.5155701239342269,0.6382544715731032,0.5161646083099344
a25_h14x20_sharp_d0.5,25.0,14x20,sharp,0.5,prova2,Cu,footprint,3466,420.7505451400281,530.1410918380532,109.39054669802505,153.1490073147425,138.70270895783494,0.2063423273203684,1.1224923513986524,3197.124620881433,3346.8639251159443,35851.541855825606,0.7277656368628858,0.6677164274359559,0.31463480601699767,0.7382435883773781,0.7421480605521511,0.11143231822018278,0.12620028157894633,0.11042837084803055,0.0975355132571683
a25_h14x20_sharp_d0.5,25.0,14x20,sharp,0.5,prova2,Cu,hole,278,4507.838720020509,2800.3412902871432,0.0,4.5362976756317535,3.530332771709107,-0.6097461890290812,0.7881725350344934,33592.00980295122,36103.35838633389,35973.820741967575,0.30841696736939084,0.08410376624751205,-0.17013689635199647,0.31075947440487106,0.08530853202613173,0.2469803116880668,0.3478368760913988,0.245623205136944,0.34799909034307464
a25_h14x20_sharp_d0.5,25.0,14x20,sharp,0.5,prova2,PbLl,footprint,3466,68.30612885777532,139.35079363661606,71.04466477884074,109.42894095105702,110.47924814415246,0.5098260506797209,1.4283179256266028,721.6521158815475,639.0636780315258,4961.297087300812,0.32084373279018497,0.23205654727721414,0.10627934348160636,0.3205916940270904,0.3235549922511699,0.2644225038132292,0.29036786477650395,0.29825079589693376,0.2719111329568338
a25_h14x20_sharp_d0.5,25.0,14x20,sharp,0.5,prova2,PbLl,hole,278,705.6184645832528,555.5566474451102,0.0,3.387347922319543,2.995547496322723,-0.27011073997268464,0.8873178246091338,5740.321450317842,4855.767432724372,5169.998671206919,0.04555070279400096,0.26861277950971,-0.10771356862885646,0.04157503157832415,0.27187352249328983,0.5812988090816373,0.3917223279255723,0.5963133287101368,0.39209380758418455
a25_h14x20_sharp_d0.5,25.0,14x20,sharp,0.5,prova2,PbLa,footprint,3466,37556.79466021898,99254.52462320383,61697.72996298486,2881.477249093269,2489.0911562069805,0.621611258501369,1.625664406209645,230897.7126953534,174245.37721703242,2109050.59229126,0.4325295110468848,0.3771418748671091,0.07081564111661905,0.43229203508446706,0.35685685323378846,0.1471247945419044,0.09745717784340253,0.1478046002276254,0.10110726953483723
a25_h14x20_sharp_d0.5,25.0,14x20,sharp,0.5,prova2,PbLa,hole,278,414306.7052582724,312663.72155047575,0.0,387.6274797376174,76.06859960221837,-0.3250872317509585,0.8687158899182289,2612467.98071055,1963542.8891306035,2112807.629217579,-0.19034377715016756,0.2920361742514687,-0.2075385541688016,-0.19149659892442397,0.2923299650718461,0.5609668301929793,0.39244382744350936,0.561267325648217,0.39298448670960073
a25_h14x20_sharp_d0.5,25.0,14x20,sharp,0.5,prova2,PbLb,footprint,3466,19373.550962459074,33892.200587553445,14518.649625094371,2039.1717661041616,1786.6729891493646,0.4283773072683334,1.3226510142129122,122665.92505331454,93356.98265364699,1095946.1840159239,0.43709565111692933,0.36263256949865885,0.07217593311511479,0.4373348562858394,0.3525752177787334,0.12521604147654705,0.11132063357705947,0.1271436063796775,0.11372180975648924
a25_h14x20_sharp_d0.5,25.0,14x20,sharp,0.5,prova2,PbLb,hole,278,212964.23317812674,145407.85611110245,0.0,210.7575815598424,45.57122746708214,-0.4645992236857284,0.8263054176361025,1374549.1837808143,1037870.8623339913,1151167.8540566827,-0.14847746817103205,0.251189755078434,-0.19212456963123561,-0.14976824875257588,0.2505971465985474,0.4842286699079711,0.3997600929788406,0.4848143785655463,0.4011967068000634
a25_h14x20_sharp_d0.5,25.0,14x20,sharp,0.5,prova2,PbLg,footprint,3466,340.6793381835474,564.3797089596205,223.70037077607316,261.3363483015466,253.53321995749877,0.39636501317250256,1.2871015051512587,2669.879626113339,2032.0589705024613,17979.915052303124,0.2616692692701408,0.23879334498252194,-0.07487254936087114,0.254999419235192,0.23667669968845126,0.21381692767672653,0.22990510838318012,0.2230651003944781,0.23959848559408484
a25_h14x20_sharp_d0.5,25.0,14x20,sharp,0.5,prova2,PbLg,hole,278,3729.990496992078,2759.8580850119115,0.0,10.278824662937653,7.77242271737376,-0.35151532509903655,0.8601803408994311,25434.594729592663,18108.248424036432,19070.558051889824,-0.10011760010880313,0.21438547310515393,-0.22048946191083021,-0.10656200787593983,0.212780794346705,0.45191133528206495,0.4115295058586886,0.45447456682756215,0.4131535195223688
REAL_ruotato,7.7,0x0,real,1.0,REAL_ruotato,Ca,footprint,3466,1601.3477576184964,9385.801939491499,7784.454181873003,1835.2679207548201,1562.6068760172636,0.8293861549666098,2.42098927058989,52950.95821619072,57838.85704004149,695262.1960424241,0.18270407346961473,0.14787038281125056,0.1746746289549935,0.203017303360245,0.19048396657368633,0.36932682074408685,0.40192772601253873,0.36737317164765665,0.40112663778806856
REAL_ruotato,7.7,0x0,real,1.0,REAL_ruotato,Ti,footprint,3466,138.82730164491602,732.4010628713843,593.5737612264683,719.0559948357878,679.6505470402855,0.8104490713043991,2.2968733126221443,6856.6128973216655,7160.542576040398,40680.11154970666,0.09714923053686643,0.07151528587449599,0.08884918043023016,0.11448232463159952,0.07869704645284338,0.4292407809918291,0.4512356806619202,0.42796565060342573,0.4689506894928759
REAL_ruotato,7.7,0x0,real,1.0,REAL_ruotato,Fe,footprint,3466,339.22147777662735,1625.4352863716435,1286.2138085950162,723.0895623915699,671.6856877452974,0.7913042244001913,2.1889869421267014,17151.702403601223,19193.52509829074,416581.2030856491,0.43522636506498363,0.4035092907069408,0.3876696879607954,0.43790619273955605,0.4230731508074176,0.18006664020687327,0.2193937070556456,0.17633250705330986,0.21449531805051777
REAL_ruotato,7.7,0x0,real,1.0,REAL_ruotato,Cu,footprint,3466,218.161812923145,1194.6736614271529,976.5118485040078,572.539438829872,503.52481521088674,0.8173879445349705,2.3401046390603364,12951.863800020617,14162.485882941823,143406.16742330242,0.7386376122855643,0.6356349934189031,0.6744961818806932,0.7752670005961823,0.7368857840256209,0.20162744390668966,0.282540048159474,0.17196022292472005,0.22930229344049824
REAL_ruotato,7.7,0x0,real,1.0,REAL_ruotato,PbLl,footprint,3466,37.455324562037084,265.5270726086964,228.07174804665934,484.74305461705507,485.54231420750614,0.8589397149072084,2.6625490757300248,3194.0751426892816,3312.781027951698,19845.188349203247,0.22243371315851088,0.15357253517352087,0.21950077814561808,0.23365125378303458,0.18612567510662167,0.4176943906515566,0.4559895437670074,0.4190234045283257,0.4600021010524167
REAL_ruotato,7.7,0x0,real,1.0,REAL_ruotato,PbLa,footprint,3466,9268.556711595136,127782.3073152845,118513.75060368936,11029.366141221273,9255.902771314088,0.9274660404376147,3.713037257623124,416601.84202009253,463269.05319245893,8436202.36916504,0.3192893666544248,0.24067732611944123,0.3161697187010513,0.31384509143276956,0.2164959829261494,0.3170129263578431,0.3918995331472934,0.32240569738009567,0.43384983969957525
REAL_ruotato,7.7,0x0,real,1.0,REAL_ruotato,PbLb,footprint,3466,4889.174260532994,59189.50923554719,54300.3349750142,7552.90397596794,6480.486147086775,0.9173979591370438,3.4794020193048874,225689.36691537834,249929.51416678584,4383784.7360636955,0.2949529038399272,0.2163222996968454,0.29246410733151296,0.28637623619071817,0.18199410278478753,0.3273462455405912,0.398505498564546,0.3325550776962675,0.4393979302762093
REAL_ruotato,7.7,0x0,real,1.0,REAL_ruotato,PbLg,footprint,3466,97.14935712848803,1033.838649022741,936.689291894253,994.9178784325595,961.5216951470793,0.9060304456403128,3.2621686996196497,8404.240164099478,8812.346855588668,71919.6602092125,0.11651632134856121,0.10710568709277497,0.11418257152945646,0.11024711520065374,0.04980713969056949,0.42633046170824873,0.4364489222276353,0.4256548588488233,0.46645149172855566
