ensemble,case,case_angle,source,band,element,region,z,coverage,expected,n_px,sigma_rms,err_rms
control,REAL_ruotato,7.7,REAL_ruotato,ens,Ca,footprint,0.5,0.07357184073860358,0.3829249225480261,3466,40.01684342396957,240.4971040159143
control,REAL_ruotato,7.7,REAL_ruotato,ens,Ca,footprint,1.0,0.1485862665897288,0.6826894921370857,3466,40.01684342396957,240.4971040159143
control,REAL_ruotato,7.7,REAL_ruotato,ens,Ca,footprint,1.5,0.21234852856318523,0.8663855974622838,3466,40.01684342396957,240.4971040159143
control,REAL_ruotato,7.7,REAL_ruotato,ens,Ca,footprint,2.0,0.27322562031159836,0.9544997361036417,3466,40.01684342396957,240.4971040159143
control,REAL_ruotato,7.7,REAL_ruotato,ens,Ca,footprint,3.0,0.40276976341604154,0.9973002039367398,3466,40.01684342396957,240.4971040159143
control,REAL_ruotato,7.7,REAL_ruotato,ens,Ti,footprint,0.5,0.058280438545874204,0.3829249225480261,3466,11.782499804579503,84.61998922264407
control,REAL_ruotato,7.7,REAL_ruotato,ens,Ti,footprint,1.0,0.10588574725908828,0.6826894921370857,3466,11.782499804579503,84.61998922264407
control,REAL_ruotato,7.7,REAL_ruotato,ens,Ti,footprint,1.5,0.15349105597230236,0.8663855974622838,3466,11.782499804579503,84.61998922264407
control,REAL_ruotato,7.7,REAL_ruotato,ens,Ti,footprint,2.0,0.20398153491055973,0.9544997361036417,3466,11.782499804579503,84.61998922264407
control,REAL_ruotato,7.7,REAL_ruotato,ens,Ti,footprint,3.0,0.2911136757068667,0.9973002039367398,3466,11.782499804579503,84.61998922264407
control,REAL_ruotato,7.7,REAL_ruotato,ens,Fe,footprint,0.5,0.07645701096364685,0.3829249225480261,3466,18.417966168299564,138.54069834633697
control,REAL_ruotato,7.7,REAL_ruotato,ens,Fe,footprint,1.0,0.14714368147720716,0.6826894921370857,3466,18.417966168299564,138.54069834633697
control,REAL_ruotato,7.7,REAL_ruotato,ens,Fe,footprint,1.5,0.21783035199076745,0.8663855974622838,3466,18.417966168299564,138.54069834633697
control,REAL_ruotato,7.7,REAL_ruotato,ens,Fe,footprint,2.0,0.2856318522792845,0.9544997361036417,3466,18.417966168299564,138.54069834633697
control,REAL_ruotato,7.7,REAL_ruotato,ens,Fe,footprint,3.0,0.4102712060011541,0.9973002039367398,3466,18.417966168299564,138.54069834633697
control,REAL_ruotato,7.7,REAL_ruotato,ens,Cu,footprint,0.5,0.21234852856318523,0.3829249225480261,3466,14.770301720789085,119.00624304187501
control,REAL_ruotato,7.7,REAL_ruotato,ens,Cu,footprint,1.0,0.34535487593768033,0.6826894921370857,3466,14.770301720789085,119.00624304187501
control,REAL_ruotato,7.7,REAL_ruotato,ens,Cu,footprint,1.5,0.4229659549913445,0.8663855974622838,3466,14.770301720789085,119.00624304187501
control,REAL_ruotato,7.7,REAL_ruotato,ens,Cu,footprint,2.0,0.4685516445470283,0.9544997361036417,3466,14.770301720789085,119.00624304187501
control,REAL_ruotato,7.7,REAL_ruotato,ens,Cu,footprint,3.0,0.5354875937680323,0.9973002039367398,3466,14.770301720789085,119.00624304187501
control,REAL_ruotato,7.7,REAL_ruotato,ens,PbLl,footprint,0.5,0.05366416618580496,0.3829249225480261,3466,6.120075535647994,57.55676352916048
control,REAL_ruotato,7.7,REAL_ruotato,ens,PbLl,footprint,1.0,0.10011540680900173,0.6826894921370857,3466,6.120075535647994,57.55676352916048
control,REAL_ruotato,7.7,REAL_ruotato,ens,PbLl,footprint,1.5,0.14829774956722447,0.8663855974622838,3466,6.120075535647994,57.55676352916048
control,REAL_ruotato,7.7,REAL_ruotato,ens,PbLl,footprint,2.0,0.18955568378534335,0.9544997361036417,3466,6.120075535647994,57.55676352916048
control,REAL_ruotato,7.7,REAL_ruotato,ens,PbLl,footprint,3.0,0.26053087132140795,0.9973002039367398,3466,6.120075535647994,57.55676352916048
control,REAL_ruotato,7.7,REAL_ruotato,ens,PbLa,footprint,0.5,0.06809001731102135,0.3829249225480261,3466,96.27334372293889,680.638709737008
control,REAL_ruotato,7.7,REAL_ruotato,ens,PbLa,footprint,1.0,0.1405077899596076,0.6826894921370857,3466,96.27334372293889,680.638709737008
control,REAL_ruotato,7.7,REAL_ruotato,ens,PbLa,footprint,1.5,0.21061742642815925,0.8663855974622838,3466,96.27334372293889,680.638709737008
control,REAL_ruotato,7.7,REAL_ruotato,ens,PbLa,footprint,2.0,0.28188113098672823,0.9544997361036417,3466,96.27334372293889,680.638709737008
control,REAL_ruotato,7.7,REAL_ruotato,ens,PbLa,footprint,3.0,0.3889209463358338,0.9973002039367398,3466,96.27334372293889,680.638709737008
control,REAL_ruotato,7.7,REAL_ruotato,ens,PbLb,footprint,0.5,0.06837853433352568,0.3829249225480261,3466,69.92263053213168,499.92950919783266
control,REAL_ruotato,7.7,REAL_ruotato,ens,PbLb,footprint,1.0,0.1361800346220427,0.6826894921370857,3466,69.92263053213168,499.92950919783266
control,REAL_ruotato,7.7,REAL_ruotato,ens,PbLb,footprint,1.5,0.20109636468551645,0.8663855974622838,3466,69.92263053213168,499.92950919783266
control,REAL_ruotato,7.7,REAL_ruotato,ens,PbLb,footprint,2.0,0.2616849394114253,0.9544997361036417,3466,69.92263053213168,499.92950919783266
control,REAL_ruotato,7.7,REAL_ruotato,ens,PbLb,footprint,3.0,0.3658395845354876,0.9973002039367398,3466,69.92263053213168,499.92950919783266
control,REAL_ruotato,7.7,REAL_ruotato,ens,PbLg,footprint,0.5,0.03693017888055395,0.3829249225480261,3466,9.856437344623464,93.87410109070909
control,REAL_ruotato,7.7,REAL_ruotato,ens,PbLg,footprint,1.0,0.07472590882862089,0.6826894921370857,3466,9.856437344623464,93.87410109070909
control,REAL_ruotato,7.7,REAL_ruotato,ens,PbLg,footprint,1.5,0.11079053664166186,0.8663855974622838,3466,9.856437344623464,93.87410109070909
control,REAL_ruotato,7.7,REAL_ruotato,ens,PbLg,footprint,2.0,0.1508944027697634,0.9544997361036417,3466,9.856437344623464,93.87410109070909
control,REAL_ruotato,7.7,REAL_ruotato,ens,PbLg,footprint,3.0,0.21984997114829774,0.9973002039367398,3466,9.856437344623464,93.87410109070909
control,REAL_ruotato,7.7,REAL_ruotato,total_noref,Ca,footprint,0.5,0.12550490478938256,0.3829249225480261,3466,59.93941276715658,240.4971040159143
control,REAL_ruotato,7.7,REAL_ruotato,total_noref,Ca,footprint,1.0,0.24725908828620888,0.6826894921370857,3466,59.93941276715658,240.4971040159143
control,REAL_ruotato,7.7,REAL_ruotato,total_noref,Ca,footprint,1.5,0.3534333525678015,0.8663855974622838,3466,59.93941276715658,240.4971040159143
control,REAL_ruotato,7.7,REAL_ruotato,total_noref,Ca,footprint,2.0,0.4575879976918638,0.9544997361036417,3466,59.93941276715658,240.4971040159143
control,REAL_ruotato,7.7,REAL_ruotato,total_noref,Ca,footprint,3.0,0.6255049047893826,0.9973002039367398,3466,59.93941276715658,240.4971040159143
control,REAL_ruotato,7.7,REAL_ruotato,total_noref,Ti,footprint,0.5,0.1488747836122331,0.3829249225480261,3466,29.75611529703744,84.61998922264407
control,REAL_ruotato,7.7,REAL_ruotato,total_noref,Ti,footprint,1.0,0.2899596076168494,0.6826894921370857,3466,29.75611529703744,84.61998922264407
control,REAL_ruotato,7.7,REAL_ruotato,total_noref,Ti,footprint,1.5,0.41200230813618005,0.8663855974622838,3466,29.75611529703744,84.61998922264407
control,REAL_ruotato,7.7,REAL_ruotato,total_noref,Ti,footprint,2.0,0.5227928447778419,0.9544997361036417,3466,29.75611529703744,84.61998922264407
control,REAL_ruotato,7.7,REAL_ruotato,total_noref,Ti,footprint,3.0,0.7013848817080208,0.9973002039367398,3466,29.75611529703744,84.61998922264407
control,REAL_ruotato,7.7,REAL_ruotato,total_noref,Fe,footprint,0.5,0.16099249855741488,0.3829249225480261,3466,32.81066033214439,138.54069834633697
control,REAL_ruotato,7.7,REAL_ruotato,total_noref,Fe,footprint,1.0,0.3147720715522216,0.6826894921370857,3466,32.81066033214439,138.54069834633697
control,REAL_ruotato,7.7,REAL_ruotato,total_noref,Fe,footprint,1.5,0.448066935949221,0.8663855974622838,3466,32.81066033214439,138.54069834633697
control,REAL_ruotato,7.7,REAL_ruotato,total_noref,Fe,footprint,2.0,0.5597230236583959,0.9544997361036417,3466,32.81066033214439,138.54069834633697
control,REAL_ruotato,7.7,REAL_ruotato,total_noref,Fe,footprint,3.0,0.7308136180034622,0.9973002039367398,3466,32.81066033214439,138.54069834633697
control,REAL_ruotato,7.7,REAL_ruotato,total_noref,Cu,footprint,0.5,0.26658972879399884,0.3829249225480261,3466,29.152021106340342,119.00624304187501
control,REAL_ruotato,7.7,REAL_ruotato,total_noref,Cu,footprint,1.0,0.44979803808424695,0.6826894921370857,3466,29.152021106340342,119.00624304187501
control,REAL_ruotato,7.7,REAL_ruotato,total_noref,Cu,footprint,1.5,0.5614541257934218,0.8663855974622838,3466,29.152021106340342,119.00624304187501
control,REAL_ruotato,7.7,REAL_ruotato,total_noref,Cu,footprint,2.0,0.6367570686670514,0.9544997361036417,3466,29.152021106340342,119.00624304187501
control,REAL_ruotato,7.7,REAL_ruotato,total_noref,Cu,footprint,3.0,0.7432198499711483,0.9973002039367398,3466,29.152021106340342,119.00624304187501
control,REAL_ruotato,7.7,REAL_ruotato,total_noref,PbLl,footprint,0.5,0.17397576457010963,0.3829249225480261,3466,23.602636078360657,57.55676352916048
control,REAL_ruotato,7.7,REAL_ruotato,total_noref,PbLl,footprint,1.0,0.3358338141950375,0.6826894921370857,3466,23.602636078360657,57.55676352916048
control,REAL_ruotato,7.7,REAL_ruotato,total_noref,PbLl,footprint,1.5,0.4702827466820542,0.8663855974622838,3466,23.602636078360657,57.55676352916048
control,REAL_ruotato,7.7,REAL_ruotato,total_noref,PbLl,footprint,2.0,0.5871321407963069,0.9544997361036417,3466,23.602636078360657,57.55676352916048
control,REAL_ruotato,7.7,REAL_ruotato,total_noref,PbLl,footprint,3.0,0.740334679746105,0.9973002039367398,3466,23.602636078360657,57.55676352916048
control,REAL_ruotato,7.7,REAL_ruotato,total_noref,PbLa,footprint,0.5,0.12406231967686093,0.3829249225480261,3466,146.22634460985066,680.638709737008
control,REAL_ruotato,7.7,REAL_ruotato,total_noref,PbLa,footprint,1.0,0.24668205424120024,0.6826894921370857,3466,146.22634460985066,680.638709737008
control,REAL_ruotato,7.7,REAL_ruotato,total_noref,PbLa,footprint,1.5,0.36035776110790535,0.8663855974622838,3466,146.22634460985066,680.638709737008
control,REAL_ruotato,7.7,REAL_ruotato,total_noref,PbLa,footprint,2.0,0.4492210040392383,0.9544997361036417,3466,146.22634460985066,680.638709737008
control,REAL_ruotato,7.7,REAL_ruotato,total_noref,PbLa,footprint,3.0,0.6076168493941142,0.9973002039367398,3466,146.22634460985066,680.638709737008
control,REAL_ruotato,7.7,REAL_ruotato,total_noref,PbLb,footprint,0.5,0.12723600692440853,0.3829249225480261,3466,114.72475909156059,499.92950919783266
control,REAL_ruotato,7.7,REAL_ruotato,total_noref,PbLb,footprint,1.0,0.25620311598384304,0.6826894921370857,3466,114.72475909156059,499.92950919783266
control,REAL_ruotato,7.7,REAL_ruotato,total_noref,PbLb,footprint,1.5,0.36295441431044434,0.8663855974622838,3466,114.72475909156059,499.92950919783266
control,REAL_ruotato,7.7,REAL_ruotato,total_noref,PbLb,footprint,2.0,0.45614541257934216,0.9544997361036417,3466,114.72475909156059,499.92950919783266
control,REAL_ruotato,7.7,REAL_ruotato,total_noref,PbLb,footprint,3.0,0.6128101557991922,0.9973002039367398,3466,114.72475909156059,499.92950919783266
control,REAL_ruotato,7.7,REAL_ruotato,total_noref,PbLg,footprint,0.5,0.14223889209463358,0.3829249225480261,3466,33.61063524233596,93.87410109070909
control,REAL_ruotato,7.7,REAL_ruotato,total_noref,PbLg,footprint,1.0,0.28188113098672823,0.6826894921370857,3466,33.61063524233596,93.87410109070909
control,REAL_ruotato,7.7,REAL_ruotato,total_noref,PbLg,footprint,1.5,0.41142527409117136,0.8663855974622838,3466,33.61063524233596,93.87410109070909
control,REAL_ruotato,7.7,REAL_ruotato,total_noref,PbLg,footprint,2.0,0.5222158107328332,0.9544997361036417,3466,33.61063524233596,93.87410109070909
control,REAL_ruotato,7.7,REAL_ruotato,total_noref,PbLg,footprint,3.0,0.6970571263704558,0.9973002039367398,3466,33.61063524233596,93.87410109070909
control,REAL_ruotato,7.7,REAL_ruotato,total,Ca,footprint,0.5,0.23629544143104445,0.3829249225480261,3466,105.95306697492849,240.4971040159143
control,REAL_ruotato,7.7,REAL_ruotato,total,Ca,footprint,1.0,0.4301788805539527,0.6826894921370857,3466,105.95306697492849,240.4971040159143
control,REAL_ruotato,7.7,REAL_ruotato,total,Ca,footprint,1.5,0.5972302365839585,0.8663855974622838,3466,105.95306697492849,240.4971040159143
control,REAL_ruotato,7.7,REAL_ruotato,total,Ca,footprint,2.0,0.7169648009232544,0.9544997361036417,3466,105.95306697492849,240.4971040159143
control,REAL_ruotato,7.7,REAL_ruotato,total,Ca,footprint,3.0,0.8560300057703405,0.9973002039367398,3466,105.95306697492849,240.4971040159143
control,REAL_ruotato,7.7,REAL_ruotato,total,Ti,footprint,0.5,0.32025389497980383,0.3829249225480261,3466,63.38551305007104,84.61998922264407
control,REAL_ruotato,7.7,REAL_ruotato,total,Ti,footprint,1.0,0.5744373918061165,0.6826894921370857,3466,63.38551305007104,84.61998922264407
control,REAL_ruotato,7.7,REAL_ruotato,total,Ti,footprint,1.5,0.7634160415464513,0.8663855974622838,3466,63.38551305007104,84.61998922264407
control,REAL_ruotato,7.7,REAL_ruotato,total,Ti,footprint,2.0,0.8733410271206001,0.9544997361036417,3466,63.38551305007104,84.61998922264407
control,REAL_ruotato,7.7,REAL_ruotato,total,Ti,footprint,3.0,0.9636468551644547,0.9973002039367398,3466,63.38551305007104,84.61998922264407
control,REAL_ruotato,7.7,REAL_ruotato,total,Fe,footprint,0.5,0.3303519907674553,0.3829249225480261,3466,64.44242716973918,138.54069834633697
control,REAL_ruotato,7.7,REAL_ruotato,total,Fe,footprint,1.0,0.5885747259088286,0.6826894921370857,3466,64.44242716973918,138.54069834633697
control,REAL_ruotato,7.7,REAL_ruotato,total,Fe,footprint,1.5,0.7611079053664166,0.8663855974622838,3466,64.44242716973918,138.54069834633697
control,REAL_ruotato,7.7,REAL_ruotato,total,Fe,footprint,2.0,0.8580496249278707,0.9544997361036417,3466,64.44242716973918,138.54069834633697
control,REAL_ruotato,7.7,REAL_ruotato,total,Fe,footprint,3.0,0.9327755337564916,0.9973002039367398,3466,64.44242716973918,138.54069834633697
control,REAL_ruotato,7.7,REAL_ruotato,total,Cu,footprint,0.5,0.342469705712637,0.3829249225480261,3466,54.791942674988256,119.00624304187501
control,REAL_ruotato,7.7,REAL_ruotato,total,Cu,footprint,1.0,0.5813618003462204,0.6826894921370857,3466,54.791942674988256,119.00624304187501
control,REAL_ruotato,7.7,REAL_ruotato,total,Cu,footprint,1.5,0.7184073860357761,0.8663855974622838,3466,54.791942674988256,119.00624304187501
control,REAL_ruotato,7.7,REAL_ruotato,total,Cu,footprint,2.0,0.8127524523946913,0.9544997361036417,3466,54.791942674988256,119.00624304187501
control,REAL_ruotato,7.7,REAL_ruotato,total,Cu,footprint,3.0,0.9021927293710329,0.9973002039367398,3466,54.791942674988256,119.00624304187501
control,REAL_ruotato,7.7,REAL_ruotato,total,PbLl,footprint,0.5,0.3551644547028275,0.3829249225480261,3466,51.94356425373562,57.55676352916048
control,REAL_ruotato,7.7,REAL_ruotato,total,PbLl,footprint,1.0,0.6260819388343912,0.6826894921370857,3466,51.94356425373562,57.55676352916048
control,REAL_ruotato,7.7,REAL_ruotato,total,PbLl,footprint,1.5,0.7882285054818234,0.8663855974622838,3466,51.94356425373562,57.55676352916048
control,REAL_ruotato,7.7,REAL_ruotato,total,PbLl,footprint,2.0,0.8857472590882862,0.9544997361036417,3466,51.94356425373562,57.55676352916048
control,REAL_ruotato,7.7,REAL_ruotato,total,PbLl,footprint,3.0,0.9555683785343335,0.9973002039367398,3466,51.94356425373562,57.55676352916048
control,REAL_ruotato,7.7,REAL_ruotato,total,PbLa,footprint,0.5,0.2264858626658973,0.3829249225480261,3466,249.40549521313352,680.638709737008
control,REAL_ruotato,7.7,REAL_ruotato,total,PbLa,footprint,1.0,0.41806116560877093,0.6826894921370857,3466,249.40549521313352,680.638709737008
control,REAL_ruotato,7.7,REAL_ruotato,total,PbLa,footprint,1.5,0.5741488747836122,0.8663855974622838,3466,249.40549521313352,680.638709737008
control,REAL_ruotato,7.7,REAL_ruotato,total,PbLa,footprint,2.0,0.6860934795152914,0.9544997361036417,3466,249.40549521313352,680.638709737008
control,REAL_ruotato,7.7,REAL_ruotato,total,PbLa,footprint,3.0,0.826601269474899,0.9973002039367398,3466,249.40549521313352,680.638709737008
control,REAL_ruotato,7.7,REAL_ruotato,total,PbLb,footprint,0.5,0.23687247547605308,0.3829249225480261,3466,202.93745692599717,499.92950919783266
control,REAL_ruotato,7.7,REAL_ruotato,total,PbLb,footprint,1.0,0.4396999422965955,0.6826894921370857,3466,202.93745692599717,499.92950919783266
control,REAL_ruotato,7.7,REAL_ruotato,total,PbLb,footprint,1.5,0.5891517599538373,0.8663855974622838,3466,202.93745692599717,499.92950919783266
control,REAL_ruotato,7.7,REAL_ruotato,total,PbLb,footprint,2.0,0.7054241200230814,0.9544997361036417,3466,202.93745692599717,499.92950919783266
control,REAL_ruotato,7.7,REAL_ruotato,total,PbLb,footprint,3.0,0.8488170802077323,0.9973002039367398,3466,202.93745692599717,499.92950919783266
control,REAL_ruotato,7.7,REAL_ruotato,total,PbLg,footprint,0.5,0.31563762261973455,0.3829249225480261,3466,73.02562178429044,93.87410109070909
control,REAL_ruotato,7.7,REAL_ruotato,total,PbLg,footprint,1.0,0.5839584535487594,0.6826894921370857,3466,73.02562178429044,93.87410109070909
control,REAL_ruotato,7.7,REAL_ruotato,total,PbLg,footprint,1.5,0.7688978649740335,0.8663855974622838,3466,73.02562178429044,93.87410109070909
control,REAL_ruotato,7.7,REAL_ruotato,total,PbLg,footprint,2.0,0.8744950952106174,0.9544997361036417,3466,73.02562178429044,93.87410109070909
control,REAL_ruotato,7.7,REAL_ruotato,total,PbLg,footprint,3.0,0.9688401615695326,0.9973002039367398,3466,73.02562178429044,93.87410109070909
prior,REAL_ruotato,7.7,REAL_ruotato,ens,Ca,footprint,0.5,0.172533179457588,0.3829249225480261,3466,96.88034857230593,230.11075206558846
prior,REAL_ruotato,7.7,REAL_ruotato,ens,Ca,footprint,1.0,0.3338141950375072,0.6826894921370857,3466,96.88034857230593,230.11075206558846
prior,REAL_ruotato,7.7,REAL_ruotato,ens,Ca,footprint,1.5,0.45614541257934216,0.8663855974622838,3466,96.88034857230593,230.11075206558846
prior,REAL_ruotato,7.7,REAL_ruotato,ens,Ca,footprint,2.0,0.5574148874783612,0.9544997361036417,3466,96.88034857230593,230.11075206558846
prior,REAL_ruotato,7.7,REAL_ruotato,ens,Ca,footprint,3.0,0.7016733987305251,0.9973002039367398,3466,96.88034857230593,230.11075206558846
prior,REAL_ruotato,7.7,REAL_ruotato,ens,Ti,footprint,0.5,0.11915753029428737,0.3829249225480261,3466,27.062909357114293,82.80466712282386
prior,REAL_ruotato,7.7,REAL_ruotato,ens,Ti,footprint,1.0,0.23225620311598386,0.6826894921370857,3466,27.062909357114293,82.80466712282386
prior,REAL_ruotato,7.7,REAL_ruotato,ens,Ti,footprint,1.5,0.3234275822273514,0.8663855974622838,3466,27.062909357114293,82.80466712282386
prior,REAL_ruotato,7.7,REAL_ruotato,ens,Ti,footprint,2.0,0.4218118869013272,0.9544997361036417,3466,27.062909357114293,82.80466712282386
prior,REAL_ruotato,7.7,REAL_ruotato,ens,Ti,footprint,3.0,0.5744373918061165,0.9973002039367398,3466,27.062909357114293,82.80466712282386
prior,REAL_ruotato,7.7,REAL_ruotato,ens,Fe,footprint,0.5,0.15002885170225044,0.3829249225480261,3466,40.316687442939106,130.96450818294713
prior,REAL_ruotato,7.7,REAL_ruotato,ens,Fe,footprint,1.0,0.27697634160415463,0.6826894921370857,3466,40.316687442939106,130.96450818294713
prior,REAL_ruotato,7.7,REAL_ruotato,ens,Fe,footprint,1.5,0.39065204847085977,0.8663855974622838,3466,40.316687442939106,130.96450818294713
prior,REAL_ruotato,7.7,REAL_ruotato,ens,Fe,footprint,2.0,0.49047893825735717,0.9544997361036417,3466,40.316687442939106,130.96450818294713
prior,REAL_ruotato,7.7,REAL_ruotato,ens,Fe,footprint,3.0,0.638199653779573,0.9973002039367398,3466,40.316687442939106,130.96450818294713
prior,REAL_ruotato,7.7,REAL_ruotato,ens,Cu,footprint,0.5,0.3315060588574726,0.3829249225480261,3466,34.5640515771394,113.80625553993337
prior,REAL_ruotato,7.7,REAL_ruotato,ens,Cu,footprint,1.0,0.46422388920946334,0.6826894921370857,3466,34.5640515771394,113.80625553993337
prior,REAL_ruotato,7.7,REAL_ruotato,ens,Cu,footprint,1.5,0.5429890363531449,0.8663855974622838,3466,34.5640515771394,113.80625553993337
prior,REAL_ruotato,7.7,REAL_ruotato,ens,Cu,footprint,2.0,0.6171379111367571,0.9544997361036417,3466,34.5640515771394,113.80625553993337
prior,REAL_ruotato,7.7,REAL_ruotato,ens,Cu,footprint,3.0,0.7253317945758799,0.9973002039367398,3466,34.5640515771394,113.80625553993337
prior,REAL_ruotato,7.7,REAL_ruotato,ens,PbLl,footprint,0.5,0.12348528563185228,0.3829249225480261,3466,16.295001460837504,56.51614939722346
prior,REAL_ruotato,7.7,REAL_ruotato,ens,PbLl,footprint,1.0,0.23225620311598386,0.6826894921370857,3466,16.295001460837504,56.51614939722346
prior,REAL_ruotato,7.7,REAL_ruotato,ens,PbLl,footprint,1.5,0.3170802077322562,0.8663855974622838,3466,16.295001460837504,56.51614939722346
prior,REAL_ruotato,7.7,REAL_ruotato,ens,PbLl,footprint,2.0,0.3912290825158684,0.9544997361036417,3466,16.295001460837504,56.51614939722346
prior,REAL_ruotato,7.7,REAL_ruotato,ens,PbLl,footprint,3.0,0.51933064050779,0.9973002039367398,3466,16.295001460837504,56.51614939722346
prior,REAL_ruotato,7.7,REAL_ruotato,ens,PbLa,footprint,0.5,0.24552798615118293,0.3829249225480261,3466,357.4665121592294,645.4470094594076
prior,REAL_ruotato,7.7,REAL_ruotato,ens,PbLa,footprint,1.0,0.4604731679169071,0.6826894921370857,3466,357.4665121592294,645.4470094594076
prior,REAL_ruotato,7.7,REAL_ruotato,ens,PbLa,footprint,1.5,0.6090594345066359,0.8663855974622838,3466,357.4665121592294,645.4470094594076
prior,REAL_ruotato,7.7,REAL_ruotato,ens,PbLa,footprint,2.0,0.7204270051933064,0.9544997361036417,3466,357.4665121592294,645.4470094594076
prior,REAL_ruotato,7.7,REAL_ruotato,ens,PbLa,footprint,3.0,0.8548759376803231,0.9973002039367398,3466,357.4665121592294,645.4470094594076
prior,REAL_ruotato,7.7,REAL_ruotato,ens,PbLb,footprint,0.5,0.2160992498557415,0.3829249225480261,3466,243.28894186860856,475.06774981614814
prior,REAL_ruotato,7.7,REAL_ruotato,ens,PbLb,footprint,1.0,0.3932487016733987,0.6826894921370857,3466,243.28894186860856,475.06774981614814
prior,REAL_ruotato,7.7,REAL_ruotato,ens,PbLb,footprint,1.5,0.5363531448355453,0.8663855974622838,3466,243.28894186860856,475.06774981614814
prior,REAL_ruotato,7.7,REAL_ruotato,ens,PbLb,footprint,2.0,0.6410848240046163,0.9544997361036417,3466,243.28894186860856,475.06774981614814
prior,REAL_ruotato,7.7,REAL_ruotato,ens,PbLb,footprint,3.0,0.7876514714368148,0.9973002039367398,3466,243.28894186860856,475.06774981614814
prior,REAL_ruotato,7.7,REAL_ruotato,ens,PbLg,footprint,0.5,0.11944604731679169,0.3829249225480261,3466,32.15336139539288,91.67464297230438
prior,REAL_ruotato,7.7,REAL_ruotato,ens,PbLg,footprint,1.0,0.23023658395845356,0.6826894921370857,3466,32.15336139539288,91.67464297230438
prior,REAL_ruotato,7.7,REAL_ruotato,ens,PbLg,footprint,1.5,0.3211194460473168,0.8663855974622838,3466,32.15336139539288,91.67464297230438
prior,REAL_ruotato,7.7,REAL_ruotato,ens,PbLg,footprint,2.0,0.4062319676860935,0.9544997361036417,3466,32.15336139539288,91.67464297230438
prior,REAL_ruotato,7.7,REAL_ruotato,ens,PbLg,footprint,3.0,0.5464512406231967,0.9973002039367398,3466,32.15336139539288,91.67464297230438
prior,REAL_ruotato,7.7,REAL_ruotato,total_noref,Ca,footprint,0.5,0.20427005193306405,0.3829249225480261,3466,105.92955140208194,230.11075206558846
prior,REAL_ruotato,7.7,REAL_ruotato,total_noref,Ca,footprint,1.0,0.3845931909982689,0.6826894921370857,3466,105.92955140208194,230.11075206558846
prior,REAL_ruotato,7.7,REAL_ruotato,total_noref,Ca,footprint,1.5,0.5320253894979804,0.8663855974622838,3466,105.92955140208194,230.11075206558846
prior,REAL_ruotato,7.7,REAL_ruotato,total_noref,Ca,footprint,2.0,0.6419503750721293,0.9544997361036417,3466,105.92955140208194,230.11075206558846
prior,REAL_ruotato,7.7,REAL_ruotato,total_noref,Ca,footprint,3.0,0.7965954991344489,0.9973002039367398,3466,105.92955140208194,230.11075206558846
prior,REAL_ruotato,7.7,REAL_ruotato,total_noref,Ti,footprint,0.5,0.18782458165031737,0.3829249225480261,3466,38.09799283042576,82.80466712282386
prior,REAL_ruotato,7.7,REAL_ruotato,total_noref,Ti,footprint,1.0,0.3557414887478361,0.6826894921370857,3466,38.09799283042576,82.80466712282386
prior,REAL_ruotato,7.7,REAL_ruotato,total_noref,Ti,footprint,1.5,0.49422965954991344,0.8663855974622838,3466,38.09799283042576,82.80466712282386
prior,REAL_ruotato,7.7,REAL_ruotato,total_noref,Ti,footprint,2.0,0.6234852856318522,0.9544997361036417,3466,38.09799283042576,82.80466712282386
prior,REAL_ruotato,7.7,REAL_ruotato,total_noref,Ti,footprint,3.0,0.8032313906520485,0.9973002039367398,3466,38.09799283042576,82.80466712282386
prior,REAL_ruotato,7.7,REAL_ruotato,total_noref,Fe,footprint,0.5,0.20802077322562032,0.3829249225480261,3466,48.46158116243437,130.96450818294713
prior,REAL_ruotato,7.7,REAL_ruotato,total_noref,Fe,footprint,1.0,0.38632429313329486,0.6826894921370857,3466,48.46158116243437,130.96450818294713
prior,REAL_ruotato,7.7,REAL_ruotato,total_noref,Fe,footprint,1.5,0.5377957299480669,0.8663855974622838,3466,48.46158116243437,130.96450818294713
prior,REAL_ruotato,7.7,REAL_ruotato,total_noref,Fe,footprint,2.0,0.6520484708597807,0.9544997361036417,3466,48.46158116243437,130.96450818294713
prior,REAL_ruotato,7.7,REAL_ruotato,total_noref,Fe,footprint,3.0,0.8141950375072129,0.9973002039367398,3466,48.46158116243437,130.96450818294713
prior,REAL_ruotato,7.7,REAL_ruotato,total_noref,Cu,footprint,0.5,0.3678592036930179,0.3829249225480261,3466,42.03823379088404,113.80625553993337
prior,REAL_ruotato,7.7,REAL_ruotato,total_noref,Cu,footprint,1.0,0.5297172533179457,0.6826894921370857,3466,42.03823379088404,113.80625553993337
prior,REAL_ruotato,7.7,REAL_ruotato,total_noref,Cu,footprint,1.5,0.6384881708020773,0.8663855974622838,3466,42.03823379088404,113.80625553993337
prior,REAL_ruotato,7.7,REAL_ruotato,total_noref,Cu,footprint,2.0,0.7175418349682632,0.9544997361036417,3466,42.03823379088404,113.80625553993337
prior,REAL_ruotato,7.7,REAL_ruotato,total_noref,Cu,footprint,3.0,0.8268897864974033,0.9973002039367398,3466,42.03823379088404,113.80625553993337
prior,REAL_ruotato,7.7,REAL_ruotato,total_noref,PbLl,footprint,0.5,0.21032890940565493,0.3829249225480261,3466,27.391059257096124,56.51614939722346
prior,REAL_ruotato,7.7,REAL_ruotato,total_noref,PbLl,footprint,1.0,0.3894979803808425,0.6826894921370857,3466,27.391059257096124,56.51614939722346
prior,REAL_ruotato,7.7,REAL_ruotato,total_noref,PbLl,footprint,1.5,0.5328909405654934,0.8663855974622838,3466,27.391059257096124,56.51614939722346
prior,REAL_ruotato,7.7,REAL_ruotato,total_noref,PbLl,footprint,2.0,0.6511829197922677,0.9544997361036417,3466,27.391059257096124,56.51614939722346
prior,REAL_ruotato,7.7,REAL_ruotato,total_noref,PbLl,footprint,3.0,0.8202538949798038,0.9973002039367398,3466,27.391059257096124,56.51614939722346
prior,REAL_ruotato,7.7,REAL_ruotato,total_noref,PbLa,footprint,0.5,0.26918638199653777,0.3829249225480261,3466,372.57438647403796,645.4470094594076
prior,REAL_ruotato,7.7,REAL_ruotato,total_noref,PbLa,footprint,1.0,0.49307559145989616,0.6826894921370857,3466,372.57438647403796,645.4470094594076
prior,REAL_ruotato,7.7,REAL_ruotato,total_noref,PbLa,footprint,1.5,0.6532025389497981,0.8663855974622838,3466,372.57438647403796,645.4470094594076
prior,REAL_ruotato,7.7,REAL_ruotato,total_noref,PbLa,footprint,2.0,0.7590882862088864,0.9544997361036417,3466,372.57438647403796,645.4470094594076
prior,REAL_ruotato,7.7,REAL_ruotato,total_noref,PbLa,footprint,3.0,0.8834391229082516,0.9973002039367398,3466,372.57438647403796,645.4470094594076
prior,REAL_ruotato,7.7,REAL_ruotato,total_noref,PbLb,footprint,0.5,0.24783612233121755,0.3829249225480261,3466,258.3455306590674,475.06774981614814
prior,REAL_ruotato,7.7,REAL_ruotato,total_noref,PbLb,footprint,1.0,0.4440276976341604,0.6826894921370857,3466,258.3455306590674,475.06774981614814
prior,REAL_ruotato,7.7,REAL_ruotato,total_noref,PbLb,footprint,1.5,0.5969417195614541,0.8663855974622838,3466,258.3455306590674,475.06774981614814
prior,REAL_ruotato,7.7,REAL_ruotato,total_noref,PbLb,footprint,2.0,0.7080207732256203,0.9544997361036417,3466,258.3455306590674,475.06774981614814
prior,REAL_ruotato,7.7,REAL_ruotato,total_noref,PbLb,footprint,3.0,0.8496826312752452,0.9973002039367398,3466,258.3455306590674,475.06774981614814
prior,REAL_ruotato,7.7,REAL_ruotato,total_noref,PbLg,footprint,0.5,0.19792267743796885,0.3829249225480261,3466,45.04171985454486,91.67464297230438
prior,REAL_ruotato,7.7,REAL_ruotato,total_noref,PbLg,footprint,1.0,0.35891517599538375,0.6826894921370857,3466,45.04171985454486,91.67464297230438
prior,REAL_ruotato,7.7,REAL_ruotato,total_noref,PbLg,footprint,1.5,0.5046162723600692,0.8663855974622838,3466,45.04171985454486,91.67464297230438
prior,REAL_ruotato,7.7,REAL_ruotato,total_noref,PbLg,footprint,2.0,0.6292556260819389,0.9544997361036417,3466,45.04171985454486,91.67464297230438
prior,REAL_ruotato,7.7,REAL_ruotato,total_noref,PbLg,footprint,3.0,0.8032313906520485,0.9973002039367398,3466,45.04171985454486,91.67464297230438
prior,REAL_ruotato,7.7,REAL_ruotato,total,Ca,footprint,0.5,0.2824581650317369,0.3829249225480261,3466,137.31128525641446,230.11075206558846
prior,REAL_ruotato,7.7,REAL_ruotato,total,Ca,footprint,1.0,0.5279861511829198,0.6826894921370857,3466,137.31128525641446,230.11075206558846
prior,REAL_ruotato,7.7,REAL_ruotato,total,Ca,footprint,1.5,0.690132717830352,0.8663855974622838,3466,137.31128525641446,230.11075206558846
prior,REAL_ruotato,7.7,REAL_ruotato,total,Ca,footprint,2.0,0.8003462204270052,0.9544997361036417,3466,137.31128525641446,230.11075206558846
prior,REAL_ruotato,7.7,REAL_ruotato,total,Ca,footprint,3.0,0.9252740911713792,0.9973002039367398,3466,137.31128525641446,230.11075206558846
prior,REAL_ruotato,7.7,REAL_ruotato,total,Ti,footprint,0.5,0.33698788228505483,0.3829249225480261,3466,67.7034262409024,82.80466712282386
prior,REAL_ruotato,7.7,REAL_ruotato,total,Ti,footprint,1.0,0.6113675706866705,0.6826894921370857,3466,67.7034262409024,82.80466712282386
prior,REAL_ruotato,7.7,REAL_ruotato,total,Ti,footprint,1.5,0.7965954991344489,0.8663855974622838,3466,67.7034262409024,82.80466712282386
prior,REAL_ruotato,7.7,REAL_ruotato,total,Ti,footprint,2.0,0.8958453548759376,0.9544997361036417,3466,67.7034262409024,82.80466712282386
prior,REAL_ruotato,7.7,REAL_ruotato,total,Ti,footprint,3.0,0.9743219849971149,0.9973002039367398,3466,67.7034262409024,82.80466712282386
prior,REAL_ruotato,7.7,REAL_ruotato,total,Fe,footprint,0.5,0.3511252163877669,0.3829249225480261,3466,73.65332196757318,130.96450818294713
prior,REAL_ruotato,7.7,REAL_ruotato,total,Fe,footprint,1.0,0.6177149451817657,0.6826894921370857,3466,73.65332196757318,130.96450818294713
prior,REAL_ruotato,7.7,REAL_ruotato,total,Fe,footprint,1.5,0.7960184650894403,0.8663855974622838,3466,73.65332196757318,130.96450818294713
prior,REAL_ruotato,7.7,REAL_ruotato,total,Fe,footprint,2.0,0.8828620888632429,0.9544997361036417,3466,73.65332196757318,130.96450818294713
prior,REAL_ruotato,7.7,REAL_ruotato,total,Fe,footprint,3.0,0.9509521061742643,0.9973002039367398,3466,73.65332196757318,130.96450818294713
prior,REAL_ruotato,7.7,REAL_ruotato,total,Cu,footprint,0.5,0.4368147720715522,0.3829249225480261,3466,62.606147843256664,113.80625553993337
prior,REAL_ruotato,7.7,REAL_ruotato,total,Cu,footprint,1.0,0.6459896133871899,0.6826894921370857,3466,62.606147843256664,113.80625553993337
prior,REAL_ruotato,7.7,REAL_ruotato,total,Cu,footprint,1.5,0.7712060011540681,0.8663855974622838,3466,62.606147843256664,113.80625553993337
prior,REAL_ruotato,7.7,REAL_ruotato,total,Cu,footprint,2.0,0.8580496249278707,0.9544997361036417,3466,62.606147843256664,113.80625553993337
prior,REAL_ruotato,7.7,REAL_ruotato,total,Cu,footprint,3.0,0.9391229082515868,0.9973002039367398,3466,62.606147843256664,113.80625553993337
prior,REAL_ruotato,7.7,REAL_ruotato,total,PbLl,footprint,0.5,0.3765147143681477,0.3829249225480261,3466,53.770991852114655,56.51614939722346
prior,REAL_ruotato,7.7,REAL_ruotato,total,PbLl,footprint,1.0,0.657530294287363,0.6826894921370857,3466,53.770991852114655,56.51614939722346
prior,REAL_ruotato,7.7,REAL_ruotato,total,PbLl,footprint,1.5,0.8245816503173687,0.8663855974622838,3466,53.770991852114655,56.51614939722346
prior,REAL_ruotato,7.7,REAL_ruotato,total,PbLl,footprint,2.0,0.9117137911136757,0.9544997361036417,3466,53.770991852114655,56.51614939722346
prior,REAL_ruotato,7.7,REAL_ruotato,total,PbLl,footprint,3.0,0.9731679169070975,0.9973002039367398,3466,53.770991852114655,56.51614939722346
prior,REAL_ruotato,7.7,REAL_ruotato,total,PbLa,footprint,0.5,0.3390075014425851,0.3829249225480261,3466,423.8308986388974,645.4470094594076
prior,REAL_ruotato,7.7,REAL_ruotato,total,PbLa,footprint,1.0,0.584535487593768,0.6826894921370857,3466,423.8308986388974,645.4470094594076
prior,REAL_ruotato,7.7,REAL_ruotato,total,PbLa,footprint,1.5,0.7515868436237738,0.8663855974622838,3466,423.8308986388974,645.4470094594076
prior,REAL_ruotato,7.7,REAL_ruotato,total,PbLa,footprint,2.0,0.8395845354875938,0.9544997361036417,3466,423.8308986388974,645.4470094594076
prior,REAL_ruotato,7.7,REAL_ruotato,total,PbLa,footprint,3.0,0.9368147720715522,0.9973002039367398,3466,423.8308986388974,645.4470094594076
prior,REAL_ruotato,7.7,REAL_ruotato,total,PbLb,footprint,0.5,0.3188113098672822,0.3829249225480261,3466,307.83803255362955,475.06774981614814
prior,REAL_ruotato,7.7,REAL_ruotato,total,PbLb,footprint,1.0,0.5675129832660127,0.6826894921370857,3466,307.83803255362955,475.06774981614814
prior,REAL_ruotato,7.7,REAL_ruotato,total,PbLb,footprint,1.5,0.726197345643393,0.8663855974622838,3466,307.83803255362955,475.06774981614814
prior,REAL_ruotato,7.7,REAL_ruotato,total,PbLb,footprint,2.0,0.8332371609924986,0.9544997361036417,3466,307.83803255362955,475.06774981614814
prior,REAL_ruotato,7.7,REAL_ruotato,total,PbLb,footprint,3.0,0.9356607039815349,0.9973002039367398,3466,307.83803255362955,475.06774981614814
prior,REAL_ruotato,7.7,REAL_ruotato,total,PbLg,footprint,0.5,0.34564339296018465,0.3829249225480261,3466,78.94189738690208,91.67464297230438
prior,REAL_ruotato,7.7,REAL_ruotato,total,PbLg,footprint,1.0,0.6275245239469128,0.6826894921370857,3466,78.94189738690208,91.67464297230438
prior,REAL_ruotato,7.7,REAL_ruotato,total,PbLg,footprint,1.5,0.7977495672244662,0.8663855974622838,3466,78.94189738690208,91.67464297230438
prior,REAL_ruotato,7.7,REAL_ruotato,total,PbLg,footprint,2.0,0.9036353144835545,0.9544997361036417,3466,78.94189738690208,91.67464297230438
prior,REAL_ruotato,7.7,REAL_ruotato,total,PbLg,footprint,3.0,0.986728216964801,0.9973002039367398,3466,78.94189738690208,91.67464297230438
posterior,REAL_ruotato,7.7,REAL_ruotato,ens,Ca,footprint,0.5,0.15666474321984997,0.3829249225480261,3466,75.67230858491023,223.44847333122715
posterior,REAL_ruotato,7.7,REAL_ruotato,ens,Ca,footprint,1.0,0.3015002885170225,0.6826894921370857,3466,75.67230858491023,223.44847333122715
posterior,REAL_ruotato,7.7,REAL_ruotato,ens,Ca,footprint,1.5,0.4255626081938834,0.8663855974622838,3466,75.67230858491023,223.44847333122715
posterior,REAL_ruotato,7.7,REAL_ruotato,ens,Ca,footprint,2.0,0.5392383150605886,0.9544997361036417,3466,75.67230858491023,223.44847333122715
posterior,REAL_ruotato,7.7,REAL_ruotato,ens,Ca,footprint,3.0,0.688401615695326,0.9973002039367398,3466,75.67230858491023,223.44847333122715
posterior,REAL_ruotato,7.7,REAL_ruotato,ens,Ti,footprint,0.5,0.09492210040392383,0.3829249225480261,3466,20.496064923733147,81.592020973038
posterior,REAL_ruotato,7.7,REAL_ruotato,ens,Ti,footprint,1.0,0.18378534333525678,0.6826894921370857,3466,20.496064923733147,81.592020973038
posterior,REAL_ruotato,7.7,REAL_ruotato,ens,Ti,footprint,1.5,0.2720715522215811,0.8663855974622838,3466,20.496064923733147,81.592020973038
posterior,REAL_ruotato,7.7,REAL_ruotato,ens,Ti,footprint,2.0,0.3571840738603578,0.9544997361036417,3466,20.496064923733147,81.592020973038
posterior,REAL_ruotato,7.7,REAL_ruotato,ens,Ti,footprint,3.0,0.4870167339873053,0.9973002039367398,3466,20.496064923733147,81.592020973038
posterior,REAL_ruotato,7.7,REAL_ruotato,ens,Fe,footprint,0.5,0.11194460473167916,0.3829249225480261,3466,31.368206248959908,131.48682478733383
posterior,REAL_ruotato,7.7,REAL_ruotato,ens,Fe,footprint,1.0,0.22706289671090593,0.6826894921370857,3466,31.368206248959908,131.48682478733383
posterior,REAL_ruotato,7.7,REAL_ruotato,ens,Fe,footprint,1.5,0.32487016733987306,0.8663855974622838,3466,31.368206248959908,131.48682478733383
posterior,REAL_ruotato,7.7,REAL_ruotato,ens,Fe,footprint,2.0,0.41431044431621467,0.9544997361036417,3466,31.368206248959908,131.48682478733383
posterior,REAL_ruotato,7.7,REAL_ruotato,ens,Fe,footprint,3.0,0.5565493364108482,0.9973002039367398,3466,31.368206248959908,131.48682478733383
posterior,REAL_ruotato,7.7,REAL_ruotato,ens,Cu,footprint,0.5,0.2576457010963647,0.3829249225480261,3466,25.948315410001598,111.60593062800277
posterior,REAL_ruotato,7.7,REAL_ruotato,ens,Cu,footprint,1.0,0.4252740911713791,0.6826894921370857,3466,25.948315410001598,111.60593062800277
posterior,REAL_ruotato,7.7,REAL_ruotato,ens,Cu,footprint,1.5,0.5100980957876514,0.8663855974622838,3466,25.948315410001598,111.60593062800277
posterior,REAL_ruotato,7.7,REAL_ruotato,ens,Cu,footprint,2.0,0.5709751875360646,0.9544997361036417,3466,25.948315410001598,111.60593062800277
posterior,REAL_ruotato,7.7,REAL_ruotato,ens,Cu,footprint,3.0,0.672533179457588,0.9973002039367398,3466,25.948315410001598,111.60593062800277
posterior,REAL_ruotato,7.7,REAL_ruotato,ens,PbLl,footprint,0.5,0.09001731102135026,0.3829249225480261,3466,11.879982456082674,55.972944472455964
posterior,REAL_ruotato,7.7,REAL_ruotato,ens,PbLl,footprint,1.0,0.17541834968263129,0.6826894921370857,3466,11.879982456082674,55.972944472455964
posterior,REAL_ruotato,7.7,REAL_ruotato,ens,PbLl,footprint,1.5,0.25014425851125216,0.8663855974622838,3466,11.879982456082674,55.972944472455964
posterior,REAL_ruotato,7.7,REAL_ruotato,ens,PbLl,footprint,2.0,0.31592613964223887,0.9544997361036417,3466,11.879982456082674,55.972944472455964
posterior,REAL_ruotato,7.7,REAL_ruotato,ens,PbLl,footprint,3.0,0.4333525678015003,0.9973002039367398,3466,11.879982456082674,55.972944472455964
posterior,REAL_ruotato,7.7,REAL_ruotato,ens,PbLa,footprint,0.5,0.18869013271783036,0.3829249225480261,3466,246.2855468294161,626.5567635277005
posterior,REAL_ruotato,7.7,REAL_ruotato,ens,PbLa,footprint,1.0,0.3678592036930179,0.6826894921370857,3466,246.2855468294161,626.5567635277005
posterior,REAL_ruotato,7.7,REAL_ruotato,ens,PbLa,footprint,1.5,0.5054818234275822,0.8663855974622838,3466,246.2855468294161,626.5567635277005
posterior,REAL_ruotato,7.7,REAL_ruotato,ens,PbLa,footprint,2.0,0.6110790536641661,0.9544997361036417,3466,246.2855468294161,626.5567635277005
posterior,REAL_ruotato,7.7,REAL_ruotato,ens,PbLa,footprint,3.0,0.7625504904789383,0.9973002039367398,3466,246.2855468294161,626.5567635277005
posterior,REAL_ruotato,7.7,REAL_ruotato,ens,PbLb,footprint,0.5,0.17916907097518753,0.3829249225480261,3466,184.73747434996483,463.061510927552
posterior,REAL_ruotato,7.7,REAL_ruotato,ens,PbLb,footprint,1.0,0.3545874206578188,0.6826894921370857,3466,184.73747434996483,463.061510927552
posterior,REAL_ruotato,7.7,REAL_ruotato,ens,PbLb,footprint,1.5,0.4933641084824005,0.8663855974622838,3466,184.73747434996483,463.061510927552
posterior,REAL_ruotato,7.7,REAL_ruotato,ens,PbLb,footprint,2.0,0.6050201961915753,0.9544997361036417,3466,184.73747434996483,463.061510927552
posterior,REAL_ruotato,7.7,REAL_ruotato,ens,PbLb,footprint,3.0,0.7541834968263128,0.9973002039367398,3466,184.73747434996483,463.061510927552
posterior,REAL_ruotato,7.7,REAL_ruotato,ens,PbLg,footprint,0.5,0.09117137911136756,0.3829249225480261,3466,22.891243648079527,90.28139407716314
posterior,REAL_ruotato,7.7,REAL_ruotato,ens,PbLg,footprint,1.0,0.18003462204270052,0.6826894921370857,3466,22.891243648079527,90.28139407716314
posterior,REAL_ruotato,7.7,REAL_ruotato,ens,PbLg,footprint,1.5,0.2611079053664166,0.8663855974622838,3466,22.891243648079527,90.28139407716314
posterior,REAL_ruotato,7.7,REAL_ruotato,ens,PbLg,footprint,2.0,0.3315060588574726,0.9544997361036417,3466,22.891243648079527,90.28139407716314
posterior,REAL_ruotato,7.7,REAL_ruotato,ens,PbLg,footprint,3.0,0.4688401615695326,0.9973002039367398,3466,22.891243648079527,90.28139407716314
posterior,REAL_ruotato,7.7,REAL_ruotato,total_noref,Ca,footprint,0.5,0.18897864974033468,0.3829249225480261,3466,87.05422306313241,223.44847333122715
posterior,REAL_ruotato,7.7,REAL_ruotato,total_noref,Ca,footprint,1.0,0.36439699942296594,0.6826894921370857,3466,87.05422306313241,223.44847333122715
posterior,REAL_ruotato,7.7,REAL_ruotato,total_noref,Ca,footprint,1.5,0.5109636468551645,0.8663855974622838,3466,87.05422306313241,223.44847333122715
posterior,REAL_ruotato,7.7,REAL_ruotato,total_noref,Ca,footprint,2.0,0.6275245239469128,0.9544997361036417,3466,87.05422306313241,223.44847333122715
posterior,REAL_ruotato,7.7,REAL_ruotato,total_noref,Ca,footprint,3.0,0.7801500288517023,0.9973002039367398,3466,87.05422306313241,223.44847333122715
posterior,REAL_ruotato,7.7,REAL_ruotato,total_noref,Ti,footprint,0.5,0.1673398730525101,0.3829249225480261,3466,33.7640677259884,81.592020973038
posterior,REAL_ruotato,7.7,REAL_ruotato,total_noref,Ti,footprint,1.0,0.3315060588574726,0.6826894921370857,3466,33.7640677259884,81.592020973038
posterior,REAL_ruotato,7.7,REAL_ruotato,total_noref,Ti,footprint,1.5,0.4699942296595499,0.8663855974622838,3466,33.7640677259884,81.592020973038
posterior,REAL_ruotato,7.7,REAL_ruotato,total_noref,Ti,footprint,2.0,0.5871321407963069,0.9544997361036417,3466,33.7640677259884,81.592020973038
posterior,REAL_ruotato,7.7,REAL_ruotato,total_noref,Ti,footprint,3.0,0.7709174841315638,0.9973002039367398,3466,33.7640677259884,81.592020973038
posterior,REAL_ruotato,7.7,REAL_ruotato,total_noref,Fe,footprint,0.5,0.1849394114252741,0.3829249225480261,3466,41.45073932915557,131.48682478733383
posterior,REAL_ruotato,7.7,REAL_ruotato,total_noref,Fe,footprint,1.0,0.3551644547028275,0.6826894921370857,3466,41.45073932915557,131.48682478733383
posterior,REAL_ruotato,7.7,REAL_ruotato,total_noref,Fe,footprint,1.5,0.5121177149451818,0.8663855974622838,3466,41.45073932915557,131.48682478733383
posterior,REAL_ruotato,7.7,REAL_ruotato,total_noref,Fe,footprint,2.0,0.6162723600692441,0.9544997361036417,3466,41.45073932915557,131.48682478733383
posterior,REAL_ruotato,7.7,REAL_ruotato,total_noref,Fe,footprint,3.0,0.7804385458742066,0.9973002039367398,3466,41.45073932915557,131.48682478733383
posterior,REAL_ruotato,7.7,REAL_ruotato,total_noref,Cu,footprint,0.5,0.3003462204270052,0.3829249225480261,3466,35.45614807242342,111.60593062800277
posterior,REAL_ruotato,7.7,REAL_ruotato,total_noref,Cu,footprint,1.0,0.502596653202539,0.6826894921370857,3466,35.45614807242342,111.60593062800277
posterior,REAL_ruotato,7.7,REAL_ruotato,total_noref,Cu,footprint,1.5,0.6168493941142528,0.8663855974622838,3466,35.45614807242342,111.60593062800277
posterior,REAL_ruotato,7.7,REAL_ruotato,total_noref,Cu,footprint,2.0,0.690998268897865,0.9544997361036417,3466,35.45614807242342,111.60593062800277
posterior,REAL_ruotato,7.7,REAL_ruotato,total_noref,Cu,footprint,3.0,0.8026543566070398,0.9973002039367398,3466,35.45614807242342,111.60593062800277
posterior,REAL_ruotato,7.7,REAL_ruotato,total_noref,PbLl,footprint,0.5,0.18638199653779572,0.3829249225480261,3466,24.977145938263906,55.972944472455964
posterior,REAL_ruotato,7.7,REAL_ruotato,total_noref,PbLl,footprint,1.0,0.3661281015579919,0.6826894921370857,3466,24.977145938263906,55.972944472455964
posterior,REAL_ruotato,7.7,REAL_ruotato,total_noref,PbLl,footprint,1.5,0.5028851702250433,0.8663855974622838,3466,24.977145938263906,55.972944472455964
posterior,REAL_ruotato,7.7,REAL_ruotato,total_noref,PbLl,footprint,2.0,0.6246393537218696,0.9544997361036417,3466,24.977145938263906,55.972944472455964
posterior,REAL_ruotato,7.7,REAL_ruotato,total_noref,PbLl,footprint,3.0,0.7847663012117715,0.9973002039367398,3466,24.977145938263906,55.972944472455964
posterior,REAL_ruotato,7.7,REAL_ruotato,total_noref,PbLa,footprint,0.5,0.2204270051933064,0.3829249225480261,3466,268.11284350117126,626.5567635277005
posterior,REAL_ruotato,7.7,REAL_ruotato,total_noref,PbLa,footprint,1.0,0.4241200230813618,0.6826894921370857,3466,268.11284350117126,626.5567635277005
posterior,REAL_ruotato,7.7,REAL_ruotato,total_noref,PbLa,footprint,1.5,0.5678015002885171,0.8663855974622838,3466,268.11284350117126,626.5567635277005
posterior,REAL_ruotato,7.7,REAL_ruotato,total_noref,PbLa,footprint,2.0,0.6759953837276399,0.9544997361036417,3466,268.11284350117126,626.5567635277005
posterior,REAL_ruotato,7.7,REAL_ruotato,total_noref,PbLa,footprint,3.0,0.8190998268897864,0.9973002039367398,3466,268.11284350117126,626.5567635277005
posterior,REAL_ruotato,7.7,REAL_ruotato,total_noref,PbLb,footprint,0.5,0.2129255626081939,0.3829249225480261,3466,204.45436830493074,463.061510927552
posterior,REAL_ruotato,7.7,REAL_ruotato,total_noref,PbLb,footprint,1.0,0.40594345066358917,0.6826894921370857,3466,204.45436830493074,463.061510927552
posterior,REAL_ruotato,7.7,REAL_ruotato,total_noref,PbLb,footprint,1.5,0.5634737449509521,0.8663855974622838,3466,204.45436830493074,463.061510927552
posterior,REAL_ruotato,7.7,REAL_ruotato,total_noref,PbLb,footprint,2.0,0.6739757645701097,0.9544997361036417,3466,204.45436830493074,463.061510927552
posterior,REAL_ruotato,7.7,REAL_ruotato,total_noref,PbLb,footprint,3.0,0.8205424120023082,0.9973002039367398,3466,204.45436830493074,463.061510927552
posterior,REAL_ruotato,7.7,REAL_ruotato,total_noref,PbLg,footprint,0.5,0.18003462204270052,0.3829249225480261,3466,38.93725588861234,90.28139407716314
posterior,REAL_ruotato,7.7,REAL_ruotato,total_noref,PbLg,footprint,1.0,0.3303519907674553,0.6826894921370857,3466,38.93725588861234,90.28139407716314
posterior,REAL_ruotato,7.7,REAL_ruotato,total_noref,PbLg,footprint,1.5,0.4708597807270629,0.8663855974622838,3466,38.93725588861234,90.28139407716314
posterior,REAL_ruotato,7.7,REAL_ruotato,total_noref,PbLg,footprint,2.0,0.5940565493364108,0.9544997361036417,3466,38.93725588861234,90.28139407716314
posterior,REAL_ruotato,7.7,REAL_ruotato,total_noref,PbLg,footprint,3.0,0.7648586266589729,0.9973002039367398,3466,38.93725588861234,90.28139407716314
posterior,REAL_ruotato,7.7,REAL_ruotato,total,Ca,footprint,0.5,0.28418926716676285,0.3829249225480261,3466,123.33595157798769,223.44847333122715
posterior,REAL_ruotato,7.7,REAL_ruotato,total,Ca,footprint,1.0,0.5152914021927294,0.6826894921370857,3466,123.33595157798769,223.44847333122715
posterior,REAL_ruotato,7.7,REAL_ruotato,total,Ca,footprint,1.5,0.6878245816503173,0.8663855974622838,3466,123.33595157798769,223.44847333122715
posterior,REAL_ruotato,7.7,REAL_ruotato,total,Ca,footprint,2.0,0.8043854587420658,0.9544997361036417,3466,123.33595157798769,223.44847333122715
posterior,REAL_ruotato,7.7,REAL_ruotato,total,Ca,footprint,3.0,0.9160415464512406,0.9973002039367398,3466,123.33595157798769,223.44847333122715
posterior,REAL_ruotato,7.7,REAL_ruotato,total,Ti,footprint,0.5,0.3335256780150029,0.3829249225480261,3466,65.36290336616995,81.592020973038
posterior,REAL_ruotato,7.7,REAL_ruotato,total,Ti,footprint,1.0,0.603000577034045,0.6826894921370857,3466,65.36290336616995,81.592020973038
posterior,REAL_ruotato,7.7,REAL_ruotato,total,Ti,footprint,1.5,0.792267743796884,0.8663855974622838,3466,65.36290336616995,81.592020973038
posterior,REAL_ruotato,7.7,REAL_ruotato,total,Ti,footprint,2.0,0.8929601846508944,0.9544997361036417,3466,65.36290336616995,81.592020973038
posterior,REAL_ruotato,7.7,REAL_ruotato,total,Ti,footprint,3.0,0.9728793998845932,0.9973002039367398,3466,65.36290336616995,81.592020973038
posterior,REAL_ruotato,7.7,REAL_ruotato,total,Fe,footprint,0.5,0.3418926716676284,0.3829249225480261,3466,69.24197266852953,131.48682478733383
posterior,REAL_ruotato,7.7,REAL_ruotato,total,Fe,footprint,1.0,0.6058857472590883,0.6826894921370857,3466,69.24197266852953,131.48682478733383
posterior,REAL_ruotato,7.7,REAL_ruotato,total,Fe,footprint,1.5,0.7850548182342758,0.8663855974622838,3466,69.24197266852953,131.48682478733383
posterior,REAL_ruotato,7.7,REAL_ruotato,total,Fe,footprint,2.0,0.8718984420080784,0.9544997361036417,3466,69.24197266852953,131.48682478733383
posterior,REAL_ruotato,7.7,REAL_ruotato,total,Fe,footprint,3.0,0.9448932487016733,0.9973002039367398,3466,69.24197266852953,131.48682478733383
posterior,REAL_ruotato,7.7,REAL_ruotato,total,Cu,footprint,0.5,0.37564916330063475,0.3829249225480261,3466,58.390539333425416,111.60593062800277
posterior,REAL_ruotato,7.7,REAL_ruotato,total,Cu,footprint,1.0,0.634737449509521,0.6826894921370857,3466,58.390539333425416,111.60593062800277
posterior,REAL_ruotato,7.7,REAL_ruotato,total,Cu,footprint,1.5,0.7628390075014426,0.8663855974622838,3466,58.390539333425416,111.60593062800277
posterior,REAL_ruotato,7.7,REAL_ruotato,total,Cu,footprint,2.0,0.8467974610502019,0.9544997361036417,3466,58.390539333425416,111.60593062800277
posterior,REAL_ruotato,7.7,REAL_ruotato,total,Cu,footprint,3.0,0.9281592613964224,0.9973002039367398,3466,58.390539333425416,111.60593062800277
posterior,REAL_ruotato,7.7,REAL_ruotato,total,PbLl,footprint,0.5,0.36959030582804386,0.3829249225480261,3466,52.58238542283682,55.972944472455964
posterior,REAL_ruotato,7.7,REAL_ruotato,total,PbLl,footprint,1.0,0.6471436814772071,0.6826894921370857,3466,52.58238542283682,55.972944472455964
posterior,REAL_ruotato,7.7,REAL_ruotato,total,PbLl,footprint,1.5,0.8075591459896134,0.8663855974622838,3466,52.58238542283682,55.972944472455964
posterior,REAL_ruotato,7.7,REAL_ruotato,total,PbLl,footprint,2.0,0.9065204847085978,0.9544997361036417,3466,52.58238542283682,55.972944472455964
posterior,REAL_ruotato,7.7,REAL_ruotato,total,PbLl,footprint,3.0,0.9671090594345066,0.9973002039367398,3466,52.58238542283682,55.972944472455964
posterior,REAL_ruotato,7.7,REAL_ruotato,total,PbLa,footprint,0.5,0.30121177149451817,0.3829249225480261,3466,335.71632971131015,626.5567635277005
posterior,REAL_ruotato,7.7,REAL_ruotato,total,PbLa,footprint,1.0,0.5444316214656665,0.6826894921370857,3466,335.71632971131015,626.5567635277005
posterior,REAL_ruotato,7.7,REAL_ruotato,total,PbLa,footprint,1.5,0.6976341604154646,0.8663855974622838,3466,335.71632971131015,626.5567635277005
posterior,REAL_ruotato,7.7,REAL_ruotato,total,PbLa,footprint,2.0,0.7991921523369879,0.9544997361036417,3466,335.71632971131015,626.5567635277005
posterior,REAL_ruotato,7.7,REAL_ruotato,total,PbLa,footprint,3.0,0.9085401038661282,0.9973002039367398,3466,335.71632971131015,626.5567635277005
posterior,REAL_ruotato,7.7,REAL_ruotato,total,PbLb,footprint,0.5,0.2997691863819965,0.3829249225480261,3466,264.24123409101503,463.061510927552
posterior,REAL_ruotato,7.7,REAL_ruotato,total,PbLb,footprint,1.0,0.5490478938257357,0.6826894921370857,3466,264.24123409101503,463.061510927552
posterior,REAL_ruotato,7.7,REAL_ruotato,total,PbLb,footprint,1.5,0.7039815349105597,0.8663855974622838,3466,264.24123409101503,463.061510927552
posterior,REAL_ruotato,7.7,REAL_ruotato,total,PbLb,footprint,2.0,0.809867282169648,0.9544997361036417,3466,264.24123409101503,463.061510927552
posterior,REAL_ruotato,7.7,REAL_ruotato,total,PbLb,footprint,3.0,0.9206578188113098,0.9973002039367398,3466,264.24123409101503,463.061510927552
posterior,REAL_ruotato,7.7,REAL_ruotato,total,PbLg,footprint,0.5,0.3366993652625505,0.3829249225480261,3466,75.6252373994565,90.28139407716314
posterior,REAL_ruotato,7.7,REAL_ruotato,total,PbLg,footprint,1.0,0.6177149451817657,0.6826894921370857,3466,75.6252373994565,90.28139407716314
posterior,REAL_ruotato,7.7,REAL_ruotato,total,PbLg,footprint,1.5,0.7893825735718407,0.8663855974622838,3466,75.6252373994565,90.28139407716314
posterior,REAL_ruotato,7.7,REAL_ruotato,total,PbLg,footprint,2.0,0.8972879399884593,0.9544997361036417,3466,75.6252373994565,90.28139407716314
posterior,REAL_ruotato,7.7,REAL_ruotato,total,PbLg,footprint,3.0,0.9803808424697057,0.9973002039367398,3466,75.6252373994565,90.28139407716314
control,a8_h0x0_validated_d1,8.0,prova2,ens,Ca,footprint,0.5,0.11915753029428737,0.3829249225480261,3466,34.049490501722296,116.6669609932054
control,a8_h0x0_validated_d1,8.0,prova2,ens,Ca,footprint,1.0,0.23427582227351415,0.6826894921370857,3466,34.049490501722296,116.6669609932054
control,a8_h0x0_validated_d1,8.0,prova2,ens,Ca,footprint,1.5,0.3358338141950375,0.8663855974622838,3466,34.049490501722296,116.6669609932054
control,a8_h0x0_validated_d1,8.0,prova2,ens,Ca,footprint,2.0,0.4270051933064051,0.9544997361036417,3466,34.049490501722296,116.6669609932054
control,a8_h0x0_validated_d1,8.0,prova2,ens,Ca,footprint,3.0,0.5848240046162724,0.9973002039367398,3466,34.049490501722296,116.6669609932054
control,a8_h0x0_validated_d1,8.0,prova2,ens,Ti,footprint,0.5,0.07328332371609925,0.3829249225480261,3466,10.457501997009706,47.98563510491229
control,a8_h0x0_validated_d1,8.0,prova2,ens,Ti,footprint,1.0,0.15233698788228506,0.6826894921370857,3466,10.457501997009706,47.98563510491229
control,a8_h0x0_validated_d1,8.0,prova2,ens,Ti,footprint,1.5,0.23254472013848818,0.8663855974622838,3466,10.457501997009706,47.98563510491229
control,a8_h0x0_validated_d1,8.0,prova2,ens,Ti,footprint,2.0,0.3055395268320831,0.9544997361036417,3466,10.457501997009706,47.98563510491229
control,a8_h0x0_validated_d1,8.0,prova2,ens,Ti,footprint,3.0,0.43075591459896134,0.9973002039367398,3466,10.457501997009706,47.98563510491229
control,a8_h0x0_validated_d1,8.0,prova2,ens,Fe,footprint,0.5,0.09636468551644548,0.3829249225480261,3466,16.157102000882215,68.03222749578873
control,a8_h0x0_validated_d1,8.0,prova2,ens,Fe,footprint,1.0,0.188401615695326,0.6826894921370857,3466,16.157102000882215,68.03222749578873
control,a8_h0x0_validated_d1,8.0,prova2,ens,Fe,footprint,1.5,0.28390075014425853,0.8663855974622838,3466,16.157102000882215,68.03222749578873
control,a8_h0x0_validated_d1,8.0,prova2,ens,Fe,footprint,2.0,0.361800346220427,0.9544997361036417,3466,16.157102000882215,68.03222749578873
control,a8_h0x0_validated_d1,8.0,prova2,ens,Fe,footprint,3.0,0.5109636468551645,0.9973002039367398,3466,16.157102000882215,68.03222749578873
control,a8_h0x0_validated_d1,8.0,prova2,ens,Cu,footprint,0.5,0.23629544143104445,0.3829249225480261,3466,12.543442623809229,52.70445413326842
control,a8_h0x0_validated_d1,8.0,prova2,ens,Cu,footprint,1.0,0.3869013271783035,0.6826894921370857,3466,12.543442623809229,52.70445413326842
control,a8_h0x0_validated_d1,8.0,prova2,ens,Cu,footprint,1.5,0.4604731679169071,0.8663855974622838,3466,12.543442623809229,52.70445413326842
control,a8_h0x0_validated_d1,8.0,prova2,ens,Cu,footprint,2.0,0.5256780150028851,0.9544997361036417,3466,12.543442623809229,52.70445413326842
control,a8_h0x0_validated_d1,8.0,prova2,ens,Cu,footprint,3.0,0.6067512983266012,0.9973002039367398,3466,12.543442623809229,52.70445413326842
control,a8_h0x0_validated_d1,8.0,prova2,ens,PbLl,footprint,0.5,0.08020773225620312,0.3829249225480261,3466,5.524936626826986,37.240118803926116
control,a8_h0x0_validated_d1,8.0,prova2,ens,PbLl,footprint,1.0,0.1413733410271206,0.6826894921370857,3466,5.524936626826986,37.240118803926116
control,a8_h0x0_validated_d1,8.0,prova2,ens,PbLl,footprint,1.5,0.19619157530294287,0.8663855974622838,3466,5.524936626826986,37.240118803926116
control,a8_h0x0_validated_d1,8.0,prova2,ens,PbLl,footprint,2.0,0.25014425851125216,0.9544997361036417,3466,5.524936626826986,37.240118803926116
control,a8_h0x0_validated_d1,8.0,prova2,ens,PbLl,footprint,3.0,0.3384304673975765,0.9973002039367398,3466,5.524936626826986,37.240118803926116
control,a8_h0x0_validated_d1,8.0,prova2,ens,PbLa,footprint,0.5,0.09809578765147144,0.3829249225480261,3466,86.33410874456801,301.81726753776235
control,a8_h0x0_validated_d1,8.0,prova2,ens,PbLa,footprint,1.0,0.20196191575302944,0.6826894921370857,3466,86.33410874456801,301.81726753776235
control,a8_h0x0_validated_d1,8.0,prova2,ens,PbLa,footprint,1.5,0.291402192729371,0.8663855974622838,3466,86.33410874456801,301.81726753776235
control,a8_h0x0_validated_d1,8.0,prova2,ens,PbLa,footprint,2.0,0.38632429313329486,0.9544997361036417,3466,86.33410874456801,301.81726753776235
control,a8_h0x0_validated_d1,8.0,prova2,ens,PbLa,footprint,3.0,0.5450086555106751,0.9973002039367398,3466,86.33410874456801,301.81726753776235
control,a8_h0x0_validated_d1,8.0,prova2,ens,PbLb,footprint,0.5,0.10184650894402769,0.3829249225480261,3466,62.83574145627511,232.45565691315974
control,a8_h0x0_validated_d1,8.0,prova2,ens,PbLb,footprint,1.0,0.19157530294287364,0.6826894921370857,3466,62.83574145627511,232.45565691315974
control,a8_h0x0_validated_d1,8.0,prova2,ens,PbLb,footprint,1.5,0.28620888632429314,0.8663855974622838,3466,62.83574145627511,232.45565691315974
control,a8_h0x0_validated_d1,8.0,prova2,ens,PbLb,footprint,2.0,0.3782458165031737,0.9544997361036417,3466,62.83574145627511,232.45565691315974
control,a8_h0x0_validated_d1,8.0,prova2,ens,PbLb,footprint,3.0,0.5233698788228506,0.9973002039367398,3466,62.83574145627511,232.45565691315974
control,a8_h0x0_validated_d1,8.0,prova2,ens,PbLg,footprint,0.5,0.055683785343335256,0.3829249225480261,3466,8.82151660156851,54.27157732934962
control,a8_h0x0_validated_d1,8.0,prova2,ens,PbLg,footprint,1.0,0.11454125793421811,0.6826894921370857,3466,8.82151660156851,54.27157732934962
control,a8_h0x0_validated_d1,8.0,prova2,ens,PbLg,footprint,1.5,0.16993652625504904,0.8663855974622838,3466,8.82151660156851,54.27157732934962
control,a8_h0x0_validated_d1,8.0,prova2,ens,PbLg,footprint,2.0,0.22908251586843623,0.9544997361036417,3466,8.82151660156851,54.27157732934962
control,a8_h0x0_validated_d1,8.0,prova2,ens,PbLg,footprint,3.0,0.3323716099249856,0.9973002039367398,3466,8.82151660156851,54.27157732934962
control,a8_h0x0_validated_d1,8.0,prova2,total_noref,Ca,footprint,0.5,0.21869590305828043,0.3829249225480261,3466,56.08911609023648,116.6669609932054
control,a8_h0x0_validated_d1,8.0,prova2,total_noref,Ca,footprint,1.0,0.41834968263127525,0.6826894921370857,3466,56.08911609023648,116.6669609932054
control,a8_h0x0_validated_d1,8.0,prova2,total_noref,Ca,footprint,1.5,0.5830929024812463,0.8663855974622838,3466,56.08911609023648,116.6669609932054
control,a8_h0x0_validated_d1,8.0,prova2,total_noref,Ca,footprint,2.0,0.7010963646855164,0.9544997361036417,3466,56.08911609023648,116.6669609932054
control,a8_h0x0_validated_d1,8.0,prova2,total_noref,Ca,footprint,3.0,0.860934795152914,0.9973002039367398,3466,56.08911609023648,116.6669609932054
control,a8_h0x0_validated_d1,8.0,prova2,total_noref,Ti,footprint,0.5,0.24870167339873053,0.3829249225480261,3466,29.227548693310776,47.98563510491229
control,a8_h0x0_validated_d1,8.0,prova2,total_noref,Ti,footprint,1.0,0.4512406231967686,0.6826894921370857,3466,29.227548693310776,47.98563510491229
control,a8_h0x0_validated_d1,8.0,prova2,total_noref,Ti,footprint,1.5,0.6243508366993653,0.8663855974622838,3466,29.227548693310776,47.98563510491229
control,a8_h0x0_validated_d1,8.0,prova2,total_noref,Ti,footprint,2.0,0.7507212925562609,0.9544997361036417,3466,29.227548693310776,47.98563510491229
control,a8_h0x0_validated_d1,8.0,prova2,total_noref,Ti,footprint,3.0,0.9033467974610502,0.9973002039367398,3466,29.227548693310776,47.98563510491229
control,a8_h0x0_validated_d1,8.0,prova2,total_noref,Fe,footprint,0.5,0.22937103289094057,0.3829249225480261,3466,31.597734287264423,68.03222749578873
control,a8_h0x0_validated_d1,8.0,prova2,total_noref,Fe,footprint,1.0,0.4333525678015003,0.6826894921370857,3466,31.597734287264423,68.03222749578873
control,a8_h0x0_validated_d1,8.0,prova2,total_noref,Fe,footprint,1.5,0.5874206578188114,0.8663855974622838,3466,31.597734287264423,68.03222749578873
control,a8_h0x0_validated_d1,8.0,prova2,total_noref,Fe,footprint,2.0,0.709463358338142,0.9544997361036417,3466,31.597734287264423,68.03222749578873
control,a8_h0x0_validated_d1,8.0,prova2,total_noref,Fe,footprint,3.0,0.8675706866705135,0.9973002039367398,3466,31.597734287264423,68.03222749578873
control,a8_h0x0_validated_d1,8.0,prova2,total_noref,Cu,footprint,0.5,0.32660126947489904,0.3829249225480261,3466,28.095859990927107,52.70445413326842
control,a8_h0x0_validated_d1,8.0,prova2,total_noref,Cu,footprint,1.0,0.5421234852856318,0.6826894921370857,3466,28.095859990927107,52.70445413326842
control,a8_h0x0_validated_d1,8.0,prova2,total_noref,Cu,footprint,1.5,0.6898442008078477,0.8663855974622838,3466,28.095859990927107,52.70445413326842
control,a8_h0x0_validated_d1,8.0,prova2,total_noref,Cu,footprint,2.0,0.7792844777841893,0.9544997361036417,3466,28.095859990927107,52.70445413326842
control,a8_h0x0_validated_d1,8.0,prova2,total_noref,Cu,footprint,3.0,0.8967109059434507,0.9973002039367398,3466,28.095859990927107,52.70445413326842
control,a8_h0x0_validated_d1,8.0,prova2,total_noref,PbLl,footprint,0.5,0.2553375649163301,0.3829249225480261,3466,23.453334950277124,37.240118803926116
control,a8_h0x0_validated_d1,8.0,prova2,total_noref,PbLl,footprint,1.0,0.47951529140219273,0.6826894921370857,3466,23.453334950277124,37.240118803926116
control,a8_h0x0_validated_d1,8.0,prova2,total_noref,PbLl,footprint,1.5,0.6309867282169648,0.8663855974622838,3466,23.453334950277124,37.240118803926116
control,a8_h0x0_validated_d1,8.0,prova2,total_noref,PbLl,footprint,2.0,0.7530294287362954,0.9544997361036417,3466,23.453334950277124,37.240118803926116
control,a8_h0x0_validated_d1,8.0,prova2,total_noref,PbLl,footprint,3.0,0.8972879399884593,0.9973002039367398,3466,23.453334950277124,37.240118803926116
control,a8_h0x0_validated_d1,8.0,prova2,total_noref,PbLa,footprint,0.5,0.19503750721292556,0.3829249225480261,3466,139.9135848607069,301.81726753776235
control,a8_h0x0_validated_d1,8.0,prova2,total_noref,PbLa,footprint,1.0,0.3808424697057126,0.6826894921370857,3466,139.9135848607069,301.81726753776235
control,a8_h0x0_validated_d1,8.0,prova2,total_noref,PbLa,footprint,1.5,0.5294287362954414,0.8663855974622838,3466,139.9135848607069,301.81726753776235
control,a8_h0x0_validated_d1,8.0,prova2,total_noref,PbLa,footprint,2.0,0.65666474321985,0.9544997361036417,3466,139.9135848607069,301.81726753776235
control,a8_h0x0_validated_d1,8.0,prova2,total_noref,PbLa,footprint,3.0,0.8361223312175419,0.9973002039367398,3466,139.9135848607069,301.81726753776235
control,a8_h0x0_validated_d1,8.0,prova2,total_noref,PbLb,footprint,0.5,0.20138488170802077,0.3829249225480261,3466,110.58256368587573,232.45565691315974
control,a8_h0x0_validated_d1,8.0,prova2,total_noref,PbLb,footprint,1.0,0.3877668782458165,0.6826894921370857,3466,110.58256368587573,232.45565691315974
control,a8_h0x0_validated_d1,8.0,prova2,total_noref,PbLb,footprint,1.5,0.5504904789382573,0.8663855974622838,3466,110.58256368587573,232.45565691315974
control,a8_h0x0_validated_d1,8.0,prova2,total_noref,PbLb,footprint,2.0,0.6771494518176573,0.9544997361036417,3466,110.58256368587573,232.45565691315974
control,a8_h0x0_validated_d1,8.0,prova2,total_noref,PbLb,footprint,3.0,0.8462204270051933,0.9973002039367398,3466,110.58256368587573,232.45565691315974
control,a8_h0x0_validated_d1,8.0,prova2,total_noref,PbLg,footprint,0.5,0.24062319676860935,0.3829249225480261,3466,33.33330741509025,54.27157732934962
control,a8_h0x0_validated_d1,8.0,prova2,total_noref,PbLg,footprint,1.0,0.45816503173687245,0.6826894921370857,3466,33.33330741509025,54.27157732934962
control,a8_h0x0_validated_d1,8.0,prova2,total_noref,PbLg,footprint,1.5,0.624062319676861,0.8663855974622838,3466,33.33330741509025,54.27157732934962
control,a8_h0x0_validated_d1,8.0,prova2,total_noref,PbLg,footprint,2.0,0.7515868436237738,0.9544997361036417,3466,33.33330741509025,54.27157732934962
control,a8_h0x0_validated_d1,8.0,prova2,total_noref,PbLg,footprint,3.0,0.8958453548759376,0.9973002039367398,3466,33.33330741509025,54.27157732934962
prior,a8_h0x0_validated_d1,8.0,prova2,ens,Ca,footprint,0.5,0.25187536064627813,0.3829249225480261,3466,86.57013353186278,126.57187057184862
prior,a8_h0x0_validated_d1,8.0,prova2,ens,Ca,footprint,1.0,0.4598961338718984,0.6826894921370857,3466,86.57013353186278,126.57187057184862
prior,a8_h0x0_validated_d1,8.0,prova2,ens,Ca,footprint,1.5,0.6182919792267744,0.8663855974622838,3466,86.57013353186278,126.57187057184862
prior,a8_h0x0_validated_d1,8.0,prova2,ens,Ca,footprint,2.0,0.7305251009809579,0.9544997361036417,3466,86.57013353186278,126.57187057184862
prior,a8_h0x0_validated_d1,8.0,prova2,ens,Ca,footprint,3.0,0.8770917484131564,0.9973002039367398,3466,86.57013353186278,126.57187057184862
prior,a8_h0x0_validated_d1,8.0,prova2,ens,Ti,footprint,0.5,0.17397576457010963,0.3829249225480261,3466,24.35619117539237,49.58563611623873
prior,a8_h0x0_validated_d1,8.0,prova2,ens,Ti,footprint,1.0,0.344200807847663,0.6826894921370857,3466,24.35619117539237,49.58563611623873
prior,a8_h0x0_validated_d1,8.0,prova2,ens,Ti,footprint,1.5,0.48211194460473167,0.8663855974622838,3466,24.35619117539237,49.58563611623873
prior,a8_h0x0_validated_d1,8.0,prova2,ens,Ti,footprint,2.0,0.5842469705712637,0.9544997361036417,3466,24.35619117539237,49.58563611623873
prior,a8_h0x0_validated_d1,8.0,prova2,ens,Ti,footprint,3.0,0.7391806116560877,0.9973002039367398,3466,24.35619117539237,49.58563611623873
prior,a8_h0x0_validated_d1,8.0,prova2,ens,Fe,footprint,0.5,0.18147720715522217,0.3829249225480261,3466,38.213386784387836,71.32511376110368
prior,a8_h0x0_validated_d1,8.0,prova2,ens,Fe,footprint,1.0,0.35401038661281015,0.6826894921370857,3466,38.213386784387836,71.32511376110368
prior,a8_h0x0_validated_d1,8.0,prova2,ens,Fe,footprint,1.5,0.4896133871898442,0.8663855974622838,3466,38.213386784387836,71.32511376110368
prior,a8_h0x0_validated_d1,8.0,prova2,ens,Fe,footprint,2.0,0.6102135025966532,0.9544997361036417,3466,38.213386784387836,71.32511376110368
prior,a8_h0x0_validated_d1,8.0,prova2,ens,Fe,footprint,3.0,0.7625504904789383,0.9973002039367398,3466,38.213386784387836,71.32511376110368
prior,a8_h0x0_validated_d1,8.0,prova2,ens,Cu,footprint,0.5,0.3594922100403924,0.3829249225480261,3466,30.850042698912684,56.94098044833295
prior,a8_h0x0_validated_d1,8.0,prova2,ens,Cu,footprint,1.0,0.5288517022504328,0.6826894921370857,3466,30.850042698912684,56.94098044833295
prior,a8_h0x0_validated_d1,8.0,prova2,ens,Cu,footprint,1.5,0.624927870744374,0.8663855974622838,3466,30.850042698912684,56.94098044833295
prior,a8_h0x0_validated_d1,8.0,prova2,ens,Cu,footprint,2.0,0.7083092902481246,0.9544997361036417,3466,30.850042698912684,56.94098044833295
prior,a8_h0x0_validated_d1,8.0,prova2,ens,Cu,footprint,3.0,0.8248701673398731,0.9973002039367398,3466,30.850042698912684,56.94098044833295
prior,a8_h0x0_validated_d1,8.0,prova2,ens,PbLl,footprint,0.5,0.15868436237738026,0.3829249225480261,3466,15.029062424785726,38.231508484531474
prior,a8_h0x0_validated_d1,8.0,prova2,ens,PbLl,footprint,1.0,0.29053664166185805,0.6826894921370857,3466,15.029062424785726,38.231508484531474
prior,a8_h0x0_validated_d1,8.0,prova2,ens,PbLl,footprint,1.5,0.40738603577611077,0.8663855974622838,3466,15.029062424785726,38.231508484531474
prior,a8_h0x0_validated_d1,8.0,prova2,ens,PbLl,footprint,2.0,0.5066358915175996,0.9544997361036417,3466,15.029062424785726,38.231508484531474
prior,a8_h0x0_validated_d1,8.0,prova2,ens,PbLl,footprint,3.0,0.6506058857472591,0.9973002039367398,3466,15.029062424785726,38.231508484531474
prior,a8_h0x0_validated_d1,8.0,prova2,ens,PbLa,footprint,0.5,0.3326601269474899,0.3829249225480261,3466,328.48965037488443,347.1396887890749
prior,a8_h0x0_validated_d1,8.0,prova2,ens,PbLa,footprint,1.0,0.6018465089440277,0.6826894921370857,3466,328.48965037488443,347.1396887890749
prior,a8_h0x0_validated_d1,8.0,prova2,ens,PbLa,footprint,1.5,0.7778418926716676,0.8663855974622838,3466,328.48965037488443,347.1396887890749
prior,a8_h0x0_validated_d1,8.0,prova2,ens,PbLa,footprint,2.0,0.8742065781881131,0.9544997361036417,3466,328.48965037488443,347.1396887890749
prior,a8_h0x0_validated_d1,8.0,prova2,ens,PbLa,footprint,3.0,0.9688401615695326,0.9973002039367398,3466,328.48965037488443,347.1396887890749
prior,a8_h0x0_validated_d1,8.0,prova2,ens,PbLb,footprint,0.5,0.27495672244662434,0.3829249225480261,3466,221.10963394309996,262.6973960211283
prior,a8_h0x0_validated_d1,8.0,prova2,ens,PbLb,footprint,1.0,0.5187536064627813,0.6826894921370857,3466,221.10963394309996,262.6973960211283
prior,a8_h0x0_validated_d1,8.0,prova2,ens,PbLb,footprint,1.5,0.6892671667628391,0.8663855974622838,3466,221.10963394309996,262.6973960211283
prior,a8_h0x0_validated_d1,8.0,prova2,ens,PbLb,footprint,2.0,0.8012117714945182,0.9544997361036417,3466,221.10963394309996,262.6973960211283
prior,a8_h0x0_validated_d1,8.0,prova2,ens,PbLb,footprint,3.0,0.9270051933064051,0.9973002039367398,3466,221.10963394309996,262.6973960211283
prior,a8_h0x0_validated_d1,8.0,prova2,ens,PbLg,footprint,0.5,0.17541834968263129,0.3829249225480261,3466,28.994312332334125,56.847283439091704
prior,a8_h0x0_validated_d1,8.0,prova2,ens,PbLg,footprint,1.0,0.3170802077322562,0.6826894921370857,3466,28.994312332334125,56.847283439091704
prior,a8_h0x0_validated_d1,8.0,prova2,ens,PbLg,footprint,1.5,0.4460473167916907,0.8663855974622838,3466,28.994312332334125,56.847283439091704
prior,a8_h0x0_validated_d1,8.0,prova2,ens,PbLg,footprint,2.0,0.5438545874206578,0.9544997361036417,3466,28.994312332334125,56.847283439091704
prior,a8_h0x0_validated_d1,8.0,prova2,ens,PbLg,footprint,3.0,0.6889786497403346,0.9973002039367398,3466,28.994312332334125,56.847283439091704
prior,a8_h0x0_validated_d1,8.0,prova2,total_noref,Ca,footprint,0.5,0.309001731102135,0.3829249225480261,3466,96.5663963968281,126.57187057184862
prior,a8_h0x0_validated_d1,8.0,prova2,total_noref,Ca,footprint,1.0,0.5536641661858049,0.6826894921370857,3466,96.5663963968281,126.57187057184862
prior,a8_h0x0_validated_d1,8.0,prova2,total_noref,Ca,footprint,1.5,0.723600692440854,0.8663855974622838,3466,96.5663963968281,126.57187057184862
prior,a8_h0x0_validated_d1,8.0,prova2,total_noref,Ca,footprint,2.0,0.8355452971725332,0.9544997361036417,3466,96.5663963968281,126.57187057184862
prior,a8_h0x0_validated_d1,8.0,prova2,total_noref,Ca,footprint,3.0,0.9457587997691864,0.9973002039367398,3466,96.5663963968281,126.57187057184862
prior,a8_h0x0_validated_d1,8.0,prova2,total_noref,Ti,footprint,0.5,0.28851702250432776,0.3829249225480261,3466,36.20290768734559,49.58563611623873
prior,a8_h0x0_validated_d1,8.0,prova2,total_noref,Ti,footprint,1.0,0.5302942873629544,0.6826894921370857,3466,36.20290768734559,49.58563611623873
prior,a8_h0x0_validated_d1,8.0,prova2,total_noref,Ti,footprint,1.5,0.6947489901904212,0.8663855974622838,3466,36.20290768734559,49.58563611623873
prior,a8_h0x0_validated_d1,8.0,prova2,total_noref,Ti,footprint,2.0,0.8156376226197346,0.9544997361036417,3466,36.20290768734559,49.58563611623873
prior,a8_h0x0_validated_d1,8.0,prova2,total_noref,Ti,footprint,3.0,0.9388343912290825,0.9973002039367398,3466,36.20290768734559,49.58563611623873
prior,a8_h0x0_validated_d1,8.0,prova2,total_noref,Fe,footprint,0.5,0.2740911713791114,0.3829249225480261,3466,46.72774004137753,71.32511376110368
prior,a8_h0x0_validated_d1,8.0,prova2,total_noref,Fe,footprint,1.0,0.5106751298326602,0.6826894921370857,3466,46.72774004137753,71.32511376110368
prior,a8_h0x0_validated_d1,8.0,prova2,total_noref,Fe,footprint,1.5,0.6826312752452395,0.8663855974622838,3466,46.72774004137753,71.32511376110368
prior,a8_h0x0_validated_d1,8.0,prova2,total_noref,Fe,footprint,2.0,0.79399884593191,0.9544997361036417,3466,46.72774004137753,71.32511376110368
prior,a8_h0x0_validated_d1,8.0,prova2,total_noref,Fe,footprint,3.0,0.9267166762839008,0.9973002039367398,3466,46.72774004137753,71.32511376110368
prior,a8_h0x0_validated_d1,8.0,prova2,total_noref,Cu,footprint,0.5,0.4088286208886324,0.3829249225480261,3466,39.04781973620176,56.94098044833295
prior,a8_h0x0_validated_d1,8.0,prova2,total_noref,Cu,footprint,1.0,0.6182919792267744,0.6826894921370857,3466,39.04781973620176,56.94098044833295
prior,a8_h0x0_validated_d1,8.0,prova2,total_noref,Cu,footprint,1.5,0.7466820542412003,0.8663855974622838,3466,39.04781973620176,56.94098044833295
prior,a8_h0x0_validated_d1,8.0,prova2,total_noref,Cu,footprint,2.0,0.8473744950952106,0.9544997361036417,3466,39.04781973620176,56.94098044833295
prior,a8_h0x0_validated_d1,8.0,prova2,total_noref,Cu,footprint,3.0,0.9420080784766302,0.9973002039367398,3466,39.04781973620176,56.94098044833295
prior,a8_h0x0_validated_d1,8.0,prova2,total_noref,PbLl,footprint,0.5,0.2856318522792845,0.3829249225480261,3466,26.654630572619755,38.231508484531474
prior,a8_h0x0_validated_d1,8.0,prova2,total_noref,PbLl,footprint,1.0,0.5245239469128679,0.6826894921370857,3466,26.654630572619755,38.231508484531474
prior,a8_h0x0_validated_d1,8.0,prova2,total_noref,PbLl,footprint,1.5,0.6866705135603001,0.8663855974622838,3466,26.654630572619755,38.231508484531474
prior,a8_h0x0_validated_d1,8.0,prova2,total_noref,PbLl,footprint,2.0,0.8075591459896134,0.9544997361036417,3466,26.654630572619755,38.231508484531474
prior,a8_h0x0_validated_d1,8.0,prova2,total_noref,PbLl,footprint,3.0,0.930467397576457,0.9973002039367398,3466,26.654630572619755,38.231508484531474
prior,a8_h0x0_validated_d1,8.0,prova2,total_noref,PbLa,footprint,0.5,0.36959030582804386,0.3829249225480261,3466,344.8843972872291,347.1396887890749
prior,a8_h0x0_validated_d1,8.0,prova2,total_noref,PbLa,footprint,1.0,0.6454125793421812,0.6826894921370857,3466,344.8843972872291,347.1396887890749
prior,a8_h0x0_validated_d1,8.0,prova2,total_noref,PbLa,footprint,1.5,0.8170802077322562,0.8663855974622838,3466,344.8843972872291,347.1396887890749
prior,a8_h0x0_validated_d1,8.0,prova2,total_noref,PbLa,footprint,2.0,0.9122908251586843,0.9544997361036417,3466,344.8843972872291,347.1396887890749
prior,a8_h0x0_validated_d1,8.0,prova2,total_noref,PbLa,footprint,3.0,0.982400461627236,0.9973002039367398,3466,344.8843972872291,347.1396887890749
prior,a8_h0x0_validated_d1,8.0,prova2,total_noref,PbLb,footprint,0.5,0.31592613964223887,0.3829249225480261,3466,237.59450479680015,262.6973960211283
prior,a8_h0x0_validated_d1,8.0,prova2,total_noref,PbLb,footprint,1.0,0.5908828620888632,0.6826894921370857,3466,237.59450479680015,262.6973960211283
prior,a8_h0x0_validated_d1,8.0,prova2,total_noref,PbLb,footprint,1.5,0.7660126947489901,0.8663855974622838,3466,237.59450479680015,262.6973960211283
prior,a8_h0x0_validated_d1,8.0,prova2,total_noref,PbLb,footprint,2.0,0.8762261973456434,0.9544997361036417,3466,237.59450479680015,262.6973960211283
prior,a8_h0x0_validated_d1,8.0,prova2,total_noref,PbLb,footprint,3.0,0.9688401615695326,0.9973002039367398,3466,237.59450479680015,262.6973960211283
prior,a8_h0x0_validated_d1,8.0,prova2,total_noref,PbLg,footprint,0.5,0.28822850548182344,0.3829249225480261,3466,42.85264639296332,56.847283439091704
prior,a8_h0x0_validated_d1,8.0,prova2,total_noref,PbLg,footprint,1.0,0.5216387766878245,0.6826894921370857,3466,42.85264639296332,56.847283439091704
prior,a8_h0x0_validated_d1,8.0,prova2,total_noref,PbLg,footprint,1.5,0.6984997114829775,0.8663855974622838,3466,42.85264639296332,56.847283439091704
prior,a8_h0x0_validated_d1,8.0,prova2,total_noref,PbLg,footprint,2.0,0.812463935372187,0.9544997361036417,3466,42.85264639296332,56.847283439091704
prior,a8_h0x0_validated_d1,8.0,prova2,total_noref,PbLg,footprint,3.0,0.9336410848240047,0.9973002039367398,3466,42.85264639296332,56.847283439091704
posterior,a8_h0x0_validated_d1,8.0,prova2,ens,Ca,footprint,0.5,0.21696480092325446,0.3829249225480261,3466,69.9071137111693,127.55109225961546
posterior,a8_h0x0_validated_d1,8.0,prova2,ens,Ca,footprint,1.0,0.40969417195614544,0.6826894921370857,3466,69.9071137111693,127.55109225961546
posterior,a8_h0x0_validated_d1,8.0,prova2,ens,Ca,footprint,1.5,0.5758799769186382,0.8663855974622838,3466,69.9071137111693,127.55109225961546
posterior,a8_h0x0_validated_d1,8.0,prova2,ens,Ca,footprint,2.0,0.7019619157530295,0.9544997361036417,3466,69.9071137111693,127.55109225961546
posterior,a8_h0x0_validated_d1,8.0,prova2,ens,Ca,footprint,3.0,0.8649740334679746,0.9973002039367398,3466,69.9071137111693,127.55109225961546
posterior,a8_h0x0_validated_d1,8.0,prova2,ens,Ti,footprint,0.5,0.14800923254472015,0.3829249225480261,3466,18.92241248955386,49.68103344983588
posterior,a8_h0x0_validated_d1,8.0,prova2,ens,Ti,footprint,1.0,0.2810155799192152,0.6826894921370857,3466,18.92241248955386,49.68103344983588
posterior,a8_h0x0_validated_d1,8.0,prova2,ens,Ti,footprint,1.5,0.39757645701096367,0.8663855974622838,3466,18.92241248955386,49.68103344983588
posterior,a8_h0x0_validated_d1,8.0,prova2,ens,Ti,footprint,2.0,0.49682631275245237,0.9544997361036417,3466,18.92241248955386,49.68103344983588
posterior,a8_h0x0_validated_d1,8.0,prova2,ens,Ti,footprint,3.0,0.6607039815349106,0.9973002039367398,3466,18.92241248955386,49.68103344983588
posterior,a8_h0x0_validated_d1,8.0,prova2,ens,Fe,footprint,0.5,0.13993075591459897,0.3829249225480261,3466,29.83772094130713,70.73276567464414
posterior,a8_h0x0_validated_d1,8.0,prova2,ens,Fe,footprint,1.0,0.2847663012117715,0.6826894921370857,3466,29.83772094130713,70.73276567464414
posterior,a8_h0x0_validated_d1,8.0,prova2,ens,Fe,footprint,1.5,0.40478938257357183,0.8663855974622838,3466,29.83772094130713,70.73276567464414
posterior,a8_h0x0_validated_d1,8.0,prova2,ens,Fe,footprint,2.0,0.5106751298326602,0.9544997361036417,3466,29.83772094130713,70.73276567464414
posterior,a8_h0x0_validated_d1,8.0,prova2,ens,Fe,footprint,3.0,0.6615695326024236,0.9973002039367398,3466,29.83772094130713,70.73276567464414
posterior,a8_h0x0_validated_d1,8.0,prova2,ens,Cu,footprint,0.5,0.2896710905943451,0.3829249225480261,3466,24.15190701513267,57.24022656992825
posterior,a8_h0x0_validated_d1,8.0,prova2,ens,Cu,footprint,1.0,0.47316791690709753,0.6826894921370857,3466,24.15190701513267,57.24022656992825
posterior,a8_h0x0_validated_d1,8.0,prova2,ens,Cu,footprint,1.5,0.572129255626082,0.8663855974622838,3466,24.15190701513267,57.24022656992825
posterior,a8_h0x0_validated_d1,8.0,prova2,ens,Cu,footprint,2.0,0.6543566070398154,0.9544997361036417,3466,24.15190701513267,57.24022656992825
posterior,a8_h0x0_validated_d1,8.0,prova2,ens,Cu,footprint,3.0,0.7691863819965378,0.9973002039367398,3466,24.15190701513267,57.24022656992825
posterior,a8_h0x0_validated_d1,8.0,prova2,ens,PbLl,footprint,0.5,0.12608193883439123,0.3829249225480261,3466,11.167431815994355,38.047619186801505
posterior,a8_h0x0_validated_d1,8.0,prova2,ens,PbLl,footprint,1.0,0.23052510098095788,0.6826894921370857,3466,11.167431815994355,38.047619186801505
posterior,a8_h0x0_validated_d1,8.0,prova2,ens,PbLl,footprint,1.5,0.3254472013848817,0.8663855974622838,3466,11.167431815994355,38.047619186801505
posterior,a8_h0x0_validated_d1,8.0,prova2,ens,PbLl,footprint,2.0,0.40969417195614544,0.9544997361036417,3466,11.167431815994355,38.047619186801505
posterior,a8_h0x0_validated_d1,8.0,prova2,ens,PbLl,footprint,3.0,0.5551067512983267,0.9973002039367398,3466,11.167431815994355,38.047619186801505
posterior,a8_h0x0_validated_d1,8.0,prova2,ens,PbLa,footprint,0.5,0.24206578188113098,0.3829249225480261,3466,229.4854140121447,345.7169070016333
posterior,a8_h0x0_validated_d1,8.0,prova2,ens,PbLa,footprint,1.0,0.4659549913444893,0.6826894921370857,3466,229.4854140121447,345.7169070016333
posterior,a8_h0x0_validated_d1,8.0,prova2,ens,PbLa,footprint,1.5,0.6332948643969994,0.8663855974622838,3466,229.4854140121447,345.7169070016333
posterior,a8_h0x0_validated_d1,8.0,prova2,ens,PbLa,footprint,2.0,0.7703404500865552,0.9544997361036417,3466,229.4854140121447,345.7169070016333
posterior,a8_h0x0_validated_d1,8.0,prova2,ens,PbLa,footprint,3.0,0.9099826889786498,0.9973002039367398,3466,229.4854140121447,345.7169070016333
posterior,a8_h0x0_validated_d1,8.0,prova2,ens,PbLb,footprint,0.5,0.24985574148874784,0.3829249225480261,3466,173.60852205325267,262.6404842514855
posterior,a8_h0x0_validated_d1,8.0,prova2,ens,PbLb,footprint,1.0,0.4720138488170802,0.6826894921370857,3466,173.60852205325267,262.6404842514855
posterior,a8_h0x0_validated_d1,8.0,prova2,ens,PbLb,footprint,1.5,0.6431044431621465,0.8663855974622838,3466,173.60852205325267,262.6404842514855
posterior,a8_h0x0_validated_d1,8.0,prova2,ens,PbLb,footprint,2.0,0.7665897287939989,0.9544997361036417,3466,173.60852205325267,262.6404842514855
posterior,a8_h0x0_validated_d1,8.0,prova2,ens,PbLb,footprint,3.0,0.9062319676860935,0.9973002039367398,3466,173.60852205325267,262.6404842514855
posterior,a8_h0x0_validated_d1,8.0,prova2,ens,PbLg,footprint,0.5,0.13271783035199078,0.3829249225480261,3466,21.213081997374243,56.11164054285581
posterior,a8_h0x0_validated_d1,8.0,prova2,ens,PbLg,footprint,1.0,0.2504327755337565,0.6826894921370857,3466,21.213081997374243,56.11164054285581
posterior,a8_h0x0_validated_d1,8.0,prova2,ens,PbLg,footprint,1.5,0.36641661858049623,0.8663855974622838,3466,21.213081997374243,56.11164054285581
posterior,a8_h0x0_validated_d1,8.0,prova2,ens,PbLg,footprint,2.0,0.466532025389498,0.9544997361036417,3466,21.213081997374243,56.11164054285581
posterior,a8_h0x0_validated_d1,8.0,prova2,ens,PbLg,footprint,3.0,0.6185804962492787,0.9973002039367398,3466,21.213081997374243,56.11164054285581
posterior,a8_h0x0_validated_d1,8.0,prova2,total_noref,Ca,footprint,0.5,0.26774379688401617,0.3829249225480261,3466,82.06416953977416,127.55109225961546
posterior,a8_h0x0_validated_d1,8.0,prova2,total_noref,Ca,footprint,1.0,0.5037507212925563,0.6826894921370857,3466,82.06416953977416,127.55109225961546
posterior,a8_h0x0_validated_d1,8.0,prova2,total_noref,Ca,footprint,1.5,0.6912867859203693,0.8663855974622838,3466,82.06416953977416,127.55109225961546
posterior,a8_h0x0_validated_d1,8.0,prova2,total_noref,Ca,footprint,2.0,0.812463935372187,0.9544997361036417,3466,82.06416953977416,127.55109225961546
posterior,a8_h0x0_validated_d1,8.0,prova2,total_noref,Ca,footprint,3.0,0.9362377380265435,0.9973002039367398,3466,82.06416953977416,127.55109225961546
posterior,a8_h0x0_validated_d1,8.0,prova2,total_noref,Ti,footprint,0.5,0.26774379688401617,0.3829249225480261,3466,32.80764270499308,49.68103344983588
posterior,a8_h0x0_validated_d1,8.0,prova2,total_noref,Ti,footprint,1.0,0.47778418926716676,0.6826894921370857,3466,32.80764270499308,49.68103344983588
posterior,a8_h0x0_validated_d1,8.0,prova2,total_noref,Ti,footprint,1.5,0.6607039815349106,0.8663855974622838,3466,32.80764270499308,49.68103344983588
posterior,a8_h0x0_validated_d1,8.0,prova2,total_noref,Ti,footprint,2.0,0.7911136757068667,0.9544997361036417,3466,32.80764270499308,49.68103344983588
posterior,a8_h0x0_validated_d1,8.0,prova2,total_noref,Ti,footprint,3.0,0.9241200230813618,0.9973002039367398,3466,32.80764270499308,49.68103344983588
posterior,a8_h0x0_validated_d1,8.0,prova2,total_noref,Fe,footprint,0.5,0.25389497980380843,0.3829249225480261,3466,40.30598945666194,70.73276567464414
posterior,a8_h0x0_validated_d1,8.0,prova2,total_noref,Fe,footprint,1.0,0.47547605308713214,0.6826894921370857,3466,40.30598945666194,70.73276567464414
posterior,a8_h0x0_validated_d1,8.0,prova2,total_noref,Fe,footprint,1.5,0.6358915175995383,0.8663855974622838,3466,40.30598945666194,70.73276567464414
posterior,a8_h0x0_validated_d1,8.0,prova2,total_noref,Fe,footprint,2.0,0.753606462781304,0.9544997361036417,3466,40.30598945666194,70.73276567464414
posterior,a8_h0x0_validated_d1,8.0,prova2,total_noref,Fe,footprint,3.0,0.9007501442585113,0.9973002039367398,3466,40.30598945666194,70.73276567464414
posterior,a8_h0x0_validated_d1,8.0,prova2,total_noref,Cu,footprint,0.5,0.3444893248701673,0.3829249225480261,3466,34.16894899599896,57.24022656992825
posterior,a8_h0x0_validated_d1,8.0,prova2,total_noref,Cu,footprint,1.0,0.5755914598961339,0.6826894921370857,3466,34.16894899599896,57.24022656992825
posterior,a8_h0x0_validated_d1,8.0,prova2,total_noref,Cu,footprint,1.5,0.7163877668782458,0.8663855974622838,3466,34.16894899599896,57.24022656992825
posterior,a8_h0x0_validated_d1,8.0,prova2,total_noref,Cu,footprint,2.0,0.8130409694171956,0.9544997361036417,3466,34.16894899599896,57.24022656992825
posterior,a8_h0x0_validated_d1,8.0,prova2,total_noref,Cu,footprint,3.0,0.9212348528563186,0.9973002039367398,3466,34.16894899599896,57.24022656992825
posterior,a8_h0x0_validated_d1,8.0,prova2,total_noref,PbLl,footprint,0.5,0.2700519330640508,0.3829249225480261,3466,24.644164415087758,38.047619186801505
posterior,a8_h0x0_validated_d1,8.0,prova2,total_noref,PbLl,footprint,1.0,0.4959607616849394,0.6826894921370857,3466,24.644164415087758,38.047619186801505
posterior,a8_h0x0_validated_d1,8.0,prova2,total_noref,PbLl,footprint,1.5,0.654068090017311,0.8663855974622838,3466,24.644164415087758,38.047619186801505
posterior,a8_h0x0_validated_d1,8.0,prova2,total_noref,PbLl,footprint,2.0,0.775533756491633,0.9544997361036417,3466,24.644164415087758,38.047619186801505
posterior,a8_h0x0_validated_d1,8.0,prova2,total_noref,PbLl,footprint,3.0,0.9070975187536064,0.9973002039367398,3466,24.644164415087758,38.047619186801505
posterior,a8_h0x0_validated_d1,8.0,prova2,total_noref,PbLa,footprint,0.5,0.28649740334679746,0.3829249225480261,3466,252.78550444934191,345.7169070016333
posterior,a8_h0x0_validated_d1,8.0,prova2,total_noref,PbLa,footprint,1.0,0.5375072129255626,0.6826894921370857,3466,252.78550444934191,345.7169070016333
posterior,a8_h0x0_validated_d1,8.0,prova2,total_noref,PbLa,footprint,1.5,0.7172533179457588,0.8663855974622838,3466,252.78550444934191,345.7169070016333
posterior,a8_h0x0_validated_d1,8.0,prova2,total_noref,PbLa,footprint,2.0,0.8381419503750721,0.9544997361036417,3466,252.78550444934191,345.7169070016333
posterior,a8_h0x0_validated_d1,8.0,prova2,total_noref,PbLa,footprint,3.0,0.9503750721292556,0.9973002039367398,3466,252.78550444934191,345.7169070016333
posterior,a8_h0x0_validated_d1,8.0,prova2,total_noref,PbLb,footprint,0.5,0.2876514714368148,0.3829249225480261,3466,194.4761719312945,262.6404842514855
posterior,a8_h0x0_validated_d1,8.0,prova2,total_noref,PbLb,footprint,1.0,0.5499134448932487,0.6826894921370857,3466,194.4761719312945,262.6404842514855
posterior,a8_h0x0_validated_d1,8.0,prova2,total_noref,PbLb,footprint,1.5,0.7287939988459319,0.8663855974622838,3466,194.4761719312945,262.6404842514855
posterior,a8_h0x0_validated_d1,8.0,prova2,total_noref,PbLb,footprint,2.0,0.8502596653202539,0.9544997361036417,3466,194.4761719312945,262.6404842514855
posterior,a8_h0x0_validated_d1,8.0,prova2,total_noref,PbLb,footprint,3.0,0.9469128678592037,0.9973002039367398,3466,194.4761719312945,262.6404842514855
posterior,a8_h0x0_validated_d1,8.0,prova2,total_noref,PbLg,footprint,0.5,0.2619734564339296,0.3829249225480261,3466,37.98443064699181,56.11164054285581
posterior,a8_h0x0_validated_d1,8.0,prova2,total_noref,PbLg,footprint,1.0,0.49451817657241776,0.6826894921370857,3466,37.98443064699181,56.11164054285581
posterior,a8_h0x0_validated_d1,8.0,prova2,total_noref,PbLg,footprint,1.5,0.6656087709174842,0.8663855974622838,3466,37.98443064699181,56.11164054285581
posterior,a8_h0x0_validated_d1,8.0,prova2,total_noref,PbLg,footprint,2.0,0.7899596076168494,0.9544997361036417,3466,37.98443064699181,56.11164054285581
posterior,a8_h0x0_validated_d1,8.0,prova2,total_noref,PbLg,footprint,3.0,0.9169070975187537,0.9973002039367398,3466,37.98443064699181,56.11164054285581
control,a8_h14x20_validated_d1,8.0,prova2,ens,Ca,footprint,0.5,0.11973456433929602,0.3829249225480261,3466,84.50130523438631,272.0093887996503
control,a8_h14x20_validated_d1,8.0,prova2,ens,Ca,footprint,1.0,0.2360069244085401,0.6826894921370857,3466,84.50130523438631,272.0093887996503
control,a8_h14x20_validated_d1,8.0,prova2,ens,Ca,footprint,1.5,0.3427582227351414,0.8663855974622838,3466,84.50130523438631,272.0093887996503
control,a8_h14x20_validated_d1,8.0,prova2,ens,Ca,footprint,2.0,0.432198499711483,0.9544997361036417,3466,84.50130523438631,272.0093887996503
control,a8_h14x20_validated_d1,8.0,prova2,ens,Ca,footprint,3.0,0.5914598961338718,0.9973002039367398,3466,84.50130523438631,272.0093887996503
control,a8_h14x20_validated_d1,8.0,prova2,ens,Ca,hole,0.5,0.07913669064748201,0.3829249225480261,278,265.3304244519437,853.8726584818887
control,a8_h14x20_validated_d1,8.0,prova2,ens,Ca,hole,1.0,0.16906474820143885,0.6826894921370857,278,265.3304244519437,853.8726584818887
control,a8_h14x20_validated_d1,8.0,prova2,ens,Ca,hole,1.5,0.26258992805755393,0.8663855974622838,278,265.3304244519437,853.8726584818887
control,a8_h14x20_validated_d1,8.0,prova2,ens,Ca,hole,2.0,0.35611510791366907,0.9544997361036417,278,265.3304244519437,853.8726584818887
control,a8_h14x20_validated_d1,8.0,prova2,ens,Ca,hole,3.0,0.49640287769784175,0.9973002039367398,278,265.3304244519437,853.8726584818887
control,a8_h14x20_validated_d1,8.0,prova2,ens,Ti,footprint,0.5,0.08799769186381996,0.3829249225480261,3466,25.183754097087117,64.08177857889602
control,a8_h14x20_validated_d1,8.0,prova2,ens,Ti,footprint,1.0,0.17628390075014425,0.6826894921370857,3466,25.183754097087117,64.08177857889602
control,a8_h14x20_validated_d1,8.0,prova2,ens,Ti,footprint,1.5,0.26745527986151185,0.8663855974622838,3466,25.183754097087117,64.08177857889602
control,a8_h14x20_validated_d1,8.0,prova2,ens,Ti,footprint,2.0,0.3407386035776111,0.9544997361036417,3466,25.183754097087117,64.08177857889602
control,a8_h14x20_validated_d1,8.0,prova2,ens,Ti,footprint,3.0,0.4803808424697057,0.9973002039367398,3466,25.183754097087117,64.08177857889602
control,a8_h14x20_validated_d1,8.0,prova2,ens,Ti,hole,0.5,0.17266187050359713,0.3829249225480261,278,78.69580552200813,155.00054996134347
control,a8_h14x20_validated_d1,8.0,prova2,ens,Ti,hole,1.0,0.3597122302158273,0.6826894921370857,278,78.69580552200813,155.00054996134347
control,a8_h14x20_validated_d1,8.0,prova2,ens,Ti,hole,1.5,0.5287769784172662,0.8663855974622838,278,78.69580552200813,155.00054996134347
control,a8_h14x20_validated_d1,8.0,prova2,ens,Ti,hole,2.0,0.6366906474820144,0.9544997361036417,278,78.69580552200813,155.00054996134347
control,a8_h14x20_validated_d1,8.0,prova2,ens,Ti,hole,3.0,0.8165467625899281,0.9973002039367398,278,78.69580552200813,155.00054996134347
control,a8_h14x20_validated_d1,8.0,prova2,ens,Fe,footprint,0.5,0.10588574725908828,0.3829249225480261,3466,34.22156157266091,138.43243672727561
control,a8_h14x20_validated_d1,8.0,prova2,ens,Fe,footprint,1.0,0.20744373918061165,0.6826894921370857,3466,34.22156157266091,138.43243672727561
control,a8_h14x20_validated_d1,8.0,prova2,ens,Fe,footprint,1.5,0.31217541834968265,0.8663855974622838,3466,34.22156157266091,138.43243672727561
control,a8_h14x20_validated_d1,8.0,prova2,ens,Fe,footprint,2.0,0.3993075591459896,0.9544997361036417,3466,34.22156157266091,138.43243672727561
control,a8_h14x20_validated_d1,8.0,prova2,ens,Fe,footprint,3.0,0.5424120023081361,0.9973002039367398,3466,34.22156157266091,138.43243672727561
control,a8_h14x20_validated_d1,8.0,prova2,ens,Fe,hole,0.5,0.14028776978417265,0.3829249225480261,278,105.26374792113734,433.10122176209177
control,a8_h14x20_validated_d1,8.0,prova2,ens,Fe,hole,1.0,0.26258992805755393,0.6826894921370857,278,105.26374792113734,433.10122176209177
control,a8_h14x20_validated_d1,8.0,prova2,ens,Fe,hole,1.5,0.46402877697841727,0.8663855974622838,278,105.26374792113734,433.10122176209177
control,a8_h14x20_validated_d1,8.0,prova2,ens,Fe,hole,2.0,0.6654676258992805,0.9544997361036417,278,105.26374792113734,433.10122176209177
control,a8_h14x20_validated_d1,8.0,prova2,ens,Fe,hole,3.0,0.7446043165467626,0.9973002039367398,278,105.26374792113734,433.10122176209177
control,a8_h14x20_validated_d1,8.0,prova2,ens,Cu,footprint,0.5,0.22821696480092327,0.3829249225480261,3466,39.54781542130489,119.61997219456256
control,a8_h14x20_validated_d1,8.0,prova2,ens,Cu,footprint,1.0,0.3704558568955568,0.6826894921370857,3466,39.54781542130489,119.61997219456256
control,a8_h14x20_validated_d1,8.0,prova2,ens,Cu,footprint,1.5,0.45643392960184653,0.8663855974622838,3466,39.54781542130489,119.61997219456256
control,a8_h14x20_validated_d1,8.0,prova2,ens,Cu,footprint,2.0,0.5302942873629544,0.9544997361036417,3466,39.54781542130489,119.61997219456256
control,a8_h14x20_validated_d1,8.0,prova2,ens,Cu,footprint,3.0,0.638199653779573,0.9973002039367398,3466,39.54781542130489,119.61997219456256
control,a8_h14x20_validated_d1,8.0,prova2,ens,Cu,hole,0.5,0.03597122302158273,0.3829249225480261,278,131.0009717349393,381.8252593536056
control,a8_h14x20_validated_d1,8.0,prova2,ens,Cu,hole,1.0,0.07913669064748201,0.6826894921370857,278,131.0009717349393,381.8252593536056
control,a8_h14x20_validated_d1,8.0,prova2,ens,Cu,hole,1.5,0.21223021582733814,0.8663855974622838,278,131.0009717349393,381.8252593536056
control,a8_h14x20_validated_d1,8.0,prova2,ens,Cu,hole,2.0,0.4028776978417266,0.9544997361036417,278,131.0009717349393,381.8252593536056
control,a8_h14x20_validated_d1,8.0,prova2,ens,Cu,hole,3.0,0.7553956834532374,0.9973002039367398,278,131.0009717349393,381.8252593536056
control,a8_h14x20_validated_d1,8.0,prova2,ens,PbLl,footprint,0.5,0.08713214079630698,0.3829249225480261,3466,13.473503079326425,51.751739566679646
control,a8_h14x20_validated_d1,8.0,prova2,ens,PbLl,footprint,1.0,0.15839584535487594,0.6826894921370857,3466,13.473503079326425,51.751739566679646
control,a8_h14x20_validated_d1,8.0,prova2,ens,PbLl,footprint,1.5,0.22590882862088862,0.8663855974622838,3466,13.473503079326425,51.751739566679646
control,a8_h14x20_validated_d1,8.0,prova2,ens,PbLl,footprint,2.0,0.2870744373918061,0.9544997361036417,3466,13.473503079326425,51.751739566679646
control,a8_h14x20_validated_d1,8.0,prova2,ens,PbLl,footprint,3.0,0.38199653779572995,0.9973002039367398,3466,13.473503079326425,51.751739566679646
control,a8_h14x20_validated_d1,8.0,prova2,ens,PbLl,hole,0.5,0.1618705035971223,0.3829249225480261,278,42.16168695200539,132.64960224740327
control,a8_h14x20_validated_d1,8.0,prova2,ens,PbLl,hole,1.0,0.3129496402877698,0.6826894921370857,278,42.16168695200539,132.64960224740327
control,a8_h14x20_validated_d1,8.0,prova2,ens,PbLl,hole,1.5,0.4316546762589928,0.8663855974622838,278,42.16168695200539,132.64960224740327
control,a8_h14x20_validated_d1,8.0,prova2,ens,PbLl,hole,2.0,0.5503597122302158,0.9544997361036417,278,42.16168695200539,132.64960224740327
control,a8_h14x20_validated_d1,8.0,prova2,ens,PbLl,hole,3.0,0.6726618705035972,0.9973002039367398,278,42.16168695200539,132.64960224740327
control,a8_h14x20_validated_d1,8.0,prova2,ens,PbLa,footprint,0.5,0.12348528563185228,0.3829249225480261,3466,335.7321640485146,733.2204213061511
control,a8_h14x20_validated_d1,8.0,prova2,ens,PbLa,footprint,1.0,0.2328332371609925,0.6826894921370857,3466,335.7321640485146,733.2204213061511
control,a8_h14x20_validated_d1,8.0,prova2,ens,PbLa,footprint,1.5,0.3361223312175418,0.8663855974622838,3466,335.7321640485146,733.2204213061511
control,a8_h14x20_validated_d1,8.0,prova2,ens,PbLa,footprint,2.0,0.4235429890363531,0.9544997361036417,3466,335.7321640485146,733.2204213061511
control,a8_h14x20_validated_d1,8.0,prova2,ens,PbLa,footprint,3.0,0.5937680323139065,0.9973002039367398,3466,335.7321640485146,733.2204213061511
control,a8_h14x20_validated_d1,8.0,prova2,ens,PbLa,hole,0.5,0.29856115107913667,0.3829249225480261,278,1096.4301087702856,2360.184534830092
control,a8_h14x20_validated_d1,8.0,prova2,ens,PbLa,hole,1.0,0.4892086330935252,0.6826894921370857,278,1096.4301087702856,2360.184534830092
control,a8_h14x20_validated_d1,8.0,prova2,ens,PbLa,hole,1.5,0.5863309352517986,0.8663855974622838,278,1096.4301087702856,2360.184534830092
control,a8_h14x20_validated_d1,8.0,prova2,ens,PbLa,hole,2.0,0.6762589928057554,0.9544997361036417,278,1096.4301087702856,2360.184534830092
control,a8_h14x20_validated_d1,8.0,prova2,ens,PbLa,hole,3.0,0.8309352517985612,0.9973002039367398,278,1096.4301087702856,2360.184534830092
control,a8_h14x20_validated_d1,8.0,prova2,ens,PbLb,footprint,0.5,0.12348528563185228,0.3829249225480261,3466,242.93887134136162,536.669786618504
control,a8_h14x20_validated_d1,8.0,prova2,ens,PbLb,footprint,1.0,0.22417772648586268,0.6826894921370857,3466,242.93887134136162,536.669786618504
control,a8_h14x20_validated_d1,8.0,prova2,ens,PbLb,footprint,1.5,0.32285054818234277,0.8663855974622838,3466,242.93887134136162,536.669786618504
control,a8_h14x20_validated_d1,8.0,prova2,ens,PbLb,footprint,2.0,0.413733410271206,0.9544997361036417,3466,242.93887134136162,536.669786618504
control,a8_h14x20_validated_d1,8.0,prova2,ens,PbLb,footprint,3.0,0.5698211194460473,0.9973002039367398,3466,242.93887134136162,536.669786618504
control,a8_h14x20_validated_d1,8.0,prova2,ens,PbLb,hole,0.5,0.2841726618705036,0.3829249225480261,278,793.0027821743683,1708.7382371924064
control,a8_h14x20_validated_d1,8.0,prova2,ens,PbLb,hole,1.0,0.4712230215827338,0.6826894921370857,278,793.0027821743683,1708.7382371924064
control,a8_h14x20_validated_d1,8.0,prova2,ens,PbLb,hole,1.5,0.6079136690647482,0.8663855974622838,278,793.0027821743683,1708.7382371924064
control,a8_h14x20_validated_d1,8.0,prova2,ens,PbLb,hole,2.0,0.697841726618705,0.9544997361036417,278,793.0027821743683,1708.7382371924064
control,a8_h14x20_validated_d1,8.0,prova2,ens,PbLb,hole,3.0,0.8489208633093526,0.9973002039367398,278,793.0027821743683,1708.7382371924064
control,a8_h14x20_validated_d1,8.0,prova2,ens,PbLg,footprint,0.5,0.08020773225620312,0.3829249225480261,3466,32.45815615638081,82.13298203827867
control,a8_h14x20_validated_d1,8.0,prova2,ens,PbLg,footprint,1.0,0.15233698788228506,0.6826894921370857,3466,32.45815615638081,82.13298203827867
control,a8_h14x20_validated_d1,8.0,prova2,ens,PbLg,footprint,1.5,0.21638776687824582,0.8663855974622838,3466,32.45815615638081,82.13298203827867
control,a8_h14x20_validated_d1,8.0,prova2,ens,PbLg,footprint,2.0,0.28188113098672823,0.9544997361036417,3466,32.45815615638081,82.13298203827867
control,a8_h14x20_validated_d1,8.0,prova2,ens,PbLg,footprint,3.0,0.395268320830929,0.9973002039367398,3466,32.45815615638081,82.13298203827867
control,a8_h14x20_validated_d1,8.0,prova2,ens,PbLg,hole,0.5,0.2841726618705036,0.3829249225480261,278,105.84477029308292,223.1687062450444
control,a8_h14x20_validated_d1,8.0,prova2,ens,PbLg,hole,1.0,0.4460431654676259,0.6826894921370857,278,105.84477029308292,223.1687062450444
control,a8_h14x20_validated_d1,8.0,prova2,ens,PbLg,hole,1.5,0.6151079136690647,0.8663855974622838,278,105.84477029308292,223.1687062450444
control,a8_h14x20_validated_d1,8.0,prova2,ens,PbLg,hole,2.0,0.6870503597122302,0.9544997361036417,278,105.84477029308292,223.1687062450444
control,a8_h14x20_validated_d1,8.0,prova2,ens,PbLg,hole,3.0,0.8381294964028777,0.9973002039367398,278,105.84477029308292,223.1687062450444
control,a8_h14x20_validated_d1,8.0,prova2,total_noref,Ca,footprint,0.5,0.21667628390075014,0.3829249225480261,3466,94.57214531766095,272.0093887996503
control,a8_h14x20_validated_d1,8.0,prova2,total_noref,Ca,footprint,1.0,0.40507789959607615,0.6826894921370857,3466,94.57214531766095,272.0093887996503
control,a8_h14x20_validated_d1,8.0,prova2,total_noref,Ca,footprint,1.5,0.5577034045008655,0.8663855974622838,3466,94.57214531766095,272.0093887996503
control,a8_h14x20_validated_d1,8.0,prova2,total_noref,Ca,footprint,2.0,0.6788805539526832,0.9544997361036417,3466,94.57214531766095,272.0093887996503
control,a8_h14x20_validated_d1,8.0,prova2,total_noref,Ca,footprint,3.0,0.8364108482400462,0.9973002039367398,3466,94.57214531766095,272.0093887996503
control,a8_h14x20_validated_d1,8.0,prova2,total_noref,Ca,hole,0.5,0.07913669064748201,0.3829249225480261,278,265.42747862232255,853.8726584818887
control,a8_h14x20_validated_d1,8.0,prova2,total_noref,Ca,hole,1.0,0.16906474820143885,0.6826894921370857,278,265.42747862232255,853.8726584818887
control,a8_h14x20_validated_d1,8.0,prova2,total_noref,Ca,hole,1.5,0.26258992805755393,0.8663855974622838,278,265.42747862232255,853.8726584818887
control,a8_h14x20_validated_d1,8.0,prova2,total_noref,Ca,hole,2.0,0.35611510791366907,0.9544997361036417,278,265.42747862232255,853.8726584818887
control,a8_h14x20_validated_d1,8.0,prova2,total_noref,Ca,hole,3.0,0.49640287769784175,0.9973002039367398,278,265.42747862232255,853.8726584818887
control,a8_h14x20_validated_d1,8.0,prova2,total_noref,Ti,footprint,0.5,0.24668205424120024,0.3829249225480261,3466,36.22113864668206,64.08177857889602
control,a8_h14x20_validated_d1,8.0,prova2,total_noref,Ti,footprint,1.0,0.45181765724177725,0.6826894921370857,3466,36.22113864668206,64.08177857889602
control,a8_h14x20_validated_d1,8.0,prova2,total_noref,Ti,footprint,1.5,0.6257934218118869,0.8663855974622838,3466,36.22113864668206,64.08177857889602
control,a8_h14x20_validated_d1,8.0,prova2,total_noref,Ti,footprint,2.0,0.7469705712637046,0.9544997361036417,3466,36.22113864668206,64.08177857889602
control,a8_h14x20_validated_d1,8.0,prova2,total_noref,Ti,footprint,3.0,0.9001731102135025,0.9973002039367398,3466,36.22113864668206,64.08177857889602
control,a8_h14x20_validated_d1,8.0,prova2,total_noref,Ti,hole,0.5,0.17266187050359713,0.3829249225480261,278,78.84160842285524,155.00054996134347
control,a8_h14x20_validated_d1,8.0,prova2,total_noref,Ti,hole,1.0,0.3597122302158273,0.6826894921370857,278,78.84160842285524,155.00054996134347
control,a8_h14x20_validated_d1,8.0,prova2,total_noref,Ti,hole,1.5,0.5287769784172662,0.8663855974622838,278,78.84160842285524,155.00054996134347
control,a8_h14x20_validated_d1,8.0,prova2,total_noref,Ti,hole,2.0,0.6366906474820144,0.9544997361036417,278,78.84160842285524,155.00054996134347
control,a8_h14x20_validated_d1,8.0,prova2,total_noref,Ti,hole,3.0,0.8165467625899281,0.9973002039367398,278,78.84160842285524,155.00054996134347
control,a8_h14x20_validated_d1,8.0,prova2,total_noref,Fe,footprint,0.5,0.2308136180034622,0.3829249225480261,3466,43.16055473995458,138.43243672727561
control,a8_h14x20_validated_d1,8.0,prova2,total_noref,Fe,footprint,1.0,0.432198499711483,0.6826894921370857,3466,43.16055473995458,138.43243672727561
control,a8_h14x20_validated_d1,8.0,prova2,total_noref,Fe,footprint,1.5,0.5926139642238892,0.8663855974622838,3466,43.16055473995458,138.43243672727561
control,a8_h14x20_validated_d1,8.0,prova2,total_noref,Fe,footprint,2.0,0.7163877668782458,0.9544997361036417,3466,43.16055473995458,138.43243672727561
control,a8_h14x20_validated_d1,8.0,prova2,total_noref,Fe,footprint,3.0,0.8667051356030006,0.9973002039367398,3466,43.16055473995458,138.43243672727561
control,a8_h14x20_validated_d1,8.0,prova2,total_noref,Fe,hole,0.5,0.14028776978417265,0.3829249225480261,278,105.35094679896083,433.10122176209177
control,a8_h14x20_validated_d1,8.0,prova2,total_noref,Fe,hole,1.0,0.26258992805755393,0.6826894921370857,278,105.35094679896083,433.10122176209177
control,a8_h14x20_validated_d1,8.0,prova2,total_noref,Fe,hole,1.5,0.4676258992805755,0.8663855974622838,278,105.35094679896083,433.10122176209177
control,a8_h14x20_validated_d1,8.0,prova2,total_noref,Fe,hole,2.0,0.6654676258992805,0.9544997361036417,278,105.35094679896083,433.10122176209177
control,a8_h14x20_validated_d1,8.0,prova2,total_noref,Fe,hole,3.0,0.7446043165467626,0.9973002039367398,278,105.35094679896083,433.10122176209177
control,a8_h14x20_validated_d1,8.0,prova2,total_noref,Cu,footprint,0.5,0.3130409694171956,0.3829249225480261,3466,46.378236974918615,119.61997219456256
control,a8_h14x20_validated_d1,8.0,prova2,total_noref,Cu,footprint,1.0,0.5161569532602424,0.6826894921370857,3466,46.378236974918615,119.61997219456256
control,a8_h14x20_validated_d1,8.0,prova2,total_noref,Cu,footprint,1.5,0.6612810155799193,0.8663855974622838,3466,46.378236974918615,119.61997219456256
control,a8_h14x20_validated_d1,8.0,prova2,total_noref,Cu,footprint,2.0,0.7645701096364685,0.9544997361036417,3466,46.378236974918615,119.61997219456256
control,a8_h14x20_validated_d1,8.0,prova2,total_noref,Cu,footprint,3.0,0.8949798038084247,0.9973002039367398,3466,46.378236974918615,119.61997219456256
control,a8_h14x20_validated_d1,8.0,prova2,total_noref,Cu,hole,0.5,0.03597122302158273,0.3829249225480261,278,131.0868679324131,381.8252593536056
control,a8_h14x20_validated_d1,8.0,prova2,total_noref,Cu,hole,1.0,0.07913669064748201,0.6826894921370857,278,131.0868679324131,381.8252593536056
control,a8_h14x20_validated_d1,8.0,prova2,total_noref,Cu,hole,1.5,0.2158273381294964,0.8663855974622838,278,131.0868679324131,381.8252593536056
control,a8_h14x20_validated_d1,8.0,prova2,total_noref,Cu,hole,2.0,0.4028776978417266,0.9544997361036417,278,131.0868679324131,381.8252593536056
control,a8_h14x20_validated_d1,8.0,prova2,total_noref,Cu,hole,3.0,0.7589928057553957,0.9973002039367398,278,131.0868679324131,381.8252593536056
control,a8_h14x20_validated_d1,8.0,prova2,total_noref,PbLl,footprint,0.5,0.25389497980380843,0.3829249225480261,3466,25.731686109827205,51.751739566679646
control,a8_h14x20_validated_d1,8.0,prova2,total_noref,PbLl,footprint,1.0,0.47374495095210617,0.6826894921370857,3466,25.731686109827205,51.751739566679646
control,a8_h14x20_validated_d1,8.0,prova2,total_noref,PbLl,footprint,1.5,0.6237738026543566,0.8663855974622838,3466,25.731686109827205,51.751739566679646
control,a8_h14x20_validated_d1,8.0,prova2,total_noref,PbLl,footprint,2.0,0.7443739180611656,0.9544997361036417,3466,25.731686109827205,51.751739566679646
control,a8_h14x20_validated_d1,8.0,prova2,total_noref,PbLl,footprint,3.0,0.8892094633583382,0.9973002039367398,3466,25.731686109827205,51.751739566679646
control,a8_h14x20_validated_d1,8.0,prova2,total_noref,PbLl,hole,0.5,0.1618705035971223,0.3829249225480261,278,42.39867349987586,132.64960224740327
control,a8_h14x20_validated_d1,8.0,prova2,total_noref,PbLl,hole,1.0,0.3129496402877698,0.6826894921370857,278,42.39867349987586,132.64960224740327
control,a8_h14x20_validated_d1,8.0,prova2,total_noref,PbLl,hole,1.5,0.43884892086330934,0.8663855974622838,278,42.39867349987586,132.64960224740327
control,a8_h14x20_validated_d1,8.0,prova2,total_noref,PbLl,hole,2.0,0.5539568345323741,0.9544997361036417,278,42.39867349987586,132.64960224740327
control,a8_h14x20_validated_d1,8.0,prova2,total_noref,PbLl,hole,3.0,0.6762589928057554,0.9973002039367398,278,42.39867349987586,132.64960224740327
control,a8_h14x20_validated_d1,8.0,prova2,total_noref,PbLa,footprint,0.5,0.20946335833814195,0.3829249225480261,3466,352.0178495464496,733.2204213061511
control,a8_h14x20_validated_d1,8.0,prova2,total_noref,PbLa,footprint,1.0,0.4001731102135026,0.6826894921370857,3466,352.0178495464496,733.2204213061511
control,a8_h14x20_validated_d1,8.0,prova2,total_noref,PbLa,footprint,1.5,0.5464512406231967,0.8663855974622838,3466,352.0178495464496,733.2204213061511
control,a8_h14x20_validated_d1,8.0,prova2,total_noref,PbLa,footprint,2.0,0.6811886901327179,0.9544997361036417,3466,352.0178495464496,733.2204213061511
control,a8_h14x20_validated_d1,8.0,prova2,total_noref,PbLa,footprint,3.0,0.8528563185227929,0.9973002039367398,3466,352.0178495464496,733.2204213061511
control,a8_h14x20_validated_d1,8.0,prova2,total_noref,PbLa,hole,0.5,0.29856115107913667,0.3829249225480261,278,1097.3361361511932,2360.184534830092
control,a8_h14x20_validated_d1,8.0,prova2,total_noref,PbLa,hole,1.0,0.4892086330935252,0.6826894921370857,278,1097.3361361511932,2360.184534830092
control,a8_h14x20_validated_d1,8.0,prova2,total_noref,PbLa,hole,1.5,0.5863309352517986,0.8663855974622838,278,1097.3361361511932,2360.184534830092
control,a8_h14x20_validated_d1,8.0,prova2,total_noref,PbLa,hole,2.0,0.6762589928057554,0.9544997361036417,278,1097.3361361511932,2360.184534830092
control,a8_h14x20_validated_d1,8.0,prova2,total_noref,PbLa,hole,3.0,0.8309352517985612,0.9973002039367398,278,1097.3361361511932,2360.184534830092
control,a8_h14x20_validated_d1,8.0,prova2,total_noref,PbLb,footprint,0.5,0.2109059434506636,0.3829249225480261,3466,258.1658144910173,536.669786618504
control,a8_h14x20_validated_d1,8.0,prova2,total_noref,PbLb,footprint,1.0,0.4019042123485286,0.6826894921370857,3466,258.1658144910173,536.669786618504
control,a8_h14x20_validated_d1,8.0,prova2,total_noref,PbLb,footprint,1.5,0.566070398153491,0.8663855974622838,3466,258.1658144910173,536.669786618504
control,a8_h14x20_validated_d1,8.0,prova2,total_noref,PbLb,footprint,2.0,0.6892671667628391,0.9544997361036417,3466,258.1658144910173,536.669786618504
control,a8_h14x20_validated_d1,8.0,prova2,total_noref,PbLb,footprint,3.0,0.8574725908828621,0.9973002039367398,3466,258.1658144910173,536.669786618504
control,a8_h14x20_validated_d1,8.0,prova2,total_noref,PbLb,hole,0.5,0.2841726618705036,0.3829249225480261,278,793.6690512181117,1708.7382371924064
control,a8_h14x20_validated_d1,8.0,prova2,total_noref,PbLb,hole,1.0,0.4712230215827338,0.6826894921370857,278,793.6690512181117,1708.7382371924064
control,a8_h14x20_validated_d1,8.0,prova2,total_noref,PbLb,hole,1.5,0.6079136690647482,0.8663855974622838,278,793.6690512181117,1708.7382371924064
control,a8_h14x20_validated_d1,8.0,prova2,total_noref,PbLb,hole,2.0,0.697841726618705,0.9544997361036417,278,793.6690512181117,1708.7382371924064
control,a8_h14x20_validated_d1,8.0,prova2,total_noref,PbLb,hole,3.0,0.8489208633093526,0.9973002039367398,278,793.6690512181117,1708.7382371924064
control,a8_h14x20_validated_d1,8.0,prova2,total_noref,PbLg,footprint,0.5,0.24841315637622619,0.3829249225480261,3466,44.78532868599682,82.13298203827867
control,a8_h14x20_validated_d1,8.0,prova2,total_noref,PbLg,footprint,1.0,0.46480092325447203,0.6826894921370857,3466,44.78532868599682,82.13298203827867
control,a8_h14x20_validated_d1,8.0,prova2,total_noref,PbLg,footprint,1.5,0.6309867282169648,0.8663855974622838,3466,44.78532868599682,82.13298203827867
control,a8_h14x20_validated_d1,8.0,prova2,total_noref,PbLg,footprint,2.0,0.7515868436237738,0.9544997361036417,3466,44.78532868599682,82.13298203827867
control,a8_h14x20_validated_d1,8.0,prova2,total_noref,PbLg,footprint,3.0,0.8958453548759376,0.9973002039367398,3466,44.78532868599682,82.13298203827867
control,a8_h14x20_validated_d1,8.0,prova2,total_noref,PbLg,hole,0.5,0.2841726618705036,0.3829249225480261,278,106.07735850059491,223.1687062450444
control,a8_h14x20_validated_d1,8.0,prova2,total_noref,PbLg,hole,1.0,0.4460431654676259,0.6826894921370857,278,106.07735850059491,223.1687062450444
control,a8_h14x20_validated_d1,8.0,prova2,total_noref,PbLg,hole,1.5,0.6151079136690647,0.8663855974622838,278,106.07735850059491,223.1687062450444
control,a8_h14x20_validated_d1,8.0,prova2,total_noref,PbLg,hole,2.0,0.6870503597122302,0.9544997361036417,278,106.07735850059491,223.1687062450444
control,a8_h14x20_validated_d1,8.0,prova2,total_noref,PbLg,hole,3.0,0.8381294964028777,0.9973002039367398,278,106.07735850059491,223.1687062450444
prior,a8_h14x20_validated_d1,8.0,prova2,ens,Ca,footprint,0.5,0.24841315637622619,0.3829249225480261,3466,110.92319083666696,282.1878188418068
prior,a8_h14x20_validated_d1,8.0,prova2,ens,Ca,footprint,1.0,0.4460473167916907,0.6826894921370857,3466,110.92319083666696,282.1878188418068
prior,a8_h14x20_validated_d1,8.0,prova2,ens,Ca,footprint,1.5,0.5957876514714369,0.8663855974622838,3466,110.92319083666696,282.1878188418068
prior,a8_h14x20_validated_d1,8.0,prova2,ens,Ca,footprint,2.0,0.7019619157530295,0.9544997361036417,3466,110.92319083666696,282.1878188418068
prior,a8_h14x20_validated_d1,8.0,prova2,ens,Ca,footprint,3.0,0.8447778418926717,0.9973002039367398,3466,110.92319083666696,282.1878188418068
prior,a8_h14x20_validated_d1,8.0,prova2,ens,Ca,hole,0.5,0.0683453237410072,0.3829249225480261,278,246.6178720429236,879.6649535825608
prior,a8_h14x20_validated_d1,8.0,prova2,ens,Ca,hole,1.0,0.14388489208633093,0.6826894921370857,278,246.6178720429236,879.6649535825608
prior,a8_h14x20_validated_d1,8.0,prova2,ens,Ca,hole,1.5,0.2302158273381295,0.8663855974622838,278,246.6178720429236,879.6649535825608
prior,a8_h14x20_validated_d1,8.0,prova2,ens,Ca,hole,2.0,0.32014388489208634,0.9544997361036417,278,246.6178720429236,879.6649535825608
prior,a8_h14x20_validated_d1,8.0,prova2,ens,Ca,hole,3.0,0.5143884892086331,0.9973002039367398,278,246.6178720429236,879.6649535825608
prior,a8_h14x20_validated_d1,8.0,prova2,ens,Ti,footprint,0.5,0.1777264858626659,0.3829249225480261,3466,30.647969195651505,66.81620320555317
prior,a8_h14x20_validated_d1,8.0,prova2,ens,Ti,footprint,1.0,0.34362377380265435,0.6826894921370857,3466,30.647969195651505,66.81620320555317
prior,a8_h14x20_validated_d1,8.0,prova2,ens,Ti,footprint,1.5,0.4829774956722447,0.8663855974622838,3466,30.647969195651505,66.81620320555317
prior,a8_h14x20_validated_d1,8.0,prova2,ens,Ti,footprint,2.0,0.5934795152914022,0.9544997361036417,3466,30.647969195651505,66.81620320555317
prior,a8_h14x20_validated_d1,8.0,prova2,ens,Ti,footprint,3.0,0.740334679746105,0.9973002039367398,3466,30.647969195651505,66.81620320555317
prior,a8_h14x20_validated_d1,8.0,prova2,ens,Ti,hole,0.5,0.1474820143884892,0.3829249225480261,278,65.91399735049733,163.657955730725
prior,a8_h14x20_validated_d1,8.0,prova2,ens,Ti,hole,1.0,0.27697841726618705,0.6826894921370857,278,65.91399735049733,163.657955730725
prior,a8_h14x20_validated_d1,8.0,prova2,ens,Ti,hole,1.5,0.41007194244604317,0.8663855974622838,278,65.91399735049733,163.657955730725
prior,a8_h14x20_validated_d1,8.0,prova2,ens,Ti,hole,2.0,0.5107913669064749,0.9544997361036417,278,65.91399735049733,163.657955730725
prior,a8_h14x20_validated_d1,8.0,prova2,ens,Ti,hole,3.0,0.7158273381294964,0.9973002039367398,278,65.91399735049733,163.657955730725
prior,a8_h14x20_validated_d1,8.0,prova2,ens,Fe,footprint,0.5,0.18782458165031737,0.3829249225480261,3466,44.871330060023006,145.06685537988594
prior,a8_h14x20_validated_d1,8.0,prova2,ens,Fe,footprint,1.0,0.3681477207155222,0.6826894921370857,3466,44.871330060023006,145.06685537988594
prior,a8_h14x20_validated_d1,8.0,prova2,ens,Fe,footprint,1.5,0.5028851702250433,0.8663855974622838,3466,44.871330060023006,145.06685537988594
prior,a8_h14x20_validated_d1,8.0,prova2,ens,Fe,footprint,2.0,0.6200230813618004,0.9544997361036417,3466,44.871330060023006,145.06685537988594
prior,a8_h14x20_validated_d1,8.0,prova2,ens,Fe,footprint,3.0,0.7714945181765724,0.9973002039367398,3466,44.871330060023006,145.06685537988594
prior,a8_h14x20_validated_d1,8.0,prova2,ens,Fe,hole,0.5,0.15827338129496402,0.3829249225480261,278,89.017489716765,453.9320483614103
prior,a8_h14x20_validated_d1,8.0,prova2,ens,Fe,hole,1.0,0.37410071942446044,0.6826894921370857,278,89.017489716765,453.9320483614103
prior,a8_h14x20_validated_d1,8.0,prova2,ens,Fe,hole,1.5,0.5287769784172662,0.8663855974622838,278,89.017489716765,453.9320483614103
prior,a8_h14x20_validated_d1,8.0,prova2,ens,Fe,hole,2.0,0.6187050359712231,0.9544997361036417,278,89.017489716765,453.9320483614103
prior,a8_h14x20_validated_d1,8.0,prova2,ens,Fe,hole,3.0,0.7086330935251799,0.9973002039367398,278,89.017489716765,453.9320483614103
prior,a8_h14x20_validated_d1,8.0,prova2,ens,Cu,footprint,0.5,0.34535487593768033,0.3829249225480261,3466,37.40011365174594,120.90530697207417
prior,a8_h14x20_validated_d1,8.0,prova2,ens,Cu,footprint,1.0,0.49855741488747835,0.6826894921370857,3466,37.40011365174594,120.90530697207417
prior,a8_h14x20_validated_d1,8.0,prova2,ens,Cu,footprint,1.5,0.5891517599538373,0.8663855974622838,3466,37.40011365174594,120.90530697207417
prior,a8_h14x20_validated_d1,8.0,prova2,ens,Cu,footprint,2.0,0.6679169070975187,0.9544997361036417,3466,37.40011365174594,120.90530697207417
prior,a8_h14x20_validated_d1,8.0,prova2,ens,Cu,footprint,3.0,0.7859203693017888,0.9973002039367398,3466,37.40011365174594,120.90530697207417
prior,a8_h14x20_validated_d1,8.0,prova2,ens,Cu,hole,0.5,0.017985611510791366,0.3829249225480261,278,79.32940385693445,381.0174303144149
prior,a8_h14x20_validated_d1,8.0,prova2,ens,Cu,hole,1.0,0.0539568345323741,0.6826894921370857,278,79.32940385693445,381.0174303144149
prior,a8_h14x20_validated_d1,8.0,prova2,ens,Cu,hole,1.5,0.07553956834532374,0.8663855974622838,278,79.32940385693445,381.0174303144149
prior,a8_h14x20_validated_d1,8.0,prova2,ens,Cu,hole,2.0,0.1079136690647482,0.9544997361036417,278,79.32940385693445,381.0174303144149
prior,a8_h14x20_validated_d1,8.0,prova2,ens,Cu,hole,3.0,0.32014388489208634,0.9973002039367398,278,79.32940385693445,381.0174303144149
prior,a8_h14x20_validated_d1,8.0,prova2,ens,PbLl,footprint,0.5,0.16445470282746683,0.3829249225480261,3466,17.957006667539524,52.83945335877153
prior,a8_h14x20_validated_d1,8.0,prova2,ens,PbLl,footprint,1.0,0.3043854587420658,0.6826894921370857,3466,17.957006667539524,52.83945335877153
prior,a8_h14x20_validated_d1,8.0,prova2,ens,PbLl,footprint,1.5,0.42008078476630123,0.8663855974622838,3466,17.957006667539524,52.83945335877153
prior,a8_h14x20_validated_d1,8.0,prova2,ens,PbLl,footprint,2.0,0.5219272937103289,0.9544997361036417,3466,17.957006667539524,52.83945335877153
prior,a8_h14x20_validated_d1,8.0,prova2,ens,PbLl,footprint,3.0,0.6638776687824581,0.9973002039367398,3466,17.957006667539524,52.83945335877153
prior,a8_h14x20_validated_d1,8.0,prova2,ens,PbLl,hole,0.5,0.15827338129496402,0.3829249225480261,278,34.79735257877723,134.9873940898121
prior,a8_h14x20_validated_d1,8.0,prova2,ens,PbLl,hole,1.0,0.2841726618705036,0.6826894921370857,278,34.79735257877723,134.9873940898121
prior,a8_h14x20_validated_d1,8.0,prova2,ens,PbLl,hole,1.5,0.38848920863309355,0.8663855974622838,278,34.79735257877723,134.9873940898121
prior,a8_h14x20_validated_d1,8.0,prova2,ens,PbLl,hole,2.0,0.49280575539568344,0.9544997361036417,278,34.79735257877723,134.9873940898121
prior,a8_h14x20_validated_d1,8.0,prova2,ens,PbLl,hole,3.0,0.6294964028776978,0.9973002039367398,278,34.79735257877723,134.9873940898121
prior,a8_h14x20_validated_d1,8.0,prova2,ens,PbLa,footprint,0.5,0.33958453548759376,0.3829249225480261,3466,415.0510133329567,760.5775367466589
prior,a8_h14x20_validated_d1,8.0,prova2,ens,PbLa,footprint,1.0,0.6041546451240624,0.6826894921370857,3466,415.0510133329567,760.5775367466589
prior,a8_h14x20_validated_d1,8.0,prova2,ens,PbLa,footprint,1.5,0.773802654356607,0.8663855974622838,3466,415.0510133329567,760.5775367466589
prior,a8_h14x20_validated_d1,8.0,prova2,ens,PbLa,footprint,2.0,0.8733410271206001,0.9544997361036417,3466,415.0510133329567,760.5775367466589
prior,a8_h14x20_validated_d1,8.0,prova2,ens,PbLa,footprint,3.0,0.9572994806693594,0.9973002039367398,3466,415.0510133329567,760.5775367466589
prior,a8_h14x20_validated_d1,8.0,prova2,ens,PbLa,hole,0.5,0.2158273381294964,0.3829249225480261,278,873.7387545543733,2383.940178637474
prior,a8_h14x20_validated_d1,8.0,prova2,ens,PbLa,hole,1.0,0.3776978417266187,0.6826894921370857,278,873.7387545543733,2383.940178637474
prior,a8_h14x20_validated_d1,8.0,prova2,ens,PbLa,hole,1.5,0.5251798561151079,0.8663855974622838,278,873.7387545543733,2383.940178637474
prior,a8_h14x20_validated_d1,8.0,prova2,ens,PbLa,hole,2.0,0.6079136690647482,0.9544997361036417,278,873.7387545543733,2383.940178637474
prior,a8_h14x20_validated_d1,8.0,prova2,ens,PbLa,hole,3.0,0.7302158273381295,0.9973002039367398,278,873.7387545543733,2383.940178637474
prior,a8_h14x20_validated_d1,8.0,prova2,ens,PbLb,footprint,0.5,0.26687824581650316,0.3829249225480261,3466,283.3039837237931,556.5402234179976
prior,a8_h14x20_validated_d1,8.0,prova2,ens,PbLb,footprint,1.0,0.5144258511252164,0.6826894921370857,3466,283.3039837237931,556.5402234179976
prior,a8_h14x20_validated_d1,8.0,prova2,ens,PbLb,footprint,1.5,0.6820542412002308,0.8663855974622838,3466,283.3039837237931,556.5402234179976
prior,a8_h14x20_validated_d1,8.0,prova2,ens,PbLb,footprint,2.0,0.7977495672244662,0.9544997361036417,3466,283.3039837237931,556.5402234179976
prior,a8_h14x20_validated_d1,8.0,prova2,ens,PbLb,footprint,3.0,0.9174841315637623,0.9973002039367398,3466,283.3039837237931,556.5402234179976
prior,a8_h14x20_validated_d1,8.0,prova2,ens,PbLb,hole,0.5,0.17625899280575538,0.3829249225480261,278,604.6595873747565,1728.2992857430918
prior,a8_h14x20_validated_d1,8.0,prova2,ens,PbLb,hole,1.0,0.34172661870503596,0.6826894921370857,278,604.6595873747565,1728.2992857430918
prior,a8_h14x20_validated_d1,8.0,prova2,ens,PbLb,hole,1.5,0.4676258992805755,0.8663855974622838,278,604.6595873747565,1728.2992857430918
prior,a8_h14x20_validated_d1,8.0,prova2,ens,PbLb,hole,2.0,0.5935251798561151,0.9544997361036417,278,604.6595873747565,1728.2992857430918
prior,a8_h14x20_validated_d1,8.0,prova2,ens,PbLb,hole,3.0,0.7302158273381295,0.9973002039367398,278,604.6595873747565,1728.2992857430918
prior,a8_h14x20_validated_d1,8.0,prova2,ens,PbLg,footprint,0.5,0.17801500288517022,0.3829249225480261,3466,37.22797003786041,84.71262298142109
prior,a8_h14x20_validated_d1,8.0,prova2,ens,PbLg,footprint,1.0,0.3231390652048471,0.6826894921370857,3466,37.22797003786041,84.71262298142109
prior,a8_h14x20_validated_d1,8.0,prova2,ens,PbLg,footprint,1.5,0.4535487593768032,0.8663855974622838,3466,37.22797003786041,84.71262298142109
prior,a8_h14x20_validated_d1,8.0,prova2,ens,PbLg,footprint,2.0,0.5539526832083093,0.9544997361036417,3466,37.22797003786041,84.71262298142109
prior,a8_h14x20_validated_d1,8.0,prova2,ens,PbLg,footprint,3.0,0.6927293710328909,0.9973002039367398,3466,37.22797003786041,84.71262298142109
prior,a8_h14x20_validated_d1,8.0,prova2,ens,PbLg,hole,0.5,0.17625899280575538,0.3829249225480261,278,81.13871751000622,226.27373815354431
prior,a8_h14x20_validated_d1,8.0,prova2,ens,PbLg,hole,1.0,0.34172661870503596,0.6826894921370857,278,81.13871751000622,226.27373815354431
prior,a8_h14x20_validated_d1,8.0,prova2,ens,PbLg,hole,1.5,0.4856115107913669,0.8663855974622838,278,81.13871751000622,226.27373815354431
prior,a8_h14x20_validated_d1,8.0,prova2,ens,PbLg,hole,2.0,0.5611510791366906,0.9544997361036417,278,81.13871751000622,226.27373815354431
prior,a8_h14x20_validated_d1,8.0,prova2,ens,PbLg,hole,3.0,0.7158273381294964,0.9973002039367398,278,81.13871751000622,226.27373815354431
prior,a8_h14x20_validated_d1,8.0,prova2,total_noref,Ca,footprint,0.5,0.29688401615695326,0.3829249225480261,3466,118.25857252572165,282.1878188418068
prior,a8_h14x20_validated_d1,8.0,prova2,total_noref,Ca,footprint,1.0,0.5253894979803808,0.6826894921370857,3466,118.25857252572165,282.1878188418068
prior,a8_h14x20_validated_d1,8.0,prova2,total_noref,Ca,footprint,1.5,0.6904212348528563,0.8663855974622838,3466,118.25857252572165,282.1878188418068
prior,a8_h14x20_validated_d1,8.0,prova2,total_noref,Ca,footprint,2.0,0.7928447778418927,0.9544997361036417,3466,118.25857252572165,282.1878188418068
prior,a8_h14x20_validated_d1,8.0,prova2,total_noref,Ca,footprint,3.0,0.911136757068667,0.9973002039367398,3466,118.25857252572165,282.1878188418068
prior,a8_h14x20_validated_d1,8.0,prova2,total_noref,Ca,hole,0.5,0.0683453237410072,0.3829249225480261,278,246.7281955138722,879.6649535825608
prior,a8_h14x20_validated_d1,8.0,prova2,total_noref,Ca,hole,1.0,0.14388489208633093,0.6826894921370857,278,246.7281955138722,879.6649535825608
prior,a8_h14x20_validated_d1,8.0,prova2,total_noref,Ca,hole,1.5,0.2302158273381295,0.8663855974622838,278,246.7281955138722,879.6649535825608
prior,a8_h14x20_validated_d1,8.0,prova2,total_noref,Ca,hole,2.0,0.32014388489208634,0.9544997361036417,278,246.7281955138722,879.6649535825608
prior,a8_h14x20_validated_d1,8.0,prova2,total_noref,Ca,hole,3.0,0.5143884892086331,0.9973002039367398,278,246.7281955138722,879.6649535825608
prior,a8_h14x20_validated_d1,8.0,prova2,total_noref,Ti,footprint,0.5,0.2810155799192152,0.3829249225480261,3466,39.93717143950903,66.81620320555317
prior,a8_h14x20_validated_d1,8.0,prova2,total_noref,Ti,footprint,1.0,0.518465089440277,0.6826894921370857,3466,39.93717143950903,66.81620320555317
prior,a8_h14x20_validated_d1,8.0,prova2,total_noref,Ti,footprint,1.5,0.6788805539526832,0.8663855974622838,3466,39.93717143950903,66.81620320555317
prior,a8_h14x20_validated_d1,8.0,prova2,total_noref,Ti,footprint,2.0,0.794864396999423,0.9544997361036417,3466,39.93717143950903,66.81620320555317
prior,a8_h14x20_validated_d1,8.0,prova2,total_noref,Ti,footprint,3.0,0.9229659549913445,0.9973002039367398,3466,39.93717143950903,66.81620320555317
prior,a8_h14x20_validated_d1,8.0,prova2,total_noref,Ti,hole,0.5,0.1474820143884892,0.3829249225480261,278,66.08555782953815,163.657955730725
prior,a8_h14x20_validated_d1,8.0,prova2,total_noref,Ti,hole,1.0,0.27697841726618705,0.6826894921370857,278,66.08555782953815,163.657955730725
prior,a8_h14x20_validated_d1,8.0,prova2,total_noref,Ti,hole,1.5,0.41007194244604317,0.8663855974622838,278,66.08555782953815,163.657955730725
prior,a8_h14x20_validated_d1,8.0,prova2,total_noref,Ti,hole,2.0,0.5143884892086331,0.9544997361036417,278,66.08555782953815,163.657955730725
prior,a8_h14x20_validated_d1,8.0,prova2,total_noref,Ti,hole,3.0,0.7158273381294964,0.9973002039367398,278,66.08555782953815,163.657955730725
prior,a8_h14x20_validated_d1,8.0,prova2,total_noref,Fe,footprint,0.5,0.27813040969417197,0.3829249225480261,3466,51.8972766050867,145.06685537988594
prior,a8_h14x20_validated_d1,8.0,prova2,total_noref,Fe,footprint,1.0,0.5086555106751298,0.6826894921370857,3466,51.8972766050867,145.06685537988594
prior,a8_h14x20_validated_d1,8.0,prova2,total_noref,Fe,footprint,1.5,0.6797461050201962,0.8663855974622838,3466,51.8972766050867,145.06685537988594
prior,a8_h14x20_validated_d1,8.0,prova2,total_noref,Fe,footprint,2.0,0.7867859203693018,0.9544997361036417,3466,51.8972766050867,145.06685537988594
prior,a8_h14x20_validated_d1,8.0,prova2,total_noref,Fe,footprint,3.0,0.9183496826312753,0.9973002039367398,3466,51.8972766050867,145.06685537988594
prior,a8_h14x20_validated_d1,8.0,prova2,total_noref,Fe,hole,0.5,0.15827338129496402,0.3829249225480261,278,89.10397438099523,453.9320483614103
prior,a8_h14x20_validated_d1,8.0,prova2,total_noref,Fe,hole,1.0,0.37410071942446044,0.6826894921370857,278,89.10397438099523,453.9320483614103
prior,a8_h14x20_validated_d1,8.0,prova2,total_noref,Fe,hole,1.5,0.5287769784172662,0.8663855974622838,278,89.10397438099523,453.9320483614103
prior,a8_h14x20_validated_d1,8.0,prova2,total_noref,Fe,hole,2.0,0.6187050359712231,0.9544997361036417,278,89.10397438099523,453.9320483614103
prior,a8_h14x20_validated_d1,8.0,prova2,total_noref,Fe,hole,3.0,0.7086330935251799,0.9973002039367398,278,89.10397438099523,453.9320483614103
prior,a8_h14x20_validated_d1,8.0,prova2,total_noref,Cu,footprint,0.5,0.3929601846508944,0.3829249225480261,3466,43.96234273842341,120.90530697207417
prior,a8_h14x20_validated_d1,8.0,prova2,total_noref,Cu,footprint,1.0,0.586266589728794,0.6826894921370857,3466,43.96234273842341,120.90530697207417
prior,a8_h14x20_validated_d1,8.0,prova2,total_noref,Cu,footprint,1.5,0.7008078476630121,0.8663855974622838,3466,43.96234273842341,120.90530697207417
prior,a8_h14x20_validated_d1,8.0,prova2,total_noref,Cu,footprint,2.0,0.7954414310444317,0.9544997361036417,3466,43.96234273842341,120.90530697207417
prior,a8_h14x20_validated_d1,8.0,prova2,total_noref,Cu,footprint,3.0,0.8949798038084247,0.9973002039367398,3466,43.96234273842341,120.90530697207417
prior,a8_h14x20_validated_d1,8.0,prova2,total_noref,Cu,hole,0.5,0.017985611510791366,0.3829249225480261,278,79.45929103948693,381.0174303144149
prior,a8_h14x20_validated_d1,8.0,prova2,total_noref,Cu,hole,1.0,0.0539568345323741,0.6826894921370857,278,79.45929103948693,381.0174303144149
prior,a8_h14x20_validated_d1,8.0,prova2,total_noref,Cu,hole,1.5,0.07553956834532374,0.8663855974622838,278,79.45929103948693,381.0174303144149
prior,a8_h14x20_validated_d1,8.0,prova2,total_noref,Cu,hole,2.0,0.1079136690647482,0.9544997361036417,278,79.45929103948693,381.0174303144149
prior,a8_h14x20_validated_d1,8.0,prova2,total_noref,Cu,hole,3.0,0.32014388489208634,0.9973002039367398,278,79.45929103948693,381.0174303144149
prior,a8_h14x20_validated_d1,8.0,prova2,total_noref,PbLl,footprint,0.5,0.28447778418926717,0.3829249225480261,3466,27.780622018714297,52.83945335877153
prior,a8_h14x20_validated_d1,8.0,prova2,total_noref,PbLl,footprint,1.0,0.51933064050779,0.6826894921370857,3466,27.780622018714297,52.83945335877153
prior,a8_h14x20_validated_d1,8.0,prova2,total_noref,PbLl,footprint,1.5,0.6765724177726485,0.8663855974622838,3466,27.780622018714297,52.83945335877153
prior,a8_h14x20_validated_d1,8.0,prova2,total_noref,PbLl,footprint,2.0,0.79399884593191,0.9544997361036417,3466,27.780622018714297,52.83945335877153
prior,a8_h14x20_validated_d1,8.0,prova2,total_noref,PbLl,footprint,3.0,0.9160415464512406,0.9973002039367398,3466,27.780622018714297,52.83945335877153
prior,a8_h14x20_validated_d1,8.0,prova2,total_noref,PbLl,hole,0.5,0.1618705035971223,0.3829249225480261,278,35.04054243348656,134.9873940898121
prior,a8_h14x20_validated_d1,8.0,prova2,total_noref,PbLl,hole,1.0,0.28776978417266186,0.6826894921370857,278,35.04054243348656,134.9873940898121
prior,a8_h14x20_validated_d1,8.0,prova2,total_noref,PbLl,hole,1.5,0.4028776978417266,0.8663855974622838,278,35.04054243348656,134.9873940898121
prior,a8_h14x20_validated_d1,8.0,prova2,total_noref,PbLl,hole,2.0,0.49280575539568344,0.9544997361036417,278,35.04054243348656,134.9873940898121
prior,a8_h14x20_validated_d1,8.0,prova2,total_noref,PbLl,hole,3.0,0.6330935251798561,0.9973002039367398,278,35.04054243348656,134.9873940898121
prior,a8_h14x20_validated_d1,8.0,prova2,total_noref,PbLa,footprint,0.5,0.36497403346797463,0.3829249225480261,3466,427.364543310282,760.5775367466589
prior,a8_h14x20_validated_d1,8.0,prova2,total_noref,PbLa,footprint,1.0,0.6474321984997115,0.6826894921370857,3466,427.364543310282,760.5775367466589
prior,a8_h14x20_validated_d1,8.0,prova2,total_noref,PbLa,footprint,1.5,0.8107328332371609,0.8663855974622838,3466,427.364543310282,760.5775367466589
prior,a8_h14x20_validated_d1,8.0,prova2,total_noref,PbLa,footprint,2.0,0.9042123485285631,0.9544997361036417,3466,427.364543310282,760.5775367466589
prior,a8_h14x20_validated_d1,8.0,prova2,total_noref,PbLa,footprint,3.0,0.9694171956145412,0.9973002039367398,3466,427.364543310282,760.5775367466589
prior,a8_h14x20_validated_d1,8.0,prova2,total_noref,PbLa,hole,0.5,0.2158273381294964,0.3829249225480261,278,874.6807308707006,2383.940178637474
prior,a8_h14x20_validated_d1,8.0,prova2,total_noref,PbLa,hole,1.0,0.3776978417266187,0.6826894921370857,278,874.6807308707006,2383.940178637474
prior,a8_h14x20_validated_d1,8.0,prova2,total_noref,PbLa,hole,1.5,0.5251798561151079,0.8663855974622838,278,874.6807308707006,2383.940178637474
prior,a8_h14x20_validated_d1,8.0,prova2,total_noref,PbLa,hole,2.0,0.6079136690647482,0.9544997361036417,278,874.6807308707006,2383.940178637474
prior,a8_h14x20_validated_d1,8.0,prova2,total_noref,PbLa,hole,3.0,0.7302158273381295,0.9973002039367398,278,874.6807308707006,2383.940178637474
prior,a8_h14x20_validated_d1,8.0,prova2,total_noref,PbLb,footprint,0.5,0.3130409694171956,0.3829249225480261,3466,295.5023042694167,556.5402234179976
prior,a8_h14x20_validated_d1,8.0,prova2,total_noref,PbLb,footprint,1.0,0.5799192152336988,0.6826894921370857,3466,295.5023042694167,556.5402234179976
prior,a8_h14x20_validated_d1,8.0,prova2,total_noref,PbLb,footprint,1.5,0.7550490478938258,0.8663855974622838,3466,295.5023042694167,556.5402234179976
prior,a8_h14x20_validated_d1,8.0,prova2,total_noref,PbLb,footprint,2.0,0.8623773802654356,0.9544997361036417,3466,295.5023042694167,556.5402234179976
prior,a8_h14x20_validated_d1,8.0,prova2,total_noref,PbLb,footprint,3.0,0.9541257934218119,0.9973002039367398,3466,295.5023042694167,556.5402234179976
prior,a8_h14x20_validated_d1,8.0,prova2,total_noref,PbLb,hole,0.5,0.17625899280575538,0.3829249225480261,278,605.375331447744,1728.2992857430918
prior,a8_h14x20_validated_d1,8.0,prova2,total_noref,PbLb,hole,1.0,0.34172661870503596,0.6826894921370857,278,605.375331447744,1728.2992857430918
prior,a8_h14x20_validated_d1,8.0,prova2,total_noref,PbLb,hole,1.5,0.4676258992805755,0.8663855974622838,278,605.375331447744,1728.2992857430918
prior,a8_h14x20_validated_d1,8.0,prova2,total_noref,PbLb,hole,2.0,0.5935251798561151,0.9544997361036417,278,605.375331447744,1728.2992857430918
prior,a8_h14x20_validated_d1,8.0,prova2,total_noref,PbLb,hole,3.0,0.7302158273381295,0.9973002039367398,278,605.375331447744,1728.2992857430918
prior,a8_h14x20_validated_d1,8.0,prova2,total_noref,PbLg,footprint,0.5,0.2870744373918061,0.3829249225480261,3466,48.03281076667619,84.71262298142109
prior,a8_h14x20_validated_d1,8.0,prova2,total_noref,PbLg,footprint,1.0,0.5124062319676861,0.6826894921370857,3466,48.03281076667619,84.71262298142109
prior,a8_h14x20_validated_d1,8.0,prova2,total_noref,PbLg,footprint,1.5,0.6840738603577611,0.8663855974622838,3466,48.03281076667619,84.71262298142109
prior,a8_h14x20_validated_d1,8.0,prova2,total_noref,PbLg,footprint,2.0,0.7954414310444317,0.9544997361036417,3466,48.03281076667619,84.71262298142109
prior,a8_h14x20_validated_d1,8.0,prova2,total_noref,PbLg,footprint,3.0,0.9203693017888055,0.9973002039367398,3466,48.03281076667619,84.71262298142109
prior,a8_h14x20_validated_d1,8.0,prova2,total_noref,PbLg,hole,0.5,0.17625899280575538,0.3829249225480261,278,81.41652558466322,226.27373815354431
prior,a8_h14x20_validated_d1,8.0,prova2,total_noref,PbLg,hole,1.0,0.34172661870503596,0.6826894921370857,278,81.41652558466322,226.27373815354431
prior,a8_h14x20_validated_d1,8.0,prova2,total_noref,PbLg,hole,1.5,0.4856115107913669,0.8663855974622838,278,81.41652558466322,226.27373815354431
prior,a8_h14x20_validated_d1,8.0,prova2,total_noref,PbLg,hole,2.0,0.5611510791366906,0.9544997361036417,278,81.41652558466322,226.27373815354431
prior,a8_h14x20_validated_d1,8.0,prova2,total_noref,PbLg,hole,3.0,0.7158273381294964,0.9973002039367398,278,81.41652558466322,226.27373815354431
posterior,a8_h14x20_validated_d1,8.0,prova2,ens,Ca,footprint,0.5,0.20080784766301213,0.3829249225480261,3466,93.45001037636017,291.0720730153874
posterior,a8_h14x20_validated_d1,8.0,prova2,ens,Ca,footprint,1.0,0.3892094633583381,0.6826894921370857,3466,93.45001037636017,291.0720730153874
posterior,a8_h14x20_validated_d1,8.0,prova2,ens,Ca,footprint,1.5,0.5435660703981535,0.8663855974622838,3466,93.45001037636017,291.0720730153874
posterior,a8_h14x20_validated_d1,8.0,prova2,ens,Ca,footprint,2.0,0.6621465666474322,0.9544997361036417,3466,93.45001037636017,291.0720730153874
posterior,a8_h14x20_validated_d1,8.0,prova2,ens,Ca,footprint,3.0,0.8260242354298903,0.9973002039367398,3466,93.45001037636017,291.0720730153874
posterior,a8_h14x20_validated_d1,8.0,prova2,ens,Ca,hole,0.5,0.050359712230215826,0.3829249225480261,278,224.06327293188141,915.6198562120636
posterior,a8_h14x20_validated_d1,8.0,prova2,ens,Ca,hole,1.0,0.1223021582733813,0.6826894921370857,278,224.06327293188141,915.6198562120636
posterior,a8_h14x20_validated_d1,8.0,prova2,ens,Ca,hole,1.5,0.20863309352517986,0.8663855974622838,278,224.06327293188141,915.6198562120636
posterior,a8_h14x20_validated_d1,8.0,prova2,ens,Ca,hole,2.0,0.26618705035971224,0.9544997361036417,278,224.06327293188141,915.6198562120636
posterior,a8_h14x20_validated_d1,8.0,prova2,ens,Ca,hole,3.0,0.3920863309352518,0.9973002039367398,278,224.06327293188141,915.6198562120636
posterior,a8_h14x20_validated_d1,8.0,prova2,ens,Ti,footprint,0.5,0.1454125793421812,0.3829249225480261,3466,26.895343093596555,66.89117158123507
posterior,a8_h14x20_validated_d1,8.0,prova2,ens,Ti,footprint,1.0,0.2830351990767455,0.6826894921370857,3466,26.895343093596555,66.89117158123507
posterior,a8_h14x20_validated_d1,8.0,prova2,ens,Ti,footprint,1.5,0.4042123485285632,0.8663855974622838,3466,26.895343093596555,66.89117158123507
posterior,a8_h14x20_validated_d1,8.0,prova2,ens,Ti,footprint,2.0,0.5103866128101558,0.9544997361036417,3466,26.895343093596555,66.89117158123507
posterior,a8_h14x20_validated_d1,8.0,prova2,ens,Ti,footprint,3.0,0.6705135603000577,0.9973002039367398,3466,26.895343093596555,66.89117158123507
posterior,a8_h14x20_validated_d1,8.0,prova2,ens,Ti,hole,0.5,0.14028776978417265,0.3829249225480261,278,67.77219605614813,164.16717492493635
posterior,a8_h14x20_validated_d1,8.0,prova2,ens,Ti,hole,1.0,0.2733812949640288,0.6826894921370857,278,67.77219605614813,164.16717492493635
posterior,a8_h14x20_validated_d1,8.0,prova2,ens,Ti,hole,1.5,0.4064748201438849,0.8663855974622838,278,67.77219605614813,164.16717492493635
posterior,a8_h14x20_validated_d1,8.0,prova2,ens,Ti,hole,2.0,0.5683453237410072,0.9544997361036417,278,67.77219605614813,164.16717492493635
posterior,a8_h14x20_validated_d1,8.0,prova2,ens,Ti,hole,3.0,0.7338129496402878,0.9973002039367398,278,67.77219605614813,164.16717492493635
posterior,a8_h14x20_validated_d1,8.0,prova2,ens,Fe,footprint,0.5,0.14310444316214657,0.3829249225480261,3466,37.53728878984497,142.4449655532431
posterior,a8_h14x20_validated_d1,8.0,prova2,ens,Fe,footprint,1.0,0.2957299480669359,0.6826894921370857,3466,37.53728878984497,142.4449655532431
posterior,a8_h14x20_validated_d1,8.0,prova2,ens,Fe,footprint,1.5,0.4186381996537796,0.8663855974622838,3466,37.53728878984497,142.4449655532431
posterior,a8_h14x20_validated_d1,8.0,prova2,ens,Fe,footprint,2.0,0.5302942873629544,0.9544997361036417,3466,37.53728878984497,142.4449655532431
posterior,a8_h14x20_validated_d1,8.0,prova2,ens,Fe,footprint,3.0,0.6736872475476053,0.9973002039367398,3466,37.53728878984497,142.4449655532431
posterior,a8_h14x20_validated_d1,8.0,prova2,ens,Fe,hole,0.5,0.1510791366906475,0.3829249225480261,278,85.3383694447277,444.27683631546586
posterior,a8_h14x20_validated_d1,8.0,prova2,ens,Fe,hole,1.0,0.31654676258992803,0.6826894921370857,278,85.3383694447277,444.27683631546586
posterior,a8_h14x20_validated_d1,8.0,prova2,ens,Fe,hole,1.5,0.5035971223021583,0.8663855974622838,278,85.3383694447277,444.27683631546586
posterior,a8_h14x20_validated_d1,8.0,prova2,ens,Fe,hole,2.0,0.6294964028776978,0.9544997361036417,278,85.3383694447277,444.27683631546586
posterior,a8_h14x20_validated_d1,8.0,prova2,ens,Fe,hole,3.0,0.7302158273381295,0.9973002039367398,278,85.3383694447277,444.27683631546586
posterior,a8_h14x20_validated_d1,8.0,prova2,ens,Cu,footprint,0.5,0.2804385458742066,0.3829249225480261,3466,35.297362311403454,121.06228852403581
posterior,a8_h14x20_validated_d1,8.0,prova2,ens,Cu,footprint,1.0,0.45268320830929026,0.6826894921370857,3466,35.297362311403454,121.06228852403581
posterior,a8_h14x20_validated_d1,8.0,prova2,ens,Cu,footprint,1.5,0.5424120023081361,0.8663855974622838,3466,35.297362311403454,121.06228852403581
posterior,a8_h14x20_validated_d1,8.0,prova2,ens,Cu,footprint,2.0,0.6266589728793999,0.9544997361036417,3466,35.297362311403454,121.06228852403581
posterior,a8_h14x20_validated_d1,8.0,prova2,ens,Cu,footprint,3.0,0.7648586266589729,0.9973002039367398,3466,35.297362311403454,121.06228852403581
posterior,a8_h14x20_validated_d1,8.0,prova2,ens,Cu,hole,0.5,0.025179856115107913,0.3829249225480261,278,92.688732220352,382.03741613731967
posterior,a8_h14x20_validated_d1,8.0,prova2,ens,Cu,hole,1.0,0.046762589928057555,0.6826894921370857,278,92.688732220352,382.03741613731967
posterior,a8_h14x20_validated_d1,8.0,prova2,ens,Cu,hole,1.5,0.08273381294964029,0.8663855974622838,278,92.688732220352,382.03741613731967
posterior,a8_h14x20_validated_d1,8.0,prova2,ens,Cu,hole,2.0,0.1906474820143885,0.9544997361036417,278,92.688732220352,382.03741613731967
posterior,a8_h14x20_validated_d1,8.0,prova2,ens,Cu,hole,3.0,0.5539568345323741,0.9973002039367398,278,92.688732220352,382.03741613731967
posterior,a8_h14x20_validated_d1,8.0,prova2,ens,PbLl,footprint,0.5,0.13906520484708598,0.3829249225480261,3466,15.495622113548663,52.46722519139029
posterior,a8_h14x20_validated_d1,8.0,prova2,ens,PbLl,footprint,1.0,0.24581650317368725,0.6826894921370857,3466,15.495622113548663,52.46722519139029
posterior,a8_h14x20_validated_d1,8.0,prova2,ens,PbLl,footprint,1.5,0.345066358915176,0.8663855974622838,3466,15.495622113548663,52.46722519139029
posterior,a8_h14x20_validated_d1,8.0,prova2,ens,PbLl,footprint,2.0,0.43277553375649164,0.9544997361036417,3466,15.495622113548663,52.46722519139029
posterior,a8_h14x20_validated_d1,8.0,prova2,ens,PbLl,footprint,3.0,0.5753029428736296,0.9973002039367398,3466,15.495622113548663,52.46722519139029
posterior,a8_h14x20_validated_d1,8.0,prova2,ens,PbLl,hole,0.5,0.1618705035971223,0.3829249225480261,278,38.137559589468914,134.1255440366529
posterior,a8_h14x20_validated_d1,8.0,prova2,ens,PbLl,hole,1.0,0.2697841726618705,0.6826894921370857,278,38.137559589468914,134.1255440366529
posterior,a8_h14x20_validated_d1,8.0,prova2,ens,PbLl,hole,1.5,0.4172661870503597,0.8663855974622838,278,38.137559589468914,134.1255440366529
posterior,a8_h14x20_validated_d1,8.0,prova2,ens,PbLl,hole,2.0,0.5323741007194245,0.9544997361036417,278,38.137559589468914,134.1255440366529
posterior,a8_h14x20_validated_d1,8.0,prova2,ens,PbLl,hole,3.0,0.6474820143884892,0.9973002039367398,278,38.137559589468914,134.1255440366529
posterior,a8_h14x20_validated_d1,8.0,prova2,ens,PbLa,footprint,0.5,0.24870167339873053,0.3829249225480261,3466,353.2271968467805,752.6775107525642
posterior,a8_h14x20_validated_d1,8.0,prova2,ens,PbLa,footprint,1.0,0.4743219849971148,0.6826894921370857,3466,353.2271968467805,752.6775107525642
posterior,a8_h14x20_validated_d1,8.0,prova2,ens,PbLa,footprint,1.5,0.6454125793421812,0.8663855974622838,3466,353.2271968467805,752.6775107525642
posterior,a8_h14x20_validated_d1,8.0,prova2,ens,PbLa,footprint,2.0,0.7697634160415464,0.9544997361036417,3466,353.2271968467805,752.6775107525642
posterior,a8_h14x20_validated_d1,8.0,prova2,ens,PbLa,footprint,3.0,0.9065204847085978,0.9973002039367398,3466,353.2271968467805,752.6775107525642
posterior,a8_h14x20_validated_d1,8.0,prova2,ens,PbLa,hole,0.5,0.23741007194244604,0.3829249225480261,278,940.0093766405355,2367.002430538833
posterior,a8_h14x20_validated_d1,8.0,prova2,ens,PbLa,hole,1.0,0.42805755395683454,0.6826894921370857,278,940.0093766405355,2367.002430538833
posterior,a8_h14x20_validated_d1,8.0,prova2,ens,PbLa,hole,1.5,0.564748201438849,0.8663855974622838,278,940.0093766405355,2367.002430538833
posterior,a8_h14x20_validated_d1,8.0,prova2,ens,PbLa,hole,2.0,0.6258992805755396,0.9544997361036417,278,940.0093766405355,2367.002430538833
posterior,a8_h14x20_validated_d1,8.0,prova2,ens,PbLa,hole,3.0,0.7338129496402878,0.9973002039367398,278,940.0093766405355,2367.002430538833
posterior,a8_h14x20_validated_d1,8.0,prova2,ens,PbLb,footprint,0.5,0.24870167339873053,0.3829249225480261,3466,261.01070630093807,550.8620486232401
posterior,a8_h14x20_validated_d1,8.0,prova2,ens,PbLb,footprint,1.0,0.47143681477207156,0.6826894921370857,3466,261.01070630093807,550.8620486232401
posterior,a8_h14x20_validated_d1,8.0,prova2,ens,PbLb,footprint,1.5,0.6428159261396422,0.8663855974622838,3466,261.01070630093807,550.8620486232401
posterior,a8_h14x20_validated_d1,8.0,prova2,ens,PbLb,footprint,2.0,0.7639930755914599,0.9544997361036417,3466,261.01070630093807,550.8620486232401
posterior,a8_h14x20_validated_d1,8.0,prova2,ens,PbLb,footprint,3.0,0.9050778995960762,0.9973002039367398,3466,261.01070630093807,550.8620486232401
posterior,a8_h14x20_validated_d1,8.0,prova2,ens,PbLb,hole,0.5,0.2014388489208633,0.3829249225480261,278,685.2814490467983,1713.7450528600132
posterior,a8_h14x20_validated_d1,8.0,prova2,ens,PbLb,hole,1.0,0.4064748201438849,0.6826894921370857,278,685.2814490467983,1713.7450528600132
posterior,a8_h14x20_validated_d1,8.0,prova2,ens,PbLb,hole,1.5,0.539568345323741,0.8663855974622838,278,685.2814490467983,1713.7450528600132
posterior,a8_h14x20_validated_d1,8.0,prova2,ens,PbLb,hole,2.0,0.6294964028776978,0.9544997361036417,278,685.2814490467983,1713.7450528600132
posterior,a8_h14x20_validated_d1,8.0,prova2,ens,PbLb,hole,3.0,0.762589928057554,0.9973002039367398,278,685.2814490467983,1713.7450528600132
posterior,a8_h14x20_validated_d1,8.0,prova2,ens,PbLg,footprint,0.5,0.14685516445470284,0.3829249225480261,3466,33.72447251256309,83.58473959087299
posterior,a8_h14x20_validated_d1,8.0,prova2,ens,PbLg,footprint,1.0,0.2723600692440854,0.6826894921370857,3466,33.72447251256309,83.58473959087299
posterior,a8_h14x20_validated_d1,8.0,prova2,ens,PbLg,footprint,1.5,0.3837276399307559,0.8663855974622838,3466,33.72447251256309,83.58473959087299
posterior,a8_h14x20_validated_d1,8.0,prova2,ens,PbLg,footprint,2.0,0.4896133871898442,0.9544997361036417,3466,33.72447251256309,83.58473959087299
posterior,a8_h14x20_validated_d1,8.0,prova2,ens,PbLg,footprint,3.0,0.6393537218695903,0.9973002039367398,3466,33.72447251256309,83.58473959087299
posterior,a8_h14x20_validated_d1,8.0,prova2,ens,PbLg,hole,0.5,0.2158273381294964,0.3829249225480261,278,91.14400166646651,224.5973981914
posterior,a8_h14x20_validated_d1,8.0,prova2,ens,PbLg,hole,1.0,0.381294964028777,0.6826894921370857,278,91.14400166646651,224.5973981914
posterior,a8_h14x20_validated_d1,8.0,prova2,ens,PbLg,hole,1.5,0.5071942446043165,0.8663855974622838,278,91.14400166646651,224.5973981914
posterior,a8_h14x20_validated_d1,8.0,prova2,ens,PbLg,hole,2.0,0.6366906474820144,0.9544997361036417,278,91.14400166646651,224.5973981914
posterior,a8_h14x20_validated_d1,8.0,prova2,ens,PbLg,hole,3.0,0.7661870503597122,0.9973002039367398,278,91.14400166646651,224.5973981914
posterior,a8_h14x20_validated_d1,8.0,prova2,total_noref,Ca,footprint,0.5,0.24783612233121755,0.3829249225480261,3466,102.11139660793162,291.0720730153874
posterior,a8_h14x20_validated_d1,8.0,prova2,total_noref,Ca,footprint,1.0,0.4751875360646278,0.6826894921370857,3466,102.11139660793162,291.0720730153874
posterior,a8_h14x20_validated_d1,8.0,prova2,total_noref,Ca,footprint,1.5,0.654068090017311,0.8663855974622838,3466,102.11139660793162,291.0720730153874
posterior,a8_h14x20_validated_d1,8.0,prova2,total_noref,Ca,footprint,2.0,0.7645701096364685,0.9544997361036417,3466,102.11139660793162,291.0720730153874
posterior,a8_h14x20_validated_d1,8.0,prova2,total_noref,Ca,footprint,3.0,0.8900750144258511,0.9973002039367398,3466,102.11139660793162,291.0720730153874
posterior,a8_h14x20_validated_d1,8.0,prova2,total_noref,Ca,hole,0.5,0.050359712230215826,0.3829249225480261,278,224.17437759187268,915.6198562120636
posterior,a8_h14x20_validated_d1,8.0,prova2,total_noref,Ca,hole,1.0,0.1223021582733813,0.6826894921370857,278,224.17437759187268,915.6198562120636
posterior,a8_h14x20_validated_d1,8.0,prova2,total_noref,Ca,hole,1.5,0.20863309352517986,0.8663855974622838,278,224.17437759187268,915.6198562120636
posterior,a8_h14x20_validated_d1,8.0,prova2,total_noref,Ca,hole,2.0,0.26618705035971224,0.9544997361036417,278,224.17437759187268,915.6198562120636
posterior,a8_h14x20_validated_d1,8.0,prova2,total_noref,Ca,hole,3.0,0.3920863309352518,0.9973002039367398,278,224.17437759187268,915.6198562120636
posterior,a8_h14x20_validated_d1,8.0,prova2,total_noref,Ti,footprint,0.5,0.2642815926139642,0.3829249225480261,3466,37.14087014598584,66.89117158123507
posterior,a8_h14x20_validated_d1,8.0,prova2,total_noref,Ti,footprint,1.0,0.4668205424120023,0.6826894921370857,3466,37.14087014598584,66.89117158123507
posterior,a8_h14x20_validated_d1,8.0,prova2,total_noref,Ti,footprint,1.5,0.6442585112521638,0.8663855974622838,3466,37.14087014598584,66.89117158123507
posterior,a8_h14x20_validated_d1,8.0,prova2,total_noref,Ti,footprint,2.0,0.7758222735141374,0.9544997361036417,3466,37.14087014598584,66.89117158123507
posterior,a8_h14x20_validated_d1,8.0,prova2,total_noref,Ti,footprint,3.0,0.9094056549336411,0.9973002039367398,3466,37.14087014598584,66.89117158123507
posterior,a8_h14x20_validated_d1,8.0,prova2,total_noref,Ti,hole,0.5,0.14028776978417265,0.3829249225480261,278,67.93825331743854,164.16717492493635
posterior,a8_h14x20_validated_d1,8.0,prova2,total_noref,Ti,hole,1.0,0.2733812949640288,0.6826894921370857,278,67.93825331743854,164.16717492493635
posterior,a8_h14x20_validated_d1,8.0,prova2,total_noref,Ti,hole,1.5,0.41007194244604317,0.8663855974622838,278,67.93825331743854,164.16717492493635
posterior,a8_h14x20_validated_d1,8.0,prova2,total_noref,Ti,hole,2.0,0.5683453237410072,0.9544997361036417,278,67.93825331743854,164.16717492493635
posterior,a8_h14x20_validated_d1,8.0,prova2,total_noref,Ti,hole,3.0,0.737410071942446,0.9973002039367398,278,67.93825331743854,164.16717492493635
posterior,a8_h14x20_validated_d1,8.0,prova2,total_noref,Fe,footprint,0.5,0.2527409117137911,0.3829249225480261,3466,45.81178855040283,142.4449655532431
posterior,a8_h14x20_validated_d1,8.0,prova2,total_noref,Fe,footprint,1.0,0.4717253317945759,0.6826894921370857,3466,45.81178855040283,142.4449655532431
posterior,a8_h14x20_validated_d1,8.0,prova2,total_noref,Fe,footprint,1.5,0.6379111367570687,0.8663855974622838,3466,45.81178855040283,142.4449655532431
posterior,a8_h14x20_validated_d1,8.0,prova2,total_noref,Fe,footprint,2.0,0.7515868436237738,0.9544997361036417,3466,45.81178855040283,142.4449655532431
posterior,a8_h14x20_validated_d1,8.0,prova2,total_noref,Fe,footprint,3.0,0.8946912867859204,0.9973002039367398,3466,45.81178855040283,142.4449655532431
posterior,a8_h14x20_validated_d1,8.0,prova2,total_noref,Fe,hole,0.5,0.1510791366906475,0.3829249225480261,278,85.42583434642823,444.27683631546586
posterior,a8_h14x20_validated_d1,8.0,prova2,total_noref,Fe,hole,1.0,0.31654676258992803,0.6826894921370857,278,85.42583434642823,444.27683631546586
posterior,a8_h14x20_validated_d1,8.0,prova2,total_noref,Fe,hole,1.5,0.5071942446043165,0.8663855974622838,278,85.42583434642823,444.27683631546586
posterior,a8_h14x20_validated_d1,8.0,prova2,total_noref,Fe,hole,2.0,0.6294964028776978,0.9544997361036417,278,85.42583434642823,444.27683631546586
posterior,a8_h14x20_validated_d1,8.0,prova2,total_noref,Fe,hole,3.0,0.7302158273381295,0.9973002039367398,278,85.42583434642823,444.27683631546586
posterior,a8_h14x20_validated_d1,8.0,prova2,total_noref,Cu,footprint,0.5,0.33121754183496827,0.3829249225480261,3466,42.32018305512333,121.06228852403581
posterior,a8_h14x20_validated_d1,8.0,prova2,total_noref,Cu,footprint,1.0,0.5455856895556838,0.6826894921370857,3466,42.32018305512333,121.06228852403581
posterior,a8_h14x20_validated_d1,8.0,prova2,total_noref,Cu,footprint,1.5,0.6780150028851702,0.8663855974622838,3466,42.32018305512333,121.06228852403581
posterior,a8_h14x20_validated_d1,8.0,prova2,total_noref,Cu,footprint,2.0,0.7743796884016156,0.9544997361036417,3466,42.32018305512333,121.06228852403581
posterior,a8_h14x20_validated_d1,8.0,prova2,total_noref,Cu,footprint,3.0,0.8935372186959031,0.9973002039367398,3466,42.32018305512333,121.06228852403581
posterior,a8_h14x20_validated_d1,8.0,prova2,total_noref,Cu,hole,0.5,0.025179856115107913,0.3829249225480261,278,92.80822899618327,382.03741613731967
posterior,a8_h14x20_validated_d1,8.0,prova2,total_noref,Cu,hole,1.0,0.046762589928057555,0.6826894921370857,278,92.80822899618327,382.03741613731967
posterior,a8_h14x20_validated_d1,8.0,prova2,total_noref,Cu,hole,1.5,0.08273381294964029,0.8663855974622838,278,92.80822899618327,382.03741613731967
posterior,a8_h14x20_validated_d1,8.0,prova2,total_noref,Cu,hole,2.0,0.1906474820143885,0.9544997361036417,278,92.80822899618327,382.03741613731967
posterior,a8_h14x20_validated_d1,8.0,prova2,total_noref,Cu,hole,3.0,0.5575539568345323,0.9973002039367398,278,92.80822899618327,382.03741613731967
posterior,a8_h14x20_validated_d1,8.0,prova2,total_noref,PbLl,footprint,0.5,0.26889786497403345,0.3829249225480261,3466,26.224802044579015,52.46722519139029
posterior,a8_h14x20_validated_d1,8.0,prova2,total_noref,PbLl,footprint,1.0,0.48845931909982687,0.6826894921370857,3466,26.224802044579015,52.46722519139029
posterior,a8_h14x20_validated_d1,8.0,prova2,total_noref,PbLl,footprint,1.5,0.6425274091171379,0.8663855974622838,3466,26.224802044579015,52.46722519139029
posterior,a8_h14x20_validated_d1,8.0,prova2,total_noref,PbLl,footprint,2.0,0.7674552798615119,0.9544997361036417,3466,26.224802044579015,52.46722519139029
posterior,a8_h14x20_validated_d1,8.0,prova2,total_noref,PbLl,footprint,3.0,0.8958453548759376,0.9973002039367398,3466,26.224802044579015,52.46722519139029
posterior,a8_h14x20_validated_d1,8.0,prova2,total_noref,PbLl,hole,0.5,0.1618705035971223,0.3829249225480261,278,38.374784474864946,134.1255440366529
posterior,a8_h14x20_validated_d1,8.0,prova2,total_noref,PbLl,hole,1.0,0.2697841726618705,0.6826894921370857,278,38.374784474864946,134.1255440366529
posterior,a8_h14x20_validated_d1,8.0,prova2,total_noref,PbLl,hole,1.5,0.4172661870503597,0.8663855974622838,278,38.374784474864946,134.1255440366529
posterior,a8_h14x20_validated_d1,8.0,prova2,total_noref,PbLl,hole,2.0,0.5323741007194245,0.9544997361036417,278,38.374784474864946,134.1255440366529
posterior,a8_h14x20_validated_d1,8.0,prova2,total_noref,PbLl,hole,3.0,0.658273381294964,0.9973002039367398,278,38.374784474864946,134.1255440366529
posterior,a8_h14x20_validated_d1,8.0,prova2,total_noref,PbLa,footprint,0.5,0.29053664166185805,0.3829249225480261,3466,367.8354287817639,752.6775107525642
posterior,a8_h14x20_validated_d1,8.0,prova2,total_noref,PbLa,footprint,1.0,0.5415464512406232,0.6826894921370857,3466,367.8354287817639,752.6775107525642
posterior,a8_h14x20_validated_d1,8.0,prova2,total_noref,PbLa,footprint,1.5,0.7195614541257934,0.8663855974622838,3466,367.8354287817639,752.6775107525642
posterior,a8_h14x20_validated_d1,8.0,prova2,total_noref,PbLa,footprint,2.0,0.8346797461050202,0.9544997361036417,3466,367.8354287817639,752.6775107525642
posterior,a8_h14x20_validated_d1,8.0,prova2,total_noref,PbLa,footprint,3.0,0.9425851125216388,0.9973002039367398,3466,367.8354287817639,752.6775107525642
posterior,a8_h14x20_validated_d1,8.0,prova2,total_noref,PbLa,hole,0.5,0.23741007194244604,0.3829249225480261,278,940.9000384458715,2367.002430538833
posterior,a8_h14x20_validated_d1,8.0,prova2,total_noref,PbLa,hole,1.0,0.42805755395683454,0.6826894921370857,278,940.9000384458715,2367.002430538833
posterior,a8_h14x20_validated_d1,8.0,prova2,total_noref,PbLa,hole,1.5,0.564748201438849,0.8663855974622838,278,940.9000384458715,2367.002430538833
posterior,a8_h14x20_validated_d1,8.0,prova2,total_noref,PbLa,hole,2.0,0.6258992805755396,0.9544997361036417,278,940.9000384458715,2367.002430538833
posterior,a8_h14x20_validated_d1,8.0,prova2,total_noref,PbLa,hole,3.0,0.7338129496402878,0.9973002039367398,278,940.9000384458715,2367.002430538833
posterior,a8_h14x20_validated_d1,8.0,prova2,total_noref,PbLb,footprint,0.5,0.291402192729371,0.3829249225480261,3466,274.3745757976429,550.8620486232401
posterior,a8_h14x20_validated_d1,8.0,prova2,total_noref,PbLb,footprint,1.0,0.5441431044431622,0.6826894921370857,3466,274.3745757976429,550.8620486232401
posterior,a8_h14x20_validated_d1,8.0,prova2,total_noref,PbLb,footprint,1.5,0.7189844200807848,0.8663855974622838,3466,274.3745757976429,550.8620486232401
posterior,a8_h14x20_validated_d1,8.0,prova2,total_noref,PbLb,footprint,2.0,0.8410271206001154,0.9544997361036417,3466,274.3745757976429,550.8620486232401
posterior,a8_h14x20_validated_d1,8.0,prova2,total_noref,PbLb,footprint,3.0,0.9396999422965955,0.9973002039367398,3466,274.3745757976429,550.8620486232401
posterior,a8_h14x20_validated_d1,8.0,prova2,total_noref,PbLb,hole,0.5,0.2014388489208633,0.3829249225480261,278,685.9249115118904,1713.7450528600132
posterior,a8_h14x20_validated_d1,8.0,prova2,total_noref,PbLb,hole,1.0,0.4064748201438849,0.6826894921370857,278,685.9249115118904,1713.7450528600132
posterior,a8_h14x20_validated_d1,8.0,prova2,total_noref,PbLb,hole,1.5,0.539568345323741,0.8663855974622838,278,685.9249115118904,1713.7450528600132
posterior,a8_h14x20_validated_d1,8.0,prova2,total_noref,PbLb,hole,2.0,0.6294964028776978,0.9544997361036417,278,685.9249115118904,1713.7450528600132
posterior,a8_h14x20_validated_d1,8.0,prova2,total_noref,PbLb,hole,3.0,0.762589928057554,0.9973002039367398,278,685.9249115118904,1713.7450528600132
posterior,a8_h14x20_validated_d1,8.0,prova2,total_noref,PbLg,footprint,0.5,0.26543566070398156,0.3829249225480261,3466,45.34147003752369,83.58473959087299
posterior,a8_h14x20_validated_d1,8.0,prova2,total_noref,PbLg,footprint,1.0,0.4896133871898442,0.6826894921370857,3466,45.34147003752369,83.58473959087299
posterior,a8_h14x20_validated_d1,8.0,prova2,total_noref,PbLg,footprint,1.5,0.6592613964223889,0.8663855974622838,3466,45.34147003752369,83.58473959087299
posterior,a8_h14x20_validated_d1,8.0,prova2,total_noref,PbLg,footprint,2.0,0.7815926139642239,0.9544997361036417,3466,45.34147003752369,83.58473959087299
posterior,a8_h14x20_validated_d1,8.0,prova2,total_noref,PbLg,footprint,3.0,0.9085401038661282,0.9973002039367398,3466,45.34147003752369,83.58473959087299
posterior,a8_h14x20_validated_d1,8.0,prova2,total_noref,PbLg,hole,0.5,0.2158273381294964,0.3829249225480261,278,91.4058801392804,224.5973981914
posterior,a8_h14x20_validated_d1,8.0,prova2,total_noref,PbLg,hole,1.0,0.381294964028777,0.6826894921370857,278,91.4058801392804,224.5973981914
posterior,a8_h14x20_validated_d1,8.0,prova2,total_noref,PbLg,hole,1.5,0.5143884892086331,0.8663855974622838,278,91.4058801392804,224.5973981914
posterior,a8_h14x20_validated_d1,8.0,prova2,total_noref,PbLg,hole,2.0,0.6402877697841727,0.9544997361036417,278,91.4058801392804,224.5973981914
posterior,a8_h14x20_validated_d1,8.0,prova2,total_noref,PbLg,hole,3.0,0.7697841726618705,0.9973002039367398,278,91.4058801392804,224.5973981914
control,a14_h0x0_validated_d1,14.0,prova2,ens,Ca,footprint,0.5,0.12031159838430468,0.3829249225480261,3466,33.93559473579516,116.2534278363051
control,a14_h0x0_validated_d1,14.0,prova2,ens,Ca,footprint,1.0,0.23542989036353146,0.6826894921370857,3466,33.93559473579516,116.2534278363051
control,a14_h0x0_validated_d1,14.0,prova2,ens,Ca,footprint,1.5,0.33929601846508944,0.8663855974622838,3466,33.93559473579516,116.2534278363051
control,a14_h0x0_validated_d1,14.0,prova2,ens,Ca,footprint,2.0,0.4275822273514137,0.9544997361036417,3466,33.93559473579516,116.2534278363051
control,a14_h0x0_validated_d1,14.0,prova2,ens,Ca,footprint,3.0,0.585401038661281,0.9973002039367398,3466,33.93559473579516,116.2534278363051
control,a14_h0x0_validated_d1,14.0,prova2,ens,Ti,footprint,0.5,0.0738603577611079,0.3829249225480261,3466,10.449719610377368,47.65259073656592
control,a14_h0x0_validated_d1,14.0,prova2,ens,Ti,footprint,1.0,0.15551067512983266,0.6826894921370857,3466,10.449719610377368,47.65259073656592
control,a14_h0x0_validated_d1,14.0,prova2,ens,Ti,footprint,1.5,0.23687247547605308,0.8663855974622838,3466,10.449719610377368,47.65259073656592
control,a14_h0x0_validated_d1,14.0,prova2,ens,Ti,footprint,2.0,0.3066935949221004,0.9544997361036417,3466,10.449719610377368,47.65259073656592
control,a14_h0x0_validated_d1,14.0,prova2,ens,Ti,footprint,3.0,0.4339296018465089,0.9973002039367398,3466,10.449719610377368,47.65259073656592
control,a14_h0x0_validated_d1,14.0,prova2,ens,Fe,footprint,0.5,0.09549913444893249,0.3829249225480261,3466,16.176775488577952,67.99218366168407
control,a14_h0x0_validated_d1,14.0,prova2,ens,Fe,footprint,1.0,0.1881130986728217,0.6826894921370857,3466,16.176775488577952,67.99218366168407
control,a14_h0x0_validated_d1,14.0,prova2,ens,Fe,footprint,1.5,0.28649740334679746,0.8663855974622838,3466,16.176775488577952,67.99218366168407
control,a14_h0x0_validated_d1,14.0,prova2,ens,Fe,footprint,2.0,0.361800346220427,0.9544997361036417,3466,16.176775488577952,67.99218366168407
control,a14_h0x0_validated_d1,14.0,prova2,ens,Fe,footprint,3.0,0.5124062319676861,0.9973002039367398,3466,16.176775488577952,67.99218366168407
control,a14_h0x0_validated_d1,14.0,prova2,ens,Cu,footprint,0.5,0.2339873052510098,0.3829249225480261,3466,12.458589098359802,52.78448379109126
control,a14_h0x0_validated_d1,14.0,prova2,ens,Cu,footprint,1.0,0.3828620888632429,0.6826894921370857,3466,12.458589098359802,52.78448379109126
control,a14_h0x0_validated_d1,14.0,prova2,ens,Cu,footprint,1.5,0.46105020196191576,0.8663855974622838,3466,12.458589098359802,52.78448379109126
control,a14_h0x0_validated_d1,14.0,prova2,ens,Cu,footprint,2.0,0.5233698788228506,0.9544997361036417,3466,12.458589098359802,52.78448379109126
control,a14_h0x0_validated_d1,14.0,prova2,ens,Cu,footprint,3.0,0.6050201961915753,0.9973002039367398,3466,12.458589098359802,52.78448379109126
control,a14_h0x0_validated_d1,14.0,prova2,ens,PbLl,footprint,0.5,0.08020773225620312,0.3829249225480261,3466,5.489007307790058,37.2182767418255
control,a14_h0x0_validated_d1,14.0,prova2,ens,PbLl,footprint,1.0,0.13906520484708598,0.6826894921370857,3466,5.489007307790058,37.2182767418255
control,a14_h0x0_validated_d1,14.0,prova2,ens,PbLl,footprint,1.5,0.19532602423542988,0.8663855974622838,3466,5.489007307790058,37.2182767418255
control,a14_h0x0_validated_d1,14.0,prova2,ens,PbLl,footprint,2.0,0.24812463935372187,0.9544997361036417,3466,5.489007307790058,37.2182767418255
control,a14_h0x0_validated_d1,14.0,prova2,ens,PbLl,footprint,3.0,0.3355452971725332,0.9973002039367398,3466,5.489007307790058,37.2182767418255
control,a14_h0x0_validated_d1,14.0,prova2,ens,PbLa,footprint,0.5,0.09867282169648009,0.3829249225480261,3466,85.73239965942021,302.1054776596793
control,a14_h0x0_validated_d1,14.0,prova2,ens,PbLa,footprint,1.0,0.20196191575302944,0.6826894921370857,3466,85.73239965942021,302.1054776596793
control,a14_h0x0_validated_d1,14.0,prova2,ens,PbLa,footprint,1.5,0.29053664166185805,0.8663855974622838,3466,85.73239965942021,302.1054776596793
control,a14_h0x0_validated_d1,14.0,prova2,ens,PbLa,footprint,2.0,0.3848817080207732,0.9544997361036417,3466,85.73239965942021,302.1054776596793
control,a14_h0x0_validated_d1,14.0,prova2,ens,PbLa,footprint,3.0,0.5424120023081361,0.9973002039367398,3466,85.73239965942021,302.1054776596793
control,a14_h0x0_validated_d1,14.0,prova2,ens,PbLb,footprint,0.5,0.10069244085401038,0.3829249225480261,3466,62.389129228218714,232.79383192506765
control,a14_h0x0_validated_d1,14.0,prova2,ens,PbLb,footprint,1.0,0.18955568378534335,0.6826894921370857,3466,62.389129228218714,232.79383192506765
control,a14_h0x0_validated_d1,14.0,prova2,ens,PbLb,footprint,1.5,0.2810155799192152,0.8663855974622838,3466,62.389129228218714,232.79383192506765
control,a14_h0x0_validated_d1,14.0,prova2,ens,PbLb,footprint,2.0,0.3762261973456434,0.9544997361036417,3466,62.389129228218714,232.79383192506765
control,a14_h0x0_validated_d1,14.0,prova2,ens,PbLb,footprint,3.0,0.5199076745527986,0.9973002039367398,3466,62.389129228218714,232.79383192506765
control,a14_h0x0_validated_d1,14.0,prova2,ens,PbLg,footprint,0.5,0.05366416618580496,0.3829249225480261,3466,8.758337077317446,54.41039779836506
control,a14_h0x0_validated_d1,14.0,prova2,ens,PbLg,footprint,1.0,0.1133871898442008,0.6826894921370857,3466,8.758337077317446,54.41039779836506
control,a14_h0x0_validated_d1,14.0,prova2,ens,PbLg,footprint,1.5,0.1653202538949798,0.8663855974622838,3466,8.758337077317446,54.41039779836506
control,a14_h0x0_validated_d1,14.0,prova2,ens,PbLg,footprint,2.0,0.22504327755337564,0.9544997361036417,3466,8.758337077317446,54.41039779836506
control,a14_h0x0_validated_d1,14.0,prova2,ens,PbLg,footprint,3.0,0.3303519907674553,0.9973002039367398,3466,8.758337077317446,54.41039779836506
control,a14_h0x0_validated_d1,14.0,prova2,total_noref,Ca,footprint,0.5,0.21869590305828043,0.3829249225480261,3466,55.18296491178939,116.2534278363051
control,a14_h0x0_validated_d1,14.0,prova2,total_noref,Ca,footprint,1.0,0.4125793421811887,0.6826894921370857,3466,55.18296491178939,116.2534278363051
control,a14_h0x0_validated_d1,14.0,prova2,total_noref,Ca,footprint,1.5,0.5781881130986728,0.8663855974622838,3466,55.18296491178939,116.2534278363051
control,a14_h0x0_validated_d1,14.0,prova2,total_noref,Ca,footprint,2.0,0.6959030582804385,0.9544997361036417,3466,55.18296491178939,116.2534278363051
control,a14_h0x0_validated_d1,14.0,prova2,total_noref,Ca,footprint,3.0,0.8586266589728794,0.9973002039367398,3466,55.18296491178939,116.2534278363051
control,a14_h0x0_validated_d1,14.0,prova2,total_noref,Ti,footprint,0.5,0.24408540103866128,0.3829249225480261,3466,28.649015339458813,47.65259073656592
control,a14_h0x0_validated_d1,14.0,prova2,total_noref,Ti,footprint,1.0,0.448066935949221,0.6826894921370857,3466,28.649015339458813,47.65259073656592
control,a14_h0x0_validated_d1,14.0,prova2,total_noref,Ti,footprint,1.5,0.6208886324293134,0.8663855974622838,3466,28.649015339458813,47.65259073656592
control,a14_h0x0_validated_d1,14.0,prova2,total_noref,Ti,footprint,2.0,0.7452394691286786,0.9544997361036417,3466,28.649015339458813,47.65259073656592
control,a14_h0x0_validated_d1,14.0,prova2,total_noref,Ti,footprint,3.0,0.8993075591459896,0.9973002039367398,3466,28.649015339458813,47.65259073656592
control,a14_h0x0_validated_d1,14.0,prova2,total_noref,Fe,footprint,0.5,0.22908251586843623,0.3829249225480261,3466,31.62232271327039,67.99218366168407
control,a14_h0x0_validated_d1,14.0,prova2,total_noref,Fe,footprint,1.0,0.4324870167339873,0.6826894921370857,3466,31.62232271327039,67.99218366168407
control,a14_h0x0_validated_d1,14.0,prova2,total_noref,Fe,footprint,1.5,0.5868436237738026,0.8663855974622838,3466,31.62232271327039,67.99218366168407
control,a14_h0x0_validated_d1,14.0,prova2,total_noref,Fe,footprint,2.0,0.7091748413156376,0.9544997361036417,3466,31.62232271327039,67.99218366168407
control,a14_h0x0_validated_d1,14.0,prova2,total_noref,Fe,footprint,3.0,0.8675706866705135,0.9973002039367398,3466,31.62232271327039,67.99218366168407
control,a14_h0x0_validated_d1,14.0,prova2,total_noref,Cu,footprint,0.5,0.3271783035199077,0.3829249225480261,3466,28.183449274615715,52.78448379109126
control,a14_h0x0_validated_d1,14.0,prova2,total_noref,Cu,footprint,1.0,0.5421234852856318,0.6826894921370857,3466,28.183449274615715,52.78448379109126
control,a14_h0x0_validated_d1,14.0,prova2,total_noref,Cu,footprint,1.5,0.690998268897865,0.8663855974622838,3466,28.183449274615715,52.78448379109126
control,a14_h0x0_validated_d1,14.0,prova2,total_noref,Cu,footprint,2.0,0.7798615118291979,0.9544997361036417,3466,28.183449274615715,52.78448379109126
control,a14_h0x0_validated_d1,14.0,prova2,total_noref,Cu,footprint,3.0,0.8972879399884593,0.9973002039367398,3466,28.183449274615715,52.78448379109126
control,a14_h0x0_validated_d1,14.0,prova2,total_noref,PbLl,footprint,0.5,0.25389497980380843,0.3829249225480261,3466,23.4032752619897,37.2182767418255
control,a14_h0x0_validated_d1,14.0,prova2,total_noref,PbLl,footprint,1.0,0.47778418926716676,0.6826894921370857,3466,23.4032752619897,37.2182767418255
control,a14_h0x0_validated_d1,14.0,prova2,total_noref,PbLl,footprint,1.5,0.6304096941719561,0.8663855974622838,3466,23.4032752619897,37.2182767418255
control,a14_h0x0_validated_d1,14.0,prova2,total_noref,PbLl,footprint,2.0,0.7530294287362954,0.9544997361036417,3466,23.4032752619897,37.2182767418255
control,a14_h0x0_validated_d1,14.0,prova2,total_noref,PbLl,footprint,3.0,0.8967109059434507,0.9973002039367398,3466,23.4032752619897,37.2182767418255
control,a14_h0x0_validated_d1,14.0,prova2,total_noref,PbLa,footprint,0.5,0.19474899019042125,0.3829249225480261,3466,140.14861810944998,302.1054776596793
control,a14_h0x0_validated_d1,14.0,prova2,total_noref,PbLa,footprint,1.0,0.3837276399307559,0.6826894921370857,3466,140.14861810944998,302.1054776596793
control,a14_h0x0_validated_d1,14.0,prova2,total_noref,PbLa,footprint,1.5,0.5297172533179457,0.8663855974622838,3466,140.14861810944998,302.1054776596793
control,a14_h0x0_validated_d1,14.0,prova2,total_noref,PbLa,footprint,2.0,0.6569532602423543,0.9544997361036417,3466,140.14861810944998,302.1054776596793
control,a14_h0x0_validated_d1,14.0,prova2,total_noref,PbLa,footprint,3.0,0.8366993652625505,0.9973002039367398,3466,140.14861810944998,302.1054776596793
control,a14_h0x0_validated_d1,14.0,prova2,total_noref,PbLb,footprint,0.5,0.20311598384304674,0.3829249225480261,3466,111.00889652929317,232.79383192506765
control,a14_h0x0_validated_d1,14.0,prova2,total_noref,PbLb,footprint,1.0,0.3886324293133295,0.6826894921370857,3466,111.00889652929317,232.79383192506765
control,a14_h0x0_validated_d1,14.0,prova2,total_noref,PbLb,footprint,1.5,0.5539526832083093,0.8663855974622838,3466,111.00889652929317,232.79383192506765
control,a14_h0x0_validated_d1,14.0,prova2,total_noref,PbLb,footprint,2.0,0.6774379688401616,0.9544997361036417,3466,111.00889652929317,232.79383192506765
control,a14_h0x0_validated_d1,14.0,prova2,total_noref,PbLb,footprint,3.0,0.8465089440276976,0.9973002039367398,3466,111.00889652929317,232.79383192506765
control,a14_h0x0_validated_d1,14.0,prova2,total_noref,PbLg,footprint,0.5,0.24293133294864397,0.3829249225480261,3466,33.54425531638664,54.41039779836506
control,a14_h0x0_validated_d1,14.0,prova2,total_noref,PbLg,footprint,1.0,0.46018465089440275,0.6826894921370857,3466,33.54425531638664,54.41039779836506
control,a14_h0x0_validated_d1,14.0,prova2,total_noref,PbLg,footprint,1.5,0.624062319676861,0.8663855974622838,3466,33.54425531638664,54.41039779836506
control,a14_h0x0_validated_d1,14.0,prova2,total_noref,PbLg,footprint,2.0,0.753606462781304,0.9544997361036417,3466,33.54425531638664,54.41039779836506
control,a14_h0x0_validated_d1,14.0,prova2,total_noref,PbLg,footprint,3.0,0.8958453548759376,0.9973002039367398,3466,33.54425531638664,54.41039779836506
prior,a14_h0x0_validated_d1,14.0,prova2,ens,Ca,footprint,0.5,0.26024235429890363,0.3829249225480261,3466,88.4244251222436,126.58530586597023
prior,a14_h0x0_validated_d1,14.0,prova2,ens,Ca,footprint,1.0,0.482400461627236,0.6826894921370857,3466,88.4244251222436,126.58530586597023
prior,a14_h0x0_validated_d1,14.0,prova2,ens,Ca,footprint,1.5,0.6425274091171379,0.8663855974622838,3466,88.4244251222436,126.58530586597023
prior,a14_h0x0_validated_d1,14.0,prova2,ens,Ca,footprint,2.0,0.7541834968263128,0.9544997361036417,3466,88.4244251222436,126.58530586597023
prior,a14_h0x0_validated_d1,14.0,prova2,ens,Ca,footprint,3.0,0.8941142527409117,0.9973002039367398,3466,88.4244251222436,126.58530586597023
prior,a14_h0x0_validated_d1,14.0,prova2,ens,Ti,footprint,0.5,0.188401615695326,0.3829249225480261,3466,25.411129716607878,49.29167554201563
prior,a14_h0x0_validated_d1,14.0,prova2,ens,Ti,footprint,1.0,0.37132140796306984,0.6826894921370857,3466,25.411129716607878,49.29167554201563
prior,a14_h0x0_validated_d1,14.0,prova2,ens,Ti,footprint,1.5,0.5080784766301212,0.8663855974622838,3466,25.411129716607878,49.29167554201563
prior,a14_h0x0_validated_d1,14.0,prova2,ens,Ti,footprint,2.0,0.6130986728216965,0.9544997361036417,3466,25.411129716607878,49.29167554201563
prior,a14_h0x0_validated_d1,14.0,prova2,ens,Ti,footprint,3.0,0.7694748990190421,0.9973002039367398,3466,25.411129716607878,49.29167554201563
prior,a14_h0x0_validated_d1,14.0,prova2,ens,Fe,footprint,0.5,0.18638199653779572,0.3829249225480261,3466,39.98085901416562,71.24972804671818
prior,a14_h0x0_validated_d1,14.0,prova2,ens,Fe,footprint,1.0,0.36526255049047895,0.6826894921370857,3466,39.98085901416562,71.24972804671818
prior,a14_h0x0_validated_d1,14.0,prova2,ens,Fe,footprint,1.5,0.5057703404500865,0.8663855974622838,3466,39.98085901416562,71.24972804671818
prior,a14_h0x0_validated_d1,14.0,prova2,ens,Fe,footprint,2.0,0.6269474899019042,0.9544997361036417,3466,39.98085901416562,71.24972804671818
prior,a14_h0x0_validated_d1,14.0,prova2,ens,Fe,footprint,3.0,0.7726485862665897,0.9973002039367398,3466,39.98085901416562,71.24972804671818
prior,a14_h0x0_validated_d1,14.0,prova2,ens,Cu,footprint,0.5,0.36757068667051357,0.3829249225480261,3466,31.55151077271174,56.88176295017039
prior,a14_h0x0_validated_d1,14.0,prova2,ens,Cu,footprint,1.0,0.532602423542989,0.6826894921370857,3466,31.55151077271174,56.88176295017039
prior,a14_h0x0_validated_d1,14.0,prova2,ens,Cu,footprint,1.5,0.6344489324870167,0.8663855974622838,3466,31.55151077271174,56.88176295017039
prior,a14_h0x0_validated_d1,14.0,prova2,ens,Cu,footprint,2.0,0.7207155222158107,0.9544997361036417,3466,31.55151077271174,56.88176295017039
prior,a14_h0x0_validated_d1,14.0,prova2,ens,Cu,footprint,3.0,0.8413156376226197,0.9973002039367398,3466,31.55151077271174,56.88176295017039
prior,a14_h0x0_validated_d1,14.0,prova2,ens,PbLl,footprint,0.5,0.16907097518753605,0.3829249225480261,3466,15.98799571674641,38.236017595579746
prior,a14_h0x0_validated_d1,14.0,prova2,ens,PbLl,footprint,1.0,0.31563762261973455,0.6826894921370857,3466,15.98799571674641,38.236017595579746
prior,a14_h0x0_validated_d1,14.0,prova2,ens,PbLl,footprint,1.5,0.4420080784766301,0.8663855974622838,3466,15.98799571674641,38.236017595579746
prior,a14_h0x0_validated_d1,14.0,prova2,ens,PbLl,footprint,2.0,0.5458742065781881,0.9544997361036417,3466,15.98799571674641,38.236017595579746
prior,a14_h0x0_validated_d1,14.0,prova2,ens,PbLl,footprint,3.0,0.6941719561454126,0.9973002039367398,3466,15.98799571674641,38.236017595579746
prior,a14_h0x0_validated_d1,14.0,prova2,ens,PbLa,footprint,0.5,0.41431044431621467,0.3829249225480261,3466,378.44120472428006,347.38613660420873
prior,a14_h0x0_validated_d1,14.0,prova2,ens,PbLa,footprint,1.0,0.7028274668205424,0.6826894921370857,3466,378.44120472428006,347.38613660420873
prior,a14_h0x0_validated_d1,14.0,prova2,ens,PbLa,footprint,1.5,0.8672821696480092,0.8663855974622838,3466,378.44120472428006,347.38613660420873
prior,a14_h0x0_validated_d1,14.0,prova2,ens,PbLa,footprint,2.0,0.9405654933641084,0.9544997361036417,3466,378.44120472428006,347.38613660420873
prior,a14_h0x0_validated_d1,14.0,prova2,ens,PbLa,footprint,3.0,0.9901904212348529,0.9973002039367398,3466,378.44120472428006,347.38613660420873
prior,a14_h0x0_validated_d1,14.0,prova2,ens,PbLb,footprint,0.5,0.3020773225620312,0.3829249225480261,3466,235.2854002355739,261.9814358430296
prior,a14_h0x0_validated_d1,14.0,prova2,ens,PbLb,footprint,1.0,0.5709751875360646,0.6826894921370857,3466,235.2854002355739,261.9814358430296
prior,a14_h0x0_validated_d1,14.0,prova2,ens,PbLb,footprint,1.5,0.7475476053087132,0.8663855974622838,3466,235.2854002355739,261.9814358430296
prior,a14_h0x0_validated_d1,14.0,prova2,ens,PbLb,footprint,2.0,0.8612233121754184,0.9544997361036417,3466,235.2854002355739,261.9814358430296
prior,a14_h0x0_validated_d1,14.0,prova2,ens,PbLb,footprint,3.0,0.9584535487593768,0.9973002039367398,3466,235.2854002355739,261.9814358430296
prior,a14_h0x0_validated_d1,14.0,prova2,ens,PbLg,footprint,0.5,0.18753606462781305,0.3829249225480261,3466,30.574846022136448,56.97147964350032
prior,a14_h0x0_validated_d1,14.0,prova2,ens,PbLg,footprint,1.0,0.3390075014425851,0.6826894921370857,3466,30.574846022136448,56.97147964350032
prior,a14_h0x0_validated_d1,14.0,prova2,ens,PbLg,footprint,1.5,0.48153491055972303,0.8663855974622838,3466,30.574846022136448,56.97147964350032
prior,a14_h0x0_validated_d1,14.0,prova2,ens,PbLg,footprint,2.0,0.586266589728794,0.9544997361036417,3466,30.574846022136448,56.97147964350032
prior,a14_h0x0_validated_d1,14.0,prova2,ens,PbLg,footprint,3.0,0.741200230813618,0.9973002039367398,3466,30.574846022136448,56.97147964350032
prior,a14_h0x0_validated_d1,14.0,prova2,total_noref,Ca,footprint,0.5,0.30957876514714366,0.3829249225480261,3466,97.76565978975484,126.58530586597023
prior,a14_h0x0_validated_d1,14.0,prova2,total_noref,Ca,footprint,1.0,0.5620311598384304,0.6826894921370857,3466,97.76565978975484,126.58530586597023
prior,a14_h0x0_validated_d1,14.0,prova2,total_noref,Ca,footprint,1.5,0.7311021350259665,0.8663855974622838,3466,97.76565978975484,126.58530586597023
prior,a14_h0x0_validated_d1,14.0,prova2,total_noref,Ca,footprint,2.0,0.844200807847663,0.9544997361036417,3466,97.76565978975484,126.58530586597023
prior,a14_h0x0_validated_d1,14.0,prova2,total_noref,Ca,footprint,3.0,0.9500865551067513,0.9973002039367398,3466,97.76565978975484,126.58530586597023
prior,a14_h0x0_validated_d1,14.0,prova2,total_noref,Ti,footprint,0.5,0.2951529140219273,0.3829249225480261,3466,36.48328892660486,49.29167554201563
prior,a14_h0x0_validated_d1,14.0,prova2,total_noref,Ti,footprint,1.0,0.535199076745528,0.6826894921370857,3466,36.48328892660486,49.29167554201563
prior,a14_h0x0_validated_d1,14.0,prova2,total_noref,Ti,footprint,1.5,0.7045585689555683,0.8663855974622838,3466,36.48328892660486,49.29167554201563
prior,a14_h0x0_validated_d1,14.0,prova2,total_noref,Ti,footprint,2.0,0.8208309290248125,0.9544997361036417,3466,36.48328892660486,49.29167554201563
prior,a14_h0x0_validated_d1,14.0,prova2,total_noref,Ti,footprint,3.0,0.9420080784766302,0.9973002039367398,3466,36.48328892660486,49.29167554201563
prior,a14_h0x0_validated_d1,14.0,prova2,total_noref,Fe,footprint,0.5,0.2784189267166763,0.3829249225480261,3466,48.20708395609791,71.24972804671818
prior,a14_h0x0_validated_d1,14.0,prova2,total_noref,Fe,footprint,1.0,0.5187536064627813,0.6826894921370857,3466,48.20708395609791,71.24972804671818
prior,a14_h0x0_validated_d1,14.0,prova2,total_noref,Fe,footprint,1.5,0.6886901327178303,0.8663855974622838,3466,48.20708395609791,71.24972804671818
prior,a14_h0x0_validated_d1,14.0,prova2,total_noref,Fe,footprint,2.0,0.7989036353144836,0.9544997361036417,3466,48.20708395609791,71.24972804671818
prior,a14_h0x0_validated_d1,14.0,prova2,total_noref,Fe,footprint,3.0,0.9316214656664743,0.9973002039367398,3466,48.20708395609791,71.24972804671818
prior,a14_h0x0_validated_d1,14.0,prova2,total_noref,Cu,footprint,0.5,0.40998268897864976,0.3829249225480261,3466,39.71709781027477,56.88176295017039
prior,a14_h0x0_validated_d1,14.0,prova2,total_noref,Cu,footprint,1.0,0.6226197345643393,0.6826894921370857,3466,39.71709781027477,56.88176295017039
prior,a14_h0x0_validated_d1,14.0,prova2,total_noref,Cu,footprint,1.5,0.7527409117137911,0.8663855974622838,3466,39.71709781027477,56.88176295017039
prior,a14_h0x0_validated_d1,14.0,prova2,total_noref,Cu,footprint,2.0,0.8551644547028274,0.9544997361036417,3466,39.71709781027477,56.88176295017039
prior,a14_h0x0_validated_d1,14.0,prova2,total_noref,Cu,footprint,3.0,0.9457587997691864,0.9973002039367398,3466,39.71709781027477,56.88176295017039
prior,a14_h0x0_validated_d1,14.0,prova2,total_noref,PbLl,footprint,0.5,0.29688401615695326,0.3829249225480261,3466,27.152712611309376,38.236017595579746
prior,a14_h0x0_validated_d1,14.0,prova2,total_noref,PbLl,footprint,1.0,0.5311598384304674,0.6826894921370857,3466,27.152712611309376,38.236017595579746
prior,a14_h0x0_validated_d1,14.0,prova2,total_noref,PbLl,footprint,1.5,0.6956145412579342,0.8663855974622838,3466,27.152712611309376,38.236017595579746
prior,a14_h0x0_validated_d1,14.0,prova2,total_noref,PbLl,footprint,2.0,0.8173687247547605,0.9544997361036417,3466,27.152712611309376,38.236017595579746
prior,a14_h0x0_validated_d1,14.0,prova2,total_noref,PbLl,footprint,3.0,0.9373918061165609,0.9973002039367398,3466,27.152712611309376,38.236017595579746
prior,a14_h0x0_validated_d1,14.0,prova2,total_noref,PbLa,footprint,0.5,0.4399884593190998,0.3829249225480261,3466,392.9996039338652,347.38613660420873
prior,a14_h0x0_validated_d1,14.0,prova2,total_noref,PbLa,footprint,1.0,0.7293710328909405,0.6826894921370857,3466,392.9996039338652,347.38613660420873
prior,a14_h0x0_validated_d1,14.0,prova2,total_noref,PbLa,footprint,1.5,0.8869013271783035,0.8663855974622838,3466,392.9996039338652,347.38613660420873
prior,a14_h0x0_validated_d1,14.0,prova2,total_noref,PbLa,footprint,2.0,0.9523946912867859,0.9544997361036417,3466,392.9996039338652,347.38613660420873
prior,a14_h0x0_validated_d1,14.0,prova2,total_noref,PbLa,footprint,3.0,0.9939411425274092,0.9973002039367398,3466,392.9996039338652,347.38613660420873
prior,a14_h0x0_validated_d1,14.0,prova2,total_noref,PbLb,footprint,0.5,0.34564339296018465,0.3829249225480261,3466,251.1713165154204,261.9814358430296
prior,a14_h0x0_validated_d1,14.0,prova2,total_noref,PbLb,footprint,1.0,0.6324293133294865,0.6826894921370857,3466,251.1713165154204,261.9814358430296
prior,a14_h0x0_validated_d1,14.0,prova2,total_noref,PbLb,footprint,1.5,0.8055395268320831,0.8663855974622838,3466,251.1713165154204,261.9814358430296
prior,a14_h0x0_validated_d1,14.0,prova2,total_noref,PbLb,footprint,2.0,0.9036353144835545,0.9544997361036417,3466,251.1713165154204,261.9814358430296
prior,a14_h0x0_validated_d1,14.0,prova2,total_noref,PbLb,footprint,3.0,0.98066935949221,0.9973002039367398,3466,251.1713165154204,261.9814358430296
prior,a14_h0x0_validated_d1,14.0,prova2,total_noref,PbLg,footprint,0.5,0.29486439699942296,0.3829249225480261,3466,44.10752021563448,56.97147964350032
prior,a14_h0x0_validated_d1,14.0,prova2,total_noref,PbLg,footprint,1.0,0.5392383150605886,0.6826894921370857,3466,44.10752021563448,56.97147964350032
prior,a14_h0x0_validated_d1,14.0,prova2,total_noref,PbLg,footprint,1.5,0.7126370455856895,0.8663855974622838,3466,44.10752021563448,56.97147964350032
prior,a14_h0x0_validated_d1,14.0,prova2,total_noref,PbLg,footprint,2.0,0.826601269474899,0.9544997361036417,3466,44.10752021563448,56.97147964350032
prior,a14_h0x0_validated_d1,14.0,prova2,total_noref,PbLg,footprint,3.0,0.9408540103866128,0.9973002039367398,3466,44.10752021563448,56.97147964350032
posterior,a14_h0x0_validated_d1,14.0,prova2,ens,Ca,footprint,0.5,0.24206578188113098,0.3829249225480261,3466,76.45016410336117,128.3151561486651
posterior,a14_h0x0_validated_d1,14.0,prova2,ens,Ca,footprint,1.0,0.4570109636468552,0.6826894921370857,3466,76.45016410336117,128.3151561486651
posterior,a14_h0x0_validated_d1,14.0,prova2,ens,Ca,footprint,1.5,0.6361800346220428,0.8663855974622838,3466,76.45016410336117,128.3151561486651
posterior,a14_h0x0_validated_d1,14.0,prova2,ens,Ca,footprint,2.0,0.7564916330063474,0.9544997361036417,3466,76.45016410336117,128.3151561486651
posterior,a14_h0x0_validated_d1,14.0,prova2,ens,Ca,footprint,3.0,0.9085401038661282,0.9973002039367398,3466,76.45016410336117,128.3151561486651
posterior,a14_h0x0_validated_d1,14.0,prova2,ens,Ti,footprint,0.5,0.1653202538949798,0.3829249225480261,3466,20.56840956919565,49.4953021649703
posterior,a14_h0x0_validated_d1,14.0,prova2,ens,Ti,footprint,1.0,0.30611656087709177,0.6826894921370857,3466,20.56840956919565,49.4953021649703
posterior,a14_h0x0_validated_d1,14.0,prova2,ens,Ti,footprint,1.5,0.4408540103866128,0.8663855974622838,3466,20.56840956919565,49.4953021649703
posterior,a14_h0x0_validated_d1,14.0,prova2,ens,Ti,footprint,2.0,0.5464512406231967,0.9544997361036417,3466,20.56840956919565,49.4953021649703
posterior,a14_h0x0_validated_d1,14.0,prova2,ens,Ti,footprint,3.0,0.7166762839007501,0.9973002039367398,3466,20.56840956919565,49.4953021649703
posterior,a14_h0x0_validated_d1,14.0,prova2,ens,Fe,footprint,0.5,0.14425851125216388,0.3829249225480261,3466,30.86717643635579,70.6737030422758
posterior,a14_h0x0_validated_d1,14.0,prova2,ens,Fe,footprint,1.0,0.2919792267743797,0.6826894921370857,3466,30.86717643635579,70.6737030422758
posterior,a14_h0x0_validated_d1,14.0,prova2,ens,Fe,footprint,1.5,0.4171956145412579,0.8663855974622838,3466,30.86717643635579,70.6737030422758
posterior,a14_h0x0_validated_d1,14.0,prova2,ens,Fe,footprint,2.0,0.5262550490478938,0.9544997361036417,3466,30.86717643635579,70.6737030422758
posterior,a14_h0x0_validated_d1,14.0,prova2,ens,Fe,footprint,3.0,0.6791690709751875,0.9973002039367398,3466,30.86717643635579,70.6737030422758
posterior,a14_h0x0_validated_d1,14.0,prova2,ens,Cu,footprint,0.5,0.2911136757068667,0.3829249225480261,3466,24.881418850192954,57.40883568216274
posterior,a14_h0x0_validated_d1,14.0,prova2,ens,Cu,footprint,1.0,0.4800923254472014,0.6826894921370857,3466,24.881418850192954,57.40883568216274
posterior,a14_h0x0_validated_d1,14.0,prova2,ens,Cu,footprint,1.5,0.5851125216387767,0.8663855974622838,3466,24.881418850192954,57.40883568216274
posterior,a14_h0x0_validated_d1,14.0,prova2,ens,Cu,footprint,2.0,0.6664743219849971,0.9544997361036417,3466,24.881418850192954,57.40883568216274
posterior,a14_h0x0_validated_d1,14.0,prova2,ens,Cu,footprint,3.0,0.792267743796884,0.9973002039367398,3466,24.881418850192954,57.40883568216274
posterior,a14_h0x0_validated_d1,14.0,prova2,ens,PbLl,footprint,0.5,0.13444893248701673,0.3829249225480261,3466,11.814760494223657,38.045906195113254
posterior,a14_h0x0_validated_d1,14.0,prova2,ens,PbLl,footprint,1.0,0.24293133294864397,0.6826894921370857,3466,11.814760494223657,38.045906195113254
posterior,a14_h0x0_validated_d1,14.0,prova2,ens,PbLl,footprint,1.5,0.3493941142527409,0.8663855974622838,3466,11.814760494223657,38.045906195113254
posterior,a14_h0x0_validated_d1,14.0,prova2,ens,PbLl,footprint,2.0,0.4362377380265436,0.9544997361036417,3466,11.814760494223657,38.045906195113254
posterior,a14_h0x0_validated_d1,14.0,prova2,ens,PbLl,footprint,3.0,0.588863242931333,0.9973002039367398,3466,11.814760494223657,38.045906195113254
posterior,a14_h0x0_validated_d1,14.0,prova2,ens,PbLa,footprint,0.5,0.2888055395268321,0.3829249225480261,3466,258.12621567495177,347.8187770400617
posterior,a14_h0x0_validated_d1,14.0,prova2,ens,PbLa,footprint,1.0,0.5403923831506059,0.6826894921370857,3466,258.12621567495177,347.8187770400617
posterior,a14_h0x0_validated_d1,14.0,prova2,ens,PbLa,footprint,1.5,0.7221581073283324,0.8663855974622838,3466,258.12621567495177,347.8187770400617
posterior,a14_h0x0_validated_d1,14.0,prova2,ens,PbLa,footprint,2.0,0.8401615695326025,0.9544997361036417,3466,258.12621567495177,347.8187770400617
posterior,a14_h0x0_validated_d1,14.0,prova2,ens,PbLa,footprint,3.0,0.949798038084247,0.9973002039367398,3466,258.12621567495177,347.8187770400617
posterior,a14_h0x0_validated_d1,14.0,prova2,ens,PbLb,footprint,0.5,0.2876514714368148,0.3829249225480261,3466,196.0377388886456,265.53642919029846
posterior,a14_h0x0_validated_d1,14.0,prova2,ens,PbLb,footprint,1.0,0.5369301788805539,0.6826894921370857,3466,196.0377388886456,265.53642919029846
posterior,a14_h0x0_validated_d1,14.0,prova2,ens,PbLb,footprint,1.5,0.7198499711482977,0.8663855974622838,3466,196.0377388886456,265.53642919029846
posterior,a14_h0x0_validated_d1,14.0,prova2,ens,PbLb,footprint,2.0,0.8343912290825158,0.9544997361036417,3466,196.0377388886456,265.53642919029846
posterior,a14_h0x0_validated_d1,14.0,prova2,ens,PbLb,footprint,3.0,0.9454702827466821,0.9973002039367398,3466,196.0377388886456,265.53642919029846
posterior,a14_h0x0_validated_d1,14.0,prova2,ens,PbLg,footprint,0.5,0.1433929601846509,0.3829249225480261,3466,22.25345242753638,56.271404121508574
posterior,a14_h0x0_validated_d1,14.0,prova2,ens,PbLg,footprint,1.0,0.26947489901904215,0.6826894921370857,3466,22.25345242753638,56.271404121508574
posterior,a14_h0x0_validated_d1,14.0,prova2,ens,PbLg,footprint,1.5,0.39267166762839006,0.8663855974622838,3466,22.25345242753638,56.271404121508574
posterior,a14_h0x0_validated_d1,14.0,prova2,ens,PbLg,footprint,2.0,0.4948066935949221,0.9544997361036417,3466,22.25345242753638,56.271404121508574
posterior,a14_h0x0_validated_d1,14.0,prova2,ens,PbLg,footprint,3.0,0.657530294287363,0.9973002039367398,3466,22.25345242753638,56.271404121508574
posterior,a14_h0x0_validated_d1,14.0,prova2,total_noref,Ca,footprint,0.5,0.27928447778418924,0.3829249225480261,3466,87.18012438348923,128.3151561486651
posterior,a14_h0x0_validated_d1,14.0,prova2,total_noref,Ca,footprint,1.0,0.5363531448355453,0.6826894921370857,3466,87.18012438348923,128.3151561486651
posterior,a14_h0x0_validated_d1,14.0,prova2,total_noref,Ca,footprint,1.5,0.7198499711482977,0.8663855974622838,3466,87.18012438348923,128.3151561486651
posterior,a14_h0x0_validated_d1,14.0,prova2,total_noref,Ca,footprint,2.0,0.8390075014425851,0.9544997361036417,3466,87.18012438348923,128.3151561486651
posterior,a14_h0x0_validated_d1,14.0,prova2,total_noref,Ca,footprint,3.0,0.95066358915176,0.9973002039367398,3466,87.18012438348923,128.3151561486651
posterior,a14_h0x0_validated_d1,14.0,prova2,total_noref,Ti,footprint,0.5,0.27582227351413735,0.3829249225480261,3466,33.30195183176869,49.4953021649703
posterior,a14_h0x0_validated_d1,14.0,prova2,total_noref,Ti,footprint,1.0,0.4919215233698788,0.6826894921370857,3466,33.30195183176869,49.4953021649703
posterior,a14_h0x0_validated_d1,14.0,prova2,total_noref,Ti,footprint,1.5,0.6736872475476053,0.8663855974622838,3466,33.30195183176869,49.4953021649703
posterior,a14_h0x0_validated_d1,14.0,prova2,total_noref,Ti,footprint,2.0,0.7983266012694749,0.9544997361036417,3466,33.30195183176869,49.4953021649703
posterior,a14_h0x0_validated_d1,14.0,prova2,total_noref,Ti,footprint,3.0,0.9327755337564916,0.9973002039367398,3466,33.30195183176869,49.4953021649703
posterior,a14_h0x0_validated_d1,14.0,prova2,total_noref,Fe,footprint,0.5,0.2567801500288517,0.3829249225480261,3466,41.09092636454146,70.6737030422758
posterior,a14_h0x0_validated_d1,14.0,prova2,total_noref,Fe,footprint,1.0,0.4792267743796884,0.6826894921370857,3466,41.09092636454146,70.6737030422758
posterior,a14_h0x0_validated_d1,14.0,prova2,total_noref,Fe,footprint,1.5,0.6425274091171379,0.8663855974622838,3466,41.09092636454146,70.6737030422758
posterior,a14_h0x0_validated_d1,14.0,prova2,total_noref,Fe,footprint,2.0,0.756203115983843,0.9544997361036417,3466,41.09092636454146,70.6737030422758
posterior,a14_h0x0_validated_d1,14.0,prova2,total_noref,Fe,footprint,3.0,0.9039238315060588,0.9973002039367398,3466,41.09092636454146,70.6737030422758
posterior,a14_h0x0_validated_d1,14.0,prova2,total_noref,Cu,footprint,0.5,0.344200807847663,0.3829249225480261,3466,34.78705459761293,57.40883568216274
posterior,a14_h0x0_validated_d1,14.0,prova2,total_noref,Cu,footprint,1.0,0.5816503173687247,0.6826894921370857,3466,34.78705459761293,57.40883568216274
posterior,a14_h0x0_validated_d1,14.0,prova2,total_noref,Cu,footprint,1.5,0.7241777264858626,0.8663855974622838,3466,34.78705459761293,57.40883568216274
posterior,a14_h0x0_validated_d1,14.0,prova2,total_noref,Cu,footprint,2.0,0.8182342758222735,0.9544997361036417,3466,34.78705459761293,57.40883568216274
posterior,a14_h0x0_validated_d1,14.0,prova2,total_noref,Cu,footprint,3.0,0.9223889209463358,0.9973002039367398,3466,34.78705459761293,57.40883568216274
posterior,a14_h0x0_validated_d1,14.0,prova2,total_noref,PbLl,footprint,0.5,0.26918638199653777,0.3829249225480261,3466,24.901453409843835,38.045906195113254
posterior,a14_h0x0_validated_d1,14.0,prova2,total_noref,PbLl,footprint,1.0,0.49624927870744373,0.6826894921370857,3466,24.901453409843835,38.045906195113254
posterior,a14_h0x0_validated_d1,14.0,prova2,total_noref,PbLl,footprint,1.5,0.6586843623773803,0.8663855974622838,3466,24.901453409843835,38.045906195113254
posterior,a14_h0x0_validated_d1,14.0,prova2,total_noref,PbLl,footprint,2.0,0.7810155799192152,0.9544997361036417,3466,24.901453409843835,38.045906195113254
posterior,a14_h0x0_validated_d1,14.0,prova2,total_noref,PbLl,footprint,3.0,0.9102712060011541,0.9973002039367398,3466,24.901453409843835,38.045906195113254
posterior,a14_h0x0_validated_d1,14.0,prova2,total_noref,PbLa,footprint,0.5,0.32256203115983845,0.3829249225480261,3466,279.33724198424835,347.8187770400617
posterior,a14_h0x0_validated_d1,14.0,prova2,total_noref,PbLa,footprint,1.0,0.5920369301788806,0.6826894921370857,3466,279.33724198424835,347.8187770400617
posterior,a14_h0x0_validated_d1,14.0,prova2,total_noref,PbLa,footprint,1.5,0.7746682054241201,0.8663855974622838,3466,279.33724198424835,347.8187770400617
posterior,a14_h0x0_validated_d1,14.0,prova2,total_noref,PbLa,footprint,2.0,0.8828620888632429,0.9544997361036417,3466,279.33724198424835,347.8187770400617
posterior,a14_h0x0_validated_d1,14.0,prova2,total_noref,PbLa,footprint,3.0,0.9662435083669937,0.9973002039367398,3466,279.33724198424835,347.8187770400617
posterior,a14_h0x0_validated_d1,14.0,prova2,total_noref,PbLb,footprint,0.5,0.32198499711482975,0.3829249225480261,3466,215.05865734502996,265.53642919029846
posterior,a14_h0x0_validated_d1,14.0,prova2,total_noref,PbLb,footprint,1.0,0.5998268897864975,0.6826894921370857,3466,215.05865734502996,265.53642919029846
posterior,a14_h0x0_validated_d1,14.0,prova2,total_noref,PbLb,footprint,1.5,0.7818811309867282,0.8663855974622838,3466,215.05865734502996,265.53642919029846
posterior,a14_h0x0_validated_d1,14.0,prova2,total_noref,PbLb,footprint,2.0,0.8843046739757646,0.9544997361036417,3466,215.05865734502996,265.53642919029846
posterior,a14_h0x0_validated_d1,14.0,prova2,total_noref,PbLb,footprint,3.0,0.9659549913444894,0.9973002039367398,3466,215.05865734502996,265.53642919029846
posterior,a14_h0x0_validated_d1,14.0,prova2,total_noref,PbLg,footprint,0.5,0.26457010963646854,0.3829249225480261,3466,38.758324138331275,56.271404121508574
posterior,a14_h0x0_validated_d1,14.0,prova2,total_noref,PbLg,footprint,1.0,0.5014425851125216,0.6826894921370857,3466,38.758324138331275,56.271404121508574
posterior,a14_h0x0_validated_d1,14.0,prova2,total_noref,PbLg,footprint,1.5,0.6748413156376226,0.8663855974622838,3466,38.758324138331275,56.271404121508574
posterior,a14_h0x0_validated_d1,14.0,prova2,total_noref,PbLg,footprint,2.0,0.8000577034045009,0.9544997361036417,3466,38.758324138331275,56.271404121508574
posterior,a14_h0x0_validated_d1,14.0,prova2,total_noref,PbLg,footprint,3.0,0.9215233698788229,0.9973002039367398,3466,38.758324138331275,56.271404121508574
control,a14_h14x20_validated_d1,14.0,prova2,ens,Ca,footprint,0.5,0.12002308136180034,0.3829249225480261,3466,83.66612121468766,271.34087167283536
control,a14_h14x20_validated_d1,14.0,prova2,ens,Ca,footprint,1.0,0.2380265435660704,0.6826894921370857,3466,83.66612121468766,271.34087167283536
control,a14_h14x20_validated_d1,14.0,prova2,ens,Ca,footprint,1.5,0.342469705712637,0.8663855974622838,3466,83.66612121468766,271.34087167283536
control,a14_h14x20_validated_d1,14.0,prova2,ens,Ca,footprint,2.0,0.4324870167339873,0.9544997361036417,3466,83.66612121468766,271.34087167283536
control,a14_h14x20_validated_d1,14.0,prova2,ens,Ca,footprint,3.0,0.5923254472013849,0.9973002039367398,3466,83.66612121468766,271.34087167283536
control,a14_h14x20_validated_d1,14.0,prova2,ens,Ca,hole,0.5,0.08273381294964029,0.3829249225480261,278,262.3014053011137,852.0550704165505
control,a14_h14x20_validated_d1,14.0,prova2,ens,Ca,hole,1.0,0.16906474820143885,0.6826894921370857,278,262.3014053011137,852.0550704165505
control,a14_h14x20_validated_d1,14.0,prova2,ens,Ca,hole,1.5,0.2589928057553957,0.8663855974622838,278,262.3014053011137,852.0550704165505
control,a14_h14x20_validated_d1,14.0,prova2,ens,Ca,hole,2.0,0.35611510791366907,0.9544997361036417,278,262.3014053011137,852.0550704165505
control,a14_h14x20_validated_d1,14.0,prova2,ens,Ca,hole,3.0,0.49640287769784175,0.9973002039367398,278,262.3014053011137,852.0550704165505
control,a14_h14x20_validated_d1,14.0,prova2,ens,Ti,footprint,0.5,0.08655510675129832,0.3829249225480261,3466,24.839883952244396,63.70290039409663
control,a14_h14x20_validated_d1,14.0,prova2,ens,Ti,footprint,1.0,0.1785920369301789,0.6826894921370857,3466,24.839883952244396,63.70290039409663
control,a14_h14x20_validated_d1,14.0,prova2,ens,Ti,footprint,1.5,0.2703404500865551,0.8663855974622838,3466,24.839883952244396,63.70290039409663
control,a14_h14x20_validated_d1,14.0,prova2,ens,Ti,footprint,2.0,0.34362377380265435,0.9544997361036417,3466,24.839883952244396,63.70290039409663
control,a14_h14x20_validated_d1,14.0,prova2,ens,Ti,footprint,3.0,0.483266012694749,0.9973002039367398,3466,24.839883952244396,63.70290039409663
control,a14_h14x20_validated_d1,14.0,prova2,ens,Ti,hole,0.5,0.16906474820143885,0.3829249225480261,278,77.32280749485764,154.35127661528225
control,a14_h14x20_validated_d1,14.0,prova2,ens,Ti,hole,1.0,0.34532374100719426,0.6826894921370857,278,77.32280749485764,154.35127661528225
control,a14_h14x20_validated_d1,14.0,prova2,ens,Ti,hole,1.5,0.5251798561151079,0.8663855974622838,278,77.32280749485764,154.35127661528225
control,a14_h14x20_validated_d1,14.0,prova2,ens,Ti,hole,2.0,0.6366906474820144,0.9544997361036417,278,77.32280749485764,154.35127661528225
control,a14_h14x20_validated_d1,14.0,prova2,ens,Ti,hole,3.0,0.8093525179856115,0.9973002039367398,278,77.32280749485764,154.35127661528225
control,a14_h14x20_validated_d1,14.0,prova2,ens,Fe,footprint,0.5,0.10675129832660127,0.3829249225480261,3466,34.31569483699151,138.49453881384824
control,a14_h14x20_validated_d1,14.0,prova2,ens,Fe,footprint,1.0,0.20715522215810733,0.6826894921370857,3466,34.31569483699151,138.49453881384824
control,a14_h14x20_validated_d1,14.0,prova2,ens,Fe,footprint,1.5,0.310732833237161,0.8663855974622838,3466,34.31569483699151,138.49453881384824
control,a14_h14x20_validated_d1,14.0,prova2,ens,Fe,footprint,2.0,0.40161569532602426,0.9544997361036417,3466,34.31569483699151,138.49453881384824
control,a14_h14x20_validated_d1,14.0,prova2,ens,Fe,footprint,3.0,0.5441431044431622,0.9973002039367398,3466,34.31569483699151,138.49453881384824
control,a14_h14x20_validated_d1,14.0,prova2,ens,Fe,hole,0.5,0.1366906474820144,0.3829249225480261,278,105.55360457984142,433.41317416161314
control,a14_h14x20_validated_d1,14.0,prova2,ens,Fe,hole,1.0,0.2697841726618705,0.6826894921370857,278,105.55360457984142,433.41317416161314
control,a14_h14x20_validated_d1,14.0,prova2,ens,Fe,hole,1.5,0.460431654676259,0.8663855974622838,278,105.55360457984142,433.41317416161314
control,a14_h14x20_validated_d1,14.0,prova2,ens,Fe,hole,2.0,0.6654676258992805,0.9544997361036417,278,105.55360457984142,433.41317416161314
control,a14_h14x20_validated_d1,14.0,prova2,ens,Fe,hole,3.0,0.7446043165467626,0.9973002039367398,278,105.55360457984142,433.41317416161314
control,a14_h14x20_validated_d1,14.0,prova2,ens,Cu,footprint,0.5,0.2276399307559146,0.3829249225480261,3466,39.802545180776164,119.76679996067197
control,a14_h14x20_validated_d1,14.0,prova2,ens,Cu,footprint,1.0,0.36757068667051357,0.6826894921370857,3466,39.802545180776164,119.76679996067197
control,a14_h14x20_validated_d1,14.0,prova2,ens,Cu,footprint,1.5,0.45585689555683784,0.8663855974622838,3466,39.802545180776164,119.76679996067197
control,a14_h14x20_validated_d1,14.0,prova2,ens,Cu,footprint,2.0,0.5279861511829198,0.9544997361036417,3466,39.802545180776164,119.76679996067197
control,a14_h14x20_validated_d1,14.0,prova2,ens,Cu,footprint,3.0,0.6376226197345644,0.9973002039367398,3466,39.802545180776164,119.76679996067197
control,a14_h14x20_validated_d1,14.0,prova2,ens,Cu,hole,0.5,0.03237410071942446,0.3829249225480261,278,132.00269939295362,382.2480020891253
control,a14_h14x20_validated_d1,14.0,prova2,ens,Cu,hole,1.0,0.07913669064748201,0.6826894921370857,278,132.00269939295362,382.2480020891253
control,a14_h14x20_validated_d1,14.0,prova2,ens,Cu,hole,1.5,0.2158273381294964,0.8663855974622838,278,132.00269939295362,382.2480020891253
control,a14_h14x20_validated_d1,14.0,prova2,ens,Cu,hole,2.0,0.4028776978417266,0.9544997361036417,278,132.00269939295362,382.2480020891253
control,a14_h14x20_validated_d1,14.0,prova2,ens,Cu,hole,3.0,0.7553956834532374,0.9973002039367398,278,132.00269939295362,382.2480020891253
control,a14_h14x20_validated_d1,14.0,prova2,ens,PbLl,footprint,0.5,0.086266589728794,0.3829249225480261,3466,13.573628720889795,51.73878020696413
control,a14_h14x20_validated_d1,14.0,prova2,ens,PbLl,footprint,1.0,0.1569532602423543,0.6826894921370857,3466,13.573628720889795,51.73878020696413
control,a14_h14x20_validated_d1,14.0,prova2,ens,PbLl,footprint,1.5,0.2256203115983843,0.8663855974622838,3466,13.573628720889795,51.73878020696413
control,a14_h14x20_validated_d1,14.0,prova2,ens,PbLl,footprint,2.0,0.28447778418926717,0.9544997361036417,3466,13.573628720889795,51.73878020696413
control,a14_h14x20_validated_d1,14.0,prova2,ens,PbLl,footprint,3.0,0.3831506058857473,0.9973002039367398,3466,13.573628720889795,51.73878020696413
control,a14_h14x20_validated_d1,14.0,prova2,ens,PbLl,hole,0.5,0.1618705035971223,0.3829249225480261,278,42.60436345940503,132.68486980196877
control,a14_h14x20_validated_d1,14.0,prova2,ens,PbLl,hole,1.0,0.31654676258992803,0.6826894921370857,278,42.60436345940503,132.68486980196877
control,a14_h14x20_validated_d1,14.0,prova2,ens,PbLl,hole,1.5,0.44244604316546765,0.8663855974622838,278,42.60436345940503,132.68486980196877
control,a14_h14x20_validated_d1,14.0,prova2,ens,PbLl,hole,2.0,0.5467625899280576,0.9544997361036417,278,42.60436345940503,132.68486980196877
control,a14_h14x20_validated_d1,14.0,prova2,ens,PbLl,hole,3.0,0.6834532374100719,0.9973002039367398,278,42.60436345940503,132.68486980196877
control,a14_h14x20_validated_d1,14.0,prova2,ens,PbLa,footprint,0.5,0.12463935372186959,0.3829249225480261,3466,340.20925757643465,733.7639517138333
control,a14_h14x20_validated_d1,14.0,prova2,ens,PbLa,footprint,1.0,0.23139065204847087,0.6826894921370857,3466,340.20925757643465,733.7639517138333
control,a14_h14x20_validated_d1,14.0,prova2,ens,PbLa,footprint,1.5,0.33496826312752453,0.8663855974622838,3466,340.20925757643465,733.7639517138333
control,a14_h14x20_validated_d1,14.0,prova2,ens,PbLa,footprint,2.0,0.42267743796884016,0.9544997361036417,3466,340.20925757643465,733.7639517138333
control,a14_h14x20_validated_d1,14.0,prova2,ens,PbLa,footprint,3.0,0.5920369301788806,0.9973002039367398,3466,340.20925757643465,733.7639517138333
control,a14_h14x20_validated_d1,14.0,prova2,ens,PbLa,hole,0.5,0.29856115107913667,0.3829249225480261,278,1113.6614321450822,2362.2121110977255
control,a14_h14x20_validated_d1,14.0,prova2,ens,PbLa,hole,1.0,0.5,0.6826894921370857,278,1113.6614321450822,2362.2121110977255
control,a14_h14x20_validated_d1,14.0,prova2,ens,PbLa,hole,1.5,0.5899280575539568,0.8663855974622838,278,1113.6614321450822,2362.2121110977255
control,a14_h14x20_validated_d1,14.0,prova2,ens,PbLa,hole,2.0,0.6798561151079137,0.9544997361036417,278,1113.6614321450822,2362.2121110977255
control,a14_h14x20_validated_d1,14.0,prova2,ens,PbLa,hole,3.0,0.8381294964028777,0.9973002039367398,278,1113.6614321450822,2362.2121110977255
control,a14_h14x20_validated_d1,14.0,prova2,ens,PbLb,footprint,0.5,0.12290825158684363,0.3829249225480261,3466,246.116214061637,537.0431093056917
control,a14_h14x20_validated_d1,14.0,prova2,ens,PbLb,footprint,1.0,0.22388920946335833,0.6826894921370857,3466,246.116214061637,537.0431093056917
control,a14_h14x20_validated_d1,14.0,prova2,ens,PbLb,footprint,1.5,0.3231390652048471,0.8663855974622838,3466,246.116214061637,537.0431093056917
control,a14_h14x20_validated_d1,14.0,prova2,ens,PbLb,footprint,2.0,0.41344489324870165,0.9544997361036417,3466,246.116214061637,537.0431093056917
control,a14_h14x20_validated_d1,14.0,prova2,ens,PbLb,footprint,3.0,0.5678015002885171,0.9973002039367398,3466,246.116214061637,537.0431093056917
control,a14_h14x20_validated_d1,14.0,prova2,ens,PbLb,hole,0.5,0.29136690647482016,0.3829249225480261,278,805.2810683560523,1709.8633883636037
control,a14_h14x20_validated_d1,14.0,prova2,ens,PbLb,hole,1.0,0.4712230215827338,0.6826894921370857,278,805.2810683560523,1709.8633883636037
control,a14_h14x20_validated_d1,14.0,prova2,ens,PbLb,hole,1.5,0.6115107913669064,0.8663855974622838,278,805.2810683560523,1709.8633883636037
control,a14_h14x20_validated_d1,14.0,prova2,ens,PbLb,hole,2.0,0.7014388489208633,0.9544997361036417,278,805.2810683560523,1709.8633883636037
control,a14_h14x20_validated_d1,14.0,prova2,ens,PbLb,hole,3.0,0.8489208633093526,0.9973002039367398,278,805.2810683560523,1709.8633883636037
control,a14_h14x20_validated_d1,14.0,prova2,ens,PbLg,footprint,0.5,0.07991921523369878,0.3829249225480261,3466,32.91489576705725,82.27390153711511
control,a14_h14x20_validated_d1,14.0,prova2,ens,PbLg,footprint,1.0,0.15060588574725908,0.6826894921370857,3466,32.91489576705725,82.27390153711511
control,a14_h14x20_validated_d1,14.0,prova2,ens,PbLg,footprint,1.5,0.2152336987882285,0.8663855974622838,3466,32.91489576705725,82.27390153711511
control,a14_h14x20_validated_d1,14.0,prova2,ens,PbLg,footprint,2.0,0.27813040969417197,0.9544997361036417,3466,32.91489576705725,82.27390153711511
control,a14_h14x20_validated_d1,14.0,prova2,ens,PbLg,footprint,3.0,0.3918061165608771,0.9973002039367398,3466,32.91489576705725,82.27390153711511
control,a14_h14x20_validated_d1,14.0,prova2,ens,PbLg,hole,0.5,0.28776978417266186,0.3829249225480261,278,107.61303099483135,223.44115832855758
control,a14_h14x20_validated_d1,14.0,prova2,ens,PbLg,hole,1.0,0.4460431654676259,0.6826894921370857,278,107.61303099483135,223.44115832855758
control,a14_h14x20_validated_d1,14.0,prova2,ens,PbLg,hole,1.5,0.6151079136690647,0.8663855974622838,278,107.61303099483135,223.44115832855758
control,a14_h14x20_validated_d1,14.0,prova2,ens,PbLg,hole,2.0,0.6870503597122302,0.9544997361036417,278,107.61303099483135,223.44115832855758
control,a14_h14x20_validated_d1,14.0,prova2,ens,PbLg,hole,3.0,0.8453237410071942,0.9973002039367398,278,107.61303099483135,223.44115832855758
control,a14_h14x20_validated_d1,14.0,prova2,total_noref,Ca,footprint,0.5,0.21234852856318523,0.3829249225480261,3466,93.36123974306864,271.34087167283536
control,a14_h14x20_validated_d1,14.0,prova2,total_noref,Ca,footprint,1.0,0.4033467974610502,0.6826894921370857,3466,93.36123974306864,271.34087167283536
control,a14_h14x20_validated_d1,14.0,prova2,total_noref,Ca,footprint,1.5,0.5542412002308136,0.8663855974622838,3466,93.36123974306864,271.34087167283536
control,a14_h14x20_validated_d1,14.0,prova2,total_noref,Ca,footprint,2.0,0.6739757645701097,0.9544997361036417,3466,93.36123974306864,271.34087167283536
control,a14_h14x20_validated_d1,14.0,prova2,total_noref,Ca,footprint,3.0,0.8343912290825158,0.9973002039367398,3466,93.36123974306864,271.34087167283536
control,a14_h14x20_validated_d1,14.0,prova2,total_noref,Ca,hole,0.5,0.08273381294964029,0.3829249225480261,278,262.3967202326279,852.0550704165505
control,a14_h14x20_validated_d1,14.0,prova2,total_noref,Ca,hole,1.0,0.16906474820143885,0.6826894921370857,278,262.3967202326279,852.0550704165505
control,a14_h14x20_validated_d1,14.0,prova2,total_noref,Ca,hole,1.5,0.2589928057553957,0.8663855974622838,278,262.3967202326279,852.0550704165505
control,a14_h14x20_validated_d1,14.0,prova2,total_noref,Ca,hole,2.0,0.35611510791366907,0.9544997361036417,278,262.3967202326279,852.0550704165505
control,a14_h14x20_validated_d1,14.0,prova2,total_noref,Ca,hole,3.0,0.49640287769784175,0.9973002039367398,278,262.3967202326279,852.0550704165505
control,a14_h14x20_validated_d1,14.0,prova2,total_noref,Ti,footprint,0.5,0.24062319676860935,0.3829249225480261,3466,35.5475357895899,63.70290039409663
control,a14_h14x20_validated_d1,14.0,prova2,total_noref,Ti,footprint,1.0,0.447201384881708,0.6826894921370857,3466,35.5475357895899,63.70290039409663
control,a14_h14x20_validated_d1,14.0,prova2,total_noref,Ti,footprint,1.5,0.6203115983843047,0.8663855974622838,3466,35.5475357895899,63.70290039409663
control,a14_h14x20_validated_d1,14.0,prova2,total_noref,Ti,footprint,2.0,0.7414887478361223,0.9544997361036417,3466,35.5475357895899,63.70290039409663
control,a14_h14x20_validated_d1,14.0,prova2,total_noref,Ti,footprint,3.0,0.8958453548759376,0.9973002039367398,3466,35.5475357895899,63.70290039409663
control,a14_h14x20_validated_d1,14.0,prova2,total_noref,Ti,hole,0.5,0.16906474820143885,0.3829249225480261,278,77.46640924450247,154.35127661528225
control,a14_h14x20_validated_d1,14.0,prova2,total_noref,Ti,hole,1.0,0.3489208633093525,0.6826894921370857,278,77.46640924450247,154.35127661528225
control,a14_h14x20_validated_d1,14.0,prova2,total_noref,Ti,hole,1.5,0.5251798561151079,0.8663855974622838,278,77.46640924450247,154.35127661528225
control,a14_h14x20_validated_d1,14.0,prova2,total_noref,Ti,hole,2.0,0.6366906474820144,0.9544997361036417,278,77.46640924450247,154.35127661528225
control,a14_h14x20_validated_d1,14.0,prova2,total_noref,Ti,hole,3.0,0.8129496402877698,0.9973002039367398,278,77.46640924450247,154.35127661528225
control,a14_h14x20_validated_d1,14.0,prova2,total_noref,Fe,footprint,0.5,0.23052510098095788,0.3829249225480261,3466,43.246035416529566,138.49453881384824
control,a14_h14x20_validated_d1,14.0,prova2,total_noref,Fe,footprint,1.0,0.4342181188690133,0.6826894921370857,3466,43.246035416529566,138.49453881384824
control,a14_h14x20_validated_d1,14.0,prova2,total_noref,Fe,footprint,1.5,0.5920369301788806,0.8663855974622838,3466,43.246035416529566,138.49453881384824
control,a14_h14x20_validated_d1,14.0,prova2,total_noref,Fe,footprint,2.0,0.7163877668782458,0.9544997361036417,3466,43.246035416529566,138.49453881384824
control,a14_h14x20_validated_d1,14.0,prova2,total_noref,Fe,footprint,3.0,0.8664166185804962,0.9973002039367398,3466,43.246035416529566,138.49453881384824
control,a14_h14x20_validated_d1,14.0,prova2,total_noref,Fe,hole,0.5,0.14028776978417265,0.3829249225480261,278,105.64080998694087,433.41317416161314
control,a14_h14x20_validated_d1,14.0,prova2,total_noref,Fe,hole,1.0,0.2697841726618705,0.6826894921370857,278,105.64080998694087,433.41317416161314
control,a14_h14x20_validated_d1,14.0,prova2,total_noref,Fe,hole,1.5,0.460431654676259,0.8663855974622838,278,105.64080998694087,433.41317416161314
control,a14_h14x20_validated_d1,14.0,prova2,total_noref,Fe,hole,2.0,0.6690647482014388,0.9544997361036417,278,105.64080998694087,433.41317416161314
control,a14_h14x20_validated_d1,14.0,prova2,total_noref,Fe,hole,3.0,0.7446043165467626,0.9973002039367398,278,105.64080998694087,433.41317416161314
control,a14_h14x20_validated_d1,14.0,prova2,total_noref,Cu,footprint,0.5,0.3118869013271783,0.3829249225480261,3466,46.667448728236536,119.76679996067197
control,a14_h14x20_validated_d1,14.0,prova2,total_noref,Cu,footprint,1.0,0.5181765724177726,0.6826894921370857,3466,46.667448728236536,119.76679996067197
control,a14_h14x20_validated_d1,14.0,prova2,total_noref,Cu,footprint,1.5,0.6630121177149452,0.8663855974622838,3466,46.667448728236536,119.76679996067197
control,a14_h14x20_validated_d1,14.0,prova2,total_noref,Cu,footprint,2.0,0.7634160415464513,0.9544997361036417,3466,46.667448728236536,119.76679996067197
control,a14_h14x20_validated_d1,14.0,prova2,total_noref,Cu,footprint,3.0,0.8949798038084247,0.9973002039367398,3466,46.667448728236536,119.76679996067197
control,a14_h14x20_validated_d1,14.0,prova2,total_noref,Cu,hole,0.5,0.03237410071942446,0.3829249225480261,278,132.08854764628737,382.2480020891253
control,a14_h14x20_validated_d1,14.0,prova2,total_noref,Cu,hole,1.0,0.07913669064748201,0.6826894921370857,278,132.08854764628737,382.2480020891253
control,a14_h14x20_validated_d1,14.0,prova2,total_noref,Cu,hole,1.5,0.2158273381294964,0.8663855974622838,278,132.08854764628737,382.2480020891253
control,a14_h14x20_validated_d1,14.0,prova2,total_noref,Cu,hole,2.0,0.4028776978417266,0.9544997361036417,278,132.08854764628737,382.2480020891253
control,a14_h14x20_validated_d1,14.0,prova2,total_noref,Cu,hole,3.0,0.7589928057553957,0.9973002039367398,278,132.08854764628737,382.2480020891253
control,a14_h14x20_validated_d1,14.0,prova2,total_noref,PbLl,footprint,0.5,0.2550490478938257,0.3829249225480261,3466,25.74826516145843,51.73878020696413
control,a14_h14x20_validated_d1,14.0,prova2,total_noref,PbLl,footprint,1.0,0.4725908828620889,0.6826894921370857,3466,25.74826516145843,51.73878020696413
control,a14_h14x20_validated_d1,14.0,prova2,total_noref,PbLl,footprint,1.5,0.6243508366993653,0.8663855974622838,3466,25.74826516145843,51.73878020696413
control,a14_h14x20_validated_d1,14.0,prova2,total_noref,PbLl,footprint,2.0,0.7446624350836699,0.9544997361036417,3466,25.74826516145843,51.73878020696413
control,a14_h14x20_validated_d1,14.0,prova2,total_noref,PbLl,footprint,3.0,0.8892094633583382,0.9973002039367398,3466,25.74826516145843,51.73878020696413
control,a14_h14x20_validated_d1,14.0,prova2,total_noref,PbLl,hole,0.5,0.1618705035971223,0.3829249225480261,278,42.83792776753514,132.68486980196877
control,a14_h14x20_validated_d1,14.0,prova2,total_noref,PbLl,hole,1.0,0.31654676258992803,0.6826894921370857,278,42.83792776753514,132.68486980196877
control,a14_h14x20_validated_d1,14.0,prova2,total_noref,PbLl,hole,1.5,0.44964028776978415,0.8663855974622838,278,42.83792776753514,132.68486980196877
control,a14_h14x20_validated_d1,14.0,prova2,total_noref,PbLl,hole,2.0,0.5575539568345323,0.9544997361036417,278,42.83792776753514,132.68486980196877
control,a14_h14x20_validated_d1,14.0,prova2,total_noref,PbLl,hole,3.0,0.6834532374100719,0.9973002039367398,278,42.83792776753514,132.68486980196877
control,a14_h14x20_validated_d1,14.0,prova2,total_noref,PbLa,footprint,0.5,0.21004039238315061,0.3829249225480261,3466,356.51575394690707,733.7639517138333
control,a14_h14x20_validated_d1,14.0,prova2,total_noref,PbLa,footprint,1.0,0.4013271783035199,0.6826894921370857,3466,356.51575394690707,733.7639517138333
control,a14_h14x20_validated_d1,14.0,prova2,total_noref,PbLa,footprint,1.5,0.5455856895556838,0.8663855974622838,3466,356.51575394690707,733.7639517138333
control,a14_h14x20_validated_d1,14.0,prova2,total_noref,PbLa,footprint,2.0,0.6791690709751875,0.9544997361036417,3466,356.51575394690707,733.7639517138333
control,a14_h14x20_validated_d1,14.0,prova2,total_noref,PbLa,footprint,3.0,0.8537218695903058,0.9973002039367398,3466,356.51575394690707,733.7639517138333
control,a14_h14x20_validated_d1,14.0,prova2,total_noref,PbLa,hole,0.5,0.29856115107913667,0.3829249225480261,278,1114.5512201062772,2362.2121110977255
control,a14_h14x20_validated_d1,14.0,prova2,total_noref,PbLa,hole,1.0,0.5,0.6826894921370857,278,1114.5512201062772,2362.2121110977255
control,a14_h14x20_validated_d1,14.0,prova2,total_noref,PbLa,hole,1.5,0.5899280575539568,0.8663855974622838,278,1114.5512201062772,2362.2121110977255
control,a14_h14x20_validated_d1,14.0,prova2,total_noref,PbLa,hole,2.0,0.6798561151079137,0.9544997361036417,278,1114.5512201062772,2362.2121110977255
control,a14_h14x20_validated_d1,14.0,prova2,total_noref,PbLa,hole,3.0,0.8381294964028777,0.9973002039367398,278,1114.5512201062772,2362.2121110977255
control,a14_h14x20_validated_d1,14.0,prova2,total_noref,PbLb,footprint,0.5,0.21119446047316792,0.3829249225480261,3466,261.4289316321262,537.0431093056917
control,a14_h14x20_validated_d1,14.0,prova2,total_noref,PbLb,footprint,1.0,0.40363531448355455,0.6826894921370857,3466,261.4289316321262,537.0431093056917
control,a14_h14x20_validated_d1,14.0,prova2,total_noref,PbLb,footprint,1.5,0.5672244662435084,0.8663855974622838,3466,261.4289316321262,537.0431093056917
control,a14_h14x20_validated_d1,14.0,prova2,total_noref,PbLb,footprint,2.0,0.6921523369878823,0.9544997361036417,3466,261.4289316321262,537.0431093056917
control,a14_h14x20_validated_d1,14.0,prova2,total_noref,PbLb,footprint,3.0,0.8589151759953837,0.9973002039367398,3466,261.4289316321262,537.0431093056917
control,a14_h14x20_validated_d1,14.0,prova2,total_noref,PbLb,hole,0.5,0.29136690647482016,0.3829249225480261,278,805.9361959187434,1709.8633883636037
control,a14_h14x20_validated_d1,14.0,prova2,total_noref,PbLb,hole,1.0,0.4712230215827338,0.6826894921370857,278,805.9361959187434,1709.8633883636037
control,a14_h14x20_validated_d1,14.0,prova2,total_noref,PbLb,hole,1.5,0.6115107913669064,0.8663855974622838,278,805.9361959187434,1709.8633883636037
control,a14_h14x20_validated_d1,14.0,prova2,total_noref,PbLb,hole,2.0,0.7014388489208633,0.9544997361036417,278,805.9361959187434,1709.8633883636037
control,a14_h14x20_validated_d1,14.0,prova2,total_noref,PbLb,hole,3.0,0.8489208633093526,0.9973002039367398,278,805.9361959187434,1709.8633883636037
control,a14_h14x20_validated_d1,14.0,prova2,total_noref,PbLg,footprint,0.5,0.24841315637622619,0.3829249225480261,3466,45.276296182270876,82.27390153711511
control,a14_h14x20_validated_d1,14.0,prova2,total_noref,PbLg,footprint,1.0,0.46739757645701097,0.6826894921370857,3466,45.276296182270876,82.27390153711511
control,a14_h14x20_validated_d1,14.0,prova2,total_noref,PbLg,footprint,1.5,0.6312752452394691,0.8663855974622838,3466,45.276296182270876,82.27390153711511
control,a14_h14x20_validated_d1,14.0,prova2,total_noref,PbLg,footprint,2.0,0.753606462781304,0.9544997361036417,3466,45.276296182270876,82.27390153711511
control,a14_h14x20_validated_d1,14.0,prova2,total_noref,PbLg,footprint,3.0,0.897864974033468,0.9973002039367398,3466,45.276296182270876,82.27390153711511
control,a14_h14x20_validated_d1,14.0,prova2,total_noref,PbLg,hole,0.5,0.28776978417266186,0.3829249225480261,278,107.8431765102757,223.44115832855758
control,a14_h14x20_validated_d1,14.0,prova2,total_noref,PbLg,hole,1.0,0.4460431654676259,0.6826894921370857,278,107.8431765102757,223.44115832855758
control,a14_h14x20_validated_d1,14.0,prova2,total_noref,PbLg,hole,1.5,0.6187050359712231,0.8663855974622838,278,107.8431765102757,223.44115832855758
control,a14_h14x20_validated_d1,14.0,prova2,total_noref,PbLg,hole,2.0,0.6870503597122302,0.9544997361036417,278,107.8431765102757,223.44115832855758
control,a14_h14x20_validated_d1,14.0,prova2,total_noref,PbLg,hole,3.0,0.8453237410071942,0.9973002039367398,278,107.8431765102757,223.44115832855758
prior,a14_h14x20_validated_d1,14.0,prova2,ens,Ca,footprint,0.5,0.257934218118869,0.3829249225480261,3466,111.66127973330936,279.6268208277128
prior,a14_h14x20_validated_d1,14.0,prova2,ens,Ca,footprint,1.0,0.45614541257934216,0.6826894921370857,3466,111.66127973330936,279.6268208277128
prior,a14_h14x20_validated_d1,14.0,prova2,ens,Ca,footprint,1.5,0.6156953260242354,0.8663855974622838,3466,111.66127973330936,279.6268208277128
prior,a14_h14x20_validated_d1,14.0,prova2,ens,Ca,footprint,2.0,0.7212925562608193,0.9544997361036417,3466,111.66127973330936,279.6268208277128
prior,a14_h14x20_validated_d1,14.0,prova2,ens,Ca,footprint,3.0,0.8664166185804962,0.9973002039367398,3466,111.66127973330936,279.6268208277128
prior,a14_h14x20_validated_d1,14.0,prova2,ens,Ca,hole,0.5,0.06474820143884892,0.3829249225480261,278,244.15625333555445,869.5088616445458
prior,a14_h14x20_validated_d1,14.0,prova2,ens,Ca,hole,1.0,0.14388489208633093,0.6826894921370857,278,244.15625333555445,869.5088616445458
prior,a14_h14x20_validated_d1,14.0,prova2,ens,Ca,hole,1.5,0.2302158273381295,0.8663855974622838,278,244.15625333555445,869.5088616445458
prior,a14_h14x20_validated_d1,14.0,prova2,ens,Ca,hole,2.0,0.3273381294964029,0.9544997361036417,278,244.15625333555445,869.5088616445458
prior,a14_h14x20_validated_d1,14.0,prova2,ens,Ca,hole,3.0,0.5251798561151079,0.9973002039367398,278,244.15625333555445,869.5088616445458
prior,a14_h14x20_validated_d1,14.0,prova2,ens,Ti,footprint,0.5,0.1860934795152914,0.3829249225480261,3466,31.192102566771933,65.74730979674646
prior,a14_h14x20_validated_d1,14.0,prova2,ens,Ti,footprint,1.0,0.36872475476053085,0.6826894921370857,3466,31.192102566771933,65.74730979674646
prior,a14_h14x20_validated_d1,14.0,prova2,ens,Ti,footprint,1.5,0.5121177149451818,0.8663855974622838,3466,31.192102566771933,65.74730979674646
prior,a14_h14x20_validated_d1,14.0,prova2,ens,Ti,footprint,2.0,0.6200230813618004,0.9544997361036417,3466,31.192102566771933,65.74730979674646
prior,a14_h14x20_validated_d1,14.0,prova2,ens,Ti,footprint,3.0,0.7688978649740335,0.9973002039367398,3466,31.192102566771933,65.74730979674646
prior,a14_h14x20_validated_d1,14.0,prova2,ens,Ti,hole,0.5,0.1510791366906475,0.3829249225480261,278,64.90494312535537,159.24613276335592
prior,a14_h14x20_validated_d1,14.0,prova2,ens,Ti,hole,1.0,0.2949640287769784,0.6826894921370857,278,64.90494312535537,159.24613276335592
prior,a14_h14x20_validated_d1,14.0,prova2,ens,Ti,hole,1.5,0.43884892086330934,0.8663855974622838,278,64.90494312535537,159.24613276335592
prior,a14_h14x20_validated_d1,14.0,prova2,ens,Ti,hole,2.0,0.5539568345323741,0.9544997361036417,278,64.90494312535537,159.24613276335592
prior,a14_h14x20_validated_d1,14.0,prova2,ens,Ti,hole,3.0,0.7338129496402878,0.9973002039367398,278,64.90494312535537,159.24613276335592
prior,a14_h14x20_validated_d1,14.0,prova2,ens,Fe,footprint,0.5,0.19215233698788228,0.3829249225480261,3466,46.268110257246065,144.28114537390448
prior,a14_h14x20_validated_d1,14.0,prova2,ens,Fe,footprint,1.0,0.3753606462781304,0.6826894921370857,3466,46.268110257246065,144.28114537390448
prior,a14_h14x20_validated_d1,14.0,prova2,ens,Fe,footprint,1.5,0.5178880553952683,0.8663855974622838,3466,46.268110257246065,144.28114537390448
prior,a14_h14x20_validated_d1,14.0,prova2,ens,Fe,footprint,2.0,0.6364685516445471,0.9544997361036417,3466,46.268110257246065,144.28114537390448
prior,a14_h14x20_validated_d1,14.0,prova2,ens,Fe,footprint,3.0,0.7827466820542412,0.9973002039367398,3466,46.268110257246065,144.28114537390448
prior,a14_h14x20_validated_d1,14.0,prova2,ens,Fe,hole,0.5,0.1474820143884892,0.3829249225480261,278,89.10924065105088,450.90552568667096
prior,a14_h14x20_validated_d1,14.0,prova2,ens,Fe,hole,1.0,0.37050359712230213,0.6826894921370857,278,89.10924065105088,450.90552568667096
prior,a14_h14x20_validated_d1,14.0,prova2,ens,Fe,hole,1.5,0.5143884892086331,0.8663855974622838,278,89.10924065105088,450.90552568667096
prior,a14_h14x20_validated_d1,14.0,prova2,ens,Fe,hole,2.0,0.6223021582733813,0.9544997361036417,278,89.10924065105088,450.90552568667096
prior,a14_h14x20_validated_d1,14.0,prova2,ens,Fe,hole,3.0,0.7086330935251799,0.9973002039367398,278,89.10924065105088,450.90552568667096
prior,a14_h14x20_validated_d1,14.0,prova2,ens,Cu,footprint,0.5,0.35083669936526257,0.3829249225480261,3466,37.92306021409892,120.96364759442933
prior,a14_h14x20_validated_d1,14.0,prova2,ens,Cu,footprint,1.0,0.5031736872475476,0.6826894921370857,3466,37.92306021409892,120.96364759442933
prior,a14_h14x20_validated_d1,14.0,prova2,ens,Cu,footprint,1.5,0.5989613387189844,0.8663855974622838,3466,37.92306021409892,120.96364759442933
prior,a14_h14x20_validated_d1,14.0,prova2,ens,Cu,footprint,2.0,0.6803231390652048,0.9544997361036417,3466,37.92306021409892,120.96364759442933
prior,a14_h14x20_validated_d1,14.0,prova2,ens,Cu,footprint,3.0,0.7991921523369879,0.9973002039367398,3466,37.92306021409892,120.96364759442933
prior,a14_h14x20_validated_d1,14.0,prova2,ens,Cu,hole,0.5,0.017985611510791366,0.3829249225480261,278,79.55132289102319,381.31308865045355
prior,a14_h14x20_validated_d1,14.0,prova2,ens,Cu,hole,1.0,0.0539568345323741,0.6826894921370857,278,79.55132289102319,381.31308865045355
prior,a14_h14x20_validated_d1,14.0,prova2,ens,Cu,hole,1.5,0.07553956834532374,0.8663855974622838,278,79.55132289102319,381.31308865045355
prior,a14_h14x20_validated_d1,14.0,prova2,ens,Cu,hole,2.0,0.1079136690647482,0.9544997361036417,278,79.55132289102319,381.31308865045355
prior,a14_h14x20_validated_d1,14.0,prova2,ens,Cu,hole,3.0,0.3129496402877698,0.9973002039367398,278,79.55132289102319,381.31308865045355
prior,a14_h14x20_validated_d1,14.0,prova2,ens,PbLl,footprint,0.5,0.17397576457010963,0.3829249225480261,3466,18.589510636587583,52.91258934852907
prior,a14_h14x20_validated_d1,14.0,prova2,ens,PbLl,footprint,1.0,0.3237160992498557,0.6826894921370857,3466,18.589510636587583,52.91258934852907
prior,a14_h14x20_validated_d1,14.0,prova2,ens,PbLl,footprint,1.5,0.4512406231967686,0.8663855974622838,3466,18.589510636587583,52.91258934852907
prior,a14_h14x20_validated_d1,14.0,prova2,ens,PbLl,footprint,2.0,0.5559723023658396,0.9544997361036417,3466,18.589510636587583,52.91258934852907
prior,a14_h14x20_validated_d1,14.0,prova2,ens,PbLl,footprint,3.0,0.7045585689555683,0.9973002039367398,3466,18.589510636587583,52.91258934852907
prior,a14_h14x20_validated_d1,14.0,prova2,ens,PbLl,hole,0.5,0.1618705035971223,0.3829249225480261,278,34.19291675988818,135.35062877441837
prior,a14_h14x20_validated_d1,14.0,prova2,ens,PbLl,hole,1.0,0.2805755395683453,0.6826894921370857,278,34.19291675988818,135.35062877441837
prior,a14_h14x20_validated_d1,14.0,prova2,ens,PbLl,hole,1.5,0.3776978417266187,0.8663855974622838,278,34.19291675988818,135.35062877441837
prior,a14_h14x20_validated_d1,14.0,prova2,ens,PbLl,hole,2.0,0.48201438848920863,0.9544997361036417,278,34.19291675988818,135.35062877441837
prior,a14_h14x20_validated_d1,14.0,prova2,ens,PbLl,hole,3.0,0.6115107913669064,0.9973002039367398,278,34.19291675988818,135.35062877441837
prior,a14_h14x20_validated_d1,14.0,prova2,ens,PbLa,footprint,0.5,0.4068090017311021,0.3829249225480261,3466,444.9064439715255,762.4945651399881
prior,a14_h14x20_validated_d1,14.0,prova2,ens,PbLa,footprint,1.0,0.6967686093479515,0.6826894921370857,3466,444.9064439715255,762.4945651399881
prior,a14_h14x20_validated_d1,14.0,prova2,ens,PbLa,footprint,1.5,0.8499711482977496,0.8663855974622838,3466,444.9064439715255,762.4945651399881
prior,a14_h14x20_validated_d1,14.0,prova2,ens,PbLa,footprint,2.0,0.9232544720138488,0.9544997361036417,3466,444.9064439715255,762.4945651399881
prior,a14_h14x20_validated_d1,14.0,prova2,ens,PbLa,footprint,3.0,0.9705712637045586,0.9973002039367398,3466,444.9064439715255,762.4945651399881
prior,a14_h14x20_validated_d1,14.0,prova2,ens,PbLa,hole,0.5,0.1906474820143885,0.3829249225480261,278,823.2031809054868,2393.1469546772337
prior,a14_h14x20_validated_d1,14.0,prova2,ens,PbLa,hole,1.0,0.35611510791366907,0.6826894921370857,278,823.2031809054868,2393.1469546772337
prior,a14_h14x20_validated_d1,14.0,prova2,ens,PbLa,hole,1.5,0.49280575539568344,0.8663855974622838,278,823.2031809054868,2393.1469546772337
prior,a14_h14x20_validated_d1,14.0,prova2,ens,PbLa,hole,2.0,0.5899280575539568,0.9544997361036417,278,823.2031809054868,2393.1469546772337
prior,a14_h14x20_validated_d1,14.0,prova2,ens,PbLa,hole,3.0,0.7014388489208633,0.9973002039367398,278,823.2031809054868,2393.1469546772337
prior,a14_h14x20_validated_d1,14.0,prova2,ens,PbLb,footprint,0.5,0.3020773225620312,0.3829249225480261,3466,288.8267177804801,556.6511976220113
prior,a14_h14x20_validated_d1,14.0,prova2,ens,PbLb,footprint,1.0,0.5643392960184651,0.6826894921370857,3466,288.8267177804801,556.6511976220113
prior,a14_h14x20_validated_d1,14.0,prova2,ens,PbLb,footprint,1.5,0.7374495095210617,0.8663855974622838,3466,288.8267177804801,556.6511976220113
prior,a14_h14x20_validated_d1,14.0,prova2,ens,PbLb,footprint,2.0,0.8453548759376803,0.9544997361036417,3466,288.8267177804801,556.6511976220113
prior,a14_h14x20_validated_d1,14.0,prova2,ens,PbLb,footprint,3.0,0.9451817657241778,0.9973002039367398,3466,288.8267177804801,556.6511976220113
prior,a14_h14x20_validated_d1,14.0,prova2,ens,PbLb,hole,0.5,0.17266187050359713,0.3829249225480261,278,575.1297923859635,1731.648992740242
prior,a14_h14x20_validated_d1,14.0,prova2,ens,PbLb,hole,1.0,0.3129496402877698,0.6826894921370857,278,575.1297923859635,1731.648992740242
prior,a14_h14x20_validated_d1,14.0,prova2,ens,PbLb,hole,1.5,0.44964028776978415,0.8663855974622838,278,575.1297923859635,1731.648992740242
prior,a14_h14x20_validated_d1,14.0,prova2,ens,PbLb,hole,2.0,0.5503597122302158,0.9544997361036417,278,575.1297923859635,1731.648992740242
prior,a14_h14x20_validated_d1,14.0,prova2,ens,PbLb,hole,3.0,0.7014388489208633,0.9973002039367398,278,575.1297923859635,1731.648992740242
prior,a14_h14x20_validated_d1,14.0,prova2,ens,PbLg,footprint,0.5,0.190132717830352,0.3829249225480261,3466,37.698064892618355,85.02486146911352
prior,a14_h14x20_validated_d1,14.0,prova2,ens,PbLg,footprint,1.0,0.33929601846508944,0.6826894921370857,3466,37.698064892618355,85.02486146911352
prior,a14_h14x20_validated_d1,14.0,prova2,ens,PbLg,footprint,1.5,0.48845931909982687,0.8663855974622838,3466,37.698064892618355,85.02486146911352
prior,a14_h14x20_validated_d1,14.0,prova2,ens,PbLg,footprint,2.0,0.582804385458742,0.9544997361036417,3466,37.698064892618355,85.02486146911352
prior,a14_h14x20_validated_d1,14.0,prova2,ens,PbLg,footprint,3.0,0.7357184073860358,0.9973002039367398,3466,37.698064892618355,85.02486146911352
prior,a14_h14x20_validated_d1,14.0,prova2,ens,PbLg,hole,0.5,0.16906474820143885,0.3829249225480261,278,77.85733915718409,227.57119786766393
prior,a14_h14x20_validated_d1,14.0,prova2,ens,PbLg,hole,1.0,0.29856115107913667,0.6826894921370857,278,77.85733915718409,227.57119786766393
prior,a14_h14x20_validated_d1,14.0,prova2,ens,PbLg,hole,1.5,0.4676258992805755,0.8663855974622838,278,77.85733915718409,227.57119786766393
prior,a14_h14x20_validated_d1,14.0,prova2,ens,PbLg,hole,2.0,0.5359712230215827,0.9544997361036417,278,77.85733915718409,227.57119786766393
prior,a14_h14x20_validated_d1,14.0,prova2,ens,PbLg,hole,3.0,0.6834532374100719,0.9973002039367398,278,77.85733915718409,227.57119786766393
prior,a14_h14x20_validated_d1,14.0,prova2,total_noref,Ca,footprint,0.5,0.29919215233698787,0.3829249225480261,3466,118.58686433396129,279.6268208277128
prior,a14_h14x20_validated_d1,14.0,prova2,total_noref,Ca,footprint,1.0,0.5354875937680323,0.6826894921370857,3466,118.58686433396129,279.6268208277128
prior,a14_h14x20_validated_d1,14.0,prova2,total_noref,Ca,footprint,1.5,0.6973456433929602,0.8663855974622838,3466,118.58686433396129,279.6268208277128
prior,a14_h14x20_validated_d1,14.0,prova2,total_noref,Ca,footprint,2.0,0.8066935949221004,0.9544997361036417,3466,118.58686433396129,279.6268208277128
prior,a14_h14x20_validated_d1,14.0,prova2,total_noref,Ca,footprint,3.0,0.9180611656087709,0.9973002039367398,3466,118.58686433396129,279.6268208277128
prior,a14_h14x20_validated_d1,14.0,prova2,total_noref,Ca,hole,0.5,0.06474820143884892,0.3829249225480261,278,244.26455031625187,869.5088616445458
prior,a14_h14x20_validated_d1,14.0,prova2,total_noref,Ca,hole,1.0,0.1474820143884892,0.6826894921370857,278,244.26455031625187,869.5088616445458
prior,a14_h14x20_validated_d1,14.0,prova2,total_noref,Ca,hole,1.5,0.2302158273381295,0.8663855974622838,278,244.26455031625187,869.5088616445458
prior,a14_h14x20_validated_d1,14.0,prova2,total_noref,Ca,hole,2.0,0.3273381294964029,0.9544997361036417,278,244.26455031625187,869.5088616445458
prior,a14_h14x20_validated_d1,14.0,prova2,total_noref,Ca,hole,3.0,0.5251798561151079,0.9973002039367398,278,244.26455031625187,869.5088616445458
prior,a14_h14x20_validated_d1,14.0,prova2,total_noref,Ti,footprint,0.5,0.28649740334679746,0.3829249225480261,3466,39.980417494083056,65.74730979674646
prior,a14_h14x20_validated_d1,14.0,prova2,total_noref,Ti,footprint,1.0,0.5219272937103289,0.6826894921370857,3466,39.980417494083056,65.74730979674646
prior,a14_h14x20_validated_d1,14.0,prova2,total_noref,Ti,footprint,1.5,0.6872475476053087,0.8663855974622838,3466,39.980417494083056,65.74730979674646
prior,a14_h14x20_validated_d1,14.0,prova2,total_noref,Ti,footprint,2.0,0.8052510098095788,0.9544997361036417,3466,39.980417494083056,65.74730979674646
prior,a14_h14x20_validated_d1,14.0,prova2,total_noref,Ti,footprint,3.0,0.9255626081938835,0.9973002039367398,3466,39.980417494083056,65.74730979674646
prior,a14_h14x20_validated_d1,14.0,prova2,total_noref,Ti,hole,0.5,0.1510791366906475,0.3829249225480261,278,65.07359140224162,159.24613276335592
prior,a14_h14x20_validated_d1,14.0,prova2,total_noref,Ti,hole,1.0,0.2949640287769784,0.6826894921370857,278,65.07359140224162,159.24613276335592
prior,a14_h14x20_validated_d1,14.0,prova2,total_noref,Ti,hole,1.5,0.43884892086330934,0.8663855974622838,278,65.07359140224162,159.24613276335592
prior,a14_h14x20_validated_d1,14.0,prova2,total_noref,Ti,hole,2.0,0.5611510791366906,0.9544997361036417,278,65.07359140224162,159.24613276335592
prior,a14_h14x20_validated_d1,14.0,prova2,total_noref,Ti,hole,3.0,0.7338129496402878,0.9973002039367398,278,65.07359140224162,159.24613276335592
prior,a14_h14x20_validated_d1,14.0,prova2,total_noref,Fe,footprint,0.5,0.2787074437391806,0.3829249225480261,3466,53.12817911792297,144.28114537390448
prior,a14_h14x20_validated_d1,14.0,prova2,total_noref,Fe,footprint,1.0,0.5204847085978073,0.6826894921370857,3466,53.12817911792297,144.28114537390448
prior,a14_h14x20_validated_d1,14.0,prova2,total_noref,Fe,footprint,1.5,0.6846508944027697,0.8663855974622838,3466,53.12817911792297,144.28114537390448
prior,a14_h14x20_validated_d1,14.0,prova2,total_noref,Fe,footprint,2.0,0.79399884593191,0.9544997361036417,3466,53.12817911792297,144.28114537390448
prior,a14_h14x20_validated_d1,14.0,prova2,total_noref,Fe,footprint,3.0,0.9218118869013272,0.9973002039367398,3466,53.12817911792297,144.28114537390448
prior,a14_h14x20_validated_d1,14.0,prova2,total_noref,Fe,hole,0.5,0.1510791366906475,0.3829249225480261,278,89.1957020843481,450.90552568667096
prior,a14_h14x20_validated_d1,14.0,prova2,total_noref,Fe,hole,1.0,0.37050359712230213,0.6826894921370857,278,89.1957020843481,450.90552568667096
prior,a14_h14x20_validated_d1,14.0,prova2,total_noref,Fe,hole,1.5,0.5143884892086331,0.8663855974622838,278,89.1957020843481,450.90552568667096
prior,a14_h14x20_validated_d1,14.0,prova2,total_noref,Fe,hole,2.0,0.6223021582733813,0.9544997361036417,278,89.1957020843481,450.90552568667096
prior,a14_h14x20_validated_d1,14.0,prova2,total_noref,Fe,hole,3.0,0.7086330935251799,0.9973002039367398,278,89.1957020843481,450.90552568667096
prior,a14_h14x20_validated_d1,14.0,prova2,total_noref,Cu,footprint,0.5,0.39642238892094633,0.3829249225480261,3466,44.50283166862101,120.96364759442933
prior,a14_h14x20_validated_d1,14.0,prova2,total_noref,Cu,footprint,1.0,0.5877091748413157,0.6826894921370857,3466,44.50283166862101,120.96364759442933
prior,a14_h14x20_validated_d1,14.0,prova2,total_noref,Cu,footprint,1.5,0.7080207732256203,0.8663855974622838,3466,44.50283166862101,120.96364759442933
prior,a14_h14x20_validated_d1,14.0,prova2,total_noref,Cu,footprint,2.0,0.8012117714945182,0.9544997361036417,3466,44.50283166862101,120.96364759442933
prior,a14_h14x20_validated_d1,14.0,prova2,total_noref,Cu,footprint,3.0,0.896999422965955,0.9973002039367398,3466,44.50283166862101,120.96364759442933
prior,a14_h14x20_validated_d1,14.0,prova2,total_noref,Cu,hole,0.5,0.017985611510791366,0.3829249225480261,278,79.6816902011095,381.31308865045355
prior,a14_h14x20_validated_d1,14.0,prova2,total_noref,Cu,hole,1.0,0.0539568345323741,0.6826894921370857,278,79.6816902011095,381.31308865045355
prior,a14_h14x20_validated_d1,14.0,prova2,total_noref,Cu,hole,1.5,0.07553956834532374,0.8663855974622838,278,79.6816902011095,381.31308865045355
prior,a14_h14x20_validated_d1,14.0,prova2,total_noref,Cu,hole,2.0,0.1079136690647482,0.9544997361036417,278,79.6816902011095,381.31308865045355
prior,a14_h14x20_validated_d1,14.0,prova2,total_noref,Cu,hole,3.0,0.3129496402877698,0.9973002039367398,278,79.6816902011095,381.31308865045355
prior,a14_h14x20_validated_d1,14.0,prova2,total_noref,PbLl,footprint,0.5,0.29255626081938835,0.3829249225480261,3466,28.14517142422482,52.91258934852907
prior,a14_h14x20_validated_d1,14.0,prova2,total_noref,PbLl,footprint,1.0,0.5222158107328332,0.6826894921370857,3466,28.14517142422482,52.91258934852907
prior,a14_h14x20_validated_d1,14.0,prova2,total_noref,PbLl,footprint,1.5,0.6823427582227352,0.8663855974622838,3466,28.14517142422482,52.91258934852907
prior,a14_h14x20_validated_d1,14.0,prova2,total_noref,PbLl,footprint,2.0,0.8012117714945182,0.9544997361036417,3466,28.14517142422482,52.91258934852907
prior,a14_h14x20_validated_d1,14.0,prova2,total_noref,PbLl,footprint,3.0,0.9186381996537796,0.9973002039367398,3466,28.14517142422482,52.91258934852907
prior,a14_h14x20_validated_d1,14.0,prova2,total_noref,PbLl,hole,0.5,0.1618705035971223,0.3829249225480261,278,34.438321925454765,135.35062877441837
prior,a14_h14x20_validated_d1,14.0,prova2,total_noref,PbLl,hole,1.0,0.2841726618705036,0.6826894921370857,278,34.438321925454765,135.35062877441837
prior,a14_h14x20_validated_d1,14.0,prova2,total_noref,PbLl,hole,1.5,0.38848920863309355,0.8663855974622838,278,34.438321925454765,135.35062877441837
prior,a14_h14x20_validated_d1,14.0,prova2,total_noref,PbLl,hole,2.0,0.48201438848920863,0.9544997361036417,278,34.438321925454765,135.35062877441837
prior,a14_h14x20_validated_d1,14.0,prova2,total_noref,PbLl,hole,3.0,0.6115107913669064,0.9973002039367398,278,34.438321925454765,135.35062877441837
prior,a14_h14x20_validated_d1,14.0,prova2,total_noref,PbLa,footprint,0.5,0.42671667628390075,0.3829249225480261,3466,456.6062147659217,762.4945651399881
prior,a14_h14x20_validated_d1,14.0,prova2,total_noref,PbLa,footprint,1.0,0.7224466243508367,0.6826894921370857,3466,456.6062147659217,762.4945651399881
prior,a14_h14x20_validated_d1,14.0,prova2,total_noref,PbLa,footprint,1.5,0.8675706866705135,0.8663855974622838,3466,456.6062147659217,762.4945651399881
prior,a14_h14x20_validated_d1,14.0,prova2,total_noref,PbLa,footprint,2.0,0.9333525678015003,0.9544997361036417,3466,456.6062147659217,762.4945651399881
prior,a14_h14x20_validated_d1,14.0,prova2,total_noref,PbLa,footprint,3.0,0.9725908828620888,0.9973002039367398,3466,456.6062147659217,762.4945651399881
prior,a14_h14x20_validated_d1,14.0,prova2,total_noref,PbLa,hole,0.5,0.1906474820143885,0.3829249225480261,278,824.1936946810365,2393.1469546772337
prior,a14_h14x20_validated_d1,14.0,prova2,total_noref,PbLa,hole,1.0,0.35611510791366907,0.6826894921370857,278,824.1936946810365,2393.1469546772337
prior,a14_h14x20_validated_d1,14.0,prova2,total_noref,PbLa,hole,1.5,0.49280575539568344,0.8663855974622838,278,824.1936946810365,2393.1469546772337
prior,a14_h14x20_validated_d1,14.0,prova2,total_noref,PbLa,hole,2.0,0.5899280575539568,0.9544997361036417,278,824.1936946810365,2393.1469546772337
prior,a14_h14x20_validated_d1,14.0,prova2,total_noref,PbLa,hole,3.0,0.7050359712230215,0.9973002039367398,278,824.1936946810365,2393.1469546772337
prior,a14_h14x20_validated_d1,14.0,prova2,total_noref,PbLb,footprint,0.5,0.3381419503750721,0.3829249225480261,3466,301.05436989808373,556.6511976220113
prior,a14_h14x20_validated_d1,14.0,prova2,total_noref,PbLb,footprint,1.0,0.619734564339296,0.6826894921370857,3466,301.05436989808373,556.6511976220113
prior,a14_h14x20_validated_d1,14.0,prova2,total_noref,PbLb,footprint,1.5,0.7888055395268321,0.8663855974622838,3466,301.05436989808373,556.6511976220113
prior,a14_h14x20_validated_d1,14.0,prova2,total_noref,PbLb,footprint,2.0,0.8843046739757646,0.9544997361036417,3466,301.05436989808373,556.6511976220113
prior,a14_h14x20_validated_d1,14.0,prova2,total_noref,PbLb,footprint,3.0,0.9630698211194461,0.9973002039367398,3466,301.05436989808373,556.6511976220113
prior,a14_h14x20_validated_d1,14.0,prova2,total_noref,PbLb,hole,0.5,0.17266187050359713,0.3829249225480261,278,575.8771837315256,1731.648992740242
prior,a14_h14x20_validated_d1,14.0,prova2,total_noref,PbLb,hole,1.0,0.3129496402877698,0.6826894921370857,278,575.8771837315256,1731.648992740242
prior,a14_h14x20_validated_d1,14.0,prova2,total_noref,PbLb,hole,1.5,0.44964028776978415,0.8663855974622838,278,575.8771837315256,1731.648992740242
prior,a14_h14x20_validated_d1,14.0,prova2,total_noref,PbLb,hole,2.0,0.5503597122302158,0.9544997361036417,278,575.8771837315256,1731.648992740242
prior,a14_h14x20_validated_d1,14.0,prova2,total_noref,PbLb,hole,3.0,0.7014388489208633,0.9973002039367398,278,575.8771837315256,1731.648992740242
prior,a14_h14x20_validated_d1,14.0,prova2,total_noref,PbLg,footprint,0.5,0.2899596076168494,0.3829249225480261,3466,48.54385844845419,85.02486146911352
prior,a14_h14x20_validated_d1,14.0,prova2,total_noref,PbLg,footprint,1.0,0.5213502596653202,0.6826894921370857,3466,48.54385844845419,85.02486146911352
prior,a14_h14x20_validated_d1,14.0,prova2,total_noref,PbLg,footprint,1.5,0.6947489901904212,0.8663855974622838,3466,48.54385844845419,85.02486146911352
prior,a14_h14x20_validated_d1,14.0,prova2,total_noref,PbLg,footprint,2.0,0.8058280438545874,0.9544997361036417,3466,48.54385844845419,85.02486146911352
prior,a14_h14x20_validated_d1,14.0,prova2,total_noref,PbLg,footprint,3.0,0.9226774379688402,0.9973002039367398,3466,48.54385844845419,85.02486146911352
prior,a14_h14x20_validated_d1,14.0,prova2,total_noref,PbLg,hole,0.5,0.16906474820143885,0.3829249225480261,278,78.14730907374262,227.57119786766393
prior,a14_h14x20_validated_d1,14.0,prova2,total_noref,PbLg,hole,1.0,0.29856115107913667,0.6826894921370857,278,78.14730907374262,227.57119786766393
prior,a14_h14x20_validated_d1,14.0,prova2,total_noref,PbLg,hole,1.5,0.4676258992805755,0.8663855974622838,278,78.14730907374262,227.57119786766393
prior,a14_h14x20_validated_d1,14.0,prova2,total_noref,PbLg,hole,2.0,0.5359712230215827,0.9544997361036417,278,78.14730907374262,227.57119786766393
prior,a14_h14x20_validated_d1,14.0,prova2,total_noref,PbLg,hole,3.0,0.6834532374100719,0.9973002039367398,278,78.14730907374262,227.57119786766393
posterior,a14_h14x20_validated_d1,14.0,prova2,ens,Ca,footprint,0.5,0.21956145412579342,0.3829249225480261,3466,96.86687673687666,290.4555159143037
posterior,a14_h14x20_validated_d1,14.0,prova2,ens,Ca,footprint,1.0,0.42873629544143105,0.6826894921370857,3466,96.86687673687666,290.4555159143037
posterior,a14_h14x20_validated_d1,14.0,prova2,ens,Ca,footprint,1.5,0.599538372763993,0.8663855974622838,3466,96.86687673687666,290.4555159143037
posterior,a14_h14x20_validated_d1,14.0,prova2,ens,Ca,footprint,2.0,0.7143681477207156,0.9544997361036417,3466,96.86687673687666,290.4555159143037
posterior,a14_h14x20_validated_d1,14.0,prova2,ens,Ca,footprint,3.0,0.8615118291979227,0.9973002039367398,3466,96.86687673687666,290.4555159143037
posterior,a14_h14x20_validated_d1,14.0,prova2,ens,Ca,hole,0.5,0.046762589928057555,0.3829249225480261,278,218.28402671497255,912.0233972104078
posterior,a14_h14x20_validated_d1,14.0,prova2,ens,Ca,hole,1.0,0.11870503597122302,0.6826894921370857,278,218.28402671497255,912.0233972104078
posterior,a14_h14x20_validated_d1,14.0,prova2,ens,Ca,hole,1.5,0.19424460431654678,0.8663855974622838,278,218.28402671497255,912.0233972104078
posterior,a14_h14x20_validated_d1,14.0,prova2,ens,Ca,hole,2.0,0.2589928057553957,0.9544997361036417,278,218.28402671497255,912.0233972104078
posterior,a14_h14x20_validated_d1,14.0,prova2,ens,Ca,hole,3.0,0.37050359712230213,0.9973002039367398,278,218.28402671497255,912.0233972104078
posterior,a14_h14x20_validated_d1,14.0,prova2,ens,Ti,footprint,0.5,0.16070398153491056,0.3829249225480261,3466,27.55252833387337,66.57501298943967
posterior,a14_h14x20_validated_d1,14.0,prova2,ens,Ti,footprint,1.0,0.31130986728216964,0.6826894921370857,3466,27.55252833387337,66.57501298943967
posterior,a14_h14x20_validated_d1,14.0,prova2,ens,Ti,footprint,1.5,0.4425851125216388,0.8663855974622838,3466,27.55252833387337,66.57501298943967
posterior,a14_h14x20_validated_d1,14.0,prova2,ens,Ti,footprint,2.0,0.5530871321407963,0.9544997361036417,3466,27.55252833387337,66.57501298943967
posterior,a14_h14x20_validated_d1,14.0,prova2,ens,Ti,footprint,3.0,0.7218695903058281,0.9973002039367398,3466,27.55252833387337,66.57501298943967
posterior,a14_h14x20_validated_d1,14.0,prova2,ens,Ti,hole,0.5,0.1366906474820144,0.3829249225480261,278,65.85122383351433,163.26207357509534
posterior,a14_h14x20_validated_d1,14.0,prova2,ens,Ti,hole,1.0,0.26258992805755393,0.6826894921370857,278,65.85122383351433,163.26207357509534
posterior,a14_h14x20_validated_d1,14.0,prova2,ens,Ti,hole,1.5,0.39928057553956836,0.8663855974622838,278,65.85122383351433,163.26207357509534
posterior,a14_h14x20_validated_d1,14.0,prova2,ens,Ti,hole,2.0,0.5467625899280576,0.9544997361036417,278,65.85122383351433,163.26207357509534
posterior,a14_h14x20_validated_d1,14.0,prova2,ens,Ti,hole,3.0,0.7158273381294964,0.9973002039367398,278,65.85122383351433,163.26207357509534
posterior,a14_h14x20_validated_d1,14.0,prova2,ens,Fe,footprint,0.5,0.14743219849971148,0.3829249225480261,3466,37.958049168590435,142.321670055564
posterior,a14_h14x20_validated_d1,14.0,prova2,ens,Fe,footprint,1.0,0.2977495672244662,0.6826894921370857,3466,37.958049168590435,142.321670055564
posterior,a14_h14x20_validated_d1,14.0,prova2,ens,Fe,footprint,1.5,0.42902481246393537,0.8663855974622838,3466,37.958049168590435,142.321670055564
posterior,a14_h14x20_validated_d1,14.0,prova2,ens,Fe,footprint,2.0,0.5418349682631275,0.9544997361036417,3466,37.958049168590435,142.321670055564
posterior,a14_h14x20_validated_d1,14.0,prova2,ens,Fe,footprint,3.0,0.688401615695326,0.9973002039367398,3466,37.958049168590435,142.321670055564
posterior,a14_h14x20_validated_d1,14.0,prova2,ens,Fe,hole,0.5,0.14028776978417265,0.3829249225480261,278,83.63189783935903,443.91182264370036
posterior,a14_h14x20_validated_d1,14.0,prova2,ens,Fe,hole,1.0,0.30935251798561153,0.6826894921370857,278,83.63189783935903,443.91182264370036
posterior,a14_h14x20_validated_d1,14.0,prova2,ens,Fe,hole,1.5,0.4856115107913669,0.8663855974622838,278,83.63189783935903,443.91182264370036
posterior,a14_h14x20_validated_d1,14.0,prova2,ens,Fe,hole,2.0,0.6079136690647482,0.9544997361036417,278,83.63189783935903,443.91182264370036
posterior,a14_h14x20_validated_d1,14.0,prova2,ens,Fe,hole,3.0,0.7302158273381295,0.9973002039367398,278,83.63189783935903,443.91182264370036
posterior,a14_h14x20_validated_d1,14.0,prova2,ens,Cu,footprint,0.5,0.28216964800923255,0.3829249225480261,3466,35.61968566858637,121.33658532446137
posterior,a14_h14x20_validated_d1,14.0,prova2,ens,Cu,footprint,1.0,0.4572994806693595,0.6826894921370857,3466,35.61968566858637,121.33658532446137
posterior,a14_h14x20_validated_d1,14.0,prova2,ens,Cu,footprint,1.5,0.5513560300057704,0.8663855974622838,3466,35.61968566858637,121.33658532446137
posterior,a14_h14x20_validated_d1,14.0,prova2,ens,Cu,footprint,2.0,0.6396422388920946,0.9544997361036417,3466,35.61968566858637,121.33658532446137
posterior,a14_h14x20_validated_d1,14.0,prova2,ens,Cu,footprint,3.0,0.7775533756491633,0.9973002039367398,3466,35.61968566858637,121.33658532446137
posterior,a14_h14x20_validated_d1,14.0,prova2,ens,Cu,hole,0.5,0.025179856115107913,0.3829249225480261,278,92.11987516501321,382.92321613584386
posterior,a14_h14x20_validated_d1,14.0,prova2,ens,Cu,hole,1.0,0.046762589928057555,0.6826894921370857,278,92.11987516501321,382.92321613584386
posterior,a14_h14x20_validated_d1,14.0,prova2,ens,Cu,hole,1.5,0.08633093525179857,0.8663855974622838,278,92.11987516501321,382.92321613584386
posterior,a14_h14x20_validated_d1,14.0,prova2,ens,Cu,hole,2.0,0.18705035971223022,0.9544997361036417,278,92.11987516501321,382.92321613584386
posterior,a14_h14x20_validated_d1,14.0,prova2,ens,Cu,hole,3.0,0.5539568345323741,0.9973002039367398,278,92.11987516501321,382.92321613584386
posterior,a14_h14x20_validated_d1,14.0,prova2,ens,PbLl,footprint,0.5,0.14714368147720716,0.3829249225480261,3466,15.944210587541333,52.447875730894935
posterior,a14_h14x20_validated_d1,14.0,prova2,ens,PbLl,footprint,1.0,0.257934218118869,0.6826894921370857,3466,15.944210587541333,52.447875730894935
posterior,a14_h14x20_validated_d1,14.0,prova2,ens,PbLl,footprint,1.5,0.3661281015579919,0.8663855974622838,3466,15.944210587541333,52.447875730894935
posterior,a14_h14x20_validated_d1,14.0,prova2,ens,PbLl,footprint,2.0,0.4598961338718984,0.9544997361036417,3466,15.944210587541333,52.447875730894935
posterior,a14_h14x20_validated_d1,14.0,prova2,ens,PbLl,footprint,3.0,0.6064627813040969,0.9973002039367398,3466,15.944210587541333,52.447875730894935
posterior,a14_h14x20_validated_d1,14.0,prova2,ens,PbLl,hole,0.5,0.16546762589928057,0.3829249225480261,278,38.18290339737742,134.05508493176757
posterior,a14_h14x20_validated_d1,14.0,prova2,ens,PbLl,hole,1.0,0.26618705035971224,0.6826894921370857,278,38.18290339737742,134.05508493176757
posterior,a14_h14x20_validated_d1,14.0,prova2,ens,PbLl,hole,1.5,0.42805755395683454,0.8663855974622838,278,38.18290339737742,134.05508493176757
posterior,a14_h14x20_validated_d1,14.0,prova2,ens,PbLl,hole,2.0,0.5179856115107914,0.9544997361036417,278,38.18290339737742,134.05508493176757
posterior,a14_h14x20_validated_d1,14.0,prova2,ens,PbLl,hole,3.0,0.6510791366906474,0.9973002039367398,278,38.18290339737742,134.05508493176757
posterior,a14_h14x20_validated_d1,14.0,prova2,ens,PbLa,footprint,0.5,0.29284477784189267,0.3829249225480261,3466,365.66072975000384,752.6780674948441
posterior,a14_h14x20_validated_d1,14.0,prova2,ens,PbLa,footprint,1.0,0.5476053087132141,0.6826894921370857,3466,365.66072975000384,752.6780674948441
posterior,a14_h14x20_validated_d1,14.0,prova2,ens,PbLa,footprint,1.5,0.7238892094633583,0.8663855974622838,3466,365.66072975000384,752.6780674948441
posterior,a14_h14x20_validated_d1,14.0,prova2,ens,PbLa,footprint,2.0,0.8366993652625505,0.9544997361036417,3466,365.66072975000384,752.6780674948441
posterior,a14_h14x20_validated_d1,14.0,prova2,ens,PbLa,footprint,3.0,0.9399884593190998,0.9973002039367398,3466,365.66072975000384,752.6780674948441
posterior,a14_h14x20_validated_d1,14.0,prova2,ens,PbLa,hole,0.5,0.2302158273381295,0.3829249225480261,278,912.086526615241,2364.5648385513814
posterior,a14_h14x20_validated_d1,14.0,prova2,ens,PbLa,hole,1.0,0.4064748201438849,0.6826894921370857,278,912.086526615241,2364.5648385513814
posterior,a14_h14x20_validated_d1,14.0,prova2,ens,PbLa,hole,1.5,0.5467625899280576,0.8663855974622838,278,912.086526615241,2364.5648385513814
posterior,a14_h14x20_validated_d1,14.0,prova2,ens,PbLa,hole,2.0,0.6187050359712231,0.9544997361036417,278,912.086526615241,2364.5648385513814
posterior,a14_h14x20_validated_d1,14.0,prova2,ens,PbLa,hole,3.0,0.7230215827338129,0.9973002039367398,278,912.086526615241,2364.5648385513814
posterior,a14_h14x20_validated_d1,14.0,prova2,ens,PbLb,footprint,0.5,0.2850548182342758,0.3829249225480261,3466,270.7408830205459,551.596947483571
posterior,a14_h14x20_validated_d1,14.0,prova2,ens,PbLb,footprint,1.0,0.5363531448355453,0.6826894921370857,3466,270.7408830205459,551.596947483571
posterior,a14_h14x20_validated_d1,14.0,prova2,ens,PbLb,footprint,1.5,0.7120600115406809,0.8663855974622838,3466,270.7408830205459,551.596947483571
posterior,a14_h14x20_validated_d1,14.0,prova2,ens,PbLb,footprint,2.0,0.8286208886324293,0.9544997361036417,3466,270.7408830205459,551.596947483571
posterior,a14_h14x20_validated_d1,14.0,prova2,ens,PbLb,footprint,3.0,0.9368147720715522,0.9973002039367398,3466,270.7408830205459,551.596947483571
posterior,a14_h14x20_validated_d1,14.0,prova2,ens,PbLb,hole,0.5,0.1906474820143885,0.3829249225480261,278,664.048987006326,1712.1873864017723
posterior,a14_h14x20_validated_d1,14.0,prova2,ens,PbLb,hole,1.0,0.41007194244604317,0.6826894921370857,278,664.048987006326,1712.1873864017723
posterior,a14_h14x20_validated_d1,14.0,prova2,ens,PbLb,hole,1.5,0.5215827338129496,0.8663855974622838,278,664.048987006326,1712.1873864017723
posterior,a14_h14x20_validated_d1,14.0,prova2,ens,PbLb,hole,2.0,0.6223021582733813,0.9544997361036417,278,664.048987006326,1712.1873864017723
posterior,a14_h14x20_validated_d1,14.0,prova2,ens,PbLb,hole,3.0,0.7553956834532374,0.9973002039367398,278,664.048987006326,1712.1873864017723
posterior,a14_h14x20_validated_d1,14.0,prova2,ens,PbLg,footprint,0.5,0.15551067512983266,0.3829249225480261,3466,33.93565086652553,83.58317387699776
posterior,a14_h14x20_validated_d1,14.0,prova2,ens,PbLg,footprint,1.0,0.2899596076168494,0.6826894921370857,3466,33.93565086652553,83.58317387699776
posterior,a14_h14x20_validated_d1,14.0,prova2,ens,PbLg,footprint,1.5,0.4065204847085978,0.8663855974622838,3466,33.93565086652553,83.58317387699776
posterior,a14_h14x20_validated_d1,14.0,prova2,ens,PbLg,footprint,2.0,0.51933064050779,0.9544997361036417,3466,33.93565086652553,83.58317387699776
posterior,a14_h14x20_validated_d1,14.0,prova2,ens,PbLg,footprint,3.0,0.6710905943450663,0.9973002039367398,3466,33.93565086652553,83.58317387699776
posterior,a14_h14x20_validated_d1,14.0,prova2,ens,PbLg,hole,0.5,0.2158273381294964,0.3829249225480261,278,89.26329095208898,224.26944814011316
posterior,a14_h14x20_validated_d1,14.0,prova2,ens,PbLg,hole,1.0,0.381294964028777,0.6826894921370857,278,89.26329095208898,224.26944814011316
posterior,a14_h14x20_validated_d1,14.0,prova2,ens,PbLg,hole,1.5,0.49640287769784175,0.8663855974622838,278,89.26329095208898,224.26944814011316
posterior,a14_h14x20_validated_d1,14.0,prova2,ens,PbLg,hole,2.0,0.6294964028776978,0.9544997361036417,278,89.26329095208898,224.26944814011316
posterior,a14_h14x20_validated_d1,14.0,prova2,ens,PbLg,hole,3.0,0.7589928057553957,0.9973002039367398,278,89.26329095208898,224.26944814011316
posterior,a14_h14x20_validated_d1,14.0,prova2,total_noref,Ca,footprint,0.5,0.2611079053664166,0.3829249225480261,3466,104.83883458177925,290.4555159143037
posterior,a14_h14x20_validated_d1,14.0,prova2,total_noref,Ca,footprint,1.0,0.5017311021350259,0.6826894921370857,3466,104.83883458177925,290.4555159143037
posterior,a14_h14x20_validated_d1,14.0,prova2,total_noref,Ca,footprint,1.5,0.6788805539526832,0.8663855974622838,3466,104.83883458177925,290.4555159143037
posterior,a14_h14x20_validated_d1,14.0,prova2,total_noref,Ca,footprint,2.0,0.7925562608193883,0.9544997361036417,3466,104.83883458177925,290.4555159143037
posterior,a14_h14x20_validated_d1,14.0,prova2,total_noref,Ca,footprint,3.0,0.9024812463935372,0.9973002039367398,3466,104.83883458177925,290.4555159143037
posterior,a14_h14x20_validated_d1,14.0,prova2,total_noref,Ca,hole,0.5,0.046762589928057555,0.3829249225480261,278,218.39436324260788,912.0233972104078
posterior,a14_h14x20_validated_d1,14.0,prova2,total_noref,Ca,hole,1.0,0.11870503597122302,0.6826894921370857,278,218.39436324260788,912.0233972104078
posterior,a14_h14x20_validated_d1,14.0,prova2,total_noref,Ca,hole,1.5,0.19424460431654678,0.8663855974622838,278,218.39436324260788,912.0233972104078
posterior,a14_h14x20_validated_d1,14.0,prova2,total_noref,Ca,hole,2.0,0.2589928057553957,0.9544997361036417,278,218.39436324260788,912.0233972104078
posterior,a14_h14x20_validated_d1,14.0,prova2,total_noref,Ca,hole,3.0,0.37050359712230213,0.9973002039367398,278,218.39436324260788,912.0233972104078
posterior,a14_h14x20_validated_d1,14.0,prova2,total_noref,Ti,footprint,0.5,0.2723600692440854,0.3829249225480261,3466,37.21487835507058,66.57501298943967
posterior,a14_h14x20_validated_d1,14.0,prova2,total_noref,Ti,footprint,1.0,0.4783612233121754,0.6826894921370857,3466,37.21487835507058,66.57501298943967
posterior,a14_h14x20_validated_d1,14.0,prova2,total_noref,Ti,footprint,1.5,0.655799192152337,0.8663855974622838,3466,37.21487835507058,66.57501298943967
posterior,a14_h14x20_validated_d1,14.0,prova2,total_noref,Ti,footprint,2.0,0.7839007501442585,0.9544997361036417,3466,37.21487835507058,66.57501298943967
posterior,a14_h14x20_validated_d1,14.0,prova2,total_noref,Ti,footprint,3.0,0.9160415464512406,0.9973002039367398,3466,37.21487835507058,66.57501298943967
posterior,a14_h14x20_validated_d1,14.0,prova2,total_noref,Ti,hole,0.5,0.1366906474820144,0.3829249225480261,278,66.01597451971502,163.26207357509534
posterior,a14_h14x20_validated_d1,14.0,prova2,total_noref,Ti,hole,1.0,0.26258992805755393,0.6826894921370857,278,66.01597451971502,163.26207357509534
posterior,a14_h14x20_validated_d1,14.0,prova2,total_noref,Ti,hole,1.5,0.4028776978417266,0.8663855974622838,278,66.01597451971502,163.26207357509534
posterior,a14_h14x20_validated_d1,14.0,prova2,total_noref,Ti,hole,2.0,0.5467625899280576,0.9544997361036417,278,66.01597451971502,163.26207357509534
posterior,a14_h14x20_validated_d1,14.0,prova2,total_noref,Ti,hole,3.0,0.7230215827338129,0.9973002039367398,278,66.01597451971502,163.26207357509534
posterior,a14_h14x20_validated_d1,14.0,prova2,total_noref,Fe,footprint,0.5,0.2515868436237738,0.3829249225480261,3466,46.17207310175699,142.321670055564
posterior,a14_h14x20_validated_d1,14.0,prova2,total_noref,Fe,footprint,1.0,0.4743219849971148,0.6826894921370857,3466,46.17207310175699,142.321670055564
posterior,a14_h14x20_validated_d1,14.0,prova2,total_noref,Fe,footprint,1.5,0.6399307559145989,0.8663855974622838,3466,46.17207310175699,142.321670055564
posterior,a14_h14x20_validated_d1,14.0,prova2,total_noref,Fe,footprint,2.0,0.7530294287362954,0.9544997361036417,3466,46.17207310175699,142.321670055564
posterior,a14_h14x20_validated_d1,14.0,prova2,total_noref,Fe,footprint,3.0,0.8981534910559723,0.9973002039367398,3466,46.17207310175699,142.321670055564
posterior,a14_h14x20_validated_d1,14.0,prova2,total_noref,Fe,hole,0.5,0.14388489208633093,0.3829249225480261,278,83.7211429393347,443.91182264370036
posterior,a14_h14x20_validated_d1,14.0,prova2,total_noref,Fe,hole,1.0,0.30935251798561153,0.6826894921370857,278,83.7211429393347,443.91182264370036
posterior,a14_h14x20_validated_d1,14.0,prova2,total_noref,Fe,hole,1.5,0.4856115107913669,0.8663855974622838,278,83.7211429393347,443.91182264370036
posterior,a14_h14x20_validated_d1,14.0,prova2,total_noref,Fe,hole,2.0,0.6079136690647482,0.9544997361036417,278,83.7211429393347,443.91182264370036
posterior,a14_h14x20_validated_d1,14.0,prova2,total_noref,Fe,hole,3.0,0.7302158273381295,0.9973002039367398,278,83.7211429393347,443.91182264370036
posterior,a14_h14x20_validated_d1,14.0,prova2,total_noref,Cu,footprint,0.5,0.3338141950375072,0.3829249225480261,3466,42.66657367910287,121.33658532446137
posterior,a14_h14x20_validated_d1,14.0,prova2,total_noref,Cu,footprint,1.0,0.5490478938257357,0.6826894921370857,3466,42.66657367910287,121.33658532446137
posterior,a14_h14x20_validated_d1,14.0,prova2,total_noref,Cu,footprint,1.5,0.6840738603577611,0.8663855974622838,3466,42.66657367910287,121.33658532446137
posterior,a14_h14x20_validated_d1,14.0,prova2,total_noref,Cu,footprint,2.0,0.7766878245816503,0.9544997361036417,3466,42.66657367910287,121.33658532446137
posterior,a14_h14x20_validated_d1,14.0,prova2,total_noref,Cu,footprint,3.0,0.8972879399884593,0.9973002039367398,3466,42.66657367910287,121.33658532446137
posterior,a14_h14x20_validated_d1,14.0,prova2,total_noref,Cu,hole,0.5,0.025179856115107913,0.3829249225480261,278,92.24122055546361,382.92321613584386
posterior,a14_h14x20_validated_d1,14.0,prova2,total_noref,Cu,hole,1.0,0.046762589928057555,0.6826894921370857,278,92.24122055546361,382.92321613584386
posterior,a14_h14x20_validated_d1,14.0,prova2,total_noref,Cu,hole,1.5,0.08633093525179857,0.8663855974622838,278,92.24122055546361,382.92321613584386
posterior,a14_h14x20_validated_d1,14.0,prova2,total_noref,Cu,hole,2.0,0.18705035971223022,0.9544997361036417,278,92.24122055546361,382.92321613584386
posterior,a14_h14x20_validated_d1,14.0,prova2,total_noref,Cu,hole,3.0,0.5575539568345323,0.9973002039367398,278,92.24122055546361,382.92321613584386
posterior,a14_h14x20_validated_d1,14.0,prova2,total_noref,PbLl,footprint,0.5,0.26918638199653777,0.3829249225480261,3466,26.45433808882806,52.447875730894935
posterior,a14_h14x20_validated_d1,14.0,prova2,total_noref,PbLl,footprint,1.0,0.4893248701673399,0.6826894921370857,3466,26.45433808882806,52.447875730894935
posterior,a14_h14x20_validated_d1,14.0,prova2,total_noref,PbLl,footprint,1.5,0.6480092325447201,0.8663855974622838,3466,26.45433808882806,52.447875730894935
posterior,a14_h14x20_validated_d1,14.0,prova2,total_noref,PbLl,footprint,2.0,0.7706289671090595,0.9544997361036417,3466,26.45433808882806,52.447875730894935
posterior,a14_h14x20_validated_d1,14.0,prova2,total_noref,PbLl,footprint,3.0,0.896999422965955,0.9973002039367398,3466,26.45433808882806,52.447875730894935
posterior,a14_h14x20_validated_d1,14.0,prova2,total_noref,PbLl,hole,0.5,0.16546762589928057,0.3829249225480261,278,38.418452829186926,134.05508493176757
posterior,a14_h14x20_validated_d1,14.0,prova2,total_noref,PbLl,hole,1.0,0.2697841726618705,0.6826894921370857,278,38.418452829186926,134.05508493176757
posterior,a14_h14x20_validated_d1,14.0,prova2,total_noref,PbLl,hole,1.5,0.4316546762589928,0.8663855974622838,278,38.418452829186926,134.05508493176757
posterior,a14_h14x20_validated_d1,14.0,prova2,total_noref,PbLl,hole,2.0,0.5215827338129496,0.9544997361036417,278,38.418452829186926,134.05508493176757
posterior,a14_h14x20_validated_d1,14.0,prova2,total_noref,PbLl,hole,3.0,0.6654676258992805,0.9973002039367398,278,38.418452829186926,134.05508493176757
posterior,a14_h14x20_validated_d1,14.0,prova2,total_noref,PbLa,footprint,0.5,0.3251586843623774,0.3829249225480261,3466,380.00090480013006,752.6780674948441
posterior,a14_h14x20_validated_d1,14.0,prova2,total_noref,PbLa,footprint,1.0,0.5954991344489324,0.6826894921370857,3466,380.00090480013006,752.6780674948441
posterior,a14_h14x20_validated_d1,14.0,prova2,total_noref,PbLa,footprint,1.5,0.7706289671090595,0.8663855974622838,3466,380.00090480013006,752.6780674948441
posterior,a14_h14x20_validated_d1,14.0,prova2,total_noref,PbLa,footprint,2.0,0.8718984420080784,0.9544997361036417,3466,380.00090480013006,752.6780674948441
posterior,a14_h14x20_validated_d1,14.0,prova2,total_noref,PbLa,footprint,3.0,0.9544143104443162,0.9973002039367398,3466,380.00090480013006,752.6780674948441
posterior,a14_h14x20_validated_d1,14.0,prova2,total_noref,PbLa,hole,0.5,0.2302158273381295,0.3829249225480261,278,913.0032305289335,2364.5648385513814
posterior,a14_h14x20_validated_d1,14.0,prova2,total_noref,PbLa,hole,1.0,0.4064748201438849,0.6826894921370857,278,913.0032305289335,2364.5648385513814
posterior,a14_h14x20_validated_d1,14.0,prova2,total_noref,PbLa,hole,1.5,0.5467625899280576,0.8663855974622838,278,913.0032305289335,2364.5648385513814
posterior,a14_h14x20_validated_d1,14.0,prova2,total_noref,PbLa,hole,2.0,0.6187050359712231,0.9544997361036417,278,913.0032305289335,2364.5648385513814
posterior,a14_h14x20_validated_d1,14.0,prova2,total_noref,PbLa,hole,3.0,0.7266187050359713,0.9973002039367398,278,913.0032305289335,2364.5648385513814
posterior,a14_h14x20_validated_d1,14.0,prova2,total_noref,PbLb,footprint,0.5,0.3188113098672822,0.3829249225480261,3466,283.88235712550045,551.596947483571
posterior,a14_h14x20_validated_d1,14.0,prova2,total_noref,PbLb,footprint,1.0,0.5908828620888632,0.6826894921370857,3466,283.88235712550045,551.596947483571
posterior,a14_h14x20_validated_d1,14.0,prova2,total_noref,PbLb,footprint,1.5,0.7657241777264858,0.8663855974622838,3466,283.88235712550045,551.596947483571
posterior,a14_h14x20_validated_d1,14.0,prova2,total_noref,PbLb,footprint,2.0,0.8736295441431045,0.9544997361036417,3466,283.88235712550045,551.596947483571
posterior,a14_h14x20_validated_d1,14.0,prova2,total_noref,PbLb,footprint,3.0,0.9547028274668206,0.9973002039367398,3466,283.88235712550045,551.596947483571
posterior,a14_h14x20_validated_d1,14.0,prova2,total_noref,PbLb,hole,0.5,0.1906474820143885,0.3829249225480261,278,664.7120428040085,1712.1873864017723
posterior,a14_h14x20_validated_d1,14.0,prova2,total_noref,PbLb,hole,1.0,0.41007194244604317,0.6826894921370857,278,664.7120428040085,1712.1873864017723
posterior,a14_h14x20_validated_d1,14.0,prova2,total_noref,PbLb,hole,1.5,0.5215827338129496,0.8663855974622838,278,664.7120428040085,1712.1873864017723
posterior,a14_h14x20_validated_d1,14.0,prova2,total_noref,PbLb,hole,2.0,0.6223021582733813,0.9544997361036417,278,664.7120428040085,1712.1873864017723
posterior,a14_h14x20_validated_d1,14.0,prova2,total_noref,PbLb,hole,3.0,0.7553956834532374,0.9973002039367398,278,664.7120428040085,1712.1873864017723
posterior,a14_h14x20_validated_d1,14.0,prova2,total_noref,PbLg,footprint,0.5,0.26947489901904215,0.3829249225480261,3466,45.646848700297575,83.58317387699776
posterior,a14_h14x20_validated_d1,14.0,prova2,total_noref,PbLg,footprint,1.0,0.49538372763993077,0.6826894921370857,3466,45.646848700297575,83.58317387699776
posterior,a14_h14x20_validated_d1,14.0,prova2,total_noref,PbLg,footprint,1.5,0.6673398730525101,0.8663855974622838,3466,45.646848700297575,83.58317387699776
posterior,a14_h14x20_validated_d1,14.0,prova2,total_noref,PbLg,footprint,2.0,0.7902481246393537,0.9544997361036417,3466,45.646848700297575,83.58317387699776
posterior,a14_h14x20_validated_d1,14.0,prova2,total_noref,PbLg,footprint,3.0,0.913733410271206,0.9973002039367398,3466,45.646848700297575,83.58317387699776
posterior,a14_h14x20_validated_d1,14.0,prova2,total_noref,PbLg,hole,0.5,0.2158273381294964,0.3829249225480261,278,89.53175288974957,224.26944814011316
posterior,a14_h14x20_validated_d1,14.0,prova2,total_noref,PbLg,hole,1.0,0.381294964028777,0.6826894921370857,278,89.53175288974957,224.26944814011316
posterior,a14_h14x20_validated_d1,14.0,prova2,total_noref,PbLg,hole,1.5,0.49640287769784175,0.8663855974622838,278,89.53175288974957,224.26944814011316
posterior,a14_h14x20_validated_d1,14.0,prova2,total_noref,PbLg,hole,2.0,0.6294964028776978,0.9544997361036417,278,89.53175288974957,224.26944814011316
posterior,a14_h14x20_validated_d1,14.0,prova2,total_noref,PbLg,hole,3.0,0.762589928057554,0.9973002039367398,278,89.53175288974957,224.26944814011316
control,a20_h0x0_validated_d1,20.0,prova2,ens,Ca,footprint,0.5,0.11944604731679169,0.3829249225480261,3466,34.011515298193665,115.92088272222547
control,a20_h0x0_validated_d1,20.0,prova2,ens,Ca,footprint,1.0,0.23744950952106175,0.6826894921370857,3466,34.011515298193665,115.92088272222547
control,a20_h0x0_validated_d1,20.0,prova2,ens,Ca,footprint,1.5,0.3427582227351414,0.8663855974622838,3466,34.011515298193665,115.92088272222547
control,a20_h0x0_validated_d1,20.0,prova2,ens,Ca,footprint,2.0,0.43104443162146566,0.9544997361036417,3466,34.011515298193665,115.92088272222547
control,a20_h0x0_validated_d1,20.0,prova2,ens,Ca,footprint,3.0,0.5877091748413157,0.9973002039367398,3466,34.011515298193665,115.92088272222547
control,a20_h0x0_validated_d1,20.0,prova2,ens,Ti,footprint,0.5,0.07414887478361223,0.3829249225480261,3466,10.496447735982985,47.336166072501165
control,a20_h0x0_validated_d1,20.0,prova2,ens,Ti,footprint,1.0,0.16012694748990192,0.6826894921370857,3466,10.496447735982985,47.336166072501165
control,a20_h0x0_validated_d1,20.0,prova2,ens,Ti,footprint,1.5,0.23860357761107906,0.8663855974622838,3466,10.496447735982985,47.336166072501165
control,a20_h0x0_validated_d1,20.0,prova2,ens,Ti,footprint,2.0,0.31130986728216964,0.9544997361036417,3466,10.496447735982985,47.336166072501165
control,a20_h0x0_validated_d1,20.0,prova2,ens,Ti,footprint,3.0,0.4379688401615695,0.9973002039367398,3466,10.496447735982985,47.336166072501165
control,a20_h0x0_validated_d1,20.0,prova2,ens,Fe,footprint,0.5,0.09434506635891518,0.3829249225480261,3466,16.257031018534505,67.95491025291622
control,a20_h0x0_validated_d1,20.0,prova2,ens,Fe,footprint,1.0,0.18869013271783036,0.6826894921370857,3466,16.257031018534505,67.95491025291622
control,a20_h0x0_validated_d1,20.0,prova2,ens,Fe,footprint,1.5,0.28649740334679746,0.8663855974622838,3466,16.257031018534505,67.95491025291622
control,a20_h0x0_validated_d1,20.0,prova2,ens,Fe,footprint,2.0,0.3615118291979227,0.9544997361036417,3466,16.257031018534505,67.95491025291622
control,a20_h0x0_validated_d1,20.0,prova2,ens,Fe,footprint,3.0,0.5150028851702251,0.9973002039367398,3466,16.257031018534505,67.95491025291622
control,a20_h0x0_validated_d1,20.0,prova2,ens,Cu,footprint,0.5,0.23312175418349682,0.3829249225480261,3466,12.437416397080838,52.89889889672427
control,a20_h0x0_validated_d1,20.0,prova2,ens,Cu,footprint,1.0,0.3837276399307559,0.6826894921370857,3466,12.437416397080838,52.89889889672427
control,a20_h0x0_validated_d1,20.0,prova2,ens,Cu,footprint,1.5,0.46220427005193304,0.8663855974622838,3466,12.437416397080838,52.89889889672427
control,a20_h0x0_validated_d1,20.0,prova2,ens,Cu,footprint,2.0,0.5239469128678592,0.9544997361036417,3466,12.437416397080838,52.89889889672427
control,a20_h0x0_validated_d1,20.0,prova2,ens,Cu,footprint,3.0,0.6050201961915753,0.9973002039367398,3466,12.437416397080838,52.89889889672427
control,a20_h0x0_validated_d1,20.0,prova2,ens,PbLl,footprint,0.5,0.07963069821119446,0.3829249225480261,3466,5.482340983655699,37.20140954960578
control,a20_h0x0_validated_d1,20.0,prova2,ens,PbLl,footprint,1.0,0.1361800346220427,0.6826894921370857,3466,5.482340983655699,37.20140954960578
control,a20_h0x0_validated_d1,20.0,prova2,ens,PbLl,footprint,1.5,0.19503750721292556,0.8663855974622838,3466,5.482340983655699,37.20140954960578
control,a20_h0x0_validated_d1,20.0,prova2,ens,PbLl,footprint,2.0,0.24899019042123485,0.9544997361036417,3466,5.482340983655699,37.20140954960578
control,a20_h0x0_validated_d1,20.0,prova2,ens,PbLl,footprint,3.0,0.3341027120600115,0.9973002039367398,3466,5.482340983655699,37.20140954960578
control,a20_h0x0_validated_d1,20.0,prova2,ens,PbLa,footprint,0.5,0.10011540680900173,0.3829249225480261,3466,85.78470994597434,302.731965962446
control,a20_h0x0_validated_d1,20.0,prova2,ens,PbLa,footprint,1.0,0.20023081361800346,0.6826894921370857,3466,85.78470994597434,302.731965962446
control,a20_h0x0_validated_d1,20.0,prova2,ens,PbLa,footprint,1.5,0.292267743796884,0.8663855974622838,3466,85.78470994597434,302.731965962446
control,a20_h0x0_validated_d1,20.0,prova2,ens,PbLa,footprint,2.0,0.3877668782458165,0.9544997361036417,3466,85.78470994597434,302.731965962446
control,a20_h0x0_validated_d1,20.0,prova2,ens,PbLa,footprint,3.0,0.5418349682631275,0.9973002039367398,3466,85.78470994597434,302.731965962446
control,a20_h0x0_validated_d1,20.0,prova2,ens,PbLb,footprint,0.5,0.09896133871898442,0.3829249225480261,3466,62.40207332021192,233.3794868820883
control,a20_h0x0_validated_d1,20.0,prova2,ens,PbLb,footprint,1.0,0.18955568378534335,0.6826894921370857,3466,62.40207332021192,233.3794868820883
control,a20_h0x0_validated_d1,20.0,prova2,ens,PbLb,footprint,1.5,0.2804385458742066,0.8663855974622838,3466,62.40207332021192,233.3794868820883
control,a20_h0x0_validated_d1,20.0,prova2,ens,PbLb,footprint,2.0,0.3739180611656088,0.9544997361036417,3466,62.40207332021192,233.3794868820883
control,a20_h0x0_validated_d1,20.0,prova2,ens,PbLb,footprint,3.0,0.5225043277553376,0.9973002039367398,3466,62.40207332021192,233.3794868820883
control,a20_h0x0_validated_d1,20.0,prova2,ens,PbLg,footprint,0.5,0.0551067512983266,0.3829249225480261,3466,8.76030090398493,54.5637839399965
control,a20_h0x0_validated_d1,20.0,prova2,ens,PbLg,footprint,1.0,0.11252163877668782,0.6826894921370857,3466,8.76030090398493,54.5637839399965
control,a20_h0x0_validated_d1,20.0,prova2,ens,PbLg,footprint,1.5,0.16589728793998845,0.8663855974622838,3466,8.76030090398493,54.5637839399965
control,a20_h0x0_validated_d1,20.0,prova2,ens,PbLg,footprint,2.0,0.2212925562608194,0.9544997361036417,3466,8.76030090398493,54.5637839399965
control,a20_h0x0_validated_d1,20.0,prova2,ens,PbLg,footprint,3.0,0.32862088863242933,0.9973002039367398,3466,8.76030090398493,54.5637839399965
control,a20_h0x0_validated_d1,20.0,prova2,total_noref,Ca,footprint,0.5,0.2152336987882285,0.3829249225480261,3466,54.4129132760805,115.92088272222547
control,a20_h0x0_validated_d1,20.0,prova2,total_noref,Ca,footprint,1.0,0.40969417195614544,0.6826894921370857,3466,54.4129132760805,115.92088272222547
control,a20_h0x0_validated_d1,20.0,prova2,total_noref,Ca,footprint,1.5,0.5715522215810733,0.8663855974622838,3466,54.4129132760805,115.92088272222547
control,a20_h0x0_validated_d1,20.0,prova2,total_noref,Ca,footprint,2.0,0.6930178880553952,0.9544997361036417,3466,54.4129132760805,115.92088272222547
control,a20_h0x0_validated_d1,20.0,prova2,total_noref,Ca,footprint,3.0,0.8557414887478362,0.9973002039367398,3466,54.4129132760805,115.92088272222547
control,a20_h0x0_validated_d1,20.0,prova2,total_noref,Ti,footprint,0.5,0.241200230813618,0.3829249225480261,3466,28.104419497952488,47.336166072501165
control,a20_h0x0_validated_d1,20.0,prova2,total_noref,Ti,footprint,1.0,0.44345066358915175,0.6826894921370857,3466,28.104419497952488,47.336166072501165
control,a20_h0x0_validated_d1,20.0,prova2,total_noref,Ti,footprint,1.5,0.6168493941142528,0.8663855974622838,3466,28.104419497952488,47.336166072501165
control,a20_h0x0_validated_d1,20.0,prova2,total_noref,Ti,footprint,2.0,0.7388920946335834,0.9544997361036417,3466,28.104419497952488,47.336166072501165
control,a20_h0x0_validated_d1,20.0,prova2,total_noref,Ti,footprint,3.0,0.8946912867859204,0.9973002039367398,3466,28.104419497952488,47.336166072501165
control,a20_h0x0_validated_d1,20.0,prova2,total_noref,Fe,footprint,0.5,0.22908251586843623,0.3829249225480261,3466,31.677157198814275,67.95491025291622
control,a20_h0x0_validated_d1,20.0,prova2,total_noref,Fe,footprint,1.0,0.43306405077899596,0.6826894921370857,3466,31.677157198814275,67.95491025291622
control,a20_h0x0_validated_d1,20.0,prova2,total_noref,Fe,footprint,1.5,0.5874206578188114,0.8663855974622838,3466,31.677157198814275,67.95491025291622
control,a20_h0x0_validated_d1,20.0,prova2,total_noref,Fe,footprint,2.0,0.7097518753606463,0.9544997361036417,3466,31.677157198814275,67.95491025291622
control,a20_h0x0_validated_d1,20.0,prova2,total_noref,Fe,footprint,3.0,0.8690132717830352,0.9973002039367398,3466,31.677157198814275,67.95491025291622
control,a20_h0x0_validated_d1,20.0,prova2,total_noref,Cu,footprint,0.5,0.32688978649740336,0.3829249225480261,3466,28.291241756547755,52.89889889672427
control,a20_h0x0_validated_d1,20.0,prova2,total_noref,Cu,footprint,1.0,0.5406809001731102,0.6826894921370857,3466,28.291241756547755,52.89889889672427
control,a20_h0x0_validated_d1,20.0,prova2,total_noref,Cu,footprint,1.5,0.690998268897865,0.8663855974622838,3466,28.291241756547755,52.89889889672427
control,a20_h0x0_validated_d1,20.0,prova2,total_noref,Cu,footprint,2.0,0.7798615118291979,0.9544997361036417,3466,28.291241756547755,52.89889889672427
control,a20_h0x0_validated_d1,20.0,prova2,total_noref,Cu,footprint,3.0,0.8972879399884593,0.9973002039367398,3466,28.291241756547755,52.89889889672427
control,a20_h0x0_validated_d1,20.0,prova2,total_noref,PbLl,footprint,0.5,0.25389497980380843,0.3829249225480261,3466,23.357633366800304,37.20140954960578
control,a20_h0x0_validated_d1,20.0,prova2,total_noref,PbLl,footprint,1.0,0.47749567224466244,0.6826894921370857,3466,23.357633366800304,37.20140954960578
control,a20_h0x0_validated_d1,20.0,prova2,total_noref,PbLl,footprint,1.5,0.6301211771494518,0.8663855974622838,3466,23.357633366800304,37.20140954960578
control,a20_h0x0_validated_d1,20.0,prova2,total_noref,PbLl,footprint,2.0,0.7512983266012695,0.9544997361036417,3466,23.357633366800304,37.20140954960578
control,a20_h0x0_validated_d1,20.0,prova2,total_noref,PbLl,footprint,3.0,0.8964223889209464,0.9973002039367398,3466,23.357633366800304,37.20140954960578
control,a20_h0x0_validated_d1,20.0,prova2,total_noref,PbLa,footprint,0.5,0.1935949221004039,0.3829249225480261,3466,140.74975720132326,302.731965962446
control,a20_h0x0_validated_d1,20.0,prova2,total_noref,PbLa,footprint,1.0,0.3848817080207732,0.6826894921370857,3466,140.74975720132326,302.731965962446
control,a20_h0x0_validated_d1,20.0,prova2,total_noref,PbLa,footprint,1.5,0.5297172533179457,0.8663855974622838,3466,140.74975720132326,302.731965962446
control,a20_h0x0_validated_d1,20.0,prova2,total_noref,PbLa,footprint,2.0,0.657530294287363,0.9544997361036417,3466,140.74975720132326,302.731965962446
control,a20_h0x0_validated_d1,20.0,prova2,total_noref,PbLa,footprint,3.0,0.8384304673975764,0.9973002039367398,3466,140.74975720132326,302.731965962446
control,a20_h0x0_validated_d1,20.0,prova2,total_noref,PbLb,footprint,0.5,0.20138488170802077,0.3829249225480261,3466,111.67335408566652,233.3794868820883
control,a20_h0x0_validated_d1,20.0,prova2,total_noref,PbLb,footprint,1.0,0.39007501442585113,0.6826894921370857,3466,111.67335408566652,233.3794868820883
control,a20_h0x0_validated_d1,20.0,prova2,total_noref,PbLb,footprint,1.5,0.5571263704558569,0.8663855974622838,3466,111.67335408566652,233.3794868820883
control,a20_h0x0_validated_d1,20.0,prova2,total_noref,PbLb,footprint,2.0,0.6794575879976918,0.9544997361036417,3466,111.67335408566652,233.3794868820883
control,a20_h0x0_validated_d1,20.0,prova2,total_noref,PbLb,footprint,3.0,0.8488170802077323,0.9973002039367398,3466,111.67335408566652,233.3794868820883
control,a20_h0x0_validated_d1,20.0,prova2,total_noref,PbLg,footprint,0.5,0.2443739180611656,0.3829249225480261,3466,33.768105408372854,54.5637839399965
control,a20_h0x0_validated_d1,20.0,prova2,total_noref,PbLg,footprint,1.0,0.46220427005193304,0.6826894921370857,3466,33.768105408372854,54.5637839399965
control,a20_h0x0_validated_d1,20.0,prova2,total_noref,PbLg,footprint,1.5,0.6255049047893826,0.8663855974622838,3466,33.768105408372854,54.5637839399965
control,a20_h0x0_validated_d1,20.0,prova2,total_noref,PbLg,footprint,2.0,0.7553375649163301,0.9544997361036417,3466,33.768105408372854,54.5637839399965
control,a20_h0x0_validated_d1,20.0,prova2,total_noref,PbLg,footprint,3.0,0.8964223889209464,0.9973002039367398,3466,33.768105408372854,54.5637839399965
prior,a20_h0x0_validated_d1,20.0,prova2,ens,Ca,footprint,0.5,0.27351413733410274,0.3829249225480261,3466,90.4854543869899,127.20916916715655
prior,a20_h0x0_validated_d1,20.0,prova2,ens,Ca,footprint,1.0,0.49740334679746107,0.6826894921370857,3466,90.4854543869899,127.20916916715655
prior,a20_h0x0_validated_d1,20.0,prova2,ens,Ca,footprint,1.5,0.6658972879399885,0.8663855974622838,3466,90.4854543869899,127.20916916715655
prior,a20_h0x0_validated_d1,20.0,prova2,ens,Ca,footprint,2.0,0.7784189267166762,0.9544997361036417,3466,90.4854543869899,127.20916916715655
prior,a20_h0x0_validated_d1,20.0,prova2,ens,Ca,footprint,3.0,0.9117137911136757,0.9973002039367398,3466,90.4854543869899,127.20916916715655
prior,a20_h0x0_validated_d1,20.0,prova2,ens,Ti,footprint,0.5,0.206866705135603,0.3829249225480261,3466,26.746785623351034,49.072325319136645
prior,a20_h0x0_validated_d1,20.0,prova2,ens,Ti,footprint,1.0,0.4021927293710329,0.6826894921370857,3466,26.746785623351034,49.072325319136645
prior,a20_h0x0_validated_d1,20.0,prova2,ens,Ti,footprint,1.5,0.5392383150605886,0.8663855974622838,3466,26.746785623351034,49.072325319136645
prior,a20_h0x0_validated_d1,20.0,prova2,ens,Ti,footprint,2.0,0.6488747836122332,0.9544997361036417,3466,26.746785623351034,49.072325319136645
prior,a20_h0x0_validated_d1,20.0,prova2,ens,Ti,footprint,3.0,0.8113098672821697,0.9973002039367398,3466,26.746785623351034,49.072325319136645
prior,a20_h0x0_validated_d1,20.0,prova2,ens,Fe,footprint,0.5,0.19821119446047317,0.3829249225480261,3466,41.890876621345114,71.30026695931409
prior,a20_h0x0_validated_d1,20.0,prova2,ens,Fe,footprint,1.0,0.3866128101557992,0.6826894921370857,3466,41.890876621345114,71.30026695931409
prior,a20_h0x0_validated_d1,20.0,prova2,ens,Fe,footprint,1.5,0.5323139065204847,0.8663855974622838,3466,41.890876621345114,71.30026695931409
prior,a20_h0x0_validated_d1,20.0,prova2,ens,Fe,footprint,2.0,0.6480092325447201,0.9544997361036417,3466,41.890876621345114,71.30026695931409
prior,a20_h0x0_validated_d1,20.0,prova2,ens,Fe,footprint,3.0,0.7977495672244662,0.9973002039367398,3466,41.890876621345114,71.30026695931409
prior,a20_h0x0_validated_d1,20.0,prova2,ens,Cu,footprint,0.5,0.36872475476053085,0.3829249225480261,3466,32.210102689182364,56.956603991837085
prior,a20_h0x0_validated_d1,20.0,prova2,ens,Cu,footprint,1.0,0.5421234852856318,0.6826894921370857,3466,32.210102689182364,56.956603991837085
prior,a20_h0x0_validated_d1,20.0,prova2,ens,Cu,footprint,1.5,0.6439699942296595,0.8663855974622838,3466,32.210102689182364,56.956603991837085
prior,a20_h0x0_validated_d1,20.0,prova2,ens,Cu,footprint,2.0,0.7354298903635315,0.9544997361036417,3466,32.210102689182364,56.956603991837085
prior,a20_h0x0_validated_d1,20.0,prova2,ens,Cu,footprint,3.0,0.8525678015002885,0.9973002039367398,3466,32.210102689182364,56.956603991837085
prior,a20_h0x0_validated_d1,20.0,prova2,ens,PbLl,footprint,0.5,0.18551644547028276,0.3829249225480261,3466,16.99497941578712,38.28961056024523
prior,a20_h0x0_validated_d1,20.0,prova2,ens,PbLl,footprint,1.0,0.3421811886901327,0.6826894921370857,3466,16.99497941578712,38.28961056024523
prior,a20_h0x0_validated_d1,20.0,prova2,ens,PbLl,footprint,1.5,0.48066935949221,0.8663855974622838,3466,16.99497941578712,38.28961056024523
prior,a20_h0x0_validated_d1,20.0,prova2,ens,PbLl,footprint,2.0,0.5810732833237161,0.9544997361036417,3466,16.99497941578712,38.28961056024523
prior,a20_h0x0_validated_d1,20.0,prova2,ens,PbLl,footprint,3.0,0.739469128678592,0.9973002039367398,3466,16.99497941578712,38.28961056024523
prior,a20_h0x0_validated_d1,20.0,prova2,ens,PbLa,footprint,0.5,0.4919215233698788,0.3829249225480261,3466,441.9829324724076,350.0361446245715
prior,a20_h0x0_validated_d1,20.0,prova2,ens,PbLa,footprint,1.0,0.7942873629544143,0.6826894921370857,3466,441.9829324724076,350.0361446245715
prior,a20_h0x0_validated_d1,20.0,prova2,ens,PbLa,footprint,1.5,0.9218118869013272,0.8663855974622838,3466,441.9829324724076,350.0361446245715
prior,a20_h0x0_validated_d1,20.0,prova2,ens,PbLa,footprint,2.0,0.9737449509521062,0.9544997361036417,3466,441.9829324724076,350.0361446245715
prior,a20_h0x0_validated_d1,20.0,prova2,ens,PbLa,footprint,3.0,0.996537795729948,0.9973002039367398,3466,441.9829324724076,350.0361446245715
prior,a20_h0x0_validated_d1,20.0,prova2,ens,PbLb,footprint,0.5,0.3387189844200808,0.3829249225480261,3466,250.74501965622315,262.7305268615636
prior,a20_h0x0_validated_d1,20.0,prova2,ens,PbLb,footprint,1.0,0.6260819388343912,0.6826894921370857,3466,250.74501965622315,262.7305268615636
prior,a20_h0x0_validated_d1,20.0,prova2,ens,PbLb,footprint,1.5,0.8026543566070398,0.8663855974622838,3466,250.74501965622315,262.7305268615636
prior,a20_h0x0_validated_d1,20.0,prova2,ens,PbLb,footprint,2.0,0.8981534910559723,0.9544997361036417,3466,250.74501965622315,262.7305268615636
prior,a20_h0x0_validated_d1,20.0,prova2,ens,PbLb,footprint,3.0,0.9774956722446624,0.9973002039367398,3466,250.74501965622315,262.7305268615636
prior,a20_h0x0_validated_d1,20.0,prova2,ens,PbLg,footprint,0.5,0.20340450086555106,0.3829249225480261,3466,32.505253540219584,57.191147881936566
prior,a20_h0x0_validated_d1,20.0,prova2,ens,PbLg,footprint,1.0,0.3730525100980958,0.6826894921370857,3466,32.505253540219584,57.191147881936566
prior,a20_h0x0_validated_d1,20.0,prova2,ens,PbLg,footprint,1.5,0.5222158107328332,0.8663855974622838,3466,32.505253540219584,57.191147881936566
prior,a20_h0x0_validated_d1,20.0,prova2,ens,PbLg,footprint,2.0,0.6379111367570687,0.9544997361036417,3466,32.505253540219584,57.191147881936566
prior,a20_h0x0_validated_d1,20.0,prova2,ens,PbLg,footprint,3.0,0.7989036353144836,0.9973002039367398,3466,32.505253540219584,57.191147881936566
prior,a20_h0x0_validated_d1,20.0,prova2,total_noref,Ca,footprint,0.5,0.31621465666474324,0.3829249225480261,3466,99.17656364495048,127.20916916715655
prior,a20_h0x0_validated_d1,20.0,prova2,total_noref,Ca,footprint,1.0,0.5666474321984997,0.6826894921370857,3466,99.17656364495048,127.20916916715655
prior,a20_h0x0_validated_d1,20.0,prova2,total_noref,Ca,footprint,1.5,0.7362954414310444,0.8663855974622838,3466,99.17656364495048,127.20916916715655
prior,a20_h0x0_validated_d1,20.0,prova2,total_noref,Ca,footprint,2.0,0.8534333525678015,0.9544997361036417,3466,99.17656364495048,127.20916916715655
prior,a20_h0x0_validated_d1,20.0,prova2,total_noref,Ca,footprint,3.0,0.9578765147143682,0.9973002039367398,3466,99.17656364495048,127.20916916715655
prior,a20_h0x0_validated_d1,20.0,prova2,total_noref,Ti,footprint,0.5,0.3006347374495095,0.3829249225480261,3466,37.00383040539008,49.072325319136645
prior,a20_h0x0_validated_d1,20.0,prova2,total_noref,Ti,footprint,1.0,0.5464512406231967,0.6826894921370857,3466,37.00383040539008,49.072325319136645
prior,a20_h0x0_validated_d1,20.0,prova2,total_noref,Ti,footprint,1.5,0.7160992498557415,0.8663855974622838,3466,37.00383040539008,49.072325319136645
prior,a20_h0x0_validated_d1,20.0,prova2,total_noref,Ti,footprint,2.0,0.8289094056549337,0.9544997361036417,3466,37.00383040539008,49.072325319136645
prior,a20_h0x0_validated_d1,20.0,prova2,total_noref,Ti,footprint,3.0,0.9474899019042123,0.9973002039367398,3466,37.00383040539008,49.072325319136645
prior,a20_h0x0_validated_d1,20.0,prova2,total_noref,Fe,footprint,0.5,0.2827466820542412,0.3829249225480261,3466,49.81612160941821,71.30026695931409
prior,a20_h0x0_validated_d1,20.0,prova2,total_noref,Fe,footprint,1.0,0.5274091171379112,0.6826894921370857,3466,49.81612160941821,71.30026695931409
prior,a20_h0x0_validated_d1,20.0,prova2,total_noref,Fe,footprint,1.5,0.6967686093479515,0.8663855974622838,3466,49.81612160941821,71.30026695931409
prior,a20_h0x0_validated_d1,20.0,prova2,total_noref,Fe,footprint,2.0,0.8078476630121177,0.9544997361036417,3466,49.81612160941821,71.30026695931409
prior,a20_h0x0_validated_d1,20.0,prova2,total_noref,Fe,footprint,3.0,0.9382573571840739,0.9973002039367398,3466,49.81612160941821,71.30026695931409
prior,a20_h0x0_validated_d1,20.0,prova2,total_noref,Cu,footprint,0.5,0.412867859203693,0.3829249225480261,3466,40.340060407610316,56.956603991837085
prior,a20_h0x0_validated_d1,20.0,prova2,total_noref,Cu,footprint,1.0,0.6286785920369302,0.6826894921370857,3466,40.340060407610316,56.956603991837085
prior,a20_h0x0_validated_d1,20.0,prova2,total_noref,Cu,footprint,1.5,0.7611079053664166,0.8663855974622838,3466,40.340060407610316,56.956603991837085
prior,a20_h0x0_validated_d1,20.0,prova2,total_noref,Cu,footprint,2.0,0.8629544143104443,0.9544997361036417,3466,40.340060407610316,56.956603991837085
prior,a20_h0x0_validated_d1,20.0,prova2,total_noref,Cu,footprint,3.0,0.9483554529717253,0.9973002039367398,3466,40.340060407610316,56.956603991837085
prior,a20_h0x0_validated_d1,20.0,prova2,total_noref,PbLl,footprint,0.5,0.2994806693594922,0.3829249225480261,3466,27.704577111442465,38.28961056024523
prior,a20_h0x0_validated_d1,20.0,prova2,total_noref,PbLl,footprint,1.0,0.5424120023081361,0.6826894921370857,3466,27.704577111442465,38.28961056024523
prior,a20_h0x0_validated_d1,20.0,prova2,total_noref,PbLl,footprint,1.5,0.7034045008655511,0.8663855974622838,3466,27.704577111442465,38.28961056024523
prior,a20_h0x0_validated_d1,20.0,prova2,total_noref,PbLl,footprint,2.0,0.8225620311598384,0.9544997361036417,3466,27.704577111442465,38.28961056024523
prior,a20_h0x0_validated_d1,20.0,prova2,total_noref,PbLl,footprint,3.0,0.9431621465666474,0.9973002039367398,3466,27.704577111442465,38.28961056024523
prior,a20_h0x0_validated_d1,20.0,prova2,total_noref,PbLa,footprint,0.5,0.5051933064050779,0.3829249225480261,3466,454.6784624800775,350.0361446245715
prior,a20_h0x0_validated_d1,20.0,prova2,total_noref,PbLa,footprint,1.0,0.8104443162146566,0.6826894921370857,3466,454.6784624800775,350.0361446245715
prior,a20_h0x0_validated_d1,20.0,prova2,total_noref,PbLa,footprint,1.5,0.9324870167339873,0.8663855974622838,3466,454.6784624800775,350.0361446245715
prior,a20_h0x0_validated_d1,20.0,prova2,total_noref,PbLa,footprint,2.0,0.9780727062896711,0.9544997361036417,3466,454.6784624800775,350.0361446245715
prior,a20_h0x0_validated_d1,20.0,prova2,total_noref,PbLa,footprint,3.0,0.9971148297749567,0.9973002039367398,3466,454.6784624800775,350.0361446245715
prior,a20_h0x0_validated_d1,20.0,prova2,total_noref,PbLb,footprint,0.5,0.3765147143681477,0.3829249225480261,3466,265.97736796370765,262.7305268615636
prior,a20_h0x0_validated_d1,20.0,prova2,total_noref,PbLb,footprint,1.0,0.6748413156376226,0.6826894921370857,3466,265.97736796370765,262.7305268615636
prior,a20_h0x0_validated_d1,20.0,prova2,total_noref,PbLb,footprint,1.5,0.8413156376226197,0.8663855974622838,3466,265.97736796370765,262.7305268615636
prior,a20_h0x0_validated_d1,20.0,prova2,total_noref,PbLb,footprint,2.0,0.9255626081938835,0.9544997361036417,3466,265.97736796370765,262.7305268615636
prior,a20_h0x0_validated_d1,20.0,prova2,total_noref,PbLb,footprint,3.0,0.986728216964801,0.9973002039367398,3466,265.97736796370765,262.7305268615636
prior,a20_h0x0_validated_d1,20.0,prova2,total_noref,PbLg,footprint,0.5,0.30294287362954414,0.3829249225480261,3466,45.62518469144744,57.191147881936566
prior,a20_h0x0_validated_d1,20.0,prova2,total_noref,PbLg,footprint,1.0,0.551933064050779,0.6826894921370857,3466,45.62518469144744,57.191147881936566
prior,a20_h0x0_validated_d1,20.0,prova2,total_noref,PbLg,footprint,1.5,0.7296595499134448,0.8663855974622838,3466,45.62518469144744,57.191147881936566
prior,a20_h0x0_validated_d1,20.0,prova2,total_noref,PbLg,footprint,2.0,0.8430467397576457,0.9544997361036417,3466,45.62518469144744,57.191147881936566
prior,a20_h0x0_validated_d1,20.0,prova2,total_noref,PbLg,footprint,3.0,0.9503750721292556,0.9973002039367398,3466,45.62518469144744,57.191147881936566
posterior,a20_h0x0_validated_d1,20.0,prova2,ens,Ca,footprint,0.5,0.26918638199653777,0.3829249225480261,3466,84.8105455752829,129.68227283273933
posterior,a20_h0x0_validated_d1,20.0,prova2,ens,Ca,footprint,1.0,0.5135603000577034,0.6826894921370857,3466,84.8105455752829,129.68227283273933
posterior,a20_h0x0_validated_d1,20.0,prova2,ens,Ca,footprint,1.5,0.6889786497403346,0.8663855974622838,3466,84.8105455752829,129.68227283273933
posterior,a20_h0x0_validated_d1,20.0,prova2,ens,Ca,footprint,2.0,0.8133294864396999,0.9544997361036417,3466,84.8105455752829,129.68227283273933
posterior,a20_h0x0_validated_d1,20.0,prova2,ens,Ca,footprint,3.0,0.9365262550490479,0.9973002039367398,3466,84.8105455752829,129.68227283273933
posterior,a20_h0x0_validated_d1,20.0,prova2,ens,Ti,footprint,0.5,0.19099826889786498,0.3829249225480261,3466,22.730285028636505,49.389632196583214
posterior,a20_h0x0_validated_d1,20.0,prova2,ens,Ti,footprint,1.0,0.34997114829774956,0.6826894921370857,3466,22.730285028636505,49.389632196583214
posterior,a20_h0x0_validated_d1,20.0,prova2,ens,Ti,footprint,1.5,0.49249855741488746,0.8663855974622838,3466,22.730285028636505,49.389632196583214
posterior,a20_h0x0_validated_d1,20.0,prova2,ens,Ti,footprint,2.0,0.6096364685516446,0.9544997361036417,3466,22.730285028636505,49.389632196583214
posterior,a20_h0x0_validated_d1,20.0,prova2,ens,Ti,footprint,3.0,0.7743796884016156,0.9973002039367398,3466,22.730285028636505,49.389632196583214
posterior,a20_h0x0_validated_d1,20.0,prova2,ens,Fe,footprint,0.5,0.15406809001731103,0.3829249225480261,3466,32.34358873771364,70.73838394803039
posterior,a20_h0x0_validated_d1,20.0,prova2,ens,Fe,footprint,1.0,0.3003462204270052,0.6826894921370857,3466,32.34358873771364,70.73838394803039
posterior,a20_h0x0_validated_d1,20.0,prova2,ens,Fe,footprint,1.5,0.43537218695903057,0.8663855974622838,3466,32.34358873771364,70.73838394803039
posterior,a20_h0x0_validated_d1,20.0,prova2,ens,Fe,footprint,2.0,0.5473167916907098,0.9544997361036417,3466,32.34358873771364,70.73838394803039
posterior,a20_h0x0_validated_d1,20.0,prova2,ens,Fe,footprint,3.0,0.7002308136180034,0.9973002039367398,3466,32.34358873771364,70.73838394803039
posterior,a20_h0x0_validated_d1,20.0,prova2,ens,Cu,footprint,0.5,0.2937103289094057,0.3829249225480261,3466,25.774428488921004,57.688814656014124
posterior,a20_h0x0_validated_d1,20.0,prova2,ens,Cu,footprint,1.0,0.4887478361223312,0.6826894921370857,3466,25.774428488921004,57.688814656014124
posterior,a20_h0x0_validated_d1,20.0,prova2,ens,Cu,footprint,1.5,0.5954991344489324,0.8663855974622838,3466,25.774428488921004,57.688814656014124
posterior,a20_h0x0_validated_d1,20.0,prova2,ens,Cu,footprint,2.0,0.6820542412002308,0.9544997361036417,3466,25.774428488921004,57.688814656014124
posterior,a20_h0x0_validated_d1,20.0,prova2,ens,Cu,footprint,3.0,0.8110213502596654,0.9973002039367398,3466,25.774428488921004,57.688814656014124
posterior,a20_h0x0_validated_d1,20.0,prova2,ens,PbLl,footprint,0.5,0.1402192729371033,0.3829249225480261,3466,12.577774770266084,38.09798962897581
posterior,a20_h0x0_validated_d1,20.0,prova2,ens,PbLl,footprint,1.0,0.2651471436814772,0.6826894921370857,3466,12.577774770266084,38.09798962897581
posterior,a20_h0x0_validated_d1,20.0,prova2,ens,PbLl,footprint,1.5,0.3721869590305828,0.8663855974622838,3466,12.577774770266084,38.09798962897581
posterior,a20_h0x0_validated_d1,20.0,prova2,ens,PbLl,footprint,2.0,0.4685516445470283,0.9544997361036417,3466,12.577774770266084,38.09798962897581
posterior,a20_h0x0_validated_d1,20.0,prova2,ens,PbLl,footprint,3.0,0.6289671090594345,0.9973002039367398,3466,12.577774770266084,38.09798962897581
posterior,a20_h0x0_validated_d1,20.0,prova2,ens,PbLa,footprint,0.5,0.33756491633006347,0.3829249225480261,3466,294.8774839271087,352.0642895610096
posterior,a20_h0x0_validated_d1,20.0,prova2,ens,PbLa,footprint,1.0,0.6099249855741489,0.6826894921370857,3466,294.8774839271087,352.0642895610096
posterior,a20_h0x0_validated_d1,20.0,prova2,ens,PbLa,footprint,1.5,0.7963069821119446,0.8663855974622838,3466,294.8774839271087,352.0642895610096
posterior,a20_h0x0_validated_d1,20.0,prova2,ens,PbLa,footprint,2.0,0.8929601846508944,0.9544997361036417,3466,294.8774839271087,352.0642895610096
posterior,a20_h0x0_validated_d1,20.0,prova2,ens,PbLa,footprint,3.0,0.9714368147720716,0.9973002039367398,3466,294.8774839271087,352.0642895610096
posterior,a20_h0x0_validated_d1,20.0,prova2,ens,PbLb,footprint,0.5,0.3326601269474899,0.3829249225480261,3466,223.20303872580936,270.0952947692336
posterior,a20_h0x0_validated_d1,20.0,prova2,ens,PbLb,footprint,1.0,0.6073283323716099,0.6826894921370857,3466,223.20303872580936,270.0952947692336
posterior,a20_h0x0_validated_d1,20.0,prova2,ens,PbLb,footprint,1.5,0.7893825735718407,0.8663855974622838,3466,223.20303872580936,270.0952947692336
posterior,a20_h0x0_validated_d1,20.0,prova2,ens,PbLb,footprint,2.0,0.8860357761107905,0.9544997361036417,3466,223.20303872580936,270.0952947692336
posterior,a20_h0x0_validated_d1,20.0,prova2,ens,PbLb,footprint,3.0,0.96999422965955,0.9973002039367398,3466,223.20303872580936,270.0952947692336
posterior,a20_h0x0_validated_d1,20.0,prova2,ens,PbLg,footprint,0.5,0.15406809001731103,0.3829249225480261,3466,23.534762267155777,56.53390914097184
posterior,a20_h0x0_validated_d1,20.0,prova2,ens,PbLg,footprint,1.0,0.2888055395268321,0.6826894921370857,3466,23.534762267155777,56.53390914097184
posterior,a20_h0x0_validated_d1,20.0,prova2,ens,PbLg,footprint,1.5,0.4249855741488748,0.8663855974622838,3466,23.534762267155777,56.53390914097184
posterior,a20_h0x0_validated_d1,20.0,prova2,ens,PbLg,footprint,2.0,0.534333525678015,0.9544997361036417,3466,23.534762267155777,56.53390914097184
posterior,a20_h0x0_validated_d1,20.0,prova2,ens,PbLg,footprint,3.0,0.6993652625504905,0.9973002039367398,3466,23.534762267155777,56.53390914097184
posterior,a20_h0x0_validated_d1,20.0,prova2,total_noref,Ca,footprint,0.5,0.3046739757645701,0.3829249225480261,3466,94.11388896243443,129.68227283273933
posterior,a20_h0x0_validated_d1,20.0,prova2,total_noref,Ca,footprint,1.0,0.56866705135603,0.6826894921370857,3466,94.11388896243443,129.68227283273933
posterior,a20_h0x0_validated_d1,20.0,prova2,total_noref,Ca,footprint,1.5,0.7518753606462781,0.8663855974622838,3466,94.11388896243443,129.68227283273933
posterior,a20_h0x0_validated_d1,20.0,prova2,total_noref,Ca,footprint,2.0,0.8664166185804962,0.9544997361036417,3466,94.11388896243443,129.68227283273933
posterior,a20_h0x0_validated_d1,20.0,prova2,total_noref,Ca,footprint,3.0,0.9645124062319677,0.9973002039367398,3466,94.11388896243443,129.68227283273933
posterior,a20_h0x0_validated_d1,20.0,prova2,total_noref,Ti,footprint,0.5,0.2859203693017888,0.3829249225480261,3466,34.221943517595264,49.389632196583214
posterior,a20_h0x0_validated_d1,20.0,prova2,total_noref,Ti,footprint,1.0,0.5086555106751298,0.6826894921370857,3466,34.221943517595264,49.389632196583214
posterior,a20_h0x0_validated_d1,20.0,prova2,total_noref,Ti,footprint,1.5,0.6947489901904212,0.8663855974622838,3466,34.221943517595264,49.389632196583214
posterior,a20_h0x0_validated_d1,20.0,prova2,total_noref,Ti,footprint,2.0,0.8139065204847086,0.9544997361036417,3466,34.221943517595264,49.389632196583214
posterior,a20_h0x0_validated_d1,20.0,prova2,total_noref,Ti,footprint,3.0,0.9422965954991345,0.9973002039367398,3466,34.221943517595264,49.389632196583214
posterior,a20_h0x0_validated_d1,20.0,prova2,total_noref,Fe,footprint,0.5,0.2590882862088863,0.3829249225480261,3466,42.218995584515305,70.73838394803039
posterior,a20_h0x0_validated_d1,20.0,prova2,total_noref,Fe,footprint,1.0,0.48586266589728794,0.6826894921370857,3466,42.218995584515305,70.73838394803039
posterior,a20_h0x0_validated_d1,20.0,prova2,total_noref,Fe,footprint,1.5,0.6480092325447201,0.8663855974622838,3466,42.218995584515305,70.73838394803039
posterior,a20_h0x0_validated_d1,20.0,prova2,total_noref,Fe,footprint,2.0,0.7631275245239469,0.9544997361036417,3466,42.218995584515305,70.73838394803039
posterior,a20_h0x0_validated_d1,20.0,prova2,total_noref,Fe,footprint,3.0,0.9088286208886325,0.9973002039367398,3466,42.218995584515305,70.73838394803039
posterior,a20_h0x0_validated_d1,20.0,prova2,total_noref,Cu,footprint,0.5,0.34564339296018465,0.3829249225480261,3466,35.507396220104695,57.688814656014124
posterior,a20_h0x0_validated_d1,20.0,prova2,total_noref,Cu,footprint,1.0,0.5859780727062897,0.6826894921370857,3466,35.507396220104695,57.688814656014124
posterior,a20_h0x0_validated_d1,20.0,prova2,total_noref,Cu,footprint,1.5,0.7290825158684362,0.8663855974622838,3466,35.507396220104695,57.688814656014124
posterior,a20_h0x0_validated_d1,20.0,prova2,total_noref,Cu,footprint,2.0,0.8234275822273515,0.9544997361036417,3466,35.507396220104695,57.688814656014124
posterior,a20_h0x0_validated_d1,20.0,prova2,total_noref,Cu,footprint,3.0,0.9252740911713792,0.9973002039367398,3466,35.507396220104695,57.688814656014124
posterior,a20_h0x0_validated_d1,20.0,prova2,total_noref,PbLl,footprint,0.5,0.27293710328909404,0.3829249225480261,3466,25.227909515258016,38.09798962897581
posterior,a20_h0x0_validated_d1,20.0,prova2,total_noref,PbLl,footprint,1.0,0.49913444893248704,0.6826894921370857,3466,25.227909515258016,38.09798962897581
posterior,a20_h0x0_validated_d1,20.0,prova2,total_noref,PbLl,footprint,1.5,0.6630121177149452,0.8663855974622838,3466,25.227909515258016,38.09798962897581
posterior,a20_h0x0_validated_d1,20.0,prova2,total_noref,PbLl,footprint,2.0,0.7876514714368148,0.9544997361036417,3466,25.227909515258016,38.09798962897581
posterior,a20_h0x0_validated_d1,20.0,prova2,total_noref,PbLl,footprint,3.0,0.913733410271206,0.9973002039367398,3466,25.227909515258016,38.09798962897581
posterior,a20_h0x0_validated_d1,20.0,prova2,total_noref,PbLa,footprint,0.5,0.36757068667051357,0.3829249225480261,3466,313.8173029081198,352.0642895610096
posterior,a20_h0x0_validated_d1,20.0,prova2,total_noref,PbLa,footprint,1.0,0.654068090017311,0.6826894921370857,3466,313.8173029081198,352.0642895610096
posterior,a20_h0x0_validated_d1,20.0,prova2,total_noref,PbLa,footprint,1.5,0.8309290248124639,0.8663855974622838,3466,313.8173029081198,352.0642895610096
posterior,a20_h0x0_validated_d1,20.0,prova2,total_noref,PbLa,footprint,2.0,0.9186381996537796,0.9544997361036417,3466,313.8173029081198,352.0642895610096
posterior,a20_h0x0_validated_d1,20.0,prova2,total_noref,PbLa,footprint,3.0,0.9829774956722447,0.9973002039367398,3466,313.8173029081198,352.0642895610096
posterior,a20_h0x0_validated_d1,20.0,prova2,total_noref,PbLb,footprint,0.5,0.36006924408540103,0.3829249225480261,3466,240.33049128549473,270.0952947692336
posterior,a20_h0x0_validated_d1,20.0,prova2,total_noref,PbLb,footprint,1.0,0.6534910559723024,0.6826894921370857,3466,240.33049128549473,270.0952947692336
posterior,a20_h0x0_validated_d1,20.0,prova2,total_noref,PbLb,footprint,1.5,0.8251586843623774,0.8663855974622838,3466,240.33049128549473,270.0952947692336
posterior,a20_h0x0_validated_d1,20.0,prova2,total_noref,PbLb,footprint,2.0,0.915464512406232,0.9544997361036417,3466,240.33049128549473,270.0952947692336
posterior,a20_h0x0_validated_d1,20.0,prova2,total_noref,PbLb,footprint,3.0,0.9818234275822274,0.9973002039367398,3466,240.33049128549473,270.0952947692336
posterior,a20_h0x0_validated_d1,20.0,prova2,total_noref,PbLg,footprint,0.5,0.26918638199653777,0.3829249225480261,3466,39.681164116101385,56.53390914097184
posterior,a20_h0x0_validated_d1,20.0,prova2,total_noref,PbLg,footprint,1.0,0.5098095787651471,0.6826894921370857,3466,39.681164116101385,56.53390914097184
posterior,a20_h0x0_validated_d1,20.0,prova2,total_noref,PbLg,footprint,1.5,0.6878245816503173,0.8663855974622838,3466,39.681164116101385,56.53390914097184
posterior,a20_h0x0_validated_d1,20.0,prova2,total_noref,PbLg,footprint,2.0,0.8087132140796307,0.9544997361036417,3466,39.681164116101385,56.53390914097184
posterior,a20_h0x0_validated_d1,20.0,prova2,total_noref,PbLg,footprint,3.0,0.9290248124639354,0.9973002039367398,3466,39.681164116101385,56.53390914097184
control,a20_h14x20_validated_d1,20.0,prova2,ens,Ca,footprint,0.5,0.12146566647432198,0.3829249225480261,3466,83.21479001784367,270.9890244607725
control,a20_h14x20_validated_d1,20.0,prova2,ens,Ca,footprint,1.0,0.23889209463358338,0.6826894921370857,3466,83.21479001784367,270.9890244607725
control,a20_h14x20_validated_d1,20.0,prova2,ens,Ca,footprint,1.5,0.34535487593768033,0.8663855974622838,3466,83.21479001784367,270.9890244607725
control,a20_h14x20_validated_d1,20.0,prova2,ens,Ca,footprint,2.0,0.43537218695903057,0.9544997361036417,3466,83.21479001784367,270.9890244607725
control,a20_h14x20_validated_d1,20.0,prova2,ens,Ca,footprint,3.0,0.5960761684939412,0.9973002039367398,3466,83.21479001784367,270.9890244607725
control,a20_h14x20_validated_d1,20.0,prova2,ens,Ca,hole,0.5,0.08273381294964029,0.3829249225480261,278,260.3554610372707,851.3480817170301
control,a20_h14x20_validated_d1,20.0,prova2,ens,Ca,hole,1.0,0.1618705035971223,0.6826894921370857,278,260.3554610372707,851.3480817170301
control,a20_h14x20_validated_d1,20.0,prova2,ens,Ca,hole,1.5,0.26258992805755393,0.8663855974622838,278,260.3554610372707,851.3480817170301
control,a20_h14x20_validated_d1,20.0,prova2,ens,Ca,hole,2.0,0.35611510791366907,0.9544997361036417,278,260.3554610372707,851.3480817170301
control,a20_h14x20_validated_d1,20.0,prova2,ens,Ca,hole,3.0,0.49280575539568344,0.9973002039367398,278,260.3554610372707,851.3480817170301
control,a20_h14x20_validated_d1,20.0,prova2,ens,Ti,footprint,0.5,0.086266589728794,0.3829249225480261,3466,24.648107414399618,63.37121234560068
control,a20_h14x20_validated_d1,20.0,prova2,ens,Ti,footprint,1.0,0.1788805539526832,0.6826894921370857,3466,24.648107414399618,63.37121234560068
control,a20_h14x20_validated_d1,20.0,prova2,ens,Ti,footprint,1.5,0.27524523946912866,0.8663855974622838,3466,24.648107414399618,63.37121234560068
control,a20_h14x20_validated_d1,20.0,prova2,ens,Ti,footprint,2.0,0.3485285631852279,0.9544997361036417,3466,24.648107414399618,63.37121234560068
control,a20_h14x20_validated_d1,20.0,prova2,ens,Ti,footprint,3.0,0.4852856318522793,0.9973002039367398,3466,24.648107414399618,63.37121234560068
control,a20_h14x20_validated_d1,20.0,prova2,ens,Ti,hole,0.5,0.17266187050359713,0.3829249225480261,278,76.43757573406607,153.88358076324647
control,a20_h14x20_validated_d1,20.0,prova2,ens,Ti,hole,1.0,0.3381294964028777,0.6826894921370857,278,76.43757573406607,153.88358076324647
control,a20_h14x20_validated_d1,20.0,prova2,ens,Ti,hole,1.5,0.5251798561151079,0.8663855974622838,278,76.43757573406607,153.88358076324647
control,a20_h14x20_validated_d1,20.0,prova2,ens,Ti,hole,2.0,0.6330935251798561,0.9544997361036417,278,76.43757573406607,153.88358076324647
control,a20_h14x20_validated_d1,20.0,prova2,ens,Ti,hole,3.0,0.7949640287769785,0.9973002039367398,278,76.43757573406607,153.88358076324647
control,a20_h14x20_validated_d1,20.0,prova2,ens,Fe,footprint,0.5,0.10790536641661858,0.3829249225480261,3466,34.558295581372576,138.58187279139764
control,a20_h14x20_validated_d1,20.0,prova2,ens,Fe,footprint,1.0,0.206866705135603,0.6826894921370857,3466,34.558295581372576,138.58187279139764
control,a20_h14x20_validated_d1,20.0,prova2,ens,Fe,footprint,1.5,0.309001731102135,0.8663855974622838,3466,34.558295581372576,138.58187279139764
control,a20_h14x20_validated_d1,20.0,prova2,ens,Fe,footprint,2.0,0.4045008655510675,0.9544997361036417,3466,34.558295581372576,138.58187279139764
control,a20_h14x20_validated_d1,20.0,prova2,ens,Fe,footprint,3.0,0.5476053087132141,0.9973002039367398,3466,34.558295581372576,138.58187279139764
control,a20_h14x20_validated_d1,20.0,prova2,ens,Fe,hole,0.5,0.14028776978417265,0.3829249225480261,278,106.34852427838739,433.8180222483708
control,a20_h14x20_validated_d1,20.0,prova2,ens,Fe,hole,1.0,0.2733812949640288,0.6826894921370857,278,106.34852427838739,433.8180222483708
control,a20_h14x20_validated_d1,20.0,prova2,ens,Fe,hole,1.5,0.45323741007194246,0.8663855974622838,278,106.34852427838739,433.8180222483708
control,a20_h14x20_validated_d1,20.0,prova2,ens,Fe,hole,2.0,0.6762589928057554,0.9544997361036417,278,106.34852427838739,433.8180222483708
control,a20_h14x20_validated_d1,20.0,prova2,ens,Fe,hole,3.0,0.7446043165467626,0.9973002039367398,278,106.34852427838739,433.8180222483708
control,a20_h14x20_validated_d1,20.0,prova2,ens,Cu,footprint,0.5,0.23023658395845356,0.3829249225480261,3466,40.1109628085499,119.95551597379269
control,a20_h14x20_validated_d1,20.0,prova2,ens,Cu,footprint,1.0,0.36872475476053085,0.6826894921370857,3466,40.1109628085499,119.95551597379269
control,a20_h14x20_validated_d1,20.0,prova2,ens,Cu,footprint,1.5,0.45643392960184653,0.8663855974622838,3466,40.1109628085499,119.95551597379269
control,a20_h14x20_validated_d1,20.0,prova2,ens,Cu,footprint,2.0,0.5253894979803808,0.9544997361036417,3466,40.1109628085499,119.95551597379269
control,a20_h14x20_validated_d1,20.0,prova2,ens,Cu,footprint,3.0,0.6379111367570687,0.9973002039367398,3466,40.1109628085499,119.95551597379269
control,a20_h14x20_validated_d1,20.0,prova2,ens,Cu,hole,0.5,0.03237410071942446,0.3829249225480261,278,133.13633421704594,382.7822698377715
control,a20_h14x20_validated_d1,20.0,prova2,ens,Cu,hole,1.0,0.08273381294964029,0.6826894921370857,278,133.13633421704594,382.7822698377715
control,a20_h14x20_validated_d1,20.0,prova2,ens,Cu,hole,1.5,0.21942446043165467,0.8663855974622838,278,133.13633421704594,382.7822698377715
control,a20_h14x20_validated_d1,20.0,prova2,ens,Cu,hole,2.0,0.4028776978417266,0.9544997361036417,278,133.13633421704594,382.7822698377715
control,a20_h14x20_validated_d1,20.0,prova2,ens,Cu,hole,3.0,0.7553956834532374,0.9973002039367398,278,133.13633421704594,382.7822698377715
control,a20_h14x20_validated_d1,20.0,prova2,ens,PbLl,footprint,0.5,0.08770917484131564,0.3829249225480261,3466,13.779567654663994,51.71987169018827
control,a20_h14x20_validated_d1,20.0,prova2,ens,PbLl,footprint,1.0,0.15666474321984997,0.6826894921370857,3466,13.779567654663994,51.71987169018827
control,a20_h14x20_validated_d1,20.0,prova2,ens,PbLl,footprint,1.5,0.22792844777841892,0.8663855974622838,3466,13.779567654663994,51.71987169018827
control,a20_h14x20_validated_d1,20.0,prova2,ens,PbLl,footprint,2.0,0.28447778418926717,0.9544997361036417,3466,13.779567654663994,51.71987169018827
control,a20_h14x20_validated_d1,20.0,prova2,ens,PbLl,footprint,3.0,0.38228505481823427,0.9973002039367398,3466,13.779567654663994,51.71987169018827
control,a20_h14x20_validated_d1,20.0,prova2,ens,PbLl,hole,0.5,0.1618705035971223,0.3829249225480261,278,43.40798983496749,132.69325580352043
control,a20_h14x20_validated_d1,20.0,prova2,ens,PbLl,hole,1.0,0.31654676258992803,0.6826894921370857,278,43.40798983496749,132.69325580352043
control,a20_h14x20_validated_d1,20.0,prova2,ens,PbLl,hole,1.5,0.45323741007194246,0.8663855974622838,278,43.40798983496749,132.69325580352043
control,a20_h14x20_validated_d1,20.0,prova2,ens,PbLl,hole,2.0,0.5539568345323741,0.9544997361036417,278,43.40798983496749,132.69325580352043
control,a20_h14x20_validated_d1,20.0,prova2,ens,PbLl,hole,3.0,0.6870503597122302,0.9973002039367398,278,43.40798983496749,132.69325580352043
control,a20_h14x20_validated_d1,20.0,prova2,ens,PbLa,footprint,0.5,0.12463935372186959,0.3829249225480261,3466,346.79631882500894,733.6548021835711
control,a20_h14x20_validated_d1,20.0,prova2,ens,PbLa,footprint,1.0,0.23369878822850548,0.6826894921370857,3466,346.79631882500894,733.6548021835711
control,a20_h14x20_validated_d1,20.0,prova2,ens,PbLa,footprint,1.5,0.33756491633006347,0.8663855974622838,3466,346.79631882500894,733.6548021835711
control,a20_h14x20_validated_d1,20.0,prova2,ens,PbLa,footprint,2.0,0.4241200230813618,0.9544997361036417,3466,346.79631882500894,733.6548021835711
control,a20_h14x20_validated_d1,20.0,prova2,ens,PbLa,footprint,3.0,0.5885747259088286,0.9973002039367398,3466,346.79631882500894,733.6548021835711
control,a20_h14x20_validated_d1,20.0,prova2,ens,PbLa,hole,0.5,0.302158273381295,0.3829249225480261,278,1137.8948292069852,2361.395112695253
control,a20_h14x20_validated_d1,20.0,prova2,ens,PbLa,hole,1.0,0.49640287769784175,0.6826894921370857,278,1137.8948292069852,2361.395112695253
control,a20_h14x20_validated_d1,20.0,prova2,ens,PbLa,hole,1.5,0.5935251798561151,0.8663855974622838,278,1137.8948292069852,2361.395112695253
control,a20_h14x20_validated_d1,20.0,prova2,ens,PbLa,hole,2.0,0.6870503597122302,0.9544997361036417,278,1137.8948292069852,2361.395112695253
control,a20_h14x20_validated_d1,20.0,prova2,ens,PbLa,hole,3.0,0.8453237410071942,0.9973002039367398,278,1137.8948292069852,2361.395112695253
control,a20_h14x20_validated_d1,20.0,prova2,ens,PbLb,footprint,0.5,0.12233121754183497,0.3829249225480261,3466,250.78643821889048,536.9143061929321
control,a20_h14x20_validated_d1,20.0,prova2,ens,PbLb,footprint,1.0,0.2224466243508367,0.6826894921370857,3466,250.78643821889048,536.9143061929321
control,a20_h14x20_validated_d1,20.0,prova2,ens,PbLb,footprint,1.5,0.32458165031736874,0.8663855974622838,3466,250.78643821889048,536.9143061929321
control,a20_h14x20_validated_d1,20.0,prova2,ens,PbLb,footprint,2.0,0.41431044431621467,0.9544997361036417,3466,250.78643821889048,536.9143061929321
control,a20_h14x20_validated_d1,20.0,prova2,ens,PbLb,footprint,3.0,0.56866705135603,0.9973002039367398,3466,250.78643821889048,536.9143061929321
control,a20_h14x20_validated_d1,20.0,prova2,ens,PbLb,hole,0.5,0.302158273381295,0.3829249225480261,278,822.5028557681208,1708.758309121391
control,a20_h14x20_validated_d1,20.0,prova2,ens,PbLb,hole,1.0,0.4748201438848921,0.6826894921370857,278,822.5028557681208,1708.758309121391
control,a20_h14x20_validated_d1,20.0,prova2,ens,PbLb,hole,1.5,0.6187050359712231,0.8663855974622838,278,822.5028557681208,1708.758309121391
control,a20_h14x20_validated_d1,20.0,prova2,ens,PbLb,hole,2.0,0.7050359712230215,0.9544997361036417,278,822.5028557681208,1708.758309121391
control,a20_h14x20_validated_d1,20.0,prova2,ens,PbLb,hole,3.0,0.8525179856115108,0.9973002039367398,278,822.5028557681208,1708.758309121391
control,a20_h14x20_validated_d1,20.0,prova2,ens,PbLg,footprint,0.5,0.0810732833237161,0.3829249225480261,3466,33.56053831934234,82.35942642468356
control,a20_h14x20_validated_d1,20.0,prova2,ens,PbLg,footprint,1.0,0.15204847085978074,0.6826894921370857,3466,33.56053831934234,82.35942642468356
control,a20_h14x20_validated_d1,20.0,prova2,ens,PbLg,footprint,1.5,0.21465666474321984,0.8663855974622838,3466,33.56053831934234,82.35942642468356
control,a20_h14x20_validated_d1,20.0,prova2,ens,PbLg,footprint,2.0,0.27582227351413735,0.9544997361036417,3466,33.56053831934234,82.35942642468356
control,a20_h14x20_validated_d1,20.0,prova2,ens,PbLg,footprint,3.0,0.3912290825158684,0.9973002039367398,3466,33.56053831934234,82.35942642468356
control,a20_h14x20_validated_d1,20.0,prova2,ens,PbLg,hole,0.5,0.29136690647482016,0.3829249225480261,278,110.0025262092964,223.43544782662065
control,a20_h14x20_validated_d1,20.0,prova2,ens,PbLg,hole,1.0,0.44964028776978415,0.6826894921370857,278,110.0025262092964,223.43544782662065
control,a20_h14x20_validated_d1,20.0,prova2,ens,PbLg,hole,1.5,0.6187050359712231,0.8663855974622838,278,110.0025262092964,223.43544782662065
control,a20_h14x20_validated_d1,20.0,prova2,ens,PbLg,hole,2.0,0.6906474820143885,0.9544997361036417,278,110.0025262092964,223.43544782662065
control,a20_h14x20_validated_d1,20.0,prova2,ens,PbLg,hole,3.0,0.8525179856115108,0.9973002039367398,278,110.0025262092964,223.43544782662065
control,a20_h14x20_validated_d1,20.0,prova2,total_noref,Ca,footprint,0.5,0.21032890940565493,0.3829249225480261,3466,92.5053183086353,270.9890244607725
control,a20_h14x20_validated_d1,20.0,prova2,total_noref,Ca,footprint,1.0,0.40075014425851124,0.6826894921370857,3466,92.5053183086353,270.9890244607725
control,a20_h14x20_validated_d1,20.0,prova2,total_noref,Ca,footprint,1.5,0.5496249278707444,0.8663855974622838,3466,92.5053183086353,270.9890244607725
control,a20_h14x20_validated_d1,20.0,prova2,total_noref,Ca,footprint,2.0,0.6702250432775534,0.9544997361036417,3466,92.5053183086353,270.9890244607725
control,a20_h14x20_validated_d1,20.0,prova2,total_noref,Ca,footprint,3.0,0.8309290248124639,0.9973002039367398,3466,92.5053183086353,270.9890244607725
control,a20_h14x20_validated_d1,20.0,prova2,total_noref,Ca,hole,0.5,0.08273381294964029,0.3829249225480261,278,260.4488402348628,851.3480817170301
control,a20_h14x20_validated_d1,20.0,prova2,total_noref,Ca,hole,1.0,0.1618705035971223,0.6826894921370857,278,260.4488402348628,851.3480817170301
control,a20_h14x20_validated_d1,20.0,prova2,total_noref,Ca,hole,1.5,0.26258992805755393,0.8663855974622838,278,260.4488402348628,851.3480817170301
control,a20_h14x20_validated_d1,20.0,prova2,total_noref,Ca,hole,2.0,0.35611510791366907,0.9544997361036417,278,260.4488402348628,851.3480817170301
control,a20_h14x20_validated_d1,20.0,prova2,total_noref,Ca,hole,3.0,0.49280575539568344,0.9973002039367398,278,260.4488402348628,851.3480817170301
control,a20_h14x20_validated_d1,20.0,prova2,total_noref,Ti,footprint,0.5,0.23831506058857474,0.3829249225480261,3466,34.99062740004386,63.37121234560068
control,a20_h14x20_validated_d1,20.0,prova2,total_noref,Ti,footprint,1.0,0.4428736295441431,0.6826894921370857,3466,34.99062740004386,63.37121234560068
control,a20_h14x20_validated_d1,20.0,prova2,total_noref,Ti,footprint,1.5,0.6168493941142528,0.8663855974622838,3466,34.99062740004386,63.37121234560068
control,a20_h14x20_validated_d1,20.0,prova2,total_noref,Ti,footprint,2.0,0.7365839584535487,0.9544997361036417,3466,34.99062740004386,63.37121234560068
control,a20_h14x20_validated_d1,20.0,prova2,total_noref,Ti,footprint,3.0,0.8932487016733988,0.9973002039367398,3466,34.99062740004386,63.37121234560068
control,a20_h14x20_validated_d1,20.0,prova2,total_noref,Ti,hole,0.5,0.17266187050359713,0.3829249225480261,278,76.57820560123307,153.88358076324647
control,a20_h14x20_validated_d1,20.0,prova2,total_noref,Ti,hole,1.0,0.3381294964028777,0.6826894921370857,278,76.57820560123307,153.88358076324647
control,a20_h14x20_validated_d1,20.0,prova2,total_noref,Ti,hole,1.5,0.5251798561151079,0.8663855974622838,278,76.57820560123307,153.88358076324647
control,a20_h14x20_validated_d1,20.0,prova2,total_noref,Ti,hole,2.0,0.6330935251798561,0.9544997361036417,278,76.57820560123307,153.88358076324647
control,a20_h14x20_validated_d1,20.0,prova2,total_noref,Ti,hole,3.0,0.8057553956834532,0.9973002039367398,278,76.57820560123307,153.88358076324647
control,a20_h14x20_validated_d1,20.0,prova2,total_noref,Fe,footprint,0.5,0.2308136180034622,0.3829249225480261,3466,43.449028260060985,138.58187279139764
control,a20_h14x20_validated_d1,20.0,prova2,total_noref,Fe,footprint,1.0,0.4362377380265436,0.6826894921370857,3466,43.449028260060985,138.58187279139764
control,a20_h14x20_validated_d1,20.0,prova2,total_noref,Fe,footprint,1.5,0.5905943450663589,0.8663855974622838,3466,43.449028260060985,138.58187279139764
control,a20_h14x20_validated_d1,20.0,prova2,total_noref,Fe,footprint,2.0,0.7181188690132718,0.9544997361036417,3466,43.449028260060985,138.58187279139764
control,a20_h14x20_validated_d1,20.0,prova2,total_noref,Fe,footprint,3.0,0.8681477207155223,0.9973002039367398,3466,43.449028260060985,138.58187279139764
control,a20_h14x20_validated_d1,20.0,prova2,total_noref,Fe,hole,0.5,0.14028776978417265,0.3829249225480261,278,106.43529788644382,433.8180222483708
control,a20_h14x20_validated_d1,20.0,prova2,total_noref,Fe,hole,1.0,0.2733812949640288,0.6826894921370857,278,106.43529788644382,433.8180222483708
control,a20_h14x20_validated_d1,20.0,prova2,total_noref,Fe,hole,1.5,0.45323741007194246,0.8663855974622838,278,106.43529788644382,433.8180222483708
control,a20_h14x20_validated_d1,20.0,prova2,total_noref,Fe,hole,2.0,0.6798561151079137,0.9544997361036417,278,106.43529788644382,433.8180222483708
control,a20_h14x20_validated_d1,20.0,prova2,total_noref,Fe,hole,3.0,0.7446043165467626,0.9973002039367398,278,106.43529788644382,433.8180222483708
control,a20_h14x20_validated_d1,20.0,prova2,total_noref,Cu,footprint,0.5,0.3150605885747259,0.3829249225480261,3466,46.99763754480265,119.95551597379269
control,a20_h14x20_validated_d1,20.0,prova2,total_noref,Cu,footprint,1.0,0.5196191575302943,0.6826894921370857,3466,46.99763754480265,119.95551597379269
control,a20_h14x20_validated_d1,20.0,prova2,total_noref,Cu,footprint,1.5,0.6638776687824581,0.8663855974622838,3466,46.99763754480265,119.95551597379269
control,a20_h14x20_validated_d1,20.0,prova2,total_noref,Cu,footprint,2.0,0.7639930755914599,0.9544997361036417,3466,46.99763754480265,119.95551597379269
control,a20_h14x20_validated_d1,20.0,prova2,total_noref,Cu,footprint,3.0,0.895268320830929,0.9973002039367398,3466,46.99763754480265,119.95551597379269
control,a20_h14x20_validated_d1,20.0,prova2,total_noref,Cu,hole,0.5,0.03237410071942446,0.3829249225480261,278,133.22203687897434,382.7822698377715
control,a20_h14x20_validated_d1,20.0,prova2,total_noref,Cu,hole,1.0,0.08273381294964029,0.6826894921370857,278,133.22203687897434,382.7822698377715
control,a20_h14x20_validated_d1,20.0,prova2,total_noref,Cu,hole,1.5,0.21942446043165467,0.8663855974622838,278,133.22203687897434,382.7822698377715
control,a20_h14x20_validated_d1,20.0,prova2,total_noref,Cu,hole,2.0,0.4028776978417266,0.9544997361036417,278,133.22203687897434,382.7822698377715
control,a20_h14x20_validated_d1,20.0,prova2,total_noref,Cu,hole,3.0,0.7589928057553957,0.9973002039367398,278,133.22203687897434,382.7822698377715
control,a20_h14x20_validated_d1,20.0,prova2,total_noref,PbLl,footprint,0.5,0.2547605308713214,0.3829249225480261,3466,25.819555354365875,51.71987169018827
control,a20_h14x20_validated_d1,20.0,prova2,total_noref,PbLl,footprint,1.0,0.4723023658395845,0.6826894921370857,3466,25.819555354365875,51.71987169018827
control,a20_h14x20_validated_d1,20.0,prova2,total_noref,PbLl,footprint,1.5,0.6231967686093479,0.8663855974622838,3466,25.819555354365875,51.71987169018827
control,a20_h14x20_validated_d1,20.0,prova2,total_noref,PbLl,footprint,2.0,0.7458165031736872,0.9544997361036417,3466,25.819555354365875,51.71987169018827
control,a20_h14x20_validated_d1,20.0,prova2,total_noref,PbLl,footprint,3.0,0.8889209463358339,0.9973002039367398,3466,25.819555354365875,51.71987169018827
control,a20_h14x20_validated_d1,20.0,prova2,total_noref,PbLl,hole,0.5,0.16546762589928057,0.3829249225480261,278,43.63636249513748,132.69325580352043
control,a20_h14x20_validated_d1,20.0,prova2,total_noref,PbLl,hole,1.0,0.31654676258992803,0.6826894921370857,278,43.63636249513748,132.69325580352043
control,a20_h14x20_validated_d1,20.0,prova2,total_noref,PbLl,hole,1.5,0.45323741007194246,0.8663855974622838,278,43.63636249513748,132.69325580352043
control,a20_h14x20_validated_d1,20.0,prova2,total_noref,PbLl,hole,2.0,0.5611510791366906,0.9544997361036417,278,43.63636249513748,132.69325580352043
control,a20_h14x20_validated_d1,20.0,prova2,total_noref,PbLl,hole,3.0,0.6870503597122302,0.9973002039367398,278,43.63636249513748,132.69325580352043
control,a20_h14x20_validated_d1,20.0,prova2,total_noref,PbLa,footprint,0.5,0.21119446047316792,0.3829249225480261,3466,363.01782851190035,733.6548021835711
control,a20_h14x20_validated_d1,20.0,prova2,total_noref,PbLa,footprint,1.0,0.40363531448355455,0.6826894921370857,3466,363.01782851190035,733.6548021835711
control,a20_h14x20_validated_d1,20.0,prova2,total_noref,PbLa,footprint,1.5,0.5470282746682055,0.8663855974622838,3466,363.01782851190035,733.6548021835711
control,a20_h14x20_validated_d1,20.0,prova2,total_noref,PbLa,footprint,2.0,0.6794575879976918,0.9544997361036417,3466,363.01782851190035,733.6548021835711
control,a20_h14x20_validated_d1,20.0,prova2,total_noref,PbLa,footprint,3.0,0.8548759376803231,0.9973002039367398,3466,363.01782851190035,733.6548021835711
control,a20_h14x20_validated_d1,20.0,prova2,total_noref,PbLa,hole,0.5,0.302158273381295,0.3829249225480261,278,1138.7661632411152,2361.395112695253
control,a20_h14x20_validated_d1,20.0,prova2,total_noref,PbLa,hole,1.0,0.49640287769784175,0.6826894921370857,278,1138.7661632411152,2361.395112695253
control,a20_h14x20_validated_d1,20.0,prova2,total_noref,PbLa,hole,1.5,0.5935251798561151,0.8663855974622838,278,1138.7661632411152,2361.395112695253
control,a20_h14x20_validated_d1,20.0,prova2,total_noref,PbLa,hole,2.0,0.6870503597122302,0.9544997361036417,278,1138.7661632411152,2361.395112695253
control,a20_h14x20_validated_d1,20.0,prova2,total_noref,PbLa,hole,3.0,0.8453237410071942,0.9973002039367398,278,1138.7661632411152,2361.395112695253
control,a20_h14x20_validated_d1,20.0,prova2,total_noref,PbLb,footprint,0.5,0.21379111367570686,0.3829249225480261,3466,266.0908395731012,536.9143061929321
control,a20_h14x20_validated_d1,20.0,prova2,total_noref,PbLb,footprint,1.0,0.4045008655510675,0.6826894921370857,3466,266.0908395731012,536.9143061929321
control,a20_h14x20_validated_d1,20.0,prova2,total_noref,PbLb,footprint,1.5,0.569532602423543,0.8663855974622838,3466,266.0908395731012,536.9143061929321
control,a20_h14x20_validated_d1,20.0,prova2,total_noref,PbLb,footprint,2.0,0.6947489901904212,0.9544997361036417,3466,266.0908395731012,536.9143061929321
control,a20_h14x20_validated_d1,20.0,prova2,total_noref,PbLb,footprint,3.0,0.8600692440854011,0.9973002039367398,3466,266.0908395731012,536.9143061929321
control,a20_h14x20_validated_d1,20.0,prova2,total_noref,PbLb,hole,0.5,0.302158273381295,0.3829249225480261,278,823.1453430507751,1708.758309121391
control,a20_h14x20_validated_d1,20.0,prova2,total_noref,PbLb,hole,1.0,0.4748201438848921,0.6826894921370857,278,823.1453430507751,1708.758309121391
control,a20_h14x20_validated_d1,20.0,prova2,total_noref,PbLb,hole,1.5,0.6187050359712231,0.8663855974622838,278,823.1453430507751,1708.758309121391
control,a20_h14x20_validated_d1,20.0,prova2,total_noref,PbLb,hole,2.0,0.7050359712230215,0.9544997361036417,278,823.1453430507751,1708.758309121391
control,a20_h14x20_validated_d1,20.0,prova2,total_noref,PbLb,hole,3.0,0.8525179856115108,0.9973002039367398,278,823.1453430507751,1708.758309121391
control,a20_h14x20_validated_d1,20.0,prova2,total_noref,PbLg,footprint,0.5,0.2507212925562608,0.3829249225480261,3466,45.90291135623393,82.35942642468356
control,a20_h14x20_validated_d1,20.0,prova2,total_noref,PbLg,footprint,1.0,0.4697057126370456,0.6826894921370857,3466,45.90291135623393,82.35942642468356
control,a20_h14x20_validated_d1,20.0,prova2,total_noref,PbLg,footprint,1.5,0.6338718984420081,0.8663855974622838,3466,45.90291135623393,82.35942642468356
control,a20_h14x20_validated_d1,20.0,prova2,total_noref,PbLg,footprint,2.0,0.7547605308713214,0.9544997361036417,3466,45.90291135623393,82.35942642468356
control,a20_h14x20_validated_d1,20.0,prova2,total_noref,PbLg,footprint,3.0,0.898730525100981,0.9973002039367398,3466,45.90291135623393,82.35942642468356
control,a20_h14x20_validated_d1,20.0,prova2,total_noref,PbLg,hole,0.5,0.29136690647482016,0.3829249225480261,278,110.22930423214433,223.43544782662065
control,a20_h14x20_validated_d1,20.0,prova2,total_noref,PbLg,hole,1.0,0.44964028776978415,0.6826894921370857,278,110.22930423214433,223.43544782662065
control,a20_h14x20_validated_d1,20.0,prova2,total_noref,PbLg,hole,1.5,0.6187050359712231,0.8663855974622838,278,110.22930423214433,223.43544782662065
control,a20_h14x20_validated_d1,20.0,prova2,total_noref,PbLg,hole,2.0,0.6906474820143885,0.9544997361036417,278,110.22930423214433,223.43544782662065
control,a20_h14x20_validated_d1,20.0,prova2,total_noref,PbLg,hole,3.0,0.8525179856115108,0.9973002039367398,278,110.22930423214433,223.43544782662065
prior,a20_h14x20_validated_d1,20.0,prova2,ens,Ca,footprint,0.5,0.2651471436814772,0.3829249225480261,3466,113.02227232106546,278.21811780241615
prior,a20_h14x20_validated_d1,20.0,prova2,ens,Ca,footprint,1.0,0.4789382573571841,0.6826894921370857,3466,113.02227232106546,278.21811780241615
prior,a20_h14x20_validated_d1,20.0,prova2,ens,Ca,footprint,1.5,0.6364685516445471,0.8663855974622838,3466,113.02227232106546,278.21811780241615
prior,a20_h14x20_validated_d1,20.0,prova2,ens,Ca,footprint,2.0,0.7452394691286786,0.9544997361036417,3466,113.02227232106546,278.21811780241615
prior,a20_h14x20_validated_d1,20.0,prova2,ens,Ca,footprint,3.0,0.8837276399307559,0.9973002039367398,3466,113.02227232106546,278.21811780241615
prior,a20_h14x20_validated_d1,20.0,prova2,ens,Ca,hole,0.5,0.0683453237410072,0.3829249225480261,278,244.64601750807486,862.9985704897384
prior,a20_h14x20_validated_d1,20.0,prova2,ens,Ca,hole,1.0,0.1474820143884892,0.6826894921370857,278,244.64601750807486,862.9985704897384
prior,a20_h14x20_validated_d1,20.0,prova2,ens,Ca,hole,1.5,0.23381294964028776,0.8663855974622838,278,244.64601750807486,862.9985704897384
prior,a20_h14x20_validated_d1,20.0,prova2,ens,Ca,hole,2.0,0.3381294964028777,0.9544997361036417,278,244.64601750807486,862.9985704897384
prior,a20_h14x20_validated_d1,20.0,prova2,ens,Ca,hole,3.0,0.5287769784172662,0.9973002039367398,278,244.64601750807486,862.9985704897384
prior,a20_h14x20_validated_d1,20.0,prova2,ens,Ti,footprint,0.5,0.20398153491055973,0.3829249225480261,3466,32.245988257397805,65.03487573328961
prior,a20_h14x20_validated_d1,20.0,prova2,ens,Ti,footprint,1.0,0.4039238315060589,0.6826894921370857,3466,32.245988257397805,65.03487573328961
prior,a20_h14x20_validated_d1,20.0,prova2,ens,Ti,footprint,1.5,0.5415464512406232,0.8663855974622838,3466,32.245988257397805,65.03487573328961
prior,a20_h14x20_validated_d1,20.0,prova2,ens,Ti,footprint,2.0,0.6526255049047894,0.9544997361036417,3466,32.245988257397805,65.03487573328961
prior,a20_h14x20_validated_d1,20.0,prova2,ens,Ti,footprint,3.0,0.8061165608770917,0.9973002039367398,3466,32.245988257397805,65.03487573328961
prior,a20_h14x20_validated_d1,20.0,prova2,ens,Ti,hole,0.5,0.1474820143884892,0.3829249225480261,278,65.69243455712159,156.39526491919077
prior,a20_h14x20_validated_d1,20.0,prova2,ens,Ti,hole,1.0,0.31654676258992803,0.6826894921370857,278,65.69243455712159,156.39526491919077
prior,a20_h14x20_validated_d1,20.0,prova2,ens,Ti,hole,1.5,0.45323741007194246,0.8663855974622838,278,65.69243455712159,156.39526491919077
prior,a20_h14x20_validated_d1,20.0,prova2,ens,Ti,hole,2.0,0.5719424460431655,0.9544997361036417,278,65.69243455712159,156.39526491919077
prior,a20_h14x20_validated_d1,20.0,prova2,ens,Ti,hole,3.0,0.7553956834532374,0.9973002039367398,278,65.69243455712159,156.39526491919077
prior,a20_h14x20_validated_d1,20.0,prova2,ens,Fe,footprint,0.5,0.19821119446047317,0.3829249225480261,3466,47.83629439264719,143.686248919727
prior,a20_h14x20_validated_d1,20.0,prova2,ens,Fe,footprint,1.0,0.3889209463358338,0.6826894921370857,3466,47.83629439264719,143.686248919727
prior,a20_h14x20_validated_d1,20.0,prova2,ens,Fe,footprint,1.5,0.53866128101558,0.8663855974622838,3466,47.83629439264719,143.686248919727
prior,a20_h14x20_validated_d1,20.0,prova2,ens,Fe,footprint,2.0,0.6569532602423543,0.9544997361036417,3466,47.83629439264719,143.686248919727
prior,a20_h14x20_validated_d1,20.0,prova2,ens,Fe,footprint,3.0,0.7971725331794576,0.9973002039367398,3466,47.83629439264719,143.686248919727
prior,a20_h14x20_validated_d1,20.0,prova2,ens,Fe,hole,0.5,0.14388489208633093,0.3829249225480261,278,89.55393778712319,448.41219819239626
prior,a20_h14x20_validated_d1,20.0,prova2,ens,Fe,hole,1.0,0.34532374100719426,0.6826894921370857,278,89.55393778712319,448.41219819239626
prior,a20_h14x20_validated_d1,20.0,prova2,ens,Fe,hole,1.5,0.5143884892086331,0.8663855974622838,278,89.55393778712319,448.41219819239626
prior,a20_h14x20_validated_d1,20.0,prova2,ens,Fe,hole,2.0,0.6258992805755396,0.9544997361036417,278,89.55393778712319,448.41219819239626
prior,a20_h14x20_validated_d1,20.0,prova2,ens,Fe,hole,3.0,0.7050359712230215,0.9973002039367398,278,89.55393778712319,448.41219819239626
prior,a20_h14x20_validated_d1,20.0,prova2,ens,Cu,footprint,0.5,0.35170225043277553,0.3829249225480261,3466,38.50093575699819,121.17339958369796
prior,a20_h14x20_validated_d1,20.0,prova2,ens,Cu,footprint,1.0,0.5077899596076169,0.6826894921370857,3466,38.50093575699819,121.17339958369796
prior,a20_h14x20_validated_d1,20.0,prova2,ens,Cu,footprint,1.5,0.6084824004616273,0.8663855974622838,3466,38.50093575699819,121.17339958369796
prior,a20_h14x20_validated_d1,20.0,prova2,ens,Cu,footprint,2.0,0.6930178880553952,0.9544997361036417,3466,38.50093575699819,121.17339958369796
prior,a20_h14x20_validated_d1,20.0,prova2,ens,Cu,footprint,3.0,0.8139065204847086,0.9973002039367398,3466,38.50093575699819,121.17339958369796
prior,a20_h14x20_validated_d1,20.0,prova2,ens,Cu,hole,0.5,0.017985611510791366,0.3829249225480261,278,80.4056724047904,381.9976251372085
prior,a20_h14x20_validated_d1,20.0,prova2,ens,Cu,hole,1.0,0.0539568345323741,0.6826894921370857,278,80.4056724047904,381.9976251372085
prior,a20_h14x20_validated_d1,20.0,prova2,ens,Cu,hole,1.5,0.07553956834532374,0.8663855974622838,278,80.4056724047904,381.9976251372085
prior,a20_h14x20_validated_d1,20.0,prova2,ens,Cu,hole,2.0,0.11151079136690648,0.9544997361036417,278,80.4056724047904,381.9976251372085
prior,a20_h14x20_validated_d1,20.0,prova2,ens,Cu,hole,3.0,0.3237410071942446,0.9973002039367398,278,80.4056724047904,381.9976251372085
prior,a20_h14x20_validated_d1,20.0,prova2,ens,PbLl,footprint,0.5,0.18782458165031737,0.3829249225480261,3466,19.40136173929578,52.970690500804274
prior,a20_h14x20_validated_d1,20.0,prova2,ens,PbLl,footprint,1.0,0.3491055972302366,0.6826894921370857,3466,19.40136173929578,52.970690500804274
prior,a20_h14x20_validated_d1,20.0,prova2,ens,PbLl,footprint,1.5,0.4847085978072706,0.8663855974622838,3466,19.40136173929578,52.970690500804274
prior,a20_h14x20_validated_d1,20.0,prova2,ens,PbLl,footprint,2.0,0.586266589728794,0.9544997361036417,3466,19.40136173929578,52.970690500804274
prior,a20_h14x20_validated_d1,20.0,prova2,ens,PbLl,footprint,3.0,0.7409117137911136,0.9973002039367398,3466,19.40136173929578,52.970690500804274
prior,a20_h14x20_validated_d1,20.0,prova2,ens,PbLl,hole,0.5,0.1510791366906475,0.3829249225480261,278,34.492608343260606,135.49135761002483
prior,a20_h14x20_validated_d1,20.0,prova2,ens,PbLl,hole,1.0,0.2733812949640288,0.6826894921370857,278,34.492608343260606,135.49135761002483
prior,a20_h14x20_validated_d1,20.0,prova2,ens,PbLl,hole,1.5,0.38489208633093525,0.8663855974622838,278,34.492608343260606,135.49135761002483
prior,a20_h14x20_validated_d1,20.0,prova2,ens,PbLl,hole,2.0,0.4712230215827338,0.9544997361036417,278,34.492608343260606,135.49135761002483
prior,a20_h14x20_validated_d1,20.0,prova2,ens,PbLl,hole,3.0,0.60431654676259,0.9973002039367398,278,34.492608343260606,135.49135761002483
prior,a20_h14x20_validated_d1,20.0,prova2,ens,PbLa,footprint,0.5,0.4751875360646278,0.3829249225480261,3466,492.35292113376664,765.559754835329
prior,a20_h14x20_validated_d1,20.0,prova2,ens,PbLa,footprint,1.0,0.7761107905366417,0.6826894921370857,3466,492.35292113376664,765.559754835329
prior,a20_h14x20_validated_d1,20.0,prova2,ens,PbLa,footprint,1.5,0.8932487016733988,0.8663855974622838,3466,492.35292113376664,765.559754835329
prior,a20_h14x20_validated_d1,20.0,prova2,ens,PbLa,footprint,2.0,0.9454702827466821,0.9544997361036417,3466,492.35292113376664,765.559754835329
prior,a20_h14x20_validated_d1,20.0,prova2,ens,PbLa,footprint,3.0,0.9734564339296018,0.9973002039367398,3466,492.35292113376664,765.559754835329
prior,a20_h14x20_validated_d1,20.0,prova2,ens,PbLa,hole,0.5,0.17985611510791366,0.3829249225480261,278,806.9879377754621,2402.4885516919003
prior,a20_h14x20_validated_d1,20.0,prova2,ens,PbLa,hole,1.0,0.35611510791366907,0.6826894921370857,278,806.9879377754621,2402.4885516919003
prior,a20_h14x20_validated_d1,20.0,prova2,ens,PbLa,hole,1.5,0.4856115107913669,0.8663855974622838,278,806.9879377754621,2402.4885516919003
prior,a20_h14x20_validated_d1,20.0,prova2,ens,PbLa,hole,2.0,0.564748201438849,0.9544997361036417,278,806.9879377754621,2402.4885516919003
prior,a20_h14x20_validated_d1,20.0,prova2,ens,PbLa,hole,3.0,0.6942446043165468,0.9973002039367398,278,806.9879377754621,2402.4885516919003
prior,a20_h14x20_validated_d1,20.0,prova2,ens,PbLb,footprint,0.5,0.32890940565493365,0.3829249225480261,3466,299.0404084448206,557.855939530334
prior,a20_h14x20_validated_d1,20.0,prova2,ens,PbLb,footprint,1.0,0.6125216387766879,0.6826894921370857,3466,299.0404084448206,557.855939530334
prior,a20_h14x20_validated_d1,20.0,prova2,ens,PbLb,footprint,1.5,0.7847663012117715,0.8663855974622838,3466,299.0404084448206,557.855939530334
prior,a20_h14x20_validated_d1,20.0,prova2,ens,PbLb,footprint,2.0,0.8768032313906521,0.9544997361036417,3466,299.0404084448206,557.855939530334
prior,a20_h14x20_validated_d1,20.0,prova2,ens,PbLb,footprint,3.0,0.9581650317368725,0.9973002039367398,3466,299.0404084448206,557.855939530334
prior,a20_h14x20_validated_d1,20.0,prova2,ens,PbLb,hole,0.5,0.16546762589928057,0.3829249225480261,278,568.116847155024,1736.409141030339
prior,a20_h14x20_validated_d1,20.0,prova2,ens,PbLb,hole,1.0,0.3057553956834532,0.6826894921370857,278,568.116847155024,1736.409141030339
prior,a20_h14x20_validated_d1,20.0,prova2,ens,PbLb,hole,1.5,0.45323741007194246,0.8663855974622838,278,568.116847155024,1736.409141030339
prior,a20_h14x20_validated_d1,20.0,prova2,ens,PbLb,hole,2.0,0.5287769784172662,0.9544997361036417,278,568.116847155024,1736.409141030339
prior,a20_h14x20_validated_d1,20.0,prova2,ens,PbLb,hole,3.0,0.6726618705035972,0.9973002039367398,278,568.116847155024,1736.409141030339
prior,a20_h14x20_validated_d1,20.0,prova2,ens,PbLg,footprint,0.5,0.20282746682054242,0.3829249225480261,3466,38.96991111632922,85.3187897975457
prior,a20_h14x20_validated_d1,20.0,prova2,ens,PbLg,footprint,1.0,0.36843623773802653,0.6826894921370857,3466,38.96991111632922,85.3187897975457
prior,a20_h14x20_validated_d1,20.0,prova2,ens,PbLg,footprint,1.5,0.5204847085978073,0.8663855974622838,3466,38.96991111632922,85.3187897975457
prior,a20_h14x20_validated_d1,20.0,prova2,ens,PbLg,footprint,2.0,0.6286785920369302,0.9544997361036417,3466,38.96991111632922,85.3187897975457
prior,a20_h14x20_validated_d1,20.0,prova2,ens,PbLg,footprint,3.0,0.7839007501442585,0.9973002039367398,3466,38.96991111632922,85.3187897975457
prior,a20_h14x20_validated_d1,20.0,prova2,ens,PbLg,hole,0.5,0.16906474820143885,0.3829249225480261,278,77.64928511017746,228.4577301956575
prior,a20_h14x20_validated_d1,20.0,prova2,ens,PbLg,hole,1.0,0.28776978417266186,0.6826894921370857,278,77.64928511017746,228.4577301956575
prior,a20_h14x20_validated_d1,20.0,prova2,ens,PbLg,hole,1.5,0.4676258992805755,0.8663855974622838,278,77.64928511017746,228.4577301956575
prior,a20_h14x20_validated_d1,20.0,prova2,ens,PbLg,hole,2.0,0.5287769784172662,0.9544997361036417,278,77.64928511017746,228.4577301956575
prior,a20_h14x20_validated_d1,20.0,prova2,ens,PbLg,hole,3.0,0.6726618705035972,0.9973002039367398,278,77.64928511017746,228.4577301956575
prior,a20_h14x20_validated_d1,20.0,prova2,total_noref,Ca,footprint,0.5,0.3043854587420658,0.3829249225480261,3466,119.51115471173276,278.21811780241615
prior,a20_h14x20_validated_d1,20.0,prova2,total_noref,Ca,footprint,1.0,0.5424120023081361,0.6826894921370857,3466,119.51115471173276,278.21811780241615
prior,a20_h14x20_validated_d1,20.0,prova2,total_noref,Ca,footprint,1.5,0.7019619157530295,0.8663855974622838,3466,119.51115471173276,278.21811780241615
prior,a20_h14x20_validated_d1,20.0,prova2,total_noref,Ca,footprint,2.0,0.8141950375072129,0.9544997361036417,3466,119.51115471173276,278.21811780241615
prior,a20_h14x20_validated_d1,20.0,prova2,total_noref,Ca,footprint,3.0,0.9238315060588574,0.9973002039367398,3466,119.51115471173276,278.21811780241615
prior,a20_h14x20_validated_d1,20.0,prova2,total_noref,Ca,hole,0.5,0.0683453237410072,0.3829249225480261,278,244.75089361652337,862.9985704897384
prior,a20_h14x20_validated_d1,20.0,prova2,total_noref,Ca,hole,1.0,0.1474820143884892,0.6826894921370857,278,244.75089361652337,862.9985704897384
prior,a20_h14x20_validated_d1,20.0,prova2,total_noref,Ca,hole,1.5,0.23381294964028776,0.8663855974622838,278,244.75089361652337,862.9985704897384
prior,a20_h14x20_validated_d1,20.0,prova2,total_noref,Ca,hole,2.0,0.3381294964028777,0.9544997361036417,278,244.75089361652337,862.9985704897384
prior,a20_h14x20_validated_d1,20.0,prova2,total_noref,Ca,hole,3.0,0.5287769784172662,0.9973002039367398,278,244.75089361652337,862.9985704897384
prior,a20_h14x20_validated_d1,20.0,prova2,total_noref,Ti,footprint,0.5,0.29053664166185805,0.3829249225480261,3466,40.44558087635575,65.03487573328961
prior,a20_h14x20_validated_d1,20.0,prova2,total_noref,Ti,footprint,1.0,0.5354875937680323,0.6826894921370857,3466,40.44558087635575,65.03487573328961
prior,a20_h14x20_validated_d1,20.0,prova2,total_noref,Ti,footprint,1.5,0.6990767455279862,0.8663855974622838,3466,40.44558087635575,65.03487573328961
prior,a20_h14x20_validated_d1,20.0,prova2,total_noref,Ti,footprint,2.0,0.8127524523946913,0.9544997361036417,3466,40.44558087635575,65.03487573328961
prior,a20_h14x20_validated_d1,20.0,prova2,total_noref,Ti,footprint,3.0,0.930467397576457,0.9973002039367398,3466,40.44558087635575,65.03487573328961
prior,a20_h14x20_validated_d1,20.0,prova2,total_noref,Ti,hole,0.5,0.1474820143884892,0.3829249225480261,278,65.8537104099547,156.39526491919077
prior,a20_h14x20_validated_d1,20.0,prova2,total_noref,Ti,hole,1.0,0.31654676258992803,0.6826894921370857,278,65.8537104099547,156.39526491919077
prior,a20_h14x20_validated_d1,20.0,prova2,total_noref,Ti,hole,1.5,0.4568345323741007,0.8663855974622838,278,65.8537104099547,156.39526491919077
prior,a20_h14x20_validated_d1,20.0,prova2,total_noref,Ti,hole,2.0,0.5719424460431655,0.9544997361036417,278,65.8537104099547,156.39526491919077
prior,a20_h14x20_validated_d1,20.0,prova2,total_noref,Ti,hole,3.0,0.7553956834532374,0.9973002039367398,278,65.8537104099547,156.39526491919077
prior,a20_h14x20_validated_d1,20.0,prova2,total_noref,Fe,footprint,0.5,0.2810155799192152,0.3829249225480261,3466,54.50981865130715,143.686248919727
prior,a20_h14x20_validated_d1,20.0,prova2,total_noref,Fe,footprint,1.0,0.5256780150028851,0.6826894921370857,3466,54.50981865130715,143.686248919727
prior,a20_h14x20_validated_d1,20.0,prova2,total_noref,Fe,footprint,1.5,0.693594922100404,0.8663855974622838,3466,54.50981865130715,143.686248919727
prior,a20_h14x20_validated_d1,20.0,prova2,total_noref,Fe,footprint,2.0,0.8026543566070398,0.9544997361036417,3466,54.50981865130715,143.686248919727
prior,a20_h14x20_validated_d1,20.0,prova2,total_noref,Fe,footprint,3.0,0.9261396422388921,0.9973002039367398,3466,54.50981865130715,143.686248919727
prior,a20_h14x20_validated_d1,20.0,prova2,total_noref,Fe,hole,0.5,0.14388489208633093,0.3829249225480261,278,89.63983219229023,448.41219819239626
prior,a20_h14x20_validated_d1,20.0,prova2,total_noref,Fe,hole,1.0,0.34532374100719426,0.6826894921370857,278,89.63983219229023,448.41219819239626
prior,a20_h14x20_validated_d1,20.0,prova2,total_noref,Fe,hole,1.5,0.5179856115107914,0.8663855974622838,278,89.63983219229023,448.41219819239626
prior,a20_h14x20_validated_d1,20.0,prova2,total_noref,Fe,hole,2.0,0.6258992805755396,0.9544997361036417,278,89.63983219229023,448.41219819239626
prior,a20_h14x20_validated_d1,20.0,prova2,total_noref,Fe,hole,3.0,0.7050359712230215,0.9973002039367398,278,89.63983219229023,448.41219819239626
prior,a20_h14x20_validated_d1,20.0,prova2,total_noref,Cu,footprint,0.5,0.395268320830929,0.3829249225480261,3466,45.078281814089706,121.17339958369796
prior,a20_h14x20_validated_d1,20.0,prova2,total_noref,Cu,footprint,1.0,0.5929024812463936,0.6826894921370857,3466,45.078281814089706,121.17339958369796
prior,a20_h14x20_validated_d1,20.0,prova2,total_noref,Cu,footprint,1.5,0.7149451817657242,0.8663855974622838,3466,45.078281814089706,121.17339958369796
prior,a20_h14x20_validated_d1,20.0,prova2,total_noref,Cu,footprint,2.0,0.8058280438545874,0.9544997361036417,3466,45.078281814089706,121.17339958369796
prior,a20_h14x20_validated_d1,20.0,prova2,total_noref,Cu,footprint,3.0,0.9013271783035199,0.9973002039367398,3466,45.078281814089706,121.17339958369796
prior,a20_h14x20_validated_d1,20.0,prova2,total_noref,Cu,hole,0.5,0.017985611510791366,0.3829249225480261,278,80.53544580880833,381.9976251372085
prior,a20_h14x20_validated_d1,20.0,prova2,total_noref,Cu,hole,1.0,0.0539568345323741,0.6826894921370857,278,80.53544580880833,381.9976251372085
prior,a20_h14x20_validated_d1,20.0,prova2,total_noref,Cu,hole,1.5,0.07553956834532374,0.8663855974622838,278,80.53544580880833,381.9976251372085
prior,a20_h14x20_validated_d1,20.0,prova2,total_noref,Cu,hole,2.0,0.11151079136690648,0.9544997361036417,278,80.53544580880833,381.9976251372085
prior,a20_h14x20_validated_d1,20.0,prova2,total_noref,Cu,hole,3.0,0.3237410071942446,0.9973002039367398,278,80.53544580880833,381.9976251372085
prior,a20_h14x20_validated_d1,20.0,prova2,total_noref,PbLl,footprint,0.5,0.29457587997691864,0.3829249225480261,3466,28.64050097376981,52.970690500804274
prior,a20_h14x20_validated_d1,20.0,prova2,total_noref,PbLl,footprint,1.0,0.5297172533179457,0.6826894921370857,3466,28.64050097376981,52.970690500804274
prior,a20_h14x20_validated_d1,20.0,prova2,total_noref,PbLl,footprint,1.5,0.6904212348528563,0.8663855974622838,3466,28.64050097376981,52.970690500804274
prior,a20_h14x20_validated_d1,20.0,prova2,total_noref,PbLl,footprint,2.0,0.8069821119446048,0.9544997361036417,3466,28.64050097376981,52.970690500804274
prior,a20_h14x20_validated_d1,20.0,prova2,total_noref,PbLl,footprint,3.0,0.9209463358338142,0.9973002039367398,3466,28.64050097376981,52.970690500804274
prior,a20_h14x20_validated_d1,20.0,prova2,total_noref,PbLl,hole,0.5,0.1510791366906475,0.3829249225480261,278,34.73409044343999,135.49135761002483
prior,a20_h14x20_validated_d1,20.0,prova2,total_noref,PbLl,hole,1.0,0.27697841726618705,0.6826894921370857,278,34.73409044343999,135.49135761002483
prior,a20_h14x20_validated_d1,20.0,prova2,total_noref,PbLl,hole,1.5,0.39568345323741005,0.8663855974622838,278,34.73409044343999,135.49135761002483
prior,a20_h14x20_validated_d1,20.0,prova2,total_noref,PbLl,hole,2.0,0.4784172661870504,0.9544997361036417,278,34.73409044343999,135.49135761002483
prior,a20_h14x20_validated_d1,20.0,prova2,total_noref,PbLl,hole,3.0,0.6079136690647482,0.9973002039367398,278,34.73409044343999,135.49135761002483
prior,a20_h14x20_validated_d1,20.0,prova2,total_noref,PbLa,footprint,0.5,0.49451817657241776,0.3829249225480261,3466,503.08946284303124,765.559754835329
prior,a20_h14x20_validated_d1,20.0,prova2,total_noref,PbLa,footprint,1.0,0.7888055395268321,0.6826894921370857,3466,503.08946284303124,765.559754835329
prior,a20_h14x20_validated_d1,20.0,prova2,total_noref,PbLa,footprint,1.5,0.9033467974610502,0.8663855974622838,3466,503.08946284303124,765.559754835329
prior,a20_h14x20_validated_d1,20.0,prova2,total_noref,PbLa,footprint,2.0,0.9492210040392384,0.9544997361036417,3466,503.08946284303124,765.559754835329
prior,a20_h14x20_validated_d1,20.0,prova2,total_noref,PbLa,footprint,3.0,0.9743219849971149,0.9973002039367398,3466,503.08946284303124,765.559754835329
prior,a20_h14x20_validated_d1,20.0,prova2,total_noref,PbLa,hole,0.5,0.17985611510791366,0.3829249225480261,278,807.986131587466,2402.4885516919003
prior,a20_h14x20_validated_d1,20.0,prova2,total_noref,PbLa,hole,1.0,0.35611510791366907,0.6826894921370857,278,807.986131587466,2402.4885516919003
prior,a20_h14x20_validated_d1,20.0,prova2,total_noref,PbLa,hole,1.5,0.4856115107913669,0.8663855974622838,278,807.986131587466,2402.4885516919003
prior,a20_h14x20_validated_d1,20.0,prova2,total_noref,PbLa,hole,2.0,0.564748201438849,0.9544997361036417,278,807.986131587466,2402.4885516919003
prior,a20_h14x20_validated_d1,20.0,prova2,total_noref,PbLa,hole,3.0,0.6942446043165468,0.9973002039367398,278,807.986131587466,2402.4885516919003
prior,a20_h14x20_validated_d1,20.0,prova2,total_noref,PbLb,footprint,0.5,0.3681477207155222,0.3829249225480261,3466,311.0790191533348,557.855939530334
prior,a20_h14x20_validated_d1,20.0,prova2,total_noref,PbLb,footprint,1.0,0.6569532602423543,0.6826894921370857,3466,311.0790191533348,557.855939530334
prior,a20_h14x20_validated_d1,20.0,prova2,total_noref,PbLb,footprint,1.5,0.8211194460473168,0.8663855974622838,3466,311.0790191533348,557.855939530334
prior,a20_h14x20_validated_d1,20.0,prova2,total_noref,PbLb,footprint,2.0,0.9013271783035199,0.9544997361036417,3466,311.0790191533348,557.855939530334
prior,a20_h14x20_validated_d1,20.0,prova2,total_noref,PbLb,footprint,3.0,0.965666474321985,0.9973002039367398,3466,311.0790191533348,557.855939530334
prior,a20_h14x20_validated_d1,20.0,prova2,total_noref,PbLb,hole,0.5,0.16546762589928057,0.3829249225480261,278,568.8660829455816,1736.409141030339
prior,a20_h14x20_validated_d1,20.0,prova2,total_noref,PbLb,hole,1.0,0.3057553956834532,0.6826894921370857,278,568.8660829455816,1736.409141030339
prior,a20_h14x20_validated_d1,20.0,prova2,total_noref,PbLb,hole,1.5,0.45323741007194246,0.8663855974622838,278,568.8660829455816,1736.409141030339
prior,a20_h14x20_validated_d1,20.0,prova2,total_noref,PbLb,hole,2.0,0.5323741007194245,0.9544997361036417,278,568.8660829455816,1736.409141030339
prior,a20_h14x20_validated_d1,20.0,prova2,total_noref,PbLb,hole,3.0,0.6726618705035972,0.9973002039367398,278,568.8660829455816,1736.409141030339
prior,a20_h14x20_validated_d1,20.0,prova2,total_noref,PbLg,footprint,0.5,0.29688401615695326,0.3829249225480261,3466,49.67584925803451,85.3187897975457
prior,a20_h14x20_validated_d1,20.0,prova2,total_noref,PbLg,footprint,1.0,0.534333525678015,0.6826894921370857,3466,49.67584925803451,85.3187897975457
prior,a20_h14x20_validated_d1,20.0,prova2,total_noref,PbLg,footprint,1.5,0.7097518753606463,0.8663855974622838,3466,49.67584925803451,85.3187897975457
prior,a20_h14x20_validated_d1,20.0,prova2,total_noref,PbLg,footprint,2.0,0.8196768609347952,0.9544997361036417,3466,49.67584925803451,85.3187897975457
prior,a20_h14x20_validated_d1,20.0,prova2,total_noref,PbLg,footprint,3.0,0.93133294864397,0.9973002039367398,3466,49.67584925803451,85.3187897975457
prior,a20_h14x20_validated_d1,20.0,prova2,total_noref,PbLg,hole,0.5,0.16906474820143885,0.3829249225480261,278,77.94017167164972,228.4577301956575
prior,a20_h14x20_validated_d1,20.0,prova2,total_noref,PbLg,hole,1.0,0.28776978417266186,0.6826894921370857,278,77.94017167164972,228.4577301956575
prior,a20_h14x20_validated_d1,20.0,prova2,total_noref,PbLg,hole,1.5,0.4712230215827338,0.8663855974622838,278,77.94017167164972,228.4577301956575
prior,a20_h14x20_validated_d1,20.0,prova2,total_noref,PbLg,hole,2.0,0.5359712230215827,0.9544997361036417,278,77.94017167164972,228.4577301956575
prior,a20_h14x20_validated_d1,20.0,prova2,total_noref,PbLg,hole,3.0,0.6762589928057554,0.9973002039367398,278,77.94017167164972,228.4577301956575
posterior,a20_h14x20_validated_d1,20.0,prova2,ens,Ca,footprint,0.5,0.24725908828620888,0.3829249225480261,3466,102.76688678504833,290.94091250065514
posterior,a20_h14x20_validated_d1,20.0,prova2,ens,Ca,footprint,1.0,0.4786497403346797,0.6826894921370857,3466,102.76688678504833,290.94091250065514
posterior,a20_h14x20_validated_d1,20.0,prova2,ens,Ca,footprint,1.5,0.6506058857472591,0.8663855974622838,3466,102.76688678504833,290.94091250065514
posterior,a20_h14x20_validated_d1,20.0,prova2,ens,Ca,footprint,2.0,0.7694748990190421,0.9544997361036417,3466,102.76688678504833,290.94091250065514
posterior,a20_h14x20_validated_d1,20.0,prova2,ens,Ca,footprint,3.0,0.8874783612233121,0.9973002039367398,3466,102.76688678504833,290.94091250065514
posterior,a20_h14x20_validated_d1,20.0,prova2,ens,Ca,hole,0.5,0.04316546762589928,0.3829249225480261,278,216.95910696641718,911.6761178923433
posterior,a20_h14x20_validated_d1,20.0,prova2,ens,Ca,hole,1.0,0.1223021582733813,0.6826894921370857,278,216.95910696641718,911.6761178923433
posterior,a20_h14x20_validated_d1,20.0,prova2,ens,Ca,hole,1.5,0.19784172661870503,0.8663855974622838,278,216.95910696641718,911.6761178923433
posterior,a20_h14x20_validated_d1,20.0,prova2,ens,Ca,hole,2.0,0.26258992805755393,0.9544997361036417,278,216.95910696641718,911.6761178923433
posterior,a20_h14x20_validated_d1,20.0,prova2,ens,Ca,hole,3.0,0.35611510791366907,0.9973002039367398,278,216.95910696641718,911.6761178923433
posterior,a20_h14x20_validated_d1,20.0,prova2,ens,Ti,footprint,0.5,0.18580496249278708,0.3829249225480261,3466,28.991546279646574,66.54758271479781
posterior,a20_h14x20_validated_d1,20.0,prova2,ens,Ti,footprint,1.0,0.344200807847663,0.6826894921370857,3466,28.991546279646574,66.54758271479781
posterior,a20_h14x20_validated_d1,20.0,prova2,ens,Ti,footprint,1.5,0.48845931909982687,0.8663855974622838,3466,28.991546279646574,66.54758271479781
posterior,a20_h14x20_validated_d1,20.0,prova2,ens,Ti,footprint,2.0,0.6064627813040969,0.9544997361036417,3466,28.991546279646574,66.54758271479781
posterior,a20_h14x20_validated_d1,20.0,prova2,ens,Ti,footprint,3.0,0.7740911713791113,0.9973002039367398,3466,28.991546279646574,66.54758271479781
posterior,a20_h14x20_validated_d1,20.0,prova2,ens,Ti,hole,0.5,0.1366906474820144,0.3829249225480261,278,65.70524881408586,163.50816526008649
posterior,a20_h14x20_validated_d1,20.0,prova2,ens,Ti,hole,1.0,0.26618705035971224,0.6826894921370857,278,65.70524881408586,163.50816526008649
posterior,a20_h14x20_validated_d1,20.0,prova2,ens,Ti,hole,1.5,0.4136690647482014,0.8663855974622838,278,65.70524881408586,163.50816526008649
posterior,a20_h14x20_validated_d1,20.0,prova2,ens,Ti,hole,2.0,0.539568345323741,0.9544997361036417,278,65.70524881408586,163.50816526008649
posterior,a20_h14x20_validated_d1,20.0,prova2,ens,Ti,hole,3.0,0.7158273381294964,0.9973002039367398,278,65.70524881408586,163.50816526008649
posterior,a20_h14x20_validated_d1,20.0,prova2,ens,Fe,footprint,0.5,0.15377957299480668,0.3829249225480261,3466,38.68144857300661,142.34928525202633
posterior,a20_h14x20_validated_d1,20.0,prova2,ens,Fe,footprint,1.0,0.3064050778995961,0.6826894921370857,3466,38.68144857300661,142.34928525202633
posterior,a20_h14x20_validated_d1,20.0,prova2,ens,Fe,footprint,1.5,0.44229659549913447,0.8663855974622838,3466,38.68144857300661,142.34928525202633
posterior,a20_h14x20_validated_d1,20.0,prova2,ens,Fe,footprint,2.0,0.5611656087709175,0.9544997361036417,3466,38.68144857300661,142.34928525202633
posterior,a20_h14x20_validated_d1,20.0,prova2,ens,Fe,footprint,3.0,0.7048470859780727,0.9973002039367398,3466,38.68144857300661,142.34928525202633
posterior,a20_h14x20_validated_d1,20.0,prova2,ens,Fe,hole,0.5,0.14388489208633093,0.3829249225480261,278,81.77378125602786,443.9165155939204
posterior,a20_h14x20_validated_d1,20.0,prova2,ens,Fe,hole,1.0,0.2949640287769784,0.6826894921370857,278,81.77378125602786,443.9165155939204
posterior,a20_h14x20_validated_d1,20.0,prova2,ens,Fe,hole,1.5,0.4748201438848921,0.8663855974622838,278,81.77378125602786,443.9165155939204
posterior,a20_h14x20_validated_d1,20.0,prova2,ens,Fe,hole,2.0,0.6007194244604317,0.9544997361036417,278,81.77378125602786,443.9165155939204
posterior,a20_h14x20_validated_d1,20.0,prova2,ens,Fe,hole,3.0,0.7122302158273381,0.9973002039367398,278,81.77378125602786,443.9165155939204
posterior,a20_h14x20_validated_d1,20.0,prova2,ens,Cu,footprint,0.5,0.28447778418926717,0.3829249225480261,3466,36.1073232351475,121.81854729105775
posterior,a20_h14x20_validated_d1,20.0,prova2,ens,Cu,footprint,1.0,0.46306982111944606,0.6826894921370857,3466,36.1073232351475,121.81854729105775
posterior,a20_h14x20_validated_d1,20.0,prova2,ens,Cu,footprint,1.5,0.5631852279284478,0.8663855974622838,3466,36.1073232351475,121.81854729105775
posterior,a20_h14x20_validated_d1,20.0,prova2,ens,Cu,footprint,2.0,0.654068090017311,0.9544997361036417,3466,36.1073232351475,121.81854729105775
posterior,a20_h14x20_validated_d1,20.0,prova2,ens,Cu,footprint,3.0,0.7954414310444317,0.9973002039367398,3466,36.1073232351475,121.81854729105775
posterior,a20_h14x20_validated_d1,20.0,prova2,ens,Cu,hole,0.5,0.025179856115107913,0.3829249225480261,278,91.84566144810958,384.447872171593
posterior,a20_h14x20_validated_d1,20.0,prova2,ens,Cu,hole,1.0,0.04316546762589928,0.6826894921370857,278,91.84566144810958,384.447872171593
posterior,a20_h14x20_validated_d1,20.0,prova2,ens,Cu,hole,1.5,0.08633093525179857,0.8663855974622838,278,91.84566144810958,384.447872171593
posterior,a20_h14x20_validated_d1,20.0,prova2,ens,Cu,hole,2.0,0.19424460431654678,0.9544997361036417,278,91.84566144810958,384.447872171593
posterior,a20_h14x20_validated_d1,20.0,prova2,ens,Cu,hole,3.0,0.5539568345323741,0.9973002039367398,278,91.84566144810958,384.447872171593
posterior,a20_h14x20_validated_d1,20.0,prova2,ens,PbLl,footprint,0.5,0.15522215810732834,0.3829249225480261,3466,16.493513427247105,52.440807385820285
posterior,a20_h14x20_validated_d1,20.0,prova2,ens,PbLl,footprint,1.0,0.2775533756491633,0.6826894921370857,3466,16.493513427247105,52.440807385820285
posterior,a20_h14x20_validated_d1,20.0,prova2,ens,PbLl,footprint,1.5,0.3874783612233122,0.8663855974622838,3466,16.493513427247105,52.440807385820285
posterior,a20_h14x20_validated_d1,20.0,prova2,ens,PbLl,footprint,2.0,0.48845931909982687,0.9544997361036417,3466,16.493513427247105,52.440807385820285
posterior,a20_h14x20_validated_d1,20.0,prova2,ens,PbLl,footprint,3.0,0.6462781304096942,0.9973002039367398,3466,16.493513427247105,52.440807385820285
posterior,a20_h14x20_validated_d1,20.0,prova2,ens,PbLl,hole,0.5,0.16906474820143885,0.3829249225480261,278,38.31333019435987,133.88498277235968
posterior,a20_h14x20_validated_d1,20.0,prova2,ens,PbLl,hole,1.0,0.2697841726618705,0.6826894921370857,278,38.31333019435987,133.88498277235968
posterior,a20_h14x20_validated_d1,20.0,prova2,ens,PbLl,hole,1.5,0.42805755395683454,0.8663855974622838,278,38.31333019435987,133.88498277235968
posterior,a20_h14x20_validated_d1,20.0,prova2,ens,PbLl,hole,2.0,0.5179856115107914,0.9544997361036417,278,38.31333019435987,133.88498277235968
posterior,a20_h14x20_validated_d1,20.0,prova2,ens,PbLl,hole,3.0,0.6474820143884892,0.9973002039367398,278,38.31333019435987,133.88498277235968
posterior,a20_h14x20_validated_d1,20.0,prova2,ens,PbLa,footprint,0.5,0.3390075014425851,0.3829249225480261,3466,388.0902559308677,753.4210400932242
posterior,a20_h14x20_validated_d1,20.0,prova2,ens,PbLa,footprint,1.0,0.6148297749567224,0.6826894921370857,3466,388.0902559308677,753.4210400932242
posterior,a20_h14x20_validated_d1,20.0,prova2,ens,PbLa,footprint,1.5,0.7899596076168494,0.8663855974622838,3466,388.0902559308677,753.4210400932242
posterior,a20_h14x20_validated_d1,20.0,prova2,ens,PbLa,footprint,2.0,0.8828620888632429,0.9544997361036417,3466,388.0902559308677,753.4210400932242
posterior,a20_h14x20_validated_d1,20.0,prova2,ens,PbLa,footprint,3.0,0.9567224466243508,0.9973002039367398,3466,388.0902559308677,753.4210400932242
posterior,a20_h14x20_validated_d1,20.0,prova2,ens,PbLa,hole,0.5,0.24100719424460432,0.3829249225480261,278,895.8664034851223,2361.1114242670287
posterior,a20_h14x20_validated_d1,20.0,prova2,ens,PbLa,hole,1.0,0.4172661870503597,0.6826894921370857,278,895.8664034851223,2361.1114242670287
posterior,a20_h14x20_validated_d1,20.0,prova2,ens,PbLa,hole,1.5,0.5431654676258992,0.8663855974622838,278,895.8664034851223,2361.1114242670287
posterior,a20_h14x20_validated_d1,20.0,prova2,ens,PbLa,hole,2.0,0.6079136690647482,0.9544997361036417,278,895.8664034851223,2361.1114242670287
posterior,a20_h14x20_validated_d1,20.0,prova2,ens,PbLa,hole,3.0,0.7338129496402878,0.9973002039367398,278,895.8664034851223,2361.1114242670287
posterior,a20_h14x20_validated_d1,20.0,prova2,ens,PbLb,footprint,0.5,0.32688978649740336,0.3829249225480261,3466,286.7451269772668,553.2993218237759
posterior,a20_h14x20_validated_d1,20.0,prova2,ens,PbLb,footprint,1.0,0.5940565493364108,0.6826894921370857,3466,286.7451269772668,553.2993218237759
posterior,a20_h14x20_validated_d1,20.0,prova2,ens,PbLb,footprint,1.5,0.7683208309290248,0.8663855974622838,3466,286.7451269772668,553.2993218237759
posterior,a20_h14x20_validated_d1,20.0,prova2,ens,PbLb,footprint,2.0,0.8768032313906521,0.9544997361036417,3466,286.7451269772668,553.2993218237759
posterior,a20_h14x20_validated_d1,20.0,prova2,ens,PbLb,footprint,3.0,0.9570109636468551,0.9973002039367398,3466,286.7451269772668,553.2993218237759
posterior,a20_h14x20_validated_d1,20.0,prova2,ens,PbLb,hole,0.5,0.19784172661870503,0.3829249225480261,278,651.6037012268908,1711.0749688263713
posterior,a20_h14x20_validated_d1,20.0,prova2,ens,PbLb,hole,1.0,0.39928057553956836,0.6826894921370857,278,651.6037012268908,1711.0749688263713
posterior,a20_h14x20_validated_d1,20.0,prova2,ens,PbLb,hole,1.5,0.5251798561151079,0.8663855974622838,278,651.6037012268908,1711.0749688263713
posterior,a20_h14x20_validated_d1,20.0,prova2,ens,PbLb,hole,2.0,0.6187050359712231,0.9544997361036417,278,651.6037012268908,1711.0749688263713
posterior,a20_h14x20_validated_d1,20.0,prova2,ens,PbLb,hole,3.0,0.7553956834532374,0.9973002039367398,278,651.6037012268908,1711.0749688263713
posterior,a20_h14x20_validated_d1,20.0,prova2,ens,PbLg,footprint,0.5,0.16099249855741488,0.3829249225480261,3466,34.44914671828154,83.56116199489207
posterior,a20_h14x20_validated_d1,20.0,prova2,ens,PbLg,footprint,1.0,0.3064050778995961,0.6826894921370857,3466,34.44914671828154,83.56116199489207
posterior,a20_h14x20_validated_d1,20.0,prova2,ens,PbLg,footprint,1.5,0.4339296018465089,0.8663855974622838,3466,34.44914671828154,83.56116199489207
posterior,a20_h14x20_validated_d1,20.0,prova2,ens,PbLg,footprint,2.0,0.5507789959607616,0.9544997361036417,3466,34.44914671828154,83.56116199489207
posterior,a20_h14x20_validated_d1,20.0,prova2,ens,PbLg,footprint,3.0,0.7123485285631852,0.9973002039367398,3466,34.44914671828154,83.56116199489207
posterior,a20_h14x20_validated_d1,20.0,prova2,ens,PbLg,hole,0.5,0.2158273381294964,0.3829249225480261,278,88.04679115008908,223.52424935247657
posterior,a20_h14x20_validated_d1,20.0,prova2,ens,PbLg,hole,1.0,0.37050359712230213,0.6826894921370857,278,88.04679115008908,223.52424935247657
posterior,a20_h14x20_validated_d1,20.0,prova2,ens,PbLg,hole,1.5,0.5,0.8663855974622838,278,88.04679115008908,223.52424935247657
posterior,a20_h14x20_validated_d1,20.0,prova2,ens,PbLg,hole,2.0,0.6258992805755396,0.9544997361036417,278,88.04679115008908,223.52424935247657
posterior,a20_h14x20_validated_d1,20.0,prova2,ens,PbLg,hole,3.0,0.7661870503597122,0.9973002039367398,278,88.04679115008908,223.52424935247657
posterior,a20_h14x20_validated_d1,20.0,prova2,total_noref,Ca,footprint,0.5,0.2815926139642239,0.3829249225480261,3466,109.92738414734944,290.94091250065514
posterior,a20_h14x20_validated_d1,20.0,prova2,total_noref,Ca,footprint,1.0,0.5403923831506059,0.6826894921370857,3466,109.92738414734944,290.94091250065514
posterior,a20_h14x20_validated_d1,20.0,prova2,total_noref,Ca,footprint,1.5,0.7106174264281593,0.8663855974622838,3466,109.92738414734944,290.94091250065514
posterior,a20_h14x20_validated_d1,20.0,prova2,total_noref,Ca,footprint,2.0,0.8185227928447778,0.9544997361036417,3466,109.92738414734944,290.94091250065514
posterior,a20_h14x20_validated_d1,20.0,prova2,total_noref,Ca,footprint,3.0,0.9114252740911714,0.9973002039367398,3466,109.92738414734944,290.94091250065514
posterior,a20_h14x20_validated_d1,20.0,prova2,total_noref,Ca,hole,0.5,0.04316546762589928,0.3829249225480261,278,217.06666726149368,911.6761178923433
posterior,a20_h14x20_validated_d1,20.0,prova2,total_noref,Ca,hole,1.0,0.1223021582733813,0.6826894921370857,278,217.06666726149368,911.6761178923433
posterior,a20_h14x20_validated_d1,20.0,prova2,total_noref,Ca,hole,1.5,0.19784172661870503,0.8663855974622838,278,217.06666726149368,911.6761178923433
posterior,a20_h14x20_validated_d1,20.0,prova2,total_noref,Ca,hole,2.0,0.26618705035971224,0.9544997361036417,278,217.06666726149368,911.6761178923433
posterior,a20_h14x20_validated_d1,20.0,prova2,total_noref,Ca,hole,3.0,0.35611510791366907,0.9973002039367398,278,217.06666726149368,911.6761178923433
posterior,a20_h14x20_validated_d1,20.0,prova2,total_noref,Ti,footprint,0.5,0.27553375649163303,0.3829249225480261,3466,37.90591279472419,66.54758271479781
posterior,a20_h14x20_validated_d1,20.0,prova2,total_noref,Ti,footprint,1.0,0.4933641084824005,0.6826894921370857,3466,37.90591279472419,66.54758271479781
posterior,a20_h14x20_validated_d1,20.0,prova2,total_noref,Ti,footprint,1.5,0.673398730525101,0.8663855974622838,3466,37.90591279472419,66.54758271479781
posterior,a20_h14x20_validated_d1,20.0,prova2,total_noref,Ti,footprint,2.0,0.7986151182919792,0.9544997361036417,3466,37.90591279472419,66.54758271479781
posterior,a20_h14x20_validated_d1,20.0,prova2,total_noref,Ti,footprint,3.0,0.9246970571263704,0.9973002039367398,3466,37.90591279472419,66.54758271479781
posterior,a20_h14x20_validated_d1,20.0,prova2,total_noref,Ti,hole,0.5,0.1366906474820144,0.3829249225480261,278,65.86448428251188,163.50816526008649
posterior,a20_h14x20_validated_d1,20.0,prova2,total_noref,Ti,hole,1.0,0.26618705035971224,0.6826894921370857,278,65.86448428251188,163.50816526008649
posterior,a20_h14x20_validated_d1,20.0,prova2,total_noref,Ti,hole,1.5,0.4136690647482014,0.8663855974622838,278,65.86448428251188,163.50816526008649
posterior,a20_h14x20_validated_d1,20.0,prova2,total_noref,Ti,hole,2.0,0.5431654676258992,0.9544997361036417,278,65.86448428251188,163.50816526008649
posterior,a20_h14x20_validated_d1,20.0,prova2,total_noref,Ti,hole,3.0,0.7230215827338129,0.9973002039367398,278,65.86448428251188,163.50816526008649
posterior,a20_h14x20_validated_d1,20.0,prova2,total_noref,Fe,footprint,0.5,0.2573571840738604,0.3829249225480261,3466,46.775390802116384,142.34928525202633
posterior,a20_h14x20_validated_d1,20.0,prova2,total_noref,Fe,footprint,1.0,0.48066935949221,0.6826894921370857,3466,46.775390802116384,142.34928525202633
posterior,a20_h14x20_validated_d1,20.0,prova2,total_noref,Fe,footprint,1.5,0.6442585112521638,0.8663855974622838,3466,46.775390802116384,142.34928525202633
posterior,a20_h14x20_validated_d1,20.0,prova2,total_noref,Fe,footprint,2.0,0.759665320253895,0.9544997361036417,3466,46.775390802116384,142.34928525202633
posterior,a20_h14x20_validated_d1,20.0,prova2,total_noref,Fe,footprint,3.0,0.900461627236007,0.9973002039367398,3466,46.775390802116384,142.34928525202633
posterior,a20_h14x20_validated_d1,20.0,prova2,total_noref,Fe,hole,0.5,0.14388489208633093,0.3829249225480261,278,81.86492158946163,443.9165155939204
posterior,a20_h14x20_validated_d1,20.0,prova2,total_noref,Fe,hole,1.0,0.2949640287769784,0.6826894921370857,278,81.86492158946163,443.9165155939204
posterior,a20_h14x20_validated_d1,20.0,prova2,total_noref,Fe,hole,1.5,0.4748201438848921,0.8663855974622838,278,81.86492158946163,443.9165155939204
posterior,a20_h14x20_validated_d1,20.0,prova2,total_noref,Fe,hole,2.0,0.60431654676259,0.9544997361036417,278,81.86492158946163,443.9165155939204
posterior,a20_h14x20_validated_d1,20.0,prova2,total_noref,Fe,hole,3.0,0.7194244604316546,0.9973002039367398,278,81.86492158946163,443.9165155939204
posterior,a20_h14x20_validated_d1,20.0,prova2,total_noref,Cu,footprint,0.5,0.3358338141950375,0.3829249225480261,3466,43.13496768611426,121.81854729105775
posterior,a20_h14x20_validated_d1,20.0,prova2,total_noref,Cu,footprint,1.0,0.5542412002308136,0.6826894921370857,3466,43.13496768611426,121.81854729105775
posterior,a20_h14x20_validated_d1,20.0,prova2,total_noref,Cu,footprint,1.5,0.6892671667628391,0.8663855974622838,3466,43.13496768611426,121.81854729105775
posterior,a20_h14x20_validated_d1,20.0,prova2,total_noref,Cu,footprint,2.0,0.7818811309867282,0.9544997361036417,3466,43.13496768611426,121.81854729105775
posterior,a20_h14x20_validated_d1,20.0,prova2,total_noref,Cu,footprint,3.0,0.9001731102135025,0.9973002039367398,3466,43.13496768611426,121.81854729105775
posterior,a20_h14x20_validated_d1,20.0,prova2,total_noref,Cu,hole,0.5,0.025179856115107913,0.3829249225480261,278,91.9683004212547,384.447872171593
posterior,a20_h14x20_validated_d1,20.0,prova2,total_noref,Cu,hole,1.0,0.04316546762589928,0.6826894921370857,278,91.9683004212547,384.447872171593
posterior,a20_h14x20_validated_d1,20.0,prova2,total_noref,Cu,hole,1.5,0.08633093525179857,0.8663855974622838,278,91.9683004212547,384.447872171593
posterior,a20_h14x20_validated_d1,20.0,prova2,total_noref,Cu,hole,2.0,0.19424460431654678,0.9544997361036417,278,91.9683004212547,384.447872171593
posterior,a20_h14x20_validated_d1,20.0,prova2,total_noref,Cu,hole,3.0,0.5611510791366906,0.9973002039367398,278,91.9683004212547,384.447872171593
posterior,a20_h14x20_validated_d1,20.0,prova2,total_noref,PbLl,footprint,0.5,0.2766878245816503,0.3829249225480261,3466,26.74996162800049,52.440807385820285
posterior,a20_h14x20_validated_d1,20.0,prova2,total_noref,PbLl,footprint,1.0,0.4927870744373918,0.6826894921370857,3466,26.74996162800049,52.440807385820285
posterior,a20_h14x20_validated_d1,20.0,prova2,total_noref,PbLl,footprint,1.5,0.6532025389497981,0.8663855974622838,3466,26.74996162800049,52.440807385820285
posterior,a20_h14x20_validated_d1,20.0,prova2,total_noref,PbLl,footprint,2.0,0.7758222735141374,0.9544997361036417,3466,26.74996162800049,52.440807385820285
posterior,a20_h14x20_validated_d1,20.0,prova2,total_noref,PbLl,footprint,3.0,0.8993075591459896,0.9973002039367398,3466,26.74996162800049,52.440807385820285
posterior,a20_h14x20_validated_d1,20.0,prova2,total_noref,PbLl,hole,0.5,0.16906474820143885,0.3829249225480261,278,38.546539680304065,133.88498277235968
posterior,a20_h14x20_validated_d1,20.0,prova2,total_noref,PbLl,hole,1.0,0.2733812949640288,0.6826894921370857,278,38.546539680304065,133.88498277235968
posterior,a20_h14x20_validated_d1,20.0,prova2,total_noref,PbLl,hole,1.5,0.4352517985611511,0.8663855974622838,278,38.546539680304065,133.88498277235968
posterior,a20_h14x20_validated_d1,20.0,prova2,total_noref,PbLl,hole,2.0,0.5179856115107914,0.9544997361036417,278,38.546539680304065,133.88498277235968
posterior,a20_h14x20_validated_d1,20.0,prova2,total_noref,PbLl,hole,3.0,0.658273381294964,0.9973002039367398,278,38.546539680304065,133.88498277235968
posterior,a20_h14x20_validated_d1,20.0,prova2,total_noref,PbLa,footprint,0.5,0.363531448355453,0.3829249225480261,3466,401.7889871335269,753.4210400932242
posterior,a20_h14x20_validated_d1,20.0,prova2,total_noref,PbLa,footprint,1.0,0.6482977495672244,0.6826894921370857,3466,401.7889871335269,753.4210400932242
posterior,a20_h14x20_validated_d1,20.0,prova2,total_noref,PbLa,footprint,1.5,0.8202538949798038,0.8663855974622838,3466,401.7889871335269,753.4210400932242
posterior,a20_h14x20_validated_d1,20.0,prova2,total_noref,PbLa,footprint,2.0,0.9045008655510676,0.9544997361036417,3466,401.7889871335269,753.4210400932242
posterior,a20_h14x20_validated_d1,20.0,prova2,total_noref,PbLa,footprint,3.0,0.9662435083669937,0.9973002039367398,3466,401.7889871335269,753.4210400932242
posterior,a20_h14x20_validated_d1,20.0,prova2,total_noref,PbLa,hole,0.5,0.24100719424460432,0.3829249225480261,278,896.7964966368711,2361.1114242670287
posterior,a20_h14x20_validated_d1,20.0,prova2,total_noref,PbLa,hole,1.0,0.4172661870503597,0.6826894921370857,278,896.7964966368711,2361.1114242670287
posterior,a20_h14x20_validated_d1,20.0,prova2,total_noref,PbLa,hole,1.5,0.5431654676258992,0.8663855974622838,278,896.7964966368711,2361.1114242670287
posterior,a20_h14x20_validated_d1,20.0,prova2,total_noref,PbLa,hole,2.0,0.6079136690647482,0.9544997361036417,278,896.7964966368711,2361.1114242670287
posterior,a20_h14x20_validated_d1,20.0,prova2,total_noref,PbLa,hole,3.0,0.7338129496402878,0.9973002039367398,278,896.7964966368711,2361.1114242670287
posterior,a20_h14x20_validated_d1,20.0,prova2,total_noref,PbLb,footprint,0.5,0.3537218695903058,0.3829249225480261,3466,299.3796628501002,553.2993218237759
posterior,a20_h14x20_validated_d1,20.0,prova2,total_noref,PbLb,footprint,1.0,0.6358915175995383,0.6826894921370857,3466,299.3796628501002,553.2993218237759
posterior,a20_h14x20_validated_d1,20.0,prova2,total_noref,PbLb,footprint,1.5,0.8075591459896134,0.8663855974622838,3466,299.3796628501002,553.2993218237759
posterior,a20_h14x20_validated_d1,20.0,prova2,total_noref,PbLb,footprint,2.0,0.8984420080784766,0.9544997361036417,3466,299.3796628501002,553.2993218237759
posterior,a20_h14x20_validated_d1,20.0,prova2,total_noref,PbLb,footprint,3.0,0.9650894402769763,0.9973002039367398,3466,299.3796628501002,553.2993218237759
posterior,a20_h14x20_validated_d1,20.0,prova2,total_noref,PbLb,hole,0.5,0.19784172661870503,0.3829249225480261,278,652.276813218346,1711.0749688263713
posterior,a20_h14x20_validated_d1,20.0,prova2,total_noref,PbLb,hole,1.0,0.4028776978417266,0.6826894921370857,278,652.276813218346,1711.0749688263713
posterior,a20_h14x20_validated_d1,20.0,prova2,total_noref,PbLb,hole,1.5,0.5251798561151079,0.8663855974622838,278,652.276813218346,1711.0749688263713
posterior,a20_h14x20_validated_d1,20.0,prova2,total_noref,PbLb,hole,2.0,0.6187050359712231,0.9544997361036417,278,652.276813218346,1711.0749688263713
posterior,a20_h14x20_validated_d1,20.0,prova2,total_noref,PbLb,hole,3.0,0.7553956834532374,0.9973002039367398,278,652.276813218346,1711.0749688263713
posterior,a20_h14x20_validated_d1,20.0,prova2,total_noref,PbLg,footprint,0.5,0.27293710328909404,0.3829249225480261,3466,46.172284764586564,83.56116199489207
posterior,a20_h14x20_validated_d1,20.0,prova2,total_noref,PbLg,footprint,1.0,0.4997114829774957,0.6826894921370857,3466,46.172284764586564,83.56116199489207
posterior,a20_h14x20_validated_d1,20.0,prova2,total_noref,PbLg,footprint,1.5,0.6785920369301789,0.8663855974622838,3466,46.172284764586564,83.56116199489207
posterior,a20_h14x20_validated_d1,20.0,prova2,total_noref,PbLg,footprint,2.0,0.7986151182919792,0.9544997361036417,3466,46.172284764586564,83.56116199489207
posterior,a20_h14x20_validated_d1,20.0,prova2,total_noref,PbLg,footprint,3.0,0.9212348528563186,0.9973002039367398,3466,46.172284764586564,83.56116199489207
posterior,a20_h14x20_validated_d1,20.0,prova2,total_noref,PbLg,hole,0.5,0.2158273381294964,0.3829249225480261,278,88.31993280754178,223.52424935247657
posterior,a20_h14x20_validated_d1,20.0,prova2,total_noref,PbLg,hole,1.0,0.37050359712230213,0.6826894921370857,278,88.31993280754178,223.52424935247657
posterior,a20_h14x20_validated_d1,20.0,prova2,total_noref,PbLg,hole,1.5,0.5,0.8663855974622838,278,88.31993280754178,223.52424935247657
posterior,a20_h14x20_validated_d1,20.0,prova2,total_noref,PbLg,hole,2.0,0.6258992805755396,0.9544997361036417,278,88.31993280754178,223.52424935247657
posterior,a20_h14x20_validated_d1,20.0,prova2,total_noref,PbLg,hole,3.0,0.7697841726618705,0.9973002039367398,278,88.31993280754178,223.52424935247657
control,a25_h0x0_validated_d1,25.0,prova2,ens,Ca,footprint,0.5,0.12146566647432198,0.3829249225480261,3466,34.19843518260113,115.72481244114867
control,a25_h0x0_validated_d1,25.0,prova2,ens,Ca,footprint,1.0,0.23744950952106175,0.6826894921370857,3466,34.19843518260113,115.72481244114867
control,a25_h0x0_validated_d1,25.0,prova2,ens,Ca,footprint,1.5,0.34795152914021926,0.8663855974622838,3466,34.19843518260113,115.72481244114867
control,a25_h0x0_validated_d1,25.0,prova2,ens,Ca,footprint,2.0,0.4356607039815349,0.9544997361036417,3466,34.19843518260113,115.72481244114867
control,a25_h0x0_validated_d1,25.0,prova2,ens,Ca,footprint,3.0,0.5926139642238892,0.9973002039367398,3466,34.19843518260113,115.72481244114867
control,a25_h0x0_validated_d1,25.0,prova2,ens,Ti,footprint,0.5,0.07530294287362954,0.3829249225480261,3466,10.569294739983452,47.087101873313905
control,a25_h0x0_validated_d1,25.0,prova2,ens,Ti,footprint,1.0,0.16358915175995384,0.6826894921370857,3466,10.569294739983452,47.087101873313905
control,a25_h0x0_validated_d1,25.0,prova2,ens,Ti,footprint,1.5,0.24379688401615696,0.8663855974622838,3466,10.569294739983452,47.087101873313905
control,a25_h0x0_validated_d1,25.0,prova2,ens,Ti,footprint,2.0,0.31563762261973455,0.9544997361036417,3466,10.569294739983452,47.087101873313905
control,a25_h0x0_validated_d1,25.0,prova2,ens,Ti,footprint,3.0,0.4469128678592037,0.9973002039367398,3466,10.569294739983452,47.087101873313905
control,a25_h0x0_validated_d1,25.0,prova2,ens,Fe,footprint,0.5,0.09636468551644548,0.3829249225480261,3466,16.369324755400704,67.93038870280783
control,a25_h0x0_validated_d1,25.0,prova2,ens,Fe,footprint,1.0,0.19157530294287364,0.6826894921370857,3466,16.369324755400704,67.93038870280783
control,a25_h0x0_validated_d1,25.0,prova2,ens,Fe,footprint,1.5,0.2859203693017888,0.8663855974622838,3466,16.369324755400704,67.93038870280783
control,a25_h0x0_validated_d1,25.0,prova2,ens,Fe,footprint,2.0,0.36324293133294866,0.9544997361036417,3466,16.369324755400704,67.93038870280783
control,a25_h0x0_validated_d1,25.0,prova2,ens,Fe,footprint,3.0,0.5155799192152337,0.9973002039367398,3466,16.369324755400704,67.93038870280783
control,a25_h0x0_validated_d1,25.0,prova2,ens,Cu,footprint,0.5,0.2339873052510098,0.3829249225480261,3466,12.45964040058617,53.02817540501582
control,a25_h0x0_validated_d1,25.0,prova2,ens,Cu,footprint,1.0,0.3834391229082516,0.6826894921370857,3466,12.45964040058617,53.02817540501582
control,a25_h0x0_validated_d1,25.0,prova2,ens,Cu,footprint,1.5,0.4636468551644547,0.8663855974622838,3466,12.45964040058617,53.02817540501582
control,a25_h0x0_validated_d1,25.0,prova2,ens,Cu,footprint,2.0,0.5227928447778419,0.9544997361036417,3466,12.45964040058617,53.02817540501582
control,a25_h0x0_validated_d1,25.0,prova2,ens,Cu,footprint,3.0,0.6050201961915753,0.9973002039367398,3466,12.45964040058617,53.02817540501582
control,a25_h0x0_validated_d1,25.0,prova2,ens,PbLl,footprint,0.5,0.07934218118869013,0.3829249225480261,3466,5.497765541942653,37.19214864006365
control,a25_h0x0_validated_d1,25.0,prova2,ens,PbLl,footprint,1.0,0.13560300057703403,0.6826894921370857,3466,5.497765541942653,37.19214864006365
control,a25_h0x0_validated_d1,25.0,prova2,ens,PbLl,footprint,1.5,0.19474899019042125,0.8663855974622838,3466,5.497765541942653,37.19214864006365
control,a25_h0x0_validated_d1,25.0,prova2,ens,PbLl,footprint,2.0,0.24841315637622619,0.9544997361036417,3466,5.497765541942653,37.19214864006365
control,a25_h0x0_validated_d1,25.0,prova2,ens,PbLl,footprint,3.0,0.3341027120600115,0.9973002039367398,3466,5.497765541942653,37.19214864006365
control,a25_h0x0_validated_d1,25.0,prova2,ens,PbLa,footprint,0.5,0.09953837276399308,0.3829249225480261,3466,86.27354528858386,303.58954645240357
control,a25_h0x0_validated_d1,25.0,prova2,ens,PbLa,footprint,1.0,0.20051933064050778,0.6826894921370857,3466,86.27354528858386,303.58954645240357
control,a25_h0x0_validated_d1,25.0,prova2,ens,PbLa,footprint,1.5,0.293133294864397,0.8663855974622838,3466,86.27354528858386,303.58954645240357
control,a25_h0x0_validated_d1,25.0,prova2,ens,PbLa,footprint,2.0,0.3889209463358338,0.9544997361036417,3466,86.27354528858386,303.58954645240357
control,a25_h0x0_validated_d1,25.0,prova2,ens,PbLa,footprint,3.0,0.5424120023081361,0.9973002039367398,3466,86.27354528858386,303.58954645240357
control,a25_h0x0_validated_d1,25.0,prova2,ens,PbLb,footprint,0.5,0.10040392383150606,0.3829249225480261,3466,62.724463914268505,234.107754616278
control,a25_h0x0_validated_d1,25.0,prova2,ens,PbLb,footprint,1.0,0.18869013271783036,0.6826894921370857,3466,62.724463914268505,234.107754616278
control,a25_h0x0_validated_d1,25.0,prova2,ens,PbLb,footprint,1.5,0.2827466820542412,0.8663855974622838,3466,62.724463914268505,234.107754616278
control,a25_h0x0_validated_d1,25.0,prova2,ens,PbLb,footprint,2.0,0.3744950952106174,0.9544997361036417,3466,62.724463914268505,234.107754616278
control,a25_h0x0_validated_d1,25.0,prova2,ens,PbLb,footprint,3.0,0.5256780150028851,0.9973002039367398,3466,62.724463914268505,234.107754616278
control,a25_h0x0_validated_d1,25.0,prova2,ens,PbLg,footprint,0.5,0.05452971725331795,0.3829249225480261,3466,8.805187228118369,54.705775442401546
control,a25_h0x0_validated_d1,25.0,prova2,ens,PbLg,footprint,1.0,0.1142527409117138,0.6826894921370857,3466,8.805187228118369,54.705775442401546
control,a25_h0x0_validated_d1,25.0,prova2,ens,PbLg,footprint,1.5,0.16589728793998845,0.8663855974622838,3466,8.805187228118369,54.705775442401546
control,a25_h0x0_validated_d1,25.0,prova2,ens,PbLg,footprint,2.0,0.2204270051933064,0.9544997361036417,3466,8.805187228118369,54.705775442401546
control,a25_h0x0_validated_d1,25.0,prova2,ens,PbLg,footprint,3.0,0.3320830929024812,0.9973002039367398,3466,8.805187228118369,54.705775442401546
control,a25_h0x0_validated_d1,25.0,prova2,total_noref,Ca,footprint,0.5,0.21379111367570686,0.3829249225480261,3466,53.862721383743725,115.72481244114867
control,a25_h0x0_validated_d1,25.0,prova2,total_noref,Ca,footprint,1.0,0.4088286208886324,0.6826894921370857,3466,53.862721383743725,115.72481244114867
control,a25_h0x0_validated_d1,25.0,prova2,total_noref,Ca,footprint,1.5,0.5689555683785343,0.8663855974622838,3466,53.862721383743725,115.72481244114867
control,a25_h0x0_validated_d1,25.0,prova2,total_noref,Ca,footprint,2.0,0.6892671667628391,0.9544997361036417,3466,53.862721383743725,115.72481244114867
control,a25_h0x0_validated_d1,25.0,prova2,total_noref,Ca,footprint,3.0,0.8534333525678015,0.9973002039367398,3466,53.862721383743725,115.72481244114867
control,a25_h0x0_validated_d1,25.0,prova2,total_noref,Ti,footprint,0.5,0.23831506058857474,0.3829249225480261,3466,27.67366990776236,47.087101873313905
control,a25_h0x0_validated_d1,25.0,prova2,total_noref,Ti,footprint,1.0,0.44143104443162146,0.6826894921370857,3466,27.67366990776236,47.087101873313905
control,a25_h0x0_validated_d1,25.0,prova2,total_noref,Ti,footprint,1.5,0.6119446047316792,0.8663855974622838,3466,27.67366990776236,47.087101873313905
control,a25_h0x0_validated_d1,25.0,prova2,total_noref,Ti,footprint,2.0,0.7339873052510099,0.9544997361036417,3466,27.67366990776236,47.087101873313905
control,a25_h0x0_validated_d1,25.0,prova2,total_noref,Ti,footprint,3.0,0.8932487016733988,0.9973002039367398,3466,27.67366990776236,47.087101873313905
control,a25_h0x0_validated_d1,25.0,prova2,total_noref,Fe,footprint,0.5,0.2287939988459319,0.3829249225480261,3466,31.74569616806548,67.93038870280783
control,a25_h0x0_validated_d1,25.0,prova2,total_noref,Fe,footprint,1.0,0.4336410848240046,0.6826894921370857,3466,31.74569616806548,67.93038870280783
control,a25_h0x0_validated_d1,25.0,prova2,total_noref,Fe,footprint,1.5,0.5874206578188114,0.8663855974622838,3466,31.74569616806548,67.93038870280783
control,a25_h0x0_validated_d1,25.0,prova2,total_noref,Fe,footprint,2.0,0.7120600115406809,0.9544997361036417,3466,31.74569616806548,67.93038870280783
control,a25_h0x0_validated_d1,25.0,prova2,total_noref,Fe,footprint,3.0,0.8695903058280439,0.9973002039367398,3466,31.74569616806548,67.93038870280783
control,a25_h0x0_validated_d1,25.0,prova2,total_noref,Cu,footprint,0.5,0.325735718407386,0.3829249225480261,3466,28.390400416869895,53.02817540501582
control,a25_h0x0_validated_d1,25.0,prova2,total_noref,Cu,footprint,1.0,0.5409694171956145,0.6826894921370857,3466,28.390400416869895,53.02817540501582
control,a25_h0x0_validated_d1,25.0,prova2,total_noref,Cu,footprint,1.5,0.6924408540103866,0.8663855974622838,3466,28.390400416869895,53.02817540501582
control,a25_h0x0_validated_d1,25.0,prova2,total_noref,Cu,footprint,2.0,0.7801500288517023,0.9544997361036417,3466,28.390400416869895,53.02817540501582
control,a25_h0x0_validated_d1,25.0,prova2,total_noref,Cu,footprint,3.0,0.8975764570109637,0.9973002039367398,3466,28.390400416869895,53.02817540501582
control,a25_h0x0_validated_d1,25.0,prova2,total_noref,PbLl,footprint,0.5,0.2553375649163301,0.3829249225480261,3466,23.322302643202192,37.19214864006365
control,a25_h0x0_validated_d1,25.0,prova2,total_noref,PbLl,footprint,1.0,0.4763416041546451,0.6826894921370857,3466,23.322302643202192,37.19214864006365
control,a25_h0x0_validated_d1,25.0,prova2,total_noref,PbLl,footprint,1.5,0.6295441431044432,0.8663855974622838,3466,23.322302643202192,37.19214864006365
control,a25_h0x0_validated_d1,25.0,prova2,total_noref,PbLl,footprint,2.0,0.7501442585112522,0.9544997361036417,3466,23.322302643202192,37.19214864006365
control,a25_h0x0_validated_d1,25.0,prova2,total_noref,PbLl,footprint,3.0,0.8964223889209464,0.9973002039367398,3466,23.322302643202192,37.19214864006365
control,a25_h0x0_validated_d1,25.0,prova2,total_noref,PbLa,footprint,0.5,0.19503750721292556,0.3829249225480261,3466,141.48636243689944,303.58954645240357
control,a25_h0x0_validated_d1,25.0,prova2,total_noref,PbLa,footprint,1.0,0.38632429313329486,0.6826894921370857,3466,141.48636243689944,303.58954645240357
control,a25_h0x0_validated_d1,25.0,prova2,total_noref,PbLa,footprint,1.5,0.5311598384304674,0.8663855974622838,3466,141.48636243689944,303.58954645240357
control,a25_h0x0_validated_d1,25.0,prova2,total_noref,PbLa,footprint,2.0,0.6583958453548759,0.9544997361036417,3466,141.48636243689944,303.58954645240357
control,a25_h0x0_validated_d1,25.0,prova2,total_noref,PbLa,footprint,3.0,0.8413156376226197,0.9973002039367398,3466,141.48636243689944,303.58954645240357
control,a25_h0x0_validated_d1,25.0,prova2,total_noref,PbLb,footprint,0.5,0.2016733987305251,0.3829249225480261,3466,112.37725788990761,234.107754616278
control,a25_h0x0_validated_d1,25.0,prova2,total_noref,PbLb,footprint,1.0,0.39238315060588574,0.6826894921370857,3466,112.37725788990761,234.107754616278
control,a25_h0x0_validated_d1,25.0,prova2,total_noref,PbLb,footprint,1.5,0.5568378534333526,0.8663855974622838,3466,112.37725788990761,234.107754616278
control,a25_h0x0_validated_d1,25.0,prova2,total_noref,PbLb,footprint,2.0,0.6817657241777265,0.9544997361036417,3466,112.37725788990761,234.107754616278
control,a25_h0x0_validated_d1,25.0,prova2,total_noref,PbLb,footprint,3.0,0.8482400461627236,0.9973002039367398,3466,112.37725788990761,234.107754616278
control,a25_h0x0_validated_d1,25.0,prova2,total_noref,PbLg,footprint,0.5,0.24350836699365264,0.3829249225480261,3466,33.96222156266277,54.705775442401546
control,a25_h0x0_validated_d1,25.0,prova2,total_noref,PbLg,footprint,1.0,0.46278130409694174,0.6826894921370857,3466,33.96222156266277,54.705775442401546
control,a25_h0x0_validated_d1,25.0,prova2,total_noref,PbLg,footprint,1.5,0.6283900750144259,0.8663855974622838,3466,33.96222156266277,54.705775442401546
control,a25_h0x0_validated_d1,25.0,prova2,total_noref,PbLg,footprint,2.0,0.7576457010963646,0.9544997361036417,3466,33.96222156266277,54.705775442401546
control,a25_h0x0_validated_d1,25.0,prova2,total_noref,PbLg,footprint,3.0,0.8972879399884593,0.9973002039367398,3466,33.96222156266277,54.705775442401546
prior,a25_h0x0_validated_d1,25.0,prova2,ens,Ca,footprint,0.5,0.2847663012117715,0.3829249225480261,3466,92.29978435524761,128.09228250354178
prior,a25_h0x0_validated_d1,25.0,prova2,ens,Ca,footprint,1.0,0.5138488170802077,0.6826894921370857,3466,92.29978435524761,128.09228250354178
prior,a25_h0x0_validated_d1,25.0,prova2,ens,Ca,footprint,1.5,0.6826312752452395,0.8663855974622838,3466,92.29978435524761,128.09228250354178
prior,a25_h0x0_validated_d1,25.0,prova2,ens,Ca,footprint,2.0,0.7963069821119446,0.9544997361036417,3466,92.29978435524761,128.09228250354178
prior,a25_h0x0_validated_d1,25.0,prova2,ens,Ca,footprint,3.0,0.9290248124639354,0.9973002039367398,3466,92.29978435524761,128.09228250354178
prior,a25_h0x0_validated_d1,25.0,prova2,ens,Ti,footprint,0.5,0.2201384881708021,0.3829249225480261,3466,27.982277001589097,48.94199136034906
prior,a25_h0x0_validated_d1,25.0,prova2,ens,Ti,footprint,1.0,0.42902481246393537,0.6826894921370857,3466,27.982277001589097,48.94199136034906
prior,a25_h0x0_validated_d1,25.0,prova2,ens,Ti,footprint,1.5,0.5672244662435084,0.8663855974622838,3466,27.982277001589097,48.94199136034906
prior,a25_h0x0_validated_d1,25.0,prova2,ens,Ti,footprint,2.0,0.6803231390652048,0.9544997361036417,3466,27.982277001589097,48.94199136034906
prior,a25_h0x0_validated_d1,25.0,prova2,ens,Ti,footprint,3.0,0.8398730525100981,0.9973002039367398,3466,27.982277001589097,48.94199136034906
prior,a25_h0x0_validated_d1,25.0,prova2,ens,Fe,footprint,0.5,0.21004039238315061,0.3829249225480261,3466,43.48950917807692,71.42566807170266
prior,a25_h0x0_validated_d1,25.0,prova2,ens,Fe,footprint,1.0,0.4021927293710329,0.6826894921370857,3466,43.48950917807692,71.42566807170266
prior,a25_h0x0_validated_d1,25.0,prova2,ens,Fe,footprint,1.5,0.5533756491633006,0.8663855974622838,3466,43.48950917807692,71.42566807170266
prior,a25_h0x0_validated_d1,25.0,prova2,ens,Fe,footprint,2.0,0.6679169070975187,0.9544997361036417,3466,43.48950917807692,71.42566807170266
prior,a25_h0x0_validated_d1,25.0,prova2,ens,Fe,footprint,3.0,0.8234275822273515,0.9973002039367398,3466,43.48950917807692,71.42566807170266
prior,a25_h0x0_validated_d1,25.0,prova2,ens,Cu,footprint,0.5,0.3721869590305828,0.3829249225480261,3466,32.70993283391696,57.122708272366076
prior,a25_h0x0_validated_d1,25.0,prova2,ens,Cu,footprint,1.0,0.5484708597807271,0.6826894921370857,3466,32.70993283391696,57.122708272366076
prior,a25_h0x0_validated_d1,25.0,prova2,ens,Cu,footprint,1.5,0.6578188113098673,0.8663855974622838,3466,32.70993283391696,57.122708272366076
prior,a25_h0x0_validated_d1,25.0,prova2,ens,Cu,footprint,2.0,0.741200230813618,0.9544997361036417,3466,32.70993283391696,57.122708272366076
prior,a25_h0x0_validated_d1,25.0,prova2,ens,Cu,footprint,3.0,0.8641084824004617,0.9973002039367398,3466,32.70993283391696,57.122708272366076
prior,a25_h0x0_validated_d1,25.0,prova2,ens,PbLl,footprint,0.5,0.19907674552798615,0.3829249225480261,3466,17.745408639560036,38.36469945024136
prior,a25_h0x0_validated_d1,25.0,prova2,ens,PbLl,footprint,1.0,0.3615118291979227,0.6826894921370857,3466,17.745408639560036,38.36469945024136
prior,a25_h0x0_validated_d1,25.0,prova2,ens,PbLl,footprint,1.5,0.5031736872475476,0.8663855974622838,3466,17.745408639560036,38.36469945024136
prior,a25_h0x0_validated_d1,25.0,prova2,ens,PbLl,footprint,2.0,0.6113675706866705,0.9544997361036417,3466,17.745408639560036,38.36469945024136
prior,a25_h0x0_validated_d1,25.0,prova2,ens,PbLl,footprint,3.0,0.7694748990190421,0.9973002039367398,3466,17.745408639560036,38.36469945024136
prior,a25_h0x0_validated_d1,25.0,prova2,ens,PbLa,footprint,0.5,0.5421234852856318,0.3829249225480261,3466,494.5010776468274,353.84666605756263
prior,a25_h0x0_validated_d1,25.0,prova2,ens,PbLa,footprint,1.0,0.845066358915176,0.6826894921370857,3466,494.5010776468274,353.84666605756263
prior,a25_h0x0_validated_d1,25.0,prova2,ens,PbLa,footprint,1.5,0.9474899019042123,0.8663855974622838,3466,494.5010776468274,353.84666605756263
prior,a25_h0x0_validated_d1,25.0,prova2,ens,PbLa,footprint,2.0,0.9864396999422966,0.9544997361036417,3466,494.5010776468274,353.84666605756263
prior,a25_h0x0_validated_d1,25.0,prova2,ens,PbLa,footprint,3.0,0.9976918638199653,0.9973002039367398,3466,494.5010776468274,353.84666605756263
prior,a25_h0x0_validated_d1,25.0,prova2,ens,PbLb,footprint,0.5,0.36497403346797463,0.3829249225480261,3466,262.50647605300446,264.39789513184087
prior,a25_h0x0_validated_d1,25.0,prova2,ens,PbLb,footprint,1.0,0.6581073283323716,0.6826894921370857,3466,262.50647605300446,264.39789513184087
prior,a25_h0x0_validated_d1,25.0,prova2,ens,PbLb,footprint,1.5,0.8320830929024813,0.8663855974622838,3466,262.50647605300446,264.39789513184087
prior,a25_h0x0_validated_d1,25.0,prova2,ens,PbLb,footprint,2.0,0.9195037507212925,0.9544997361036417,3466,262.50647605300446,264.39789513184087
prior,a25_h0x0_validated_d1,25.0,prova2,ens,PbLb,footprint,3.0,0.9849971148297749,0.9973002039367398,3466,262.50647605300446,264.39789513184087
prior,a25_h0x0_validated_d1,25.0,prova2,ens,PbLg,footprint,0.5,0.2172533179457588,0.3829249225480261,3466,34.193052352399455,57.43501657509979
prior,a25_h0x0_validated_d1,25.0,prova2,ens,PbLg,footprint,1.0,0.40103866128101556,0.6826894921370857,3466,34.193052352399455,57.43501657509979
prior,a25_h0x0_validated_d1,25.0,prova2,ens,PbLg,footprint,1.5,0.5539526832083093,0.8663855974622838,3466,34.193052352399455,57.43501657509979
prior,a25_h0x0_validated_d1,25.0,prova2,ens,PbLg,footprint,2.0,0.6705135603000577,0.9544997361036417,3466,34.193052352399455,57.43501657509979
prior,a25_h0x0_validated_d1,25.0,prova2,ens,PbLg,footprint,3.0,0.8395845354875938,0.9973002039367398,3466,34.193052352399455,57.43501657509979
prior,a25_h0x0_validated_d1,25.0,prova2,total_noref,Ca,footprint,0.5,0.3214079630698211,0.3829249225480261,3466,100.46482380754891,128.09228250354178
prior,a25_h0x0_validated_d1,25.0,prova2,total_noref,Ca,footprint,1.0,0.5753029428736296,0.6826894921370857,3466,100.46482380754891,128.09228250354178
prior,a25_h0x0_validated_d1,25.0,prova2,total_noref,Ca,footprint,1.5,0.7458165031736872,0.8663855974622838,3466,100.46482380754891,128.09228250354178
prior,a25_h0x0_validated_d1,25.0,prova2,total_noref,Ca,footprint,2.0,0.8589151759953837,0.9544997361036417,3466,100.46482380754891,128.09228250354178
prior,a25_h0x0_validated_d1,25.0,prova2,total_noref,Ca,footprint,3.0,0.9604731679169071,0.9973002039367398,3466,100.46482380754891,128.09228250354178
prior,a25_h0x0_validated_d1,25.0,prova2,total_noref,Ti,footprint,0.5,0.3066935949221004,0.3829249225480261,3466,37.56789393788827,48.94199136034906
prior,a25_h0x0_validated_d1,25.0,prova2,total_noref,Ti,footprint,1.0,0.5533756491633006,0.6826894921370857,3466,37.56789393788827,48.94199136034906
prior,a25_h0x0_validated_d1,25.0,prova2,total_noref,Ti,footprint,1.5,0.7253317945758799,0.8663855974622838,3466,37.56789393788827,48.94199136034906
prior,a25_h0x0_validated_d1,25.0,prova2,total_noref,Ti,footprint,2.0,0.8398730525100981,0.9544997361036417,3466,37.56789393788827,48.94199136034906
prior,a25_h0x0_validated_d1,25.0,prova2,total_noref,Ti,footprint,3.0,0.953260242354299,0.9973002039367398,3466,37.56789393788827,48.94199136034906
prior,a25_h0x0_validated_d1,25.0,prova2,total_noref,Fe,footprint,0.5,0.2899596076168494,0.3829249225480261,3466,51.1726103776282,71.42566807170266
prior,a25_h0x0_validated_d1,25.0,prova2,total_noref,Fe,footprint,1.0,0.5375072129255626,0.6826894921370857,3466,51.1726103776282,71.42566807170266
prior,a25_h0x0_validated_d1,25.0,prova2,total_noref,Fe,footprint,1.5,0.7025389497980381,0.8663855974622838,3466,51.1726103776282,71.42566807170266
prior,a25_h0x0_validated_d1,25.0,prova2,total_noref,Fe,footprint,2.0,0.8202538949798038,0.9544997361036417,3466,51.1726103776282,71.42566807170266
prior,a25_h0x0_validated_d1,25.0,prova2,total_noref,Fe,footprint,3.0,0.9437391806116561,0.9973002039367398,3466,51.1726103776282,71.42566807170266
prior,a25_h0x0_validated_d1,25.0,prova2,total_noref,Cu,footprint,0.5,0.41748413156376224,0.3829249225480261,3466,40.80980001385499,57.122708272366076
prior,a25_h0x0_validated_d1,25.0,prova2,total_noref,Cu,footprint,1.0,0.6330063473744951,0.6826894921370857,3466,40.80980001385499,57.122708272366076
prior,a25_h0x0_validated_d1,25.0,prova2,total_noref,Cu,footprint,1.5,0.7668782458165032,0.8663855974622838,3466,40.80980001385499,57.122708272366076
prior,a25_h0x0_validated_d1,25.0,prova2,total_noref,Cu,footprint,2.0,0.865262550490479,0.9544997361036417,3466,40.80980001385499,57.122708272366076
prior,a25_h0x0_validated_d1,25.0,prova2,total_noref,Cu,footprint,3.0,0.95066358915176,0.9973002039367398,3466,40.80980001385499,57.122708272366076
prior,a25_h0x0_validated_d1,25.0,prova2,total_noref,PbLl,footprint,0.5,0.30121177149451817,0.3829249225480261,3466,28.12913867924143,38.36469945024136
prior,a25_h0x0_validated_d1,25.0,prova2,total_noref,PbLl,footprint,1.0,0.5476053087132141,0.6826894921370857,3466,28.12913867924143,38.36469945024136
prior,a25_h0x0_validated_d1,25.0,prova2,total_noref,PbLl,footprint,1.5,0.7106174264281593,0.8663855974622838,3466,28.12913867924143,38.36469945024136
prior,a25_h0x0_validated_d1,25.0,prova2,total_noref,PbLl,footprint,2.0,0.8297749567224466,0.9544997361036417,3466,28.12913867924143,38.36469945024136
prior,a25_h0x0_validated_d1,25.0,prova2,total_noref,PbLl,footprint,3.0,0.947201384881708,0.9973002039367398,3466,28.12913867924143,38.36469945024136
prior,a25_h0x0_validated_d1,25.0,prova2,total_noref,PbLa,footprint,0.5,0.5533756491633006,0.3829249225480261,3466,505.9805782034012,353.84666605756263
prior,a25_h0x0_validated_d1,25.0,prova2,total_noref,PbLa,footprint,1.0,0.8542989036353145,0.6826894921370857,3466,505.9805782034012,353.84666605756263
prior,a25_h0x0_validated_d1,25.0,prova2,total_noref,PbLa,footprint,1.5,0.9555683785343335,0.8663855974622838,3466,505.9805782034012,353.84666605756263
prior,a25_h0x0_validated_d1,25.0,prova2,total_noref,PbLa,footprint,2.0,0.9884593190998269,0.9544997361036417,3466,505.9805782034012,353.84666605756263
prior,a25_h0x0_validated_d1,25.0,prova2,total_noref,PbLa,footprint,3.0,0.9988459319099827,0.9973002039367398,3466,505.9805782034012,353.84666605756263
prior,a25_h0x0_validated_d1,25.0,prova2,total_noref,PbLb,footprint,0.5,0.3993075591459896,0.3829249225480261,3466,277.27784796760864,264.39789513184087
prior,a25_h0x0_validated_d1,25.0,prova2,total_noref,PbLb,footprint,1.0,0.704270051933064,0.6826894921370857,3466,277.27784796760864,264.39789513184087
prior,a25_h0x0_validated_d1,25.0,prova2,total_noref,PbLb,footprint,1.5,0.8629544143104443,0.8663855974622838,3466,277.27784796760864,264.39789513184087
prior,a25_h0x0_validated_d1,25.0,prova2,total_noref,PbLb,footprint,2.0,0.9399884593190998,0.9544997361036417,3466,277.27784796760864,264.39789513184087
prior,a25_h0x0_validated_d1,25.0,prova2,total_noref,PbLb,footprint,3.0,0.9901904212348529,0.9973002039367398,3466,277.27784796760864,264.39789513184087
prior,a25_h0x0_validated_d1,25.0,prova2,total_noref,PbLg,footprint,0.5,0.31159838430467396,0.3829249225480261,3466,46.96639063976939,57.43501657509979
prior,a25_h0x0_validated_d1,25.0,prova2,total_noref,PbLg,footprint,1.0,0.5649163300634737,0.6826894921370857,3466,46.96639063976939,57.43501657509979
prior,a25_h0x0_validated_d1,25.0,prova2,total_noref,PbLg,footprint,1.5,0.7423542989036354,0.8663855974622838,3466,46.96639063976939,57.43501657509979
prior,a25_h0x0_validated_d1,25.0,prova2,total_noref,PbLg,footprint,2.0,0.8551644547028274,0.9544997361036417,3466,46.96639063976939,57.43501657509979
prior,a25_h0x0_validated_d1,25.0,prova2,total_noref,PbLg,footprint,3.0,0.9578765147143682,0.9973002039367398,3466,46.96639063976939,57.43501657509979
posterior,a25_h0x0_validated_d1,25.0,prova2,ens,Ca,footprint,0.5,0.2908251586843624,0.3829249225480261,3466,91.86289623343846,131.14662597194808
posterior,a25_h0x0_validated_d1,25.0,prova2,ens,Ca,footprint,1.0,0.5530871321407963,0.6826894921370857,3466,91.86289623343846,131.14662597194808
posterior,a25_h0x0_validated_d1,25.0,prova2,ens,Ca,footprint,1.5,0.7241777264858626,0.8663855974622838,3466,91.86289623343846,131.14662597194808
posterior,a25_h0x0_validated_d1,25.0,prova2,ens,Ca,footprint,2.0,0.8473744950952106,0.9544997361036417,3466,91.86289623343846,131.14662597194808
posterior,a25_h0x0_validated_d1,25.0,prova2,ens,Ca,footprint,3.0,0.9547028274668206,0.9973002039367398,3466,91.86289623343846,131.14662597194808
posterior,a25_h0x0_validated_d1,25.0,prova2,ens,Ti,footprint,0.5,0.20917484131563763,0.3829249225480261,3466,24.56989157060006,49.33617654218517
posterior,a25_h0x0_validated_d1,25.0,prova2,ens,Ti,footprint,1.0,0.37997691863819966,0.6826894921370857,3466,24.56989157060006,49.33617654218517
posterior,a25_h0x0_validated_d1,25.0,prova2,ens,Ti,footprint,1.5,0.5282746682054241,0.8663855974622838,3466,24.56989157060006,49.33617654218517
posterior,a25_h0x0_validated_d1,25.0,prova2,ens,Ti,footprint,2.0,0.6532025389497981,0.9544997361036417,3466,24.56989157060006,49.33617654218517
posterior,a25_h0x0_validated_d1,25.0,prova2,ens,Ti,footprint,3.0,0.815060588574726,0.9973002039367398,3466,24.56989157060006,49.33617654218517
posterior,a25_h0x0_validated_d1,25.0,prova2,ens,Fe,footprint,0.5,0.16156953260242354,0.3829249225480261,3466,33.80055045730634,70.87951855197558
posterior,a25_h0x0_validated_d1,25.0,prova2,ens,Fe,footprint,1.0,0.312463935372187,0.6826894921370857,3466,33.80055045730634,70.87951855197558
posterior,a25_h0x0_validated_d1,25.0,prova2,ens,Fe,footprint,1.5,0.4552798615118292,0.8663855974622838,3466,33.80055045730634,70.87951855197558
posterior,a25_h0x0_validated_d1,25.0,prova2,ens,Fe,footprint,2.0,0.5649163300634737,0.9544997361036417,3466,33.80055045730634,70.87951855197558
posterior,a25_h0x0_validated_d1,25.0,prova2,ens,Fe,footprint,3.0,0.723600692440854,0.9973002039367398,3466,33.80055045730634,70.87951855197558
posterior,a25_h0x0_validated_d1,25.0,prova2,ens,Cu,footprint,0.5,0.2942873629544143,0.3829249225480261,3466,26.545628782771825,57.97906417734055
posterior,a25_h0x0_validated_d1,25.0,prova2,ens,Cu,footprint,1.0,0.49509521061742645,0.6826894921370857,3466,26.545628782771825,57.97906417734055
posterior,a25_h0x0_validated_d1,25.0,prova2,ens,Cu,footprint,1.5,0.6058857472590883,0.8663855974622838,3466,26.545628782771825,57.97906417734055
posterior,a25_h0x0_validated_d1,25.0,prova2,ens,Cu,footprint,2.0,0.6927293710328909,0.9544997361036417,3466,26.545628782771825,57.97906417734055
posterior,a25_h0x0_validated_d1,25.0,prova2,ens,Cu,footprint,3.0,0.8208309290248125,0.9973002039367398,3466,26.545628782771825,57.97906417734055
posterior,a25_h0x0_validated_d1,25.0,prova2,ens,PbLl,footprint,0.5,0.1488747836122331,0.3829249225480261,3466,13.225743326884913,38.17497639120545
posterior,a25_h0x0_validated_d1,25.0,prova2,ens,PbLl,footprint,1.0,0.2815926139642239,0.6826894921370857,3466,13.225743326884913,38.17497639120545
posterior,a25_h0x0_validated_d1,25.0,prova2,ens,PbLl,footprint,1.5,0.39440276976341604,0.8663855974622838,3466,13.225743326884913,38.17497639120545
posterior,a25_h0x0_validated_d1,25.0,prova2,ens,PbLl,footprint,2.0,0.49451817657241776,0.9544997361036417,3466,13.225743326884913,38.17497639120545
posterior,a25_h0x0_validated_d1,25.0,prova2,ens,PbLl,footprint,3.0,0.6595499134448932,0.9973002039367398,3466,13.225743326884913,38.17497639120545
posterior,a25_h0x0_validated_d1,25.0,prova2,ens,PbLa,footprint,0.5,0.3730525100980958,0.3829249225480261,3466,324.7764230578611,356.72984510592505
posterior,a25_h0x0_validated_d1,25.0,prova2,ens,PbLa,footprint,1.0,0.6624350836699365,0.6826894921370857,3466,324.7764230578611,356.72984510592505
posterior,a25_h0x0_validated_d1,25.0,prova2,ens,PbLa,footprint,1.5,0.8375649163300635,0.8663855974622838,3466,324.7764230578611,356.72984510592505
posterior,a25_h0x0_validated_d1,25.0,prova2,ens,PbLa,footprint,2.0,0.9200807847663012,0.9544997361036417,3466,324.7764230578611,356.72984510592505
posterior,a25_h0x0_validated_d1,25.0,prova2,ens,PbLa,footprint,3.0,0.9826889786497404,0.9973002039367398,3466,324.7764230578611,356.72984510592505
posterior,a25_h0x0_validated_d1,25.0,prova2,ens,PbLb,footprint,0.5,0.363531448355453,0.3829249225480261,3466,246.4987764233849,274.5883223538917
posterior,a25_h0x0_validated_d1,25.0,prova2,ens,PbLb,footprint,1.0,0.6563762261973456,0.6826894921370857,3466,246.4987764233849,274.5883223538917
posterior,a25_h0x0_validated_d1,25.0,prova2,ens,PbLb,footprint,1.5,0.8222735141373341,0.8663855974622838,3466,246.4987764233849,274.5883223538917
posterior,a25_h0x0_validated_d1,25.0,prova2,ens,PbLb,footprint,2.0,0.9166185804962492,0.9544997361036417,3466,246.4987764233849,274.5883223538917
posterior,a25_h0x0_validated_d1,25.0,prova2,ens,PbLb,footprint,3.0,0.981534910559723,0.9973002039367398,3466,246.4987764233849,274.5883223538917
posterior,a25_h0x0_validated_d1,25.0,prova2,ens,PbLg,footprint,0.5,0.16156953260242354,0.3829249225480261,3466,24.673058191075913,56.82108907734526
posterior,a25_h0x0_validated_d1,25.0,prova2,ens,PbLg,footprint,1.0,0.3110213502596653,0.6826894921370857,3466,24.673058191075913,56.82108907734526
posterior,a25_h0x0_validated_d1,25.0,prova2,ens,PbLg,footprint,1.5,0.4469128678592037,0.8663855974622838,3466,24.673058191075913,56.82108907734526
posterior,a25_h0x0_validated_d1,25.0,prova2,ens,PbLg,footprint,2.0,0.5672244662435084,0.9544997361036417,3466,24.673058191075913,56.82108907734526
posterior,a25_h0x0_validated_d1,25.0,prova2,ens,PbLg,footprint,3.0,0.7276399307559146,0.9973002039367398,3466,24.673058191075913,56.82108907734526
posterior,a25_h0x0_validated_d1,25.0,prova2,total_noref,Ca,footprint,0.5,0.3190998268897865,0.3829249225480261,3466,100.14257855824457,131.14662597194808
posterior,a25_h0x0_validated_d1,25.0,prova2,total_noref,Ca,footprint,1.0,0.5940565493364108,0.6826894921370857,3466,100.14257855824457,131.14662597194808
posterior,a25_h0x0_validated_d1,25.0,prova2,total_noref,Ca,footprint,1.5,0.7720715522215811,0.8663855974622838,3466,100.14257855824457,131.14662597194808
posterior,a25_h0x0_validated_d1,25.0,prova2,total_noref,Ca,footprint,2.0,0.8857472590882862,0.9544997361036417,3466,100.14257855824457,131.14662597194808
posterior,a25_h0x0_validated_d1,25.0,prova2,total_noref,Ca,footprint,3.0,0.9711482977495672,0.9973002039367398,3466,100.14257855824457,131.14662597194808
posterior,a25_h0x0_validated_d1,25.0,prova2,total_noref,Ti,footprint,0.5,0.293133294864397,0.3829249225480261,3466,35.109540533090325,49.33617654218517
posterior,a25_h0x0_validated_d1,25.0,prova2,total_noref,Ti,footprint,1.0,0.5245239469128679,0.6826894921370857,3466,35.109540533090325,49.33617654218517
posterior,a25_h0x0_validated_d1,25.0,prova2,total_noref,Ti,footprint,1.5,0.7091748413156376,0.8663855974622838,3466,35.109540533090325,49.33617654218517
posterior,a25_h0x0_validated_d1,25.0,prova2,total_noref,Ti,footprint,2.0,0.829197922677438,0.9544997361036417,3466,35.109540533090325,49.33617654218517
posterior,a25_h0x0_validated_d1,25.0,prova2,total_noref,Ti,footprint,3.0,0.9489324870167339,0.9973002039367398,3466,35.109540533090325,49.33617654218517
posterior,a25_h0x0_validated_d1,25.0,prova2,total_noref,Fe,footprint,0.5,0.2637045585689556,0.3829249225480261,3466,43.34515138750635,70.87951855197558
posterior,a25_h0x0_validated_d1,25.0,prova2,total_noref,Fe,footprint,1.0,0.49105597230236586,0.6826894921370857,3466,43.34515138750635,70.87951855197558
posterior,a25_h0x0_validated_d1,25.0,prova2,total_noref,Fe,footprint,1.5,0.6552221581073283,0.8663855974622838,3466,43.34515138750635,70.87951855197558
posterior,a25_h0x0_validated_d1,25.0,prova2,total_noref,Fe,footprint,2.0,0.7694748990190421,0.9544997361036417,3466,43.34515138750635,70.87951855197558
posterior,a25_h0x0_validated_d1,25.0,prova2,total_noref,Fe,footprint,3.0,0.9114252740911714,0.9973002039367398,3466,43.34515138750635,70.87951855197558
posterior,a25_h0x0_validated_d1,25.0,prova2,total_noref,Cu,footprint,0.5,0.34564339296018465,0.3829249225480261,3466,36.122262382848426,57.97906417734055
posterior,a25_h0x0_validated_d1,25.0,prova2,total_noref,Cu,footprint,1.0,0.5903058280438546,0.6826894921370857,3466,36.122262382848426,57.97906417734055
posterior,a25_h0x0_validated_d1,25.0,prova2,total_noref,Cu,footprint,1.5,0.7325447201384881,0.8663855974622838,3466,36.122262382848426,57.97906417734055
posterior,a25_h0x0_validated_d1,25.0,prova2,total_noref,Cu,footprint,2.0,0.829197922677438,0.9544997361036417,3466,36.122262382848426,57.97906417734055
posterior,a25_h0x0_validated_d1,25.0,prova2,total_noref,Cu,footprint,3.0,0.9261396422388921,0.9973002039367398,3466,36.122262382848426,57.97906417734055
posterior,a25_h0x0_validated_d1,25.0,prova2,total_noref,PbLl,footprint,0.5,0.2784189267166763,0.3829249225480261,3466,25.52061823380739,38.17497639120545
posterior,a25_h0x0_validated_d1,25.0,prova2,total_noref,PbLl,footprint,1.0,0.5014425851125216,0.6826894921370857,3466,25.52061823380739,38.17497639120545
posterior,a25_h0x0_validated_d1,25.0,prova2,total_noref,PbLl,footprint,1.5,0.6679169070975187,0.8663855974622838,3466,25.52061823380739,38.17497639120545
posterior,a25_h0x0_validated_d1,25.0,prova2,total_noref,PbLl,footprint,2.0,0.792267743796884,0.9544997361036417,3466,25.52061823380739,38.17497639120545
posterior,a25_h0x0_validated_d1,25.0,prova2,total_noref,PbLl,footprint,3.0,0.9174841315637623,0.9973002039367398,3466,25.52061823380739,38.17497639120545
posterior,a25_h0x0_validated_d1,25.0,prova2,total_noref,PbLa,footprint,0.5,0.39757645701096367,0.3829249225480261,3466,342.18980444167886,356.72984510592505
posterior,a25_h0x0_validated_d1,25.0,prova2,total_noref,PbLa,footprint,1.0,0.693594922100404,0.6826894921370857,3466,342.18980444167886,356.72984510592505
posterior,a25_h0x0_validated_d1,25.0,prova2,total_noref,PbLa,footprint,1.5,0.8603577611079054,0.8663855974622838,3466,342.18980444167886,356.72984510592505
posterior,a25_h0x0_validated_d1,25.0,prova2,total_noref,PbLa,footprint,2.0,0.9327755337564916,0.9544997361036417,3466,342.18980444167886,356.72984510592505
posterior,a25_h0x0_validated_d1,25.0,prova2,total_noref,PbLa,footprint,3.0,0.9884593190998269,0.9973002039367398,3466,342.18980444167886,356.72984510592505
posterior,a25_h0x0_validated_d1,25.0,prova2,total_noref,PbLb,footprint,0.5,0.3834391229082516,0.3829249225480261,3466,262.27804927970124,274.5883223538917
posterior,a25_h0x0_validated_d1,25.0,prova2,total_noref,PbLb,footprint,1.0,0.6927293710328909,0.6826894921370857,3466,262.27804927970124,274.5883223538917
posterior,a25_h0x0_validated_d1,25.0,prova2,total_noref,PbLb,footprint,1.5,0.8528563185227929,0.8663855974622838,3466,262.27804927970124,274.5883223538917
posterior,a25_h0x0_validated_d1,25.0,prova2,total_noref,PbLb,footprint,2.0,0.9321984997114829,0.9544997361036417,3466,262.27804927970124,274.5883223538917
posterior,a25_h0x0_validated_d1,25.0,prova2,total_noref,PbLb,footprint,3.0,0.9873052510098096,0.9973002039367398,3466,262.27804927970124,274.5883223538917
posterior,a25_h0x0_validated_d1,25.0,prova2,total_noref,PbLg,footprint,0.5,0.276399307559146,0.3829249225480261,3466,40.505364102666945,56.82108907734526
posterior,a25_h0x0_validated_d1,25.0,prova2,total_noref,PbLg,footprint,1.0,0.5150028851702251,0.6826894921370857,3466,40.505364102666945,56.82108907734526
posterior,a25_h0x0_validated_d1,25.0,prova2,total_noref,PbLg,footprint,1.5,0.6944604731679169,0.8663855974622838,3466,40.505364102666945,56.82108907734526
posterior,a25_h0x0_validated_d1,25.0,prova2,total_noref,PbLg,footprint,2.0,0.8165031736872476,0.9544997361036417,3466,40.505364102666945,56.82108907734526
posterior,a25_h0x0_validated_d1,25.0,prova2,total_noref,PbLg,footprint,3.0,0.9353721869590306,0.9973002039367398,3466,40.505364102666945,56.82108907734526
control,a25_h14x20_validated_d1,25.0,prova2,ens,Ca,footprint,0.5,0.12175418349682632,0.3829249225480261,3466,83.14639232862844,270.94271314514464
control,a25_h14x20_validated_d1,25.0,prova2,ens,Ca,footprint,1.0,0.23860357761107906,0.6826894921370857,3466,83.14639232862844,270.94271314514464
control,a25_h14x20_validated_d1,25.0,prova2,ens,Ca,footprint,1.5,0.346797461050202,0.8663855974622838,3466,83.14639232862844,270.94271314514464
control,a25_h14x20_validated_d1,25.0,prova2,ens,Ca,footprint,2.0,0.43912290825158684,0.9544997361036417,3466,83.14639232862844,270.94271314514464
control,a25_h14x20_validated_d1,25.0,prova2,ens,Ca,footprint,3.0,0.6001154068090018,0.9973002039367398,3466,83.14639232862844,270.94271314514464
control,a25_h14x20_validated_d1,25.0,prova2,ens,Ca,hole,0.5,0.08273381294964029,0.3829249225480261,278,259.6758997128759,851.5953685102864
control,a25_h14x20_validated_d1,25.0,prova2,ens,Ca,hole,1.0,0.15467625899280577,0.6826894921370857,278,259.6758997128759,851.5953685102864
control,a25_h14x20_validated_d1,25.0,prova2,ens,Ca,hole,1.5,0.26618705035971224,0.8663855974622838,278,259.6758997128759,851.5953685102864
control,a25_h14x20_validated_d1,25.0,prova2,ens,Ca,hole,2.0,0.3489208633093525,0.9544997361036417,278,259.6758997128759,851.5953685102864
control,a25_h14x20_validated_d1,25.0,prova2,ens,Ca,hole,3.0,0.49640287769784175,0.9973002039367398,278,259.6758997128759,851.5953685102864
control,a25_h14x20_validated_d1,25.0,prova2,ens,Ti,footprint,0.5,0.0894402769763416,0.3829249225480261,3466,24.617005765700412,63.13468278725026
control,a25_h14x20_validated_d1,25.0,prova2,ens,Ti,footprint,1.0,0.18147720715522217,0.6826894921370857,3466,24.617005765700412,63.13468278725026
control,a25_h14x20_validated_d1,25.0,prova2,ens,Ti,footprint,1.5,0.2795729948066936,0.8663855974622838,3466,24.617005765700412,63.13468278725026
control,a25_h14x20_validated_d1,25.0,prova2,ens,Ti,footprint,2.0,0.3531448355452972,0.9544997361036417,3466,24.617005765700412,63.13468278725026
control,a25_h14x20_validated_d1,25.0,prova2,ens,Ti,footprint,3.0,0.49221004039238314,0.9973002039367398,3466,24.617005765700412,63.13468278725026
control,a25_h14x20_validated_d1,25.0,prova2,ens,Ti,hole,0.5,0.17266187050359713,0.3829249225480261,278,76.14202112129709,153.64331708857088
control,a25_h14x20_validated_d1,25.0,prova2,ens,Ti,hole,1.0,0.3345323741007194,0.6826894921370857,278,76.14202112129709,153.64331708857088
control,a25_h14x20_validated_d1,25.0,prova2,ens,Ti,hole,1.5,0.5287769784172662,0.8663855974622838,278,76.14202112129709,153.64331708857088
control,a25_h14x20_validated_d1,25.0,prova2,ens,Ti,hole,2.0,0.6330935251798561,0.9544997361036417,278,76.14202112129709,153.64331708857088
control,a25_h14x20_validated_d1,25.0,prova2,ens,Ti,hole,3.0,0.802158273381295,0.9973002039367398,278,76.14202112129709,153.64331708857088
control,a25_h14x20_validated_d1,25.0,prova2,ens,Fe,footprint,0.5,0.10819388343912291,0.3829249225480261,3466,34.8810298872064,138.6684872746518
control,a25_h14x20_validated_d1,25.0,prova2,ens,Fe,footprint,1.0,0.20715522215810733,0.6826894921370857,3466,34.8810298872064,138.6684872746518
control,a25_h14x20_validated_d1,25.0,prova2,ens,Fe,footprint,1.5,0.31015579919215236,0.8663855974622838,3466,34.8810298872064,138.6684872746518
control,a25_h14x20_validated_d1,25.0,prova2,ens,Fe,footprint,2.0,0.40536641661858047,0.9544997361036417,3466,34.8810298872064,138.6684872746518
control,a25_h14x20_validated_d1,25.0,prova2,ens,Fe,footprint,3.0,0.5522215810732833,0.9973002039367398,3466,34.8810298872064,138.6684872746518
control,a25_h14x20_validated_d1,25.0,prova2,ens,Fe,hole,0.5,0.14388489208633093,0.3829249225480261,278,107.42692553562111,434.19727776546176
control,a25_h14x20_validated_d1,25.0,prova2,ens,Fe,hole,1.0,0.2841726618705036,0.6826894921370857,278,107.42692553562111,434.19727776546176
control,a25_h14x20_validated_d1,25.0,prova2,ens,Fe,hole,1.5,0.4568345323741007,0.8663855974622838,278,107.42692553562111,434.19727776546176
control,a25_h14x20_validated_d1,25.0,prova2,ens,Fe,hole,2.0,0.6798561151079137,0.9544997361036417,278,107.42692553562111,434.19727776546176
control,a25_h14x20_validated_d1,25.0,prova2,ens,Fe,hole,3.0,0.7553956834532374,0.9973002039367398,278,107.42692553562111,434.19727776546176
control,a25_h14x20_validated_d1,25.0,prova2,ens,Cu,footprint,0.5,0.23052510098095788,0.3829249225480261,3466,40.39616979647114,120.15386980373397
control,a25_h14x20_validated_d1,25.0,prova2,ens,Cu,footprint,1.0,0.3704558568955568,0.6826894921370857,3466,40.39616979647114,120.15386980373397
control,a25_h14x20_validated_d1,25.0,prova2,ens,Cu,footprint,1.5,0.45816503173687245,0.8663855974622838,3466,40.39616979647114,120.15386980373397
control,a25_h14x20_validated_d1,25.0,prova2,ens,Cu,footprint,2.0,0.5242354298903635,0.9544997361036417,3466,40.39616979647114,120.15386980373397
control,a25_h14x20_validated_d1,25.0,prova2,ens,Cu,footprint,3.0,0.6387766878245816,0.9973002039367398,3466,40.39616979647114,120.15386980373397
control,a25_h14x20_validated_d1,25.0,prova2,ens,Cu,hole,0.5,0.03597122302158273,0.3829249225480261,278,134.14723198388822,383.3385305942331
control,a25_h14x20_validated_d1,25.0,prova2,ens,Cu,hole,1.0,0.08273381294964029,0.6826894921370857,278,134.14723198388822,383.3385305942331
control,a25_h14x20_validated_d1,25.0,prova2,ens,Cu,hole,1.5,0.21942446043165467,0.8663855974622838,278,134.14723198388822,383.3385305942331
control,a25_h14x20_validated_d1,25.0,prova2,ens,Cu,hole,2.0,0.4028776978417266,0.9544997361036417,278,134.14723198388822,383.3385305942331
control,a25_h14x20_validated_d1,25.0,prova2,ens,Cu,hole,3.0,0.7553956834532374,0.9973002039367398,278,134.14723198388822,383.3385305942331
control,a25_h14x20_validated_d1,25.0,prova2,ens,PbLl,footprint,0.5,0.08915175995383727,0.3829249225480261,3466,14.024256826313668,51.703509417972825
control,a25_h14x20_validated_d1,25.0,prova2,ens,PbLl,footprint,1.0,0.15724177726485863,0.6826894921370857,3466,14.024256826313668,51.703509417972825
control,a25_h14x20_validated_d1,25.0,prova2,ens,PbLl,footprint,1.5,0.22821696480092327,0.8663855974622838,3466,14.024256826313668,51.703509417972825
control,a25_h14x20_validated_d1,25.0,prova2,ens,PbLl,footprint,2.0,0.2867859203693018,0.9544997361036417,3466,14.024256826313668,51.703509417972825
control,a25_h14x20_validated_d1,25.0,prova2,ens,PbLl,footprint,3.0,0.38228505481823427,0.9973002039367398,3466,14.024256826313668,51.703509417972825
control,a25_h14x20_validated_d1,25.0,prova2,ens,PbLl,hole,0.5,0.16906474820143885,0.3829249225480261,278,44.325688686773745,132.691594067867
control,a25_h14x20_validated_d1,25.0,prova2,ens,PbLl,hole,1.0,0.3237410071942446,0.6826894921370857,278,44.325688686773745,132.691594067867
control,a25_h14x20_validated_d1,25.0,prova2,ens,PbLl,hole,1.5,0.45323741007194246,0.8663855974622838,278,44.325688686773745,132.691594067867
control,a25_h14x20_validated_d1,25.0,prova2,ens,PbLl,hole,2.0,0.564748201438849,0.9544997361036417,278,44.325688686773745,132.691594067867
control,a25_h14x20_validated_d1,25.0,prova2,ens,PbLl,hole,3.0,0.6870503597122302,0.9973002039367398,278,44.325688686773745,132.691594067867
control,a25_h14x20_validated_d1,25.0,prova2,ens,PbLa,footprint,0.5,0.12348528563185228,0.3829249225480261,3466,353.85463117781427,733.3089831905763
control,a25_h14x20_validated_d1,25.0,prova2,ens,PbLa,footprint,1.0,0.23369878822850548,0.6826894921370857,3466,353.85463117781427,733.3089831905763
control,a25_h14x20_validated_d1,25.0,prova2,ens,PbLa,footprint,1.5,0.3378534333525678,0.8663855974622838,3466,353.85463117781427,733.3089831905763
control,a25_h14x20_validated_d1,25.0,prova2,ens,PbLa,footprint,2.0,0.42440854010386614,0.9544997361036417,3466,353.85463117781427,733.3089831905763
control,a25_h14x20_validated_d1,25.0,prova2,ens,PbLa,footprint,3.0,0.5885747259088286,0.9973002039367398,3466,353.85463117781427,733.3089831905763
control,a25_h14x20_validated_d1,25.0,prova2,ens,PbLa,hole,0.5,0.3057553956834532,0.3829249225480261,278,1163.3367930158943,2359.2859625790106
control,a25_h14x20_validated_d1,25.0,prova2,ens,PbLa,hole,1.0,0.5,0.6826894921370857,278,1163.3367930158943,2359.2859625790106
control,a25_h14x20_validated_d1,25.0,prova2,ens,PbLa,hole,1.5,0.60431654676259,0.8663855974622838,278,1163.3367930158943,2359.2859625790106
control,a25_h14x20_validated_d1,25.0,prova2,ens,PbLa,hole,2.0,0.697841726618705,0.9544997361036417,278,1163.3367930158943,2359.2859625790106
control,a25_h14x20_validated_d1,25.0,prova2,ens,PbLa,hole,3.0,0.8525179856115108,0.9973002039367398,278,1163.3367930158943,2359.2859625790106
control,a25_h14x20_validated_d1,25.0,prova2,ens,PbLb,footprint,0.5,0.12261973456433929,0.3829249225480261,3466,255.79235203877067,536.6083825686019
control,a25_h14x20_validated_d1,25.0,prova2,ens,PbLb,footprint,1.0,0.22215810732833238,0.6826894921370857,3466,255.79235203877067,536.6083825686019
control,a25_h14x20_validated_d1,25.0,prova2,ens,PbLb,footprint,1.5,0.32660126947489904,0.8663855974622838,3466,255.79235203877067,536.6083825686019
control,a25_h14x20_validated_d1,25.0,prova2,ens,PbLb,footprint,2.0,0.41431044431621467,0.9544997361036417,3466,255.79235203877067,536.6083825686019
control,a25_h14x20_validated_d1,25.0,prova2,ens,PbLb,footprint,3.0,0.5680900173110214,0.9973002039367398,3466,255.79235203877067,536.6083825686019
control,a25_h14x20_validated_d1,25.0,prova2,ens,PbLb,hole,0.5,0.30935251798561153,0.3829249225480261,278,840.570868129768,1706.7146978994692
control,a25_h14x20_validated_d1,25.0,prova2,ens,PbLb,hole,1.0,0.4784172661870504,0.6826894921370857,278,840.570868129768,1706.7146978994692
control,a25_h14x20_validated_d1,25.0,prova2,ens,PbLb,hole,1.5,0.6187050359712231,0.8663855974622838,278,840.570868129768,1706.7146978994692
control,a25_h14x20_validated_d1,25.0,prova2,ens,PbLb,hole,2.0,0.7086330935251799,0.9544997361036417,278,840.570868129768,1706.7146978994692
control,a25_h14x20_validated_d1,25.0,prova2,ens,PbLb,hole,3.0,0.8561151079136691,0.9973002039367398,278,840.570868129768,1706.7146978994692
control,a25_h14x20_validated_d1,25.0,prova2,ens,PbLg,footprint,0.5,0.07991921523369878,0.3829249225480261,3466,34.235729339685456,82.40435980355825
control,a25_h14x20_validated_d1,25.0,prova2,ens,PbLg,footprint,1.0,0.15464512406231967,0.6826894921370857,3466,34.235729339685456,82.40435980355825
control,a25_h14x20_validated_d1,25.0,prova2,ens,PbLg,footprint,1.5,0.21581073283323715,0.8663855974622838,3466,34.235729339685456,82.40435980355825
control,a25_h14x20_validated_d1,25.0,prova2,ens,PbLg,footprint,2.0,0.27553375649163303,0.9544997361036417,3466,34.235729339685456,82.40435980355825
control,a25_h14x20_validated_d1,25.0,prova2,ens,PbLg,footprint,3.0,0.39267166762839006,0.9973002039367398,3466,34.235729339685456,82.40435980355825
control,a25_h14x20_validated_d1,25.0,prova2,ens,PbLg,hole,0.5,0.29136690647482016,0.3829249225480261,278,112.44989903660762,223.27481904688221
control,a25_h14x20_validated_d1,25.0,prova2,ens,PbLg,hole,1.0,0.4712230215827338,0.6826894921370857,278,112.44989903660762,223.27481904688221
control,a25_h14x20_validated_d1,25.0,prova2,ens,PbLg,hole,1.5,0.6187050359712231,0.8663855974622838,278,112.44989903660762,223.27481904688221
control,a25_h14x20_validated_d1,25.0,prova2,ens,PbLg,hole,2.0,0.6942446043165468,0.9544997361036417,278,112.44989903660762,223.27481904688221
control,a25_h14x20_validated_d1,25.0,prova2,ens,PbLg,hole,3.0,0.8705035971223022,0.9973002039367398,278,112.44989903660762,223.27481904688221
control,a25_h14x20_validated_d1,25.0,prova2,total_noref,Ca,footprint,0.5,0.20715522215810733,0.3829249225480261,3466,92.07761585163402,270.94271314514464
control,a25_h14x20_validated_d1,25.0,prova2,total_noref,Ca,footprint,1.0,0.397864974033468,0.6826894921370857,3466,92.07761585163402,270.94271314514464
control,a25_h14x20_validated_d1,25.0,prova2,total_noref,Ca,footprint,1.5,0.546739757645701,0.8663855974622838,3466,92.07761585163402,270.94271314514464
control,a25_h14x20_validated_d1,25.0,prova2,total_noref,Ca,footprint,2.0,0.6658972879399885,0.9544997361036417,3466,92.07761585163402,270.94271314514464
control,a25_h14x20_validated_d1,25.0,prova2,total_noref,Ca,footprint,3.0,0.8286208886324293,0.9973002039367398,3466,92.07761585163402,270.94271314514464
control,a25_h14x20_validated_d1,25.0,prova2,total_noref,Ca,hole,0.5,0.08273381294964029,0.3829249225480261,278,259.76746335464037,851.5953685102864
control,a25_h14x20_validated_d1,25.0,prova2,total_noref,Ca,hole,1.0,0.15467625899280577,0.6826894921370857,278,259.76746335464037,851.5953685102864
control,a25_h14x20_validated_d1,25.0,prova2,total_noref,Ca,hole,1.5,0.26618705035971224,0.8663855974622838,278,259.76746335464037,851.5953685102864
control,a25_h14x20_validated_d1,25.0,prova2,total_noref,Ca,hole,2.0,0.3489208633093525,0.9544997361036417,278,259.76746335464037,851.5953685102864
control,a25_h14x20_validated_d1,25.0,prova2,total_noref,Ca,hole,3.0,0.49640287769784175,0.9973002039367398,278,259.76746335464037,851.5953685102864
control,a25_h14x20_validated_d1,25.0,prova2,total_noref,Ti,footprint,0.5,0.23341027120600116,0.3829249225480261,3466,34.62576249960716,63.13468278725026
control,a25_h14x20_validated_d1,25.0,prova2,total_noref,Ti,footprint,1.0,0.4399884593190998,0.6826894921370857,3466,34.62576249960716,63.13468278725026
control,a25_h14x20_validated_d1,25.0,prova2,total_noref,Ti,footprint,1.5,0.6110790536641661,0.8663855974622838,3466,34.62576249960716,63.13468278725026
control,a25_h14x20_validated_d1,25.0,prova2,total_noref,Ti,footprint,2.0,0.7336987882285054,0.9544997361036417,3466,34.62576249960716,63.13468278725026
control,a25_h14x20_validated_d1,25.0,prova2,total_noref,Ti,footprint,3.0,0.8900750144258511,0.9973002039367398,3466,34.62576249960716,63.13468278725026
control,a25_h14x20_validated_d1,25.0,prova2,total_noref,Ti,hole,0.5,0.17266187050359713,0.3829249225480261,278,76.27943088775935,153.64331708857088
control,a25_h14x20_validated_d1,25.0,prova2,total_noref,Ti,hole,1.0,0.3345323741007194,0.6826894921370857,278,76.27943088775935,153.64331708857088
control,a25_h14x20_validated_d1,25.0,prova2,total_noref,Ti,hole,1.5,0.5287769784172662,0.8663855974622838,278,76.27943088775935,153.64331708857088
control,a25_h14x20_validated_d1,25.0,prova2,total_noref,Ti,hole,2.0,0.6330935251798561,0.9544997361036417,278,76.27943088775935,153.64331708857088
control,a25_h14x20_validated_d1,25.0,prova2,total_noref,Ti,hole,3.0,0.802158273381295,0.9973002039367398,278,76.27943088775935,153.64331708857088
control,a25_h14x20_validated_d1,25.0,prova2,total_noref,Fe,footprint,0.5,0.23052510098095788,0.3829249225480261,3466,43.71418704312147,138.6684872746518
control,a25_h14x20_validated_d1,25.0,prova2,total_noref,Fe,footprint,1.0,0.43508366993652625,0.6826894921370857,3466,43.71418704312147,138.6684872746518
control,a25_h14x20_validated_d1,25.0,prova2,total_noref,Fe,footprint,1.5,0.5900173110213502,0.8663855974622838,3466,43.71418704312147,138.6684872746518
control,a25_h14x20_validated_d1,25.0,prova2,total_noref,Fe,footprint,2.0,0.7189844200807848,0.9544997361036417,3466,43.71418704312147,138.6684872746518
control,a25_h14x20_validated_d1,25.0,prova2,total_noref,Fe,footprint,3.0,0.8698788228505482,0.9973002039367398,3466,43.71418704312147,138.6684872746518
control,a25_h14x20_validated_d1,25.0,prova2,total_noref,Fe,hole,0.5,0.14388489208633093,0.3829249225480261,278,107.5129972141267,434.19727776546176
control,a25_h14x20_validated_d1,25.0,prova2,total_noref,Fe,hole,1.0,0.2841726618705036,0.6826894921370857,278,107.5129972141267,434.19727776546176
control,a25_h14x20_validated_d1,25.0,prova2,total_noref,Fe,hole,1.5,0.4568345323741007,0.8663855974622838,278,107.5129972141267,434.19727776546176
control,a25_h14x20_validated_d1,25.0,prova2,total_noref,Fe,hole,2.0,0.6798561151079137,0.9544997361036417,278,107.5129972141267,434.19727776546176
control,a25_h14x20_validated_d1,25.0,prova2,total_noref,Fe,hole,3.0,0.7553956834532374,0.9973002039367398,278,107.5129972141267,434.19727776546176
control,a25_h14x20_validated_d1,25.0,prova2,total_noref,Cu,footprint,0.5,0.31448355452971727,0.3829249225480261,3466,47.29224940790951,120.15386980373397
control,a25_h14x20_validated_d1,25.0,prova2,total_noref,Cu,footprint,1.0,0.5213502596653202,0.6826894921370857,3466,47.29224940790951,120.15386980373397
control,a25_h14x20_validated_d1,25.0,prova2,total_noref,Cu,footprint,1.5,0.6627236006924409,0.8663855974622838,3466,47.29224940790951,120.15386980373397
control,a25_h14x20_validated_d1,25.0,prova2,total_noref,Cu,footprint,2.0,0.7639930755914599,0.9544997361036417,3466,47.29224940790951,120.15386980373397
control,a25_h14x20_validated_d1,25.0,prova2,total_noref,Cu,footprint,3.0,0.8946912867859204,0.9973002039367398,3466,47.29224940790951,120.15386980373397
control,a25_h14x20_validated_d1,25.0,prova2,total_noref,Cu,hole,0.5,0.03597122302158273,0.3829249225480261,278,134.23275828837583,383.3385305942331
control,a25_h14x20_validated_d1,25.0,prova2,total_noref,Cu,hole,1.0,0.08273381294964029,0.6826894921370857,278,134.23275828837583,383.3385305942331
control,a25_h14x20_validated_d1,25.0,prova2,total_noref,Cu,hole,1.5,0.21942446043165467,0.8663855974622838,278,134.23275828837583,383.3385305942331
control,a25_h14x20_validated_d1,25.0,prova2,total_noref,Cu,hole,2.0,0.4028776978417266,0.9544997361036417,278,134.23275828837583,383.3385305942331
control,a25_h14x20_validated_d1,25.0,prova2,total_noref,Cu,hole,3.0,0.7589928057553957,0.9973002039367398,278,134.23275828837583,383.3385305942331
control,a25_h14x20_validated_d1,25.0,prova2,total_noref,PbLl,footprint,0.5,0.25620311598384304,0.3829249225480261,3466,25.917792925638288,51.703509417972825
control,a25_h14x20_validated_d1,25.0,prova2,total_noref,PbLl,footprint,1.0,0.4723023658395845,0.6826894921370857,3466,25.917792925638288,51.703509417972825
control,a25_h14x20_validated_d1,25.0,prova2,total_noref,PbLl,footprint,1.5,0.6231967686093479,0.8663855974622838,3466,25.917792925638288,51.703509417972825
control,a25_h14x20_validated_d1,25.0,prova2,total_noref,PbLl,footprint,2.0,0.7475476053087132,0.9544997361036417,3466,25.917792925638288,51.703509417972825
control,a25_h14x20_validated_d1,25.0,prova2,total_noref,PbLl,footprint,3.0,0.8889209463358339,0.9973002039367398,3466,25.917792925638288,51.703509417972825
control,a25_h14x20_validated_d1,25.0,prova2,total_noref,PbLl,hole,0.5,0.16906474820143885,0.3829249225480261,278,44.548692198426,132.691594067867
control,a25_h14x20_validated_d1,25.0,prova2,total_noref,PbLl,hole,1.0,0.3237410071942446,0.6826894921370857,278,44.548692198426,132.691594067867
control,a25_h14x20_validated_d1,25.0,prova2,total_noref,PbLl,hole,1.5,0.45323741007194246,0.8663855974622838,278,44.548692198426,132.691594067867
control,a25_h14x20_validated_d1,25.0,prova2,total_noref,PbLl,hole,2.0,0.564748201438849,0.9544997361036417,278,44.548692198426,132.691594067867
control,a25_h14x20_validated_d1,25.0,prova2,total_noref,PbLl,hole,3.0,0.6870503597122302,0.9973002039367398,278,44.548692198426,132.691594067867
control,a25_h14x20_validated_d1,25.0,prova2,total_noref,PbLa,footprint,0.5,0.21061742642815925,0.3829249225480261,3466,369.928819242668,733.3089831905763
control,a25_h14x20_validated_d1,25.0,prova2,total_noref,PbLa,footprint,1.0,0.40565493364108485,0.6826894921370857,3466,369.928819242668,733.3089831905763
control,a25_h14x20_validated_d1,25.0,prova2,total_noref,PbLa,footprint,1.5,0.5496249278707444,0.8663855974622838,3466,369.928819242668,733.3089831905763
control,a25_h14x20_validated_d1,25.0,prova2,total_noref,PbLa,footprint,2.0,0.6829197922677438,0.9544997361036417,3466,369.928819242668,733.3089831905763
control,a25_h14x20_validated_d1,25.0,prova2,total_noref,PbLa,footprint,3.0,0.8574725908828621,0.9973002039367398,3466,369.928819242668,733.3089831905763
control,a25_h14x20_validated_d1,25.0,prova2,total_noref,PbLa,hole,0.5,0.3057553956834532,0.3829249225480261,278,1164.1905470394877,2359.2859625790106
control,a25_h14x20_validated_d1,25.0,prova2,total_noref,PbLa,hole,1.0,0.5,0.6826894921370857,278,1164.1905470394877,2359.2859625790106
control,a25_h14x20_validated_d1,25.0,prova2,total_noref,PbLa,hole,1.5,0.60431654676259,0.8663855974622838,278,1164.1905470394877,2359.2859625790106
control,a25_h14x20_validated_d1,25.0,prova2,total_noref,PbLa,hole,2.0,0.697841726618705,0.9544997361036417,278,1164.1905470394877,2359.2859625790106
control,a25_h14x20_validated_d1,25.0,prova2,total_noref,PbLa,hole,3.0,0.8561151079136691,0.9973002039367398,278,1164.1905470394877,2359.2859625790106
control,a25_h14x20_validated_d1,25.0,prova2,total_noref,PbLb,footprint,0.5,0.21667628390075014,0.3829249225480261,3466,271.02057622397604,536.6083825686019
control,a25_h14x20_validated_d1,25.0,prova2,total_noref,PbLb,footprint,1.0,0.40594345066358917,0.6826894921370857,3466,271.02057622397604,536.6083825686019
control,a25_h14x20_validated_d1,25.0,prova2,total_noref,PbLb,footprint,1.5,0.5724177726485863,0.8663855974622838,3466,271.02057622397604,536.6083825686019
control,a25_h14x20_validated_d1,25.0,prova2,total_noref,PbLb,footprint,2.0,0.6959030582804385,0.9544997361036417,3466,271.02057622397604,536.6083825686019
control,a25_h14x20_validated_d1,25.0,prova2,total_noref,PbLb,footprint,3.0,0.8612233121754184,0.9973002039367398,3466,271.02057622397604,536.6083825686019
control,a25_h14x20_validated_d1,25.0,prova2,total_noref,PbLb,hole,0.5,0.30935251798561153,0.3829249225480261,278,841.2013008358592,1706.7146978994692
control,a25_h14x20_validated_d1,25.0,prova2,total_noref,PbLb,hole,1.0,0.4784172661870504,0.6826894921370857,278,841.2013008358592,1706.7146978994692
control,a25_h14x20_validated_d1,25.0,prova2,total_noref,PbLb,hole,1.5,0.6187050359712231,0.8663855974622838,278,841.2013008358592,1706.7146978994692
control,a25_h14x20_validated_d1,25.0,prova2,total_noref,PbLb,hole,2.0,0.7086330935251799,0.9544997361036417,278,841.2013008358592,1706.7146978994692
control,a25_h14x20_validated_d1,25.0,prova2,total_noref,PbLb,hole,3.0,0.8561151079136691,0.9973002039367398,278,841.2013008358592,1706.7146978994692
control,a25_h14x20_validated_d1,25.0,prova2,total_noref,PbLg,footprint,0.5,0.25216387766878245,0.3829249225480261,3466,46.52490657410887,82.40435980355825
control,a25_h14x20_validated_d1,25.0,prova2,total_noref,PbLg,footprint,1.0,0.4720138488170802,0.6826894921370857,3466,46.52490657410887,82.40435980355825
control,a25_h14x20_validated_d1,25.0,prova2,total_noref,PbLg,footprint,1.5,0.6341604154645124,0.8663855974622838,3466,46.52490657410887,82.40435980355825
control,a25_h14x20_validated_d1,25.0,prova2,total_noref,PbLg,footprint,2.0,0.756203115983843,0.9544997361036417,3466,46.52490657410887,82.40435980355825
control,a25_h14x20_validated_d1,25.0,prova2,total_noref,PbLg,footprint,3.0,0.9010386612810156,0.9973002039367398,3466,46.52490657410887,82.40435980355825
control,a25_h14x20_validated_d1,25.0,prova2,total_noref,PbLg,hole,0.5,0.29136690647482016,0.3829249225480261,278,112.67323327080567,223.27481904688221
control,a25_h14x20_validated_d1,25.0,prova2,total_noref,PbLg,hole,1.0,0.4712230215827338,0.6826894921370857,278,112.67323327080567,223.27481904688221
control,a25_h14x20_validated_d1,25.0,prova2,total_noref,PbLg,hole,1.5,0.6187050359712231,0.8663855974622838,278,112.67323327080567,223.27481904688221
control,a25_h14x20_validated_d1,25.0,prova2,total_noref,PbLg,hole,2.0,0.6942446043165468,0.9544997361036417,278,112.67323327080567,223.27481904688221
control,a25_h14x20_validated_d1,25.0,prova2,total_noref,PbLg,hole,3.0,0.8705035971223022,0.9973002039367398,278,112.67323327080567,223.27481904688221
prior,a25_h14x20_validated_d1,25.0,prova2,ens,Ca,footprint,0.5,0.27120600115406807,0.3829249225480261,3466,114.4018755438951,277.72870661136034
prior,a25_h14x20_validated_d1,25.0,prova2,ens,Ca,footprint,1.0,0.49307559145989616,0.6826894921370857,3466,114.4018755438951,277.72870661136034
prior,a25_h14x20_validated_d1,25.0,prova2,ens,Ca,footprint,1.5,0.6480092325447201,0.8663855974622838,3466,114.4018755438951,277.72870661136034
prior,a25_h14x20_validated_d1,25.0,prova2,ens,Ca,footprint,2.0,0.7648586266589729,0.9544997361036417,3466,114.4018755438951,277.72870661136034
prior,a25_h14x20_validated_d1,25.0,prova2,ens,Ca,footprint,3.0,0.8981534910559723,0.9973002039367398,3466,114.4018755438951,277.72870661136034
prior,a25_h14x20_validated_d1,25.0,prova2,ens,Ca,hole,0.5,0.07194244604316546,0.3829249225480261,278,246.1029083565351,859.7666033292087
prior,a25_h14x20_validated_d1,25.0,prova2,ens,Ca,hole,1.0,0.1510791366906475,0.6826894921370857,278,246.1029083565351,859.7666033292087
prior,a25_h14x20_validated_d1,25.0,prova2,ens,Ca,hole,1.5,0.24100719424460432,0.8663855974622838,278,246.1029083565351,859.7666033292087
prior,a25_h14x20_validated_d1,25.0,prova2,ens,Ca,hole,2.0,0.34532374100719426,0.9544997361036417,278,246.1029083565351,859.7666033292087
prior,a25_h14x20_validated_d1,25.0,prova2,ens,Ca,hole,3.0,0.5359712230215827,0.9973002039367398,278,246.1029083565351,859.7666033292087
prior,a25_h14x20_validated_d1,25.0,prova2,ens,Ti,footprint,0.5,0.21898442008078475,0.3829249225480261,3466,33.30868071392412,64.64342018993828
prior,a25_h14x20_validated_d1,25.0,prova2,ens,Ti,footprint,1.0,0.4270051933064051,0.6826894921370857,3466,33.30868071392412,64.64342018993828
prior,a25_h14x20_validated_d1,25.0,prova2,ens,Ti,footprint,1.5,0.5715522215810733,0.8663855974622838,3466,33.30868071392412,64.64342018993828
prior,a25_h14x20_validated_d1,25.0,prova2,ens,Ti,footprint,2.0,0.6806116560877091,0.9544997361036417,3466,33.30868071392412,64.64342018993828
prior,a25_h14x20_validated_d1,25.0,prova2,ens,Ti,footprint,3.0,0.8341027120600115,0.9973002039367398,3466,33.30868071392412,64.64342018993828
prior,a25_h14x20_validated_d1,25.0,prova2,ens,Ti,hole,0.5,0.14388489208633093,0.3829249225480261,278,66.90927566904244,154.89963372676573
prior,a25_h14x20_validated_d1,25.0,prova2,ens,Ti,hole,1.0,0.3237410071942446,0.6826894921370857,278,66.90927566904244,154.89963372676573
prior,a25_h14x20_validated_d1,25.0,prova2,ens,Ti,hole,1.5,0.4856115107913669,0.8663855974622838,278,66.90927566904244,154.89963372676573
prior,a25_h14x20_validated_d1,25.0,prova2,ens,Ti,hole,2.0,0.5971223021582733,0.9544997361036417,278,66.90927566904244,154.89963372676573
prior,a25_h14x20_validated_d1,25.0,prova2,ens,Ti,hole,3.0,0.762589928057554,0.9973002039367398,278,66.90927566904244,154.89963372676573
prior,a25_h14x20_validated_d1,25.0,prova2,ens,Fe,footprint,0.5,0.21061742642815925,0.3829249225480261,3466,49.1825382907722,143.3428274153442
prior,a25_h14x20_validated_d1,25.0,prova2,ens,Fe,footprint,1.0,0.4042123485285632,0.6826894921370857,3466,49.1825382907722,143.3428274153442
prior,a25_h14x20_validated_d1,25.0,prova2,ens,Fe,footprint,1.5,0.5591459896133872,0.8663855974622838,3466,49.1825382907722,143.3428274153442
prior,a25_h14x20_validated_d1,25.0,prova2,ens,Fe,footprint,2.0,0.6751298326601269,0.9544997361036417,3466,49.1825382907722,143.3428274153442
prior,a25_h14x20_validated_d1,25.0,prova2,ens,Fe,footprint,3.0,0.8214079630698211,0.9973002039367398,3466,49.1825382907722,143.3428274153442
prior,a25_h14x20_validated_d1,25.0,prova2,ens,Fe,hole,0.5,0.1474820143884892,0.3829249225480261,278,90.07075884764268,446.794148653464
prior,a25_h14x20_validated_d1,25.0,prova2,ens,Fe,hole,1.0,0.3381294964028777,0.6826894921370857,278,90.07075884764268,446.794148653464
prior,a25_h14x20_validated_d1,25.0,prova2,ens,Fe,hole,1.5,0.5143884892086331,0.8663855974622838,278,90.07075884764268,446.794148653464
prior,a25_h14x20_validated_d1,25.0,prova2,ens,Fe,hole,2.0,0.6330935251798561,0.9544997361036417,278,90.07075884764268,446.794148653464
prior,a25_h14x20_validated_d1,25.0,prova2,ens,Fe,hole,3.0,0.7050359712230215,0.9973002039367398,278,90.07075884764268,446.794148653464
prior,a25_h14x20_validated_d1,25.0,prova2,ens,Cu,footprint,0.5,0.35227928447778417,0.3829249225480261,3466,38.980936963242925,121.44072524129149
prior,a25_h14x20_validated_d1,25.0,prova2,ens,Cu,footprint,1.0,0.5144258511252164,0.6826894921370857,3466,38.980936963242925,121.44072524129149
prior,a25_h14x20_validated_d1,25.0,prova2,ens,Cu,footprint,1.5,0.6185804962492787,0.8663855974622838,3466,38.980936963242925,121.44072524129149
prior,a25_h14x20_validated_d1,25.0,prova2,ens,Cu,footprint,2.0,0.7019619157530295,0.9544997361036417,3466,38.980936963242925,121.44072524129149
prior,a25_h14x20_validated_d1,25.0,prova2,ens,Cu,footprint,3.0,0.8240046162723601,0.9973002039367398,3466,38.980936963242925,121.44072524129149
prior,a25_h14x20_validated_d1,25.0,prova2,ens,Cu,hole,0.5,0.017985611510791366,0.3829249225480261,278,81.42439433804856,382.7746257037112
prior,a25_h14x20_validated_d1,25.0,prova2,ens,Cu,hole,1.0,0.050359712230215826,0.6826894921370857,278,81.42439433804856,382.7746257037112
prior,a25_h14x20_validated_d1,25.0,prova2,ens,Cu,hole,1.5,0.07553956834532374,0.8663855974622838,278,81.42439433804856,382.7746257037112
prior,a25_h14x20_validated_d1,25.0,prova2,ens,Cu,hole,2.0,0.11510791366906475,0.9544997361036417,278,81.42439433804856,382.7746257037112
prior,a25_h14x20_validated_d1,25.0,prova2,ens,Cu,hole,3.0,0.3345323741007194,0.9973002039367398,278,81.42439433804856,382.7746257037112
prior,a25_h14x20_validated_d1,25.0,prova2,ens,PbLl,footprint,0.5,0.1984997114829775,0.3829249225480261,3466,20.07537661683195,53.01237953261663
prior,a25_h14x20_validated_d1,25.0,prova2,ens,PbLl,footprint,1.0,0.3681477207155222,0.6826894921370857,3466,20.07537661683195,53.01237953261663
prior,a25_h14x20_validated_d1,25.0,prova2,ens,PbLl,footprint,1.5,0.5011540680900173,0.8663855974622838,3466,20.07537661683195,53.01237953261663
prior,a25_h14x20_validated_d1,25.0,prova2,ens,PbLl,footprint,2.0,0.6125216387766879,0.9544997361036417,3466,20.07537661683195,53.01237953261663
prior,a25_h14x20_validated_d1,25.0,prova2,ens,PbLl,footprint,3.0,0.7683208309290248,0.9973002039367398,3466,20.07537661683195,53.01237953261663
prior,a25_h14x20_validated_d1,25.0,prova2,ens,PbLl,hole,0.5,0.15467625899280577,0.3829249225480261,278,35.20538761028665,135.48707930598073
prior,a25_h14x20_validated_d1,25.0,prova2,ens,PbLl,hole,1.0,0.2805755395683453,0.6826894921370857,278,35.20538761028665,135.48707930598073
prior,a25_h14x20_validated_d1,25.0,prova2,ens,PbLl,hole,1.5,0.38848920863309355,0.8663855974622838,278,35.20538761028665,135.48707930598073
prior,a25_h14x20_validated_d1,25.0,prova2,ens,PbLl,hole,2.0,0.4712230215827338,0.9544997361036417,278,35.20538761028665,135.48707930598073
prior,a25_h14x20_validated_d1,25.0,prova2,ens,PbLl,hole,3.0,0.6079136690647482,0.9973002039367398,278,35.20538761028665,135.48707930598073
prior,a25_h14x20_validated_d1,25.0,prova2,ens,PbLa,footprint,0.5,0.5227928447778419,0.3829249225480261,3466,535.1318015196331,768.7349261666722
prior,a25_h14x20_validated_d1,25.0,prova2,ens,PbLa,footprint,1.0,0.8130409694171956,0.6826894921370857,3466,535.1318015196331,768.7349261666722
prior,a25_h14x20_validated_d1,25.0,prova2,ens,PbLa,footprint,1.5,0.9174841315637623,0.8663855974622838,3466,535.1318015196331,768.7349261666722
prior,a25_h14x20_validated_d1,25.0,prova2,ens,PbLa,footprint,2.0,0.9535487593768033,0.9544997361036417,3466,535.1318015196331,768.7349261666722
prior,a25_h14x20_validated_d1,25.0,prova2,ens,PbLa,footprint,3.0,0.9754760530871321,0.9973002039367398,3466,535.1318015196331,768.7349261666722
prior,a25_h14x20_validated_d1,25.0,prova2,ens,PbLa,hole,0.5,0.17985611510791366,0.3829249225480261,278,812.6162094634541,2409.7350822945536
prior,a25_h14x20_validated_d1,25.0,prova2,ens,PbLa,hole,1.0,0.3489208633093525,0.6826894921370857,278,812.6162094634541,2409.7350822945536
prior,a25_h14x20_validated_d1,25.0,prova2,ens,PbLa,hole,1.5,0.48201438848920863,0.8663855974622838,278,812.6162094634541,2409.7350822945536
prior,a25_h14x20_validated_d1,25.0,prova2,ens,PbLa,hole,2.0,0.564748201438849,0.9544997361036417,278,812.6162094634541,2409.7350822945536
prior,a25_h14x20_validated_d1,25.0,prova2,ens,PbLa,hole,3.0,0.7014388489208633,0.9973002039367398,278,812.6162094634541,2409.7350822945536
prior,a25_h14x20_validated_d1,25.0,prova2,ens,PbLb,footprint,0.5,0.3566070398153491,0.3829249225480261,3466,308.4589808586087,559.5257210390323
prior,a25_h14x20_validated_d1,25.0,prova2,ens,PbLb,footprint,1.0,0.6445470282746683,0.6826894921370857,3466,308.4589808586087,559.5257210390323
prior,a25_h14x20_validated_d1,25.0,prova2,ens,PbLb,footprint,1.5,0.8104443162146566,0.8663855974622838,3466,308.4589808586087,559.5257210390323
prior,a25_h14x20_validated_d1,25.0,prova2,ens,PbLb,footprint,2.0,0.8926716676283901,0.9544997361036417,3466,308.4589808586087,559.5257210390323
prior,a25_h14x20_validated_d1,25.0,prova2,ens,PbLb,footprint,3.0,0.9645124062319677,0.9973002039367398,3466,308.4589808586087,559.5257210390323
prior,a25_h14x20_validated_d1,25.0,prova2,ens,PbLb,hole,0.5,0.16546762589928057,0.3829249225480261,278,574.4194597205593,1740.97571798881
prior,a25_h14x20_validated_d1,25.0,prova2,ens,PbLb,hole,1.0,0.30935251798561153,0.6826894921370857,278,574.4194597205593,1740.97571798881
prior,a25_h14x20_validated_d1,25.0,prova2,ens,PbLb,hole,1.5,0.44964028776978415,0.8663855974622838,278,574.4194597205593,1740.97571798881
prior,a25_h14x20_validated_d1,25.0,prova2,ens,PbLb,hole,2.0,0.5287769784172662,0.9544997361036417,278,574.4194597205593,1740.97571798881
prior,a25_h14x20_validated_d1,25.0,prova2,ens,PbLb,hole,3.0,0.6834532374100719,0.9973002039367398,278,574.4194597205593,1740.97571798881
prior,a25_h14x20_validated_d1,25.0,prova2,ens,PbLg,footprint,0.5,0.2160992498557415,0.3829249225480261,3466,40.35991142551018,85.54723625414474
prior,a25_h14x20_validated_d1,25.0,prova2,ens,PbLg,footprint,1.0,0.396133871898442,0.6826894921370857,3466,40.35991142551018,85.54723625414474
prior,a25_h14x20_validated_d1,25.0,prova2,ens,PbLg,footprint,1.5,0.5478938257357184,0.8663855974622838,3466,40.35991142551018,85.54723625414474
prior,a25_h14x20_validated_d1,25.0,prova2,ens,PbLg,footprint,2.0,0.6624350836699365,0.9544997361036417,3466,40.35991142551018,85.54723625414474
prior,a25_h14x20_validated_d1,25.0,prova2,ens,PbLg,footprint,3.0,0.826601269474899,0.9973002039367398,3466,40.35991142551018,85.54723625414474
prior,a25_h14x20_validated_d1,25.0,prova2,ens,PbLg,hole,0.5,0.16546762589928057,0.3829249225480261,278,79.0434528692634,228.90919984945728
prior,a25_h14x20_validated_d1,25.0,prova2,ens,PbLg,hole,1.0,0.302158273381295,0.6826894921370857,278,79.0434528692634,228.90919984945728
prior,a25_h14x20_validated_d1,25.0,prova2,ens,PbLg,hole,1.5,0.46402877697841727,0.8663855974622838,278,79.0434528692634,228.90919984945728
prior,a25_h14x20_validated_d1,25.0,prova2,ens,PbLg,hole,2.0,0.539568345323741,0.9544997361036417,278,79.0434528692634,228.90919984945728
prior,a25_h14x20_validated_d1,25.0,prova2,ens,PbLg,hole,3.0,0.6870503597122302,0.9973002039367398,278,79.0434528692634,228.90919984945728
prior,a25_h14x20_validated_d1,25.0,prova2,total_noref,Ca,footprint,0.5,0.30755914598961337,0.3829249225480261,3466,120.52656970134491,277.72870661136034
prior,a25_h14x20_validated_d1,25.0,prova2,total_noref,Ca,footprint,1.0,0.5487593768032314,0.6826894921370857,3466,120.52656970134491,277.72870661136034
prior,a25_h14x20_validated_d1,25.0,prova2,total_noref,Ca,footprint,1.5,0.706866705135603,0.8663855974622838,3466,120.52656970134491,277.72870661136034
prior,a25_h14x20_validated_d1,25.0,prova2,total_noref,Ca,footprint,2.0,0.8202538949798038,0.9544997361036417,3466,120.52656970134491,277.72870661136034
prior,a25_h14x20_validated_d1,25.0,prova2,total_noref,Ca,footprint,3.0,0.9264281592613964,0.9973002039367398,3466,120.52656970134491,277.72870661136034
prior,a25_h14x20_validated_d1,25.0,prova2,total_noref,Ca,hole,0.5,0.07194244604316546,0.3829249225480261,278,246.20457924543706,859.7666033292087
prior,a25_h14x20_validated_d1,25.0,prova2,total_noref,Ca,hole,1.0,0.1510791366906475,0.6826894921370857,278,246.20457924543706,859.7666033292087
prior,a25_h14x20_validated_d1,25.0,prova2,total_noref,Ca,hole,1.5,0.24100719424460432,0.8663855974622838,278,246.20457924543706,859.7666033292087
prior,a25_h14x20_validated_d1,25.0,prova2,total_noref,Ca,hole,2.0,0.34532374100719426,0.9544997361036417,278,246.20457924543706,859.7666033292087
prior,a25_h14x20_validated_d1,25.0,prova2,total_noref,Ca,hole,3.0,0.5359712230215827,0.9973002039367398,278,246.20457924543706,859.7666033292087
prior,a25_h14x20_validated_d1,25.0,prova2,total_noref,Ti,footprint,0.5,0.29890363531448355,0.3829249225480261,3466,41.00754371416984,64.64342018993828
prior,a25_h14x20_validated_d1,25.0,prova2,total_noref,Ti,footprint,1.0,0.5427005193306406,0.6826894921370857,3466,41.00754371416984,64.64342018993828
prior,a25_h14x20_validated_d1,25.0,prova2,total_noref,Ti,footprint,1.5,0.7109059434506636,0.8663855974622838,3466,41.00754371416984,64.64342018993828
prior,a25_h14x20_validated_d1,25.0,prova2,total_noref,Ti,footprint,2.0,0.8222735141373341,0.9544997361036417,3466,41.00754371416984,64.64342018993828
prior,a25_h14x20_validated_d1,25.0,prova2,total_noref,Ti,footprint,3.0,0.9359492210040392,0.9973002039367398,3466,41.00754371416984,64.64342018993828
prior,a25_h14x20_validated_d1,25.0,prova2,total_noref,Ti,hole,0.5,0.14388489208633093,0.3829249225480261,278,67.06333938666621,154.89963372676573
prior,a25_h14x20_validated_d1,25.0,prova2,total_noref,Ti,hole,1.0,0.3237410071942446,0.6826894921370857,278,67.06333938666621,154.89963372676573
prior,a25_h14x20_validated_d1,25.0,prova2,total_noref,Ti,hole,1.5,0.4856115107913669,0.8663855974622838,278,67.06333938666621,154.89963372676573
prior,a25_h14x20_validated_d1,25.0,prova2,total_noref,Ti,hole,2.0,0.6007194244604317,0.9544997361036417,278,67.06333938666621,154.89963372676573
prior,a25_h14x20_validated_d1,25.0,prova2,total_noref,Ti,hole,3.0,0.762589928057554,0.9973002039367398,278,67.06333938666621,154.89963372676573
prior,a25_h14x20_validated_d1,25.0,prova2,total_noref,Fe,footprint,0.5,0.28649740334679746,0.3829249225480261,3466,55.69836300135905,143.3428274153442
prior,a25_h14x20_validated_d1,25.0,prova2,total_noref,Fe,footprint,1.0,0.533467974610502,0.6826894921370857,3466,55.69836300135905,143.3428274153442
prior,a25_h14x20_validated_d1,25.0,prova2,total_noref,Fe,footprint,1.5,0.6973456433929602,0.8663855974622838,3466,55.69836300135905,143.3428274153442
prior,a25_h14x20_validated_d1,25.0,prova2,total_noref,Fe,footprint,2.0,0.8107328332371609,0.9544997361036417,3466,55.69836300135905,143.3428274153442
prior,a25_h14x20_validated_d1,25.0,prova2,total_noref,Fe,footprint,3.0,0.928736295441431,0.9973002039367398,3466,55.69836300135905,143.3428274153442
prior,a25_h14x20_validated_d1,25.0,prova2,total_noref,Fe,hole,0.5,0.1474820143884892,0.3829249225480261,278,90.1558914361958,446.794148653464
prior,a25_h14x20_validated_d1,25.0,prova2,total_noref,Fe,hole,1.0,0.3381294964028777,0.6826894921370857,278,90.1558914361958,446.794148653464
prior,a25_h14x20_validated_d1,25.0,prova2,total_noref,Fe,hole,1.5,0.5143884892086331,0.8663855974622838,278,90.1558914361958,446.794148653464
prior,a25_h14x20_validated_d1,25.0,prova2,total_noref,Fe,hole,2.0,0.6330935251798561,0.9544997361036417,278,90.1558914361958,446.794148653464
prior,a25_h14x20_validated_d1,25.0,prova2,total_noref,Fe,hole,3.0,0.7122302158273381,0.9973002039367398,278,90.1558914361958,446.794148653464
prior,a25_h14x20_validated_d1,25.0,prova2,total_noref,Cu,footprint,0.5,0.3955568378534334,0.3829249225480261,3466,45.54709133587538,121.44072524129149
prior,a25_h14x20_validated_d1,25.0,prova2,total_noref,Cu,footprint,1.0,0.6001154068090018,0.6826894921370857,3466,45.54709133587538,121.44072524129149
prior,a25_h14x20_validated_d1,25.0,prova2,total_noref,Cu,footprint,1.5,0.7198499711482977,0.8663855974622838,3466,45.54709133587538,121.44072524129149
prior,a25_h14x20_validated_d1,25.0,prova2,total_noref,Cu,footprint,2.0,0.8101557991921523,0.9544997361036417,3466,45.54709133587538,121.44072524129149
prior,a25_h14x20_validated_d1,25.0,prova2,total_noref,Cu,footprint,3.0,0.9045008655510676,0.9973002039367398,3466,45.54709133587538,121.44072524129149
prior,a25_h14x20_validated_d1,25.0,prova2,total_noref,Cu,hole,0.5,0.017985611510791366,0.3829249225480261,278,81.55318258088529,382.7746257037112
prior,a25_h14x20_validated_d1,25.0,prova2,total_noref,Cu,hole,1.0,0.050359712230215826,0.6826894921370857,278,81.55318258088529,382.7746257037112
prior,a25_h14x20_validated_d1,25.0,prova2,total_noref,Cu,hole,1.5,0.07553956834532374,0.8663855974622838,278,81.55318258088529,382.7746257037112
prior,a25_h14x20_validated_d1,25.0,prova2,total_noref,Cu,hole,2.0,0.11510791366906475,0.9544997361036417,278,81.55318258088529,382.7746257037112
prior,a25_h14x20_validated_d1,25.0,prova2,total_noref,Cu,hole,3.0,0.3345323741007194,0.9973002039367398,278,81.55318258088529,382.7746257037112
prior,a25_h14x20_validated_d1,25.0,prova2,total_noref,PbLl,footprint,0.5,0.2983266012694749,0.3829249225480261,3466,29.06373649815168,53.01237953261663
prior,a25_h14x20_validated_d1,25.0,prova2,total_noref,PbLl,footprint,1.0,0.5354875937680323,0.6826894921370857,3466,29.06373649815168,53.01237953261663
prior,a25_h14x20_validated_d1,25.0,prova2,total_noref,PbLl,footprint,1.5,0.6967686093479515,0.8663855974622838,3466,29.06373649815168,53.01237953261663
prior,a25_h14x20_validated_d1,25.0,prova2,total_noref,PbLl,footprint,2.0,0.8113098672821697,0.9544997361036417,3466,29.06373649815168,53.01237953261663
prior,a25_h14x20_validated_d1,25.0,prova2,total_noref,PbLl,footprint,3.0,0.9246970571263704,0.9973002039367398,3466,29.06373649815168,53.01237953261663
prior,a25_h14x20_validated_d1,25.0,prova2,total_noref,PbLl,hole,0.5,0.15467625899280577,0.3829249225480261,278,35.440741155319195,135.48707930598073
prior,a25_h14x20_validated_d1,25.0,prova2,total_noref,PbLl,hole,1.0,0.28776978417266186,0.6826894921370857,278,35.440741155319195,135.48707930598073
prior,a25_h14x20_validated_d1,25.0,prova2,total_noref,PbLl,hole,1.5,0.38848920863309355,0.8663855974622838,278,35.440741155319195,135.48707930598073
prior,a25_h14x20_validated_d1,25.0,prova2,total_noref,PbLl,hole,2.0,0.4712230215827338,0.9544997361036417,278,35.440741155319195,135.48707930598073
prior,a25_h14x20_validated_d1,25.0,prova2,total_noref,PbLl,hole,3.0,0.6115107913669064,0.9973002039367398,278,35.440741155319195,135.48707930598073
prior,a25_h14x20_validated_d1,25.0,prova2,total_noref,PbLa,footprint,0.5,0.5346220427005194,0.3829249225480261,3466,545.112849252453,768.7349261666722
prior,a25_h14x20_validated_d1,25.0,prova2,total_noref,PbLa,footprint,1.0,0.8219849971148298,0.6826894921370857,3466,545.112849252453,768.7349261666722
prior,a25_h14x20_validated_d1,25.0,prova2,total_noref,PbLa,footprint,1.5,0.9238315060588574,0.8663855974622838,3466,545.112849252453,768.7349261666722
prior,a25_h14x20_validated_d1,25.0,prova2,total_noref,PbLa,footprint,2.0,0.9558568955568378,0.9544997361036417,3466,545.112849252453,768.7349261666722
prior,a25_h14x20_validated_d1,25.0,prova2,total_noref,PbLa,footprint,3.0,0.9757645701096365,0.9973002039367398,3466,545.112849252453,768.7349261666722
prior,a25_h14x20_validated_d1,25.0,prova2,total_noref,PbLa,hole,0.5,0.17985611510791366,0.3829249225480261,278,813.5958797757858,2409.7350822945536
prior,a25_h14x20_validated_d1,25.0,prova2,total_noref,PbLa,hole,1.0,0.3489208633093525,0.6826894921370857,278,813.5958797757858,2409.7350822945536
prior,a25_h14x20_validated_d1,25.0,prova2,total_noref,PbLa,hole,1.5,0.48201438848920863,0.8663855974622838,278,813.5958797757858,2409.7350822945536
prior,a25_h14x20_validated_d1,25.0,prova2,total_noref,PbLa,hole,2.0,0.564748201438849,0.9544997361036417,278,813.5958797757858,2409.7350822945536
prior,a25_h14x20_validated_d1,25.0,prova2,total_noref,PbLa,hole,3.0,0.7014388489208633,0.9973002039367398,278,813.5958797757858,2409.7350822945536
prior,a25_h14x20_validated_d1,25.0,prova2,total_noref,PbLb,footprint,0.5,0.3892094633583381,0.3829249225480261,3466,320.29329741457633,559.5257210390323
prior,a25_h14x20_validated_d1,25.0,prova2,total_noref,PbLb,footprint,1.0,0.6852279284477785,0.6826894921370857,3466,320.29329741457633,559.5257210390323
prior,a25_h14x20_validated_d1,25.0,prova2,total_noref,PbLb,footprint,1.5,0.8361223312175419,0.8663855974622838,3466,320.29329741457633,559.5257210390323
prior,a25_h14x20_validated_d1,25.0,prova2,total_noref,PbLb,footprint,2.0,0.9134448932487017,0.9544997361036417,3466,320.29329741457633,559.5257210390323
prior,a25_h14x20_validated_d1,25.0,prova2,total_noref,PbLb,footprint,3.0,0.9694171956145412,0.9973002039367398,3466,320.29329741457633,559.5257210390323
prior,a25_h14x20_validated_d1,25.0,prova2,total_noref,PbLb,hole,0.5,0.16546762589928057,0.3829249225480261,278,575.1535288229425,1740.97571798881
prior,a25_h14x20_validated_d1,25.0,prova2,total_noref,PbLb,hole,1.0,0.30935251798561153,0.6826894921370857,278,575.1535288229425,1740.97571798881
prior,a25_h14x20_validated_d1,25.0,prova2,total_noref,PbLb,hole,1.5,0.44964028776978415,0.8663855974622838,278,575.1535288229425,1740.97571798881
prior,a25_h14x20_validated_d1,25.0,prova2,total_noref,PbLb,hole,2.0,0.5287769784172662,0.9544997361036417,278,575.1535288229425,1740.97571798881
prior,a25_h14x20_validated_d1,25.0,prova2,total_noref,PbLb,hole,3.0,0.6834532374100719,0.9973002039367398,278,575.1535288229425,1740.97571798881
prior,a25_h14x20_validated_d1,25.0,prova2,total_noref,PbLg,footprint,0.5,0.3038084246970571,0.3829249225480261,3466,50.88259730381461,85.54723625414474
prior,a25_h14x20_validated_d1,25.0,prova2,total_noref,PbLg,footprint,1.0,0.5444316214656665,0.6826894921370857,3466,50.88259730381461,85.54723625414474
prior,a25_h14x20_validated_d1,25.0,prova2,total_noref,PbLg,footprint,1.5,0.7198499711482977,0.8663855974622838,3466,50.88259730381461,85.54723625414474
prior,a25_h14x20_validated_d1,25.0,prova2,total_noref,PbLg,footprint,2.0,0.831794575879977,0.9544997361036417,3466,50.88259730381461,85.54723625414474
prior,a25_h14x20_validated_d1,25.0,prova2,total_noref,PbLg,footprint,3.0,0.9371032890940566,0.9973002039367398,3466,50.88259730381461,85.54723625414474
prior,a25_h14x20_validated_d1,25.0,prova2,total_noref,PbLg,hole,0.5,0.16546762589928057,0.3829249225480261,278,79.32929164542861,228.90919984945728
prior,a25_h14x20_validated_d1,25.0,prova2,total_noref,PbLg,hole,1.0,0.302158273381295,0.6826894921370857,278,79.32929164542861,228.90919984945728
prior,a25_h14x20_validated_d1,25.0,prova2,total_noref,PbLg,hole,1.5,0.46402877697841727,0.8663855974622838,278,79.32929164542861,228.90919984945728
prior,a25_h14x20_validated_d1,25.0,prova2,total_noref,PbLg,hole,2.0,0.539568345323741,0.9544997361036417,278,79.32929164542861,228.90919984945728
prior,a25_h14x20_validated_d1,25.0,prova2,total_noref,PbLg,hole,3.0,0.6870503597122302,0.9973002039367398,278,79.32929164542861,228.90919984945728
posterior,a25_h14x20_validated_d1,25.0,prova2,ens,Ca,footprint,0.5,0.2680323139065205,0.3829249225480261,3466,108.5790234427071,292.1104213480552
posterior,a25_h14x20_validated_d1,25.0,prova2,ens,Ca,footprint,1.0,0.5178880553952683,0.6826894921370857,3466,108.5790234427071,292.1104213480552
posterior,a25_h14x20_validated_d1,25.0,prova2,ens,Ca,footprint,1.5,0.6869590305828044,0.8663855974622838,3466,108.5790234427071,292.1104213480552
posterior,a25_h14x20_validated_d1,25.0,prova2,ens,Ca,footprint,2.0,0.7997691863819966,0.9544997361036417,3466,108.5790234427071,292.1104213480552
posterior,a25_h14x20_validated_d1,25.0,prova2,ens,Ca,footprint,3.0,0.9030582804385459,0.9973002039367398,3466,108.5790234427071,292.1104213480552
posterior,a25_h14x20_validated_d1,25.0,prova2,ens,Ca,hole,0.5,0.04316546762589928,0.3829249225480261,278,219.35197268598475,913.792185419785
posterior,a25_h14x20_validated_d1,25.0,prova2,ens,Ca,hole,1.0,0.12589928057553956,0.6826894921370857,278,219.35197268598475,913.792185419785
posterior,a25_h14x20_validated_d1,25.0,prova2,ens,Ca,hole,1.5,0.2014388489208633,0.8663855974622838,278,219.35197268598475,913.792185419785
posterior,a25_h14x20_validated_d1,25.0,prova2,ens,Ca,hole,2.0,0.27697841726618705,0.9544997361036417,278,219.35197268598475,913.792185419785
posterior,a25_h14x20_validated_d1,25.0,prova2,ens,Ca,hole,3.0,0.35611510791366907,0.9973002039367398,278,219.35197268598475,913.792185419785
posterior,a25_h14x20_validated_d1,25.0,prova2,ens,Ti,footprint,0.5,0.20542412002308136,0.3829249225480261,3466,30.521118576959505,66.72148812200953
posterior,a25_h14x20_validated_d1,25.0,prova2,ens,Ti,footprint,1.0,0.3724754760530871,0.6826894921370857,3466,30.521118576959505,66.72148812200953
posterior,a25_h14x20_validated_d1,25.0,prova2,ens,Ti,footprint,1.5,0.5248124639353722,0.8663855974622838,3466,30.521118576959505,66.72148812200953
posterior,a25_h14x20_validated_d1,25.0,prova2,ens,Ti,footprint,2.0,0.6457010963646855,0.9544997361036417,3466,30.521118576959505,66.72148812200953
posterior,a25_h14x20_validated_d1,25.0,prova2,ens,Ti,footprint,3.0,0.8139065204847086,0.9973002039367398,3466,30.521118576959505,66.72148812200953
posterior,a25_h14x20_validated_d1,25.0,prova2,ens,Ti,hole,0.5,0.12949640287769784,0.3829249225480261,278,66.85406457770567,164.55332848707573
posterior,a25_h14x20_validated_d1,25.0,prova2,ens,Ti,hole,1.0,0.2697841726618705,0.6826894921370857,278,66.85406457770567,164.55332848707573
posterior,a25_h14x20_validated_d1,25.0,prova2,ens,Ti,hole,1.5,0.420863309352518,0.8663855974622838,278,66.85406457770567,164.55332848707573
posterior,a25_h14x20_validated_d1,25.0,prova2,ens,Ti,hole,2.0,0.5251798561151079,0.9544997361036417,278,66.85406457770567,164.55332848707573
posterior,a25_h14x20_validated_d1,25.0,prova2,ens,Ti,hole,3.0,0.7230215827338129,0.9973002039367398,278,66.85406457770567,164.55332848707573
posterior,a25_h14x20_validated_d1,25.0,prova2,ens,Fe,footprint,0.5,0.15926139642238893,0.3829249225480261,3466,39.50332695333039,142.47596921679857
posterior,a25_h14x20_validated_d1,25.0,prova2,ens,Fe,footprint,1.0,0.31448355452971727,0.6826894921370857,3466,39.50332695333039,142.47596921679857
posterior,a25_h14x20_validated_d1,25.0,prova2,ens,Fe,footprint,1.5,0.463935372186959,0.8663855974622838,3466,39.50332695333039,142.47596921679857
posterior,a25_h14x20_validated_d1,25.0,prova2,ens,Fe,footprint,2.0,0.5784766301211771,0.9544997361036417,3466,39.50332695333039,142.47596921679857
posterior,a25_h14x20_validated_d1,25.0,prova2,ens,Fe,footprint,3.0,0.7264858626658973,0.9973002039367398,3466,39.50332695333039,142.47596921679857
posterior,a25_h14x20_validated_d1,25.0,prova2,ens,Fe,hole,0.5,0.14028776978417265,0.3829249225480261,278,80.2745125852111,444.1776601766543
posterior,a25_h14x20_validated_d1,25.0,prova2,ens,Fe,hole,1.0,0.2949640287769784,0.6826894921370857,278,80.2745125852111,444.1776601766543
posterior,a25_h14x20_validated_d1,25.0,prova2,ens,Fe,hole,1.5,0.4748201438848921,0.8663855974622838,278,80.2745125852111,444.1776601766543
posterior,a25_h14x20_validated_d1,25.0,prova2,ens,Fe,hole,2.0,0.5971223021582733,0.9544997361036417,278,80.2745125852111,444.1776601766543
posterior,a25_h14x20_validated_d1,25.0,prova2,ens,Fe,hole,3.0,0.7050359712230215,0.9973002039367398,278,80.2745125852111,444.1776601766543
posterior,a25_h14x20_validated_d1,25.0,prova2,ens,Cu,footprint,0.5,0.2856318522792845,0.3829249225480261,3466,36.61269677912813,122.30505588767002
posterior,a25_h14x20_validated_d1,25.0,prova2,ens,Cu,footprint,1.0,0.4717253317945759,0.6826894921370857,3466,36.61269677912813,122.30505588767002
posterior,a25_h14x20_validated_d1,25.0,prova2,ens,Cu,footprint,1.5,0.5741488747836122,0.8663855974622838,3466,36.61269677912813,122.30505588767002
posterior,a25_h14x20_validated_d1,25.0,prova2,ens,Cu,footprint,2.0,0.6670513560300058,0.9544997361036417,3466,36.61269677912813,122.30505588767002
posterior,a25_h14x20_validated_d1,25.0,prova2,ens,Cu,footprint,3.0,0.8092902481246393,0.9973002039367398,3466,36.61269677912813,122.30505588767002
posterior,a25_h14x20_validated_d1,25.0,prova2,ens,Cu,hole,0.5,0.025179856115107913,0.3829249225480261,278,91.94825832268181,385.95123993798745
posterior,a25_h14x20_validated_d1,25.0,prova2,ens,Cu,hole,1.0,0.04316546762589928,0.6826894921370857,278,91.94825832268181,385.95123993798745
posterior,a25_h14x20_validated_d1,25.0,prova2,ens,Cu,hole,1.5,0.08273381294964029,0.8663855974622838,278,91.94825832268181,385.95123993798745
posterior,a25_h14x20_validated_d1,25.0,prova2,ens,Cu,hole,2.0,0.20503597122302158,0.9544997361036417,278,91.94825832268181,385.95123993798745
posterior,a25_h14x20_validated_d1,25.0,prova2,ens,Cu,hole,3.0,0.5575539568345323,0.9973002039367398,278,91.94825832268181,385.95123993798745
posterior,a25_h14x20_validated_d1,25.0,prova2,ens,PbLl,footprint,0.5,0.15926139642238893,0.3829249225480261,3466,16.99784342103155,52.45268395533741
posterior,a25_h14x20_validated_d1,25.0,prova2,ens,PbLl,footprint,1.0,0.292267743796884,0.6826894921370857,3466,16.99784342103155,52.45268395533741
posterior,a25_h14x20_validated_d1,25.0,prova2,ens,PbLl,footprint,1.5,0.40998268897864976,0.8663855974622838,3466,16.99784342103155,52.45268395533741
posterior,a25_h14x20_validated_d1,25.0,prova2,ens,PbLl,footprint,2.0,0.5103866128101558,0.9544997361036417,3466,16.99784342103155,52.45268395533741
posterior,a25_h14x20_validated_d1,25.0,prova2,ens,PbLl,footprint,3.0,0.6739757645701097,0.9973002039367398,3466,16.99784342103155,52.45268395533741
posterior,a25_h14x20_validated_d1,25.0,prova2,ens,PbLl,hole,0.5,0.16546762589928057,0.3829249225480261,278,38.591408865443974,133.73307099880094
posterior,a25_h14x20_validated_d1,25.0,prova2,ens,PbLl,hole,1.0,0.2733812949640288,0.6826894921370857,278,38.591408865443974,133.73307099880094
posterior,a25_h14x20_validated_d1,25.0,prova2,ens,PbLl,hole,1.5,0.42805755395683454,0.8663855974622838,278,38.591408865443974,133.73307099880094
posterior,a25_h14x20_validated_d1,25.0,prova2,ens,PbLl,hole,2.0,0.5215827338129496,0.9544997361036417,278,38.591408865443974,133.73307099880094
posterior,a25_h14x20_validated_d1,25.0,prova2,ens,PbLl,hole,3.0,0.6510791366906474,0.9973002039367398,278,38.591408865443974,133.73307099880094
posterior,a25_h14x20_validated_d1,25.0,prova2,ens,PbLa,footprint,0.5,0.3750721292556261,0.3829249225480261,3466,411.2635567869906,755.1894417351112
posterior,a25_h14x20_validated_d1,25.0,prova2,ens,PbLa,footprint,1.0,0.6592613964223889,0.6826894921370857,3466,411.2635567869906,755.1894417351112
posterior,a25_h14x20_validated_d1,25.0,prova2,ens,PbLa,footprint,1.5,0.826601269474899,0.8663855974622838,3466,411.2635567869906,755.1894417351112
posterior,a25_h14x20_validated_d1,25.0,prova2,ens,PbLa,footprint,2.0,0.9045008655510676,0.9544997361036417,3466,411.2635567869906,755.1894417351112
posterior,a25_h14x20_validated_d1,25.0,prova2,ens,PbLa,footprint,3.0,0.9650894402769763,0.9973002039367398,3466,411.2635567869906,755.1894417351112
posterior,a25_h14x20_validated_d1,25.0,prova2,ens,PbLa,hole,0.5,0.23381294964028776,0.3829249225480261,278,899.7622619092476,2360.629457236963
posterior,a25_h14x20_validated_d1,25.0,prova2,ens,PbLa,hole,1.0,0.420863309352518,0.6826894921370857,278,899.7622619092476,2360.629457236963
posterior,a25_h14x20_validated_d1,25.0,prova2,ens,PbLa,hole,1.5,0.5431654676258992,0.8663855974622838,278,899.7622619092476,2360.629457236963
posterior,a25_h14x20_validated_d1,25.0,prova2,ens,PbLa,hole,2.0,0.6079136690647482,0.9544997361036417,278,899.7622619092476,2360.629457236963
posterior,a25_h14x20_validated_d1,25.0,prova2,ens,PbLa,hole,3.0,0.7338129496402878,0.9973002039367398,278,899.7622619092476,2360.629457236963
posterior,a25_h14x20_validated_d1,25.0,prova2,ens,PbLb,footprint,0.5,0.3557414887478361,0.3829249225480261,3466,303.767766799647,555.6946310817993
posterior,a25_h14x20_validated_d1,25.0,prova2,ens,PbLb,footprint,1.0,0.6358915175995383,0.6826894921370857,3466,303.767766799647,555.6946310817993
posterior,a25_h14x20_validated_d1,25.0,prova2,ens,PbLb,footprint,1.5,0.8049624927870744,0.8663855974622838,3466,303.767766799647,555.6946310817993
posterior,a25_h14x20_validated_d1,25.0,prova2,ens,PbLb,footprint,2.0,0.9001731102135025,0.9544997361036417,3466,303.767766799647,555.6946310817993
posterior,a25_h14x20_validated_d1,25.0,prova2,ens,PbLb,footprint,3.0,0.9650894402769763,0.9973002039367398,3466,303.767766799647,555.6946310817993
posterior,a25_h14x20_validated_d1,25.0,prova2,ens,PbLb,hole,0.5,0.20503597122302158,0.3829249225480261,278,653.6641900961193,1712.496427297348
posterior,a25_h14x20_validated_d1,25.0,prova2,ens,PbLb,hole,1.0,0.4028776978417266,0.6826894921370857,278,653.6641900961193,1712.496427297348
posterior,a25_h14x20_validated_d1,25.0,prova2,ens,PbLb,hole,1.5,0.5287769784172662,0.8663855974622838,278,653.6641900961193,1712.496427297348
posterior,a25_h14x20_validated_d1,25.0,prova2,ens,PbLb,hole,2.0,0.6187050359712231,0.9544997361036417,278,653.6641900961193,1712.496427297348
posterior,a25_h14x20_validated_d1,25.0,prova2,ens,PbLb,hole,3.0,0.7589928057553957,0.9973002039367398,278,653.6641900961193,1712.496427297348
posterior,a25_h14x20_validated_d1,25.0,prova2,ens,PbLg,footprint,0.5,0.16705135603000576,0.3829249225480261,3466,35.18018461462718,83.59470118854158
posterior,a25_h14x20_validated_d1,25.0,prova2,ens,PbLg,footprint,1.0,0.3222735141373341,0.6826894921370857,3466,35.18018461462718,83.59470118854158
posterior,a25_h14x20_validated_d1,25.0,prova2,ens,PbLg,footprint,1.5,0.4593190998268898,0.8663855974622838,3466,35.18018461462718,83.59470118854158
posterior,a25_h14x20_validated_d1,25.0,prova2,ens,PbLg,footprint,2.0,0.5744373918061165,0.9544997361036417,3466,35.18018461462718,83.59470118854158
posterior,a25_h14x20_validated_d1,25.0,prova2,ens,PbLg,footprint,3.0,0.740334679746105,0.9973002039367398,3466,35.18018461462718,83.59470118854158
posterior,a25_h14x20_validated_d1,25.0,prova2,ens,PbLg,hole,0.5,0.22661870503597123,0.3829249225480261,278,88.17372224462062,222.92716804246876
posterior,a25_h14x20_validated_d1,25.0,prova2,ens,PbLg,hole,1.0,0.37050359712230213,0.6826894921370857,278,88.17372224462062,222.92716804246876
posterior,a25_h14x20_validated_d1,25.0,prova2,ens,PbLg,hole,1.5,0.5143884892086331,0.8663855974622838,278,88.17372224462062,222.92716804246876
posterior,a25_h14x20_validated_d1,25.0,prova2,ens,PbLg,hole,2.0,0.6151079136690647,0.9544997361036417,278,88.17372224462062,222.92716804246876
posterior,a25_h14x20_validated_d1,25.0,prova2,ens,PbLg,hole,3.0,0.7733812949640287,0.9973002039367398,278,88.17372224462062,222.92716804246876
posterior,a25_h14x20_validated_d1,25.0,prova2,total_noref,Ca,footprint,0.5,0.2963069821119446,0.3829249225480261,3466,115.07723777276377,292.1104213480552
posterior,a25_h14x20_validated_d1,25.0,prova2,total_noref,Ca,footprint,1.0,0.5628967109059434,0.6826894921370857,3466,115.07723777276377,292.1104213480552
posterior,a25_h14x20_validated_d1,25.0,prova2,total_noref,Ca,footprint,1.5,0.7316791690709752,0.8663855974622838,3466,115.07723777276377,292.1104213480552
posterior,a25_h14x20_validated_d1,25.0,prova2,total_noref,Ca,footprint,2.0,0.8381419503750721,0.9544997361036417,3466,115.07723777276377,292.1104213480552
posterior,a25_h14x20_validated_d1,25.0,prova2,total_noref,Ca,footprint,3.0,0.9197922677437969,0.9973002039367398,3466,115.07723777276377,292.1104213480552
posterior,a25_h14x20_validated_d1,25.0,prova2,total_noref,Ca,hole,0.5,0.04316546762589928,0.3829249225480261,278,219.45554532758234,913.792185419785
posterior,a25_h14x20_validated_d1,25.0,prova2,total_noref,Ca,hole,1.0,0.12589928057553956,0.6826894921370857,278,219.45554532758234,913.792185419785
posterior,a25_h14x20_validated_d1,25.0,prova2,total_noref,Ca,hole,1.5,0.2014388489208633,0.8663855974622838,278,219.45554532758234,913.792185419785
posterior,a25_h14x20_validated_d1,25.0,prova2,total_noref,Ca,hole,2.0,0.27697841726618705,0.9544997361036417,278,219.45554532758234,913.792185419785
posterior,a25_h14x20_validated_d1,25.0,prova2,total_noref,Ca,hole,3.0,0.35611510791366907,0.9973002039367398,278,219.45554532758234,913.792185419785
posterior,a25_h14x20_validated_d1,25.0,prova2,total_noref,Ti,footprint,0.5,0.27986151182919794,0.3829249225480261,3466,38.782519957417996,66.72148812200953
posterior,a25_h14x20_validated_d1,25.0,prova2,total_noref,Ti,footprint,1.0,0.5080784766301212,0.6826894921370857,3466,38.782519957417996,66.72148812200953
posterior,a25_h14x20_validated_d1,25.0,prova2,total_noref,Ti,footprint,1.5,0.6886901327178303,0.8663855974622838,3466,38.782519957417996,66.72148812200953
posterior,a25_h14x20_validated_d1,25.0,prova2,total_noref,Ti,footprint,2.0,0.809001731102135,0.9544997361036417,3466,38.782519957417996,66.72148812200953
posterior,a25_h14x20_validated_d1,25.0,prova2,total_noref,Ti,footprint,3.0,0.9319099826889786,0.9973002039367398,3466,38.782519957417996,66.72148812200953
posterior,a25_h14x20_validated_d1,25.0,prova2,total_noref,Ti,hole,0.5,0.12949640287769784,0.3829249225480261,278,67.00596021841253,164.55332848707573
posterior,a25_h14x20_validated_d1,25.0,prova2,total_noref,Ti,hole,1.0,0.2733812949640288,0.6826894921370857,278,67.00596021841253,164.55332848707573
posterior,a25_h14x20_validated_d1,25.0,prova2,total_noref,Ti,hole,1.5,0.420863309352518,0.8663855974622838,278,67.00596021841253,164.55332848707573
posterior,a25_h14x20_validated_d1,25.0,prova2,total_noref,Ti,hole,2.0,0.5287769784172662,0.9544997361036417,278,67.00596021841253,164.55332848707573
posterior,a25_h14x20_validated_d1,25.0,prova2,total_noref,Ti,hole,3.0,0.7302158273381295,0.9973002039367398,278,67.00596021841253,164.55332848707573
posterior,a25_h14x20_validated_d1,25.0,prova2,total_noref,Fe,footprint,0.5,0.259665320253895,0.3829249225480261,3466,47.45746992808188,142.47596921679857
posterior,a25_h14x20_validated_d1,25.0,prova2,total_noref,Fe,footprint,1.0,0.4852856318522793,0.6826894921370857,3466,47.45746992808188,142.47596921679857
posterior,a25_h14x20_validated_d1,25.0,prova2,total_noref,Fe,footprint,1.5,0.6506058857472591,0.8663855974622838,3466,47.45746992808188,142.47596921679857
posterior,a25_h14x20_validated_d1,25.0,prova2,total_noref,Fe,footprint,2.0,0.7660126947489901,0.9544997361036417,3466,47.45746992808188,142.47596921679857
posterior,a25_h14x20_validated_d1,25.0,prova2,total_noref,Fe,footprint,3.0,0.9013271783035199,0.9973002039367398,3466,47.45746992808188,142.47596921679857
posterior,a25_h14x20_validated_d1,25.0,prova2,total_noref,Fe,hole,0.5,0.14028776978417265,0.3829249225480261,278,80.36711930276964,444.1776601766543
posterior,a25_h14x20_validated_d1,25.0,prova2,total_noref,Fe,hole,1.0,0.29856115107913667,0.6826894921370857,278,80.36711930276964,444.1776601766543
posterior,a25_h14x20_validated_d1,25.0,prova2,total_noref,Fe,hole,1.5,0.4748201438848921,0.8663855974622838,278,80.36711930276964,444.1776601766543
posterior,a25_h14x20_validated_d1,25.0,prova2,total_noref,Fe,hole,2.0,0.60431654676259,0.9544997361036417,278,80.36711930276964,444.1776601766543
posterior,a25_h14x20_validated_d1,25.0,prova2,total_noref,Fe,hole,3.0,0.7086330935251799,0.9973002039367398,278,80.36711930276964,444.1776601766543
posterior,a25_h14x20_validated_d1,25.0,prova2,total_noref,Cu,footprint,0.5,0.3364108482400462,0.3829249225480261,3466,43.6002102468323,122.30505588767002
posterior,a25_h14x20_validated_d1,25.0,prova2,total_noref,Cu,footprint,1.0,0.5594345066358916,0.6826894921370857,3466,43.6002102468323,122.30505588767002
posterior,a25_h14x20_validated_d1,25.0,prova2,total_noref,Cu,footprint,1.5,0.6938834391229083,0.8663855974622838,3466,43.6002102468323,122.30505588767002
posterior,a25_h14x20_validated_d1,25.0,prova2,total_noref,Cu,footprint,2.0,0.7867859203693018,0.9544997361036417,3466,43.6002102468323,122.30505588767002
posterior,a25_h14x20_validated_d1,25.0,prova2,total_noref,Cu,footprint,3.0,0.9010386612810156,0.9973002039367398,3466,43.6002102468323,122.30505588767002
posterior,a25_h14x20_validated_d1,25.0,prova2,total_noref,Cu,hole,0.5,0.025179856115107913,0.3829249225480261,278,92.07131309604053,385.95123993798745
posterior,a25_h14x20_validated_d1,25.0,prova2,total_noref,Cu,hole,1.0,0.04316546762589928,0.6826894921370857,278,92.07131309604053,385.95123993798745
posterior,a25_h14x20_validated_d1,25.0,prova2,total_noref,Cu,hole,1.5,0.08273381294964029,0.8663855974622838,278,92.07131309604053,385.95123993798745
posterior,a25_h14x20_validated_d1,25.0,prova2,total_noref,Cu,hole,2.0,0.20503597122302158,0.9544997361036417,278,92.07131309604053,385.95123993798745
posterior,a25_h14x20_validated_d1,25.0,prova2,total_noref,Cu,hole,3.0,0.5611510791366906,0.9973002039367398,278,92.07131309604053,385.95123993798745
posterior,a25_h14x20_validated_d1,25.0,prova2,total_noref,PbLl,footprint,0.5,0.2787074437391806,0.3829249225480261,3466,27.032042686701125,52.45268395533741
posterior,a25_h14x20_validated_d1,25.0,prova2,total_noref,PbLl,footprint,1.0,0.4979803808424697,0.6826894921370857,3466,27.032042686701125,52.45268395533741
posterior,a25_h14x20_validated_d1,25.0,prova2,total_noref,PbLl,footprint,1.5,0.6581073283323716,0.8663855974622838,3466,27.032042686701125,52.45268395533741
posterior,a25_h14x20_validated_d1,25.0,prova2,total_noref,PbLl,footprint,2.0,0.7807270628967109,0.9544997361036417,3466,27.032042686701125,52.45268395533741
posterior,a25_h14x20_validated_d1,25.0,prova2,total_noref,PbLl,footprint,3.0,0.9036353144835545,0.9973002039367398,3466,27.032042686701125,52.45268395533741
posterior,a25_h14x20_validated_d1,25.0,prova2,total_noref,PbLl,hole,0.5,0.16546762589928057,0.3829249225480261,278,38.821530882432086,133.73307099880094
posterior,a25_h14x20_validated_d1,25.0,prova2,total_noref,PbLl,hole,1.0,0.2733812949640288,0.6826894921370857,278,38.821530882432086,133.73307099880094
posterior,a25_h14x20_validated_d1,25.0,prova2,total_noref,PbLl,hole,1.5,0.4316546762589928,0.8663855974622838,278,38.821530882432086,133.73307099880094
posterior,a25_h14x20_validated_d1,25.0,prova2,total_noref,PbLl,hole,2.0,0.5215827338129496,0.9544997361036417,278,38.821530882432086,133.73307099880094
posterior,a25_h14x20_validated_d1,25.0,prova2,total_noref,PbLl,hole,3.0,0.6618705035971223,0.9973002039367398,278,38.821530882432086,133.73307099880094
posterior,a25_h14x20_validated_d1,25.0,prova2,total_noref,PbLa,footprint,0.5,0.39267166762839006,0.3829249225480261,3466,424.3156448472582,755.1894417351112
posterior,a25_h14x20_validated_d1,25.0,prova2,total_noref,PbLa,footprint,1.0,0.6872475476053087,0.6826894921370857,3466,424.3156448472582,755.1894417351112
posterior,a25_h14x20_validated_d1,25.0,prova2,total_noref,PbLa,footprint,1.5,0.8453548759376803,0.8663855974622838,3466,424.3156448472582,755.1894417351112
posterior,a25_h14x20_validated_d1,25.0,prova2,total_noref,PbLa,footprint,2.0,0.917195614541258,0.9544997361036417,3466,424.3156448472582,755.1894417351112
posterior,a25_h14x20_validated_d1,25.0,prova2,total_noref,PbLa,footprint,3.0,0.9711482977495672,0.9973002039367398,3466,424.3156448472582,755.1894417351112
posterior,a25_h14x20_validated_d1,25.0,prova2,total_noref,PbLa,hole,0.5,0.23381294964028776,0.3829249225480261,278,900.6821079112874,2360.629457236963
posterior,a25_h14x20_validated_d1,25.0,prova2,total_noref,PbLa,hole,1.0,0.420863309352518,0.6826894921370857,278,900.6821079112874,2360.629457236963
posterior,a25_h14x20_validated_d1,25.0,prova2,total_noref,PbLa,hole,1.5,0.5431654676258992,0.8663855974622838,278,900.6821079112874,2360.629457236963
posterior,a25_h14x20_validated_d1,25.0,prova2,total_noref,PbLa,hole,2.0,0.6115107913669064,0.9544997361036417,278,900.6821079112874,2360.629457236963
posterior,a25_h14x20_validated_d1,25.0,prova2,total_noref,PbLa,hole,3.0,0.7338129496402878,0.9973002039367398,278,900.6821079112874,2360.629457236963
posterior,a25_h14x20_validated_d1,25.0,prova2,total_noref,PbLb,footprint,0.5,0.3762261973456434,0.3829249225480261,3466,315.8600155418098,555.6946310817993
posterior,a25_h14x20_validated_d1,25.0,prova2,total_noref,PbLb,footprint,1.0,0.673398730525101,0.6826894921370857,3466,315.8600155418098,555.6946310817993
posterior,a25_h14x20_validated_d1,25.0,prova2,total_noref,PbLb,footprint,1.5,0.8332371609924986,0.8663855974622838,3466,315.8600155418098,555.6946310817993
posterior,a25_h14x20_validated_d1,25.0,prova2,total_noref,PbLb,footprint,2.0,0.9140219272937103,0.9544997361036417,3466,315.8600155418098,555.6946310817993
posterior,a25_h14x20_validated_d1,25.0,prova2,total_noref,PbLb,footprint,3.0,0.9697057126370456,0.9973002039367398,3466,315.8600155418098,555.6946310817993
posterior,a25_h14x20_validated_d1,25.0,prova2,total_noref,PbLb,hole,0.5,0.20503597122302158,0.3829249225480261,278,654.3307866285384,1712.496427297348
posterior,a25_h14x20_validated_d1,25.0,prova2,total_noref,PbLb,hole,1.0,0.4028776978417266,0.6826894921370857,278,654.3307866285384,1712.496427297348
posterior,a25_h14x20_validated_d1,25.0,prova2,total_noref,PbLb,hole,1.5,0.5287769784172662,0.8663855974622838,278,654.3307866285384,1712.496427297348
posterior,a25_h14x20_validated_d1,25.0,prova2,total_noref,PbLb,hole,2.0,0.6223021582733813,0.9544997361036417,278,654.3307866285384,1712.496427297348
posterior,a25_h14x20_validated_d1,25.0,prova2,total_noref,PbLb,hole,3.0,0.7589928057553957,0.9973002039367398,278,654.3307866285384,1712.496427297348
posterior,a25_h14x20_validated_d1,25.0,prova2,total_noref,PbLg,footprint,0.5,0.27726485862665895,0.3829249225480261,3466,46.83531580990206,83.59470118854158
posterior,a25_h14x20_validated_d1,25.0,prova2,total_noref,PbLg,footprint,1.0,0.5083669936526255,0.6826894921370857,3466,46.83531580990206,83.59470118854158
posterior,a25_h14x20_validated_d1,25.0,prova2,total_noref,PbLg,footprint,1.5,0.6872475476053087,0.8663855974622838,3466,46.83531580990206,83.59470118854158
posterior,a25_h14x20_validated_d1,25.0,prova2,total_noref,PbLg,footprint,2.0,0.8032313906520485,0.9544997361036417,3466,46.83531580990206,83.59470118854158
posterior,a25_h14x20_validated_d1,25.0,prova2,total_noref,PbLg,footprint,3.0,0.9255626081938835,0.9973002039367398,3466,46.83531580990206,83.59470118854158
posterior,a25_h14x20_validated_d1,25.0,prova2,total_noref,PbLg,hole,0.5,0.22661870503597123,0.3829249225480261,278,88.44708590745975,222.92716804246876
posterior,a25_h14x20_validated_d1,25.0,prova2,total_noref,PbLg,hole,1.0,0.37410071942446044,0.6826894921370857,278,88.44708590745975,222.92716804246876
posterior,a25_h14x20_validated_d1,25.0,prova2,total_noref,PbLg,hole,1.5,0.5179856115107914,0.8663855974622838,278,88.44708590745975,222.92716804246876
posterior,a25_h14x20_validated_d1,25.0,prova2,total_noref,PbLg,hole,2.0,0.6187050359712231,0.9544997361036417,278,88.44708590745975,222.92716804246876
posterior,a25_h14x20_validated_d1,25.0,prova2,total_noref,PbLg,hole,3.0,0.7769784172661871,0.9973002039367398,278,88.44708590745975,222.92716804246876
